fold,tau,method,timestamp,group,y_true,allocation,point_forecast
0,0.8,marginal,2025-04-27 12:41:00,baseline,91.52,144.6069631958008,133.11068725585938
0,0.8,marginal,2025-04-27 14:20:00,baseline,93.28,148.12945465087893,136.6331787109375
0,0.8,marginal,2025-04-27 15:59:00,baseline,101.2,153.163649597168,141.66737365722656
0,0.8,marginal,2025-04-27 17:38:00,baseline,109.12,158.57199005126955,147.07571411132812
0,0.8,marginal,2025-04-27 19:17:00,baseline,145.2,168.10589508056643,156.609619140625
0,0.8,marginal,2025-04-27 20:56:00,baseline,153.12,179.87396148681643,168.377685546875
0,0.8,marginal,2025-04-27 22:35:00,baseline,157.52,188.22181610107424,176.7255401611328
0,0.8,marginal,2025-04-28 00:14:00,baseline,192.72,193.68933013916018,182.19305419921875
0,0.8,marginal,2025-04-28 01:53:00,baseline,193.6,202.81236175537111,191.3160858154297
0,0.8,marginal,2025-04-28 03:32:00,baseline,193.6,183.1916799926758,171.69540405273438
0,0.8,marginal,2025-04-28 05:11:00,baseline,192.72,160.127272644043,148.63099670410156
0,0.8,marginal,2025-04-28 06:50:00,baseline,161.04,132.87055114746096,121.37427520751953
0,0.8,marginal,2025-04-28 08:28:00,baseline,154.0,117.88466552734376,106.38838958740234
0,0.8,marginal,2025-04-28 10:07:00,baseline,93.28,114.40114501953126,102.90486907958984
0,0.8,marginal,2025-04-28 11:46:00,baseline,93.28,123.92640594482423,112.43013000488281
0,0.8,marginal,2025-04-28 13:25:00,baseline,125.84,134.00257781982424,122.50630187988281
0,0.8,marginal,2025-04-28 15:04:00,baseline,139.04,156.52355865478518,145.02728271484375
0,0.8,marginal,2025-04-28 16:43:00,baseline,146.08,164.3427267456055,152.84645080566406
0,0.8,marginal,2025-04-28 18:22:00,baseline,148.72,169.8185110473633,158.32223510742188
0,0.8,marginal,2025-04-28 20:01:00,baseline,151.36,177.01640228271486,165.52012634277344
0,0.8,marginal,2025-04-28 21:40:00,baseline,161.04,173.72572235107424,162.2294464111328
0,0.8,marginal,2025-04-28 23:19:00,baseline,194.48,179.80888275146486,168.31260681152344
0,0.8,marginal,2025-04-29 00:58:00,baseline,195.36,207.86085418701174,196.3645782470703
0,0.8,marginal,2025-04-29 02:37:00,baseline,195.36,199.20445159912111,187.7081756591797
0,0.8,marginal,2025-04-29 04:16:00,baseline,193.6,170.17077545166018,158.67449951171875
0,0.8,marginal,2025-04-29 05:54:00,baseline,153.12,151.05441192626955,139.55813598632812
0,0.8,marginal,2025-04-29 07:33:00,baseline,131.12,118.19381622314454,106.69754028320312
0,0.8,marginal,2025-04-29 09:12:00,baseline,58.08,122.46774963378907,110.97147369384766
0,0.8,marginal,2025-04-29 10:51:00,baseline,95.92,92.81406311035157,81.31778717041016
0,0.8,marginal,2025-04-29 12:30:00,baseline,98.56,127.56980041503907,116.07352447509766
0,0.8,marginal,2025-04-29 14:09:00,baseline,118.8,134.72398284912111,123.22770690917969
0,0.8,marginal,2025-04-29 15:48:00,baseline,112.2,157.8712911987305,146.37501525878906
0,0.8,marginal,2025-04-29 17:27:00,baseline,126.72,165.9452658081055,154.44898986816406
0,0.8,marginal,2025-04-29 19:06:00,baseline,141.24,171.3442678833008,159.84799194335938
0,0.8,marginal,2025-04-29 20:45:00,baseline,155.76,176.75089935302736,165.25462341308594
0,0.8,marginal,2025-04-29 22:24:00,baseline,176.0,181.12695220947268,169.63067626953125
0,0.8,marginal,2025-04-30 00:03:00,baseline,186.56,200.56378082275393,189.0675048828125
0,0.8,marginal,2025-04-30 01:41:00,baseline,190.96,206.59814361572268,195.10186767578125
0,0.8,marginal,2025-04-30 03:20:00,baseline,190.96,197.0570822143555,185.56080627441406
0,0.8,marginal,2025-04-30 04:59:00,baseline,190.08,169.24583343505861,157.7495574951172
0,0.8,marginal,2025-04-30 06:38:00,baseline,161.04,130.68733886718752,119.1910629272461
0,0.8,marginal,2025-04-30 08:17:00,baseline,160.16,122.37042907714844,110.87415313720703
0,0.8,marginal,2025-04-30 09:56:00,baseline,101.2,120.87856201171876,109.38228607177734
0,0.8,marginal,2025-04-30 11:35:00,baseline,101.2,125.47087768554688,113.97460174560547
0,0.8,marginal,2025-04-30 13:14:00,baseline,112.64,146.93229583740236,135.43601989746094
0,0.8,marginal,2025-04-30 14:53:00,baseline,130.24,164.81698516845705,153.32070922851562
0,0.8,marginal,2025-04-30 16:32:00,baseline,146.96,161.90357879638674,150.4073028564453
0,0.8,marginal,2025-04-30 18:11:00,baseline,148.72,164.98759368896486,153.49131774902344
0,0.8,marginal,2025-04-30 19:50:00,baseline,150.48,168.95841888427736,157.46214294433594
0,0.8,marginal,2025-04-30 21:28:00,baseline,163.68,169.99687103271486,158.50059509277344
0,0.8,marginal,2025-04-30 23:07:00,baseline,172.48,179.47607330322268,167.97979736328125
0,0.8,marginal,2025-05-01 00:46:00,baseline,177.76,191.2042532348633,179.70797729492188
0,0.8,marginal,2025-05-01 02:25:00,baseline,178.64,193.56205657958986,182.06578063964844
0,0.8,marginal,2025-05-01 04:04:00,baseline,178.64,173.039382019043,161.54310607910156
0,0.8,marginal,2025-05-01 05:43:00,baseline,168.08,127.04399780273438,115.54772186279297
0,0.8,marginal,2025-05-01 07:22:00,baseline,166.32,101.26586059570313,89.76958465576172
0,0.8,marginal,2025-05-01 09:01:00,baseline,164.56,118.97135070800782,107.4750747680664
0,0.8,marginal,2025-05-01 10:40:00,baseline,93.28,113.85316375732423,102.35688781738281
0,0.8,marginal,2025-05-01 12:19:00,baseline,100.32,131.07099060058596,119.57471466064453
0,0.8,marginal,2025-05-01 13:58:00,baseline,119.68,139.9786672973633,128.48239135742188
0,0.8,marginal,2025-05-01 15:37:00,baseline,129.36,152.67578033447268,141.17950439453125
0,0.8,marginal,2025-05-01 17:16:00,baseline,152.24,163.21606353759768,151.71978759765625
0,0.8,marginal,2025-05-01 18:54:00,baseline,153.12,171.50831512451174,160.0120391845703
0,0.8,marginal,2025-05-01 20:33:00,baseline,154.0,175.21656707763674,163.7202911376953
0,0.8,marginal,2025-05-01 22:12:00,baseline,154.88,176.1035452270508,164.60726928710938
0,0.8,adaptive,2025-04-27 12:41:00,baseline,91.52,153.24624080724377,133.11068725585938
0,0.8,adaptive,2025-04-27 14:20:00,baseline,93.28,162.67672139492763,136.6331787109375
0,0.8,adaptive,2025-04-27 15:59:00,baseline,101.2,158.8384656410214,141.66737365722656
0,0.8,adaptive,2025-04-27 17:38:00,baseline,109.12,176.72822437540515,147.07571411132812
0,0.8,adaptive,2025-04-27 19:17:00,baseline,145.2,163.6515884455507,156.609619140625
0,0.8,adaptive,2025-04-27 20:56:00,baseline,153.12,172.84833250443384,168.377685546875
0,0.8,adaptive,2025-04-27 22:35:00,baseline,157.52,178.43040071600964,176.7255401611328
0,0.8,adaptive,2025-04-28 00:14:00,baseline,192.72,183.89791475409558,182.19305419921875
0,0.8,adaptive,2025-04-28 01:53:00,baseline,193.6,198.67515237970144,191.3160858154297
0,0.8,adaptive,2025-04-28 03:32:00,baseline,193.6,181.8169700002877,171.69540405273438
0,0.8,adaptive,2025-04-28 05:11:00,baseline,192.72,175.76827968535042,148.63099670410156
0,0.8,adaptive,2025-04-28 06:50:00,baseline,161.04,150.6292684491993,121.37427520751953
0,0.8,adaptive,2025-04-28 08:28:00,baseline,154.0,110.5259272942946,106.38838958740234
0,0.8,adaptive,2025-04-28 10:07:00,baseline,93.28,107.52547891239718,102.90486907958984
0,0.8,adaptive,2025-04-28 11:46:00,baseline,93.28,129.11500709692035,112.43013000488281
0,0.8,adaptive,2025-04-28 13:25:00,baseline,125.84,135.6261808596804,122.50630187988281
0,0.8,adaptive,2025-04-28 15:04:00,baseline,139.04,152.59612529163036,145.02728271484375
0,0.8,adaptive,2025-04-28 16:43:00,baseline,146.08,159.4974158904151,152.84645080566406
0,0.8,adaptive,2025-04-28 18:22:00,baseline,148.72,165.8484023192366,158.32223510742188
0,0.8,adaptive,2025-04-28 20:01:00,baseline,151.36,177.83120267845888,165.52012634277344
0,0.8,adaptive,2025-04-28 21:40:00,baseline,161.04,176.21822882314123,162.2294464111328
0,0.8,adaptive,2025-04-28 23:19:00,baseline,194.48,184.73963114198312,168.31260681152344
0,0.8,adaptive,2025-04-29 00:58:00,baseline,195.36,203.36078189904242,196.3645782470703
0,0.8,adaptive,2025-04-29 02:37:00,baseline,195.36,201.12510731817355,187.7081756591797
0,0.8,adaptive,2025-04-29 04:16:00,baseline,193.6,171.98370266005628,158.67449951171875
0,0.8,adaptive,2025-04-29 05:54:00,baseline,153.12,159.81613695132103,139.55813598632812
0,0.8,adaptive,2025-04-29 07:33:00,baseline,131.12,124.30710630268297,106.69754028320312
0,0.8,adaptive,2025-04-29 09:12:00,baseline,58.08,129.11989764658122,110.97147369384766
0,0.8,adaptive,2025-04-29 10:51:00,baseline,95.92,108.4914002876391,81.31778717041016
0,0.8,adaptive,2025-04-29 12:30:00,baseline,98.56,135.91171635299523,116.07352447509766
0,0.8,adaptive,2025-04-29 14:09:00,baseline,118.8,160.78883218943054,123.22770690917969
0,0.8,adaptive,2025-04-29 15:48:00,baseline,112.2,151.42198657527567,146.37501525878906
0,0.8,adaptive,2025-04-29 17:27:00,baseline,126.72,162.2452248243898,154.44898986816406
0,0.8,adaptive,2025-04-29 19:06:00,baseline,141.24,167.33483845510307,159.84799194335938
0,0.8,adaptive,2025-04-29 20:45:00,baseline,155.76,171.49246649446948,165.25462341308594
0,0.8,adaptive,2025-04-29 22:24:00,baseline,176.0,171.39274630618624,169.63067626953125
0,0.8,adaptive,2025-04-30 00:03:00,baseline,186.56,192.72271396424577,189.0675048828125
0,0.8,adaptive,2025-04-30 01:41:00,baseline,190.96,197.94641567814855,195.10186767578125
0,0.8,adaptive,2025-04-30 03:20:00,baseline,190.96,196.84555230547977,185.56080627441406
0,0.8,adaptive,2025-04-30 04:59:00,baseline,190.08,178.50511096053083,157.7495574951172
0,0.8,adaptive,2025-04-30 06:38:00,baseline,161.04,150.19862107825483,119.1910629272461
0,0.8,adaptive,2025-04-30 08:17:00,baseline,160.16,118.31264432703234,110.87415313720703
0,0.8,adaptive,2025-04-30 09:56:00,baseline,101.2,121.79393459756477,109.38228607177734
0,0.8,adaptive,2025-04-30 11:35:00,baseline,101.2,129.56184250346882,113.97460174560547
0,0.8,adaptive,2025-04-30 13:14:00,baseline,112.64,151.50999439700576,135.43601989746094
0,0.8,adaptive,2025-04-30 14:53:00,baseline,130.24,157.48027913954255,153.32070922851562
0,0.8,adaptive,2025-04-30 16:32:00,baseline,146.96,159.51682311592594,150.4073028564453
0,0.8,adaptive,2025-04-30 18:11:00,baseline,148.72,168.21138213617508,153.49131774902344
0,0.8,adaptive,2025-04-30 19:50:00,baseline,150.48,164.92677571324845,157.46214294433594
0,0.8,adaptive,2025-04-30 21:28:00,baseline,163.68,174.52316187450154,158.50059509277344
0,0.8,adaptive,2025-04-30 23:07:00,baseline,172.48,181.1237738421896,167.97979736328125
0,0.8,adaptive,2025-05-01 00:46:00,baseline,177.76,194.96034671656645,179.70797729492188
0,0.8,adaptive,2025-05-01 02:25:00,baseline,178.64,191.54175942940458,182.06578063964844
0,0.8,adaptive,2025-05-01 04:04:00,baseline,178.64,177.8685428495226,161.54310607910156
0,0.8,adaptive,2025-05-01 05:43:00,baseline,168.08,161.7693222306354,115.54772186279297
0,0.8,adaptive,2025-05-01 07:22:00,baseline,166.32,112.3611538833918,89.76958465576172
0,0.8,adaptive,2025-05-01 09:01:00,baseline,164.56,131.25216263139836,107.4750747680664
0,0.8,adaptive,2025-05-01 10:40:00,baseline,93.28,129.42206269843814,102.35688781738281
0,0.8,adaptive,2025-05-01 12:19:00,baseline,100.32,140.46241257832662,119.57471466064453
0,0.8,adaptive,2025-05-01 13:58:00,baseline,119.68,155.80630747693294,128.48239135742188
0,0.8,adaptive,2025-05-01 15:37:00,baseline,129.36,161.58097674112432,141.17950439453125
0,0.8,adaptive,2025-05-01 17:16:00,baseline,152.24,176.4177836321699,151.71978759765625
0,0.8,adaptive,2025-05-01 18:54:00,baseline,153.12,178.169174745305,160.0120391845703
0,0.8,adaptive,2025-05-01 20:33:00,baseline,154.0,183.3588062936931,163.7202911376953
0,0.8,adaptive,2025-05-01 22:12:00,baseline,154.88,187.3986076417293,164.60726928710938
0,0.8,mondrian,2025-04-27 12:41:00,baseline,91.52,144.6069631958008,133.11068725585938
0,0.8,mondrian,2025-04-27 14:20:00,baseline,93.28,148.12945465087893,136.6331787109375
0,0.8,mondrian,2025-04-27 15:59:00,baseline,101.2,153.163649597168,141.66737365722656
0,0.8,mondrian,2025-04-27 17:38:00,baseline,109.12,158.57199005126955,147.07571411132812
0,0.8,mondrian,2025-04-27 19:17:00,baseline,145.2,168.10589508056643,156.609619140625
0,0.8,mondrian,2025-04-27 20:56:00,baseline,153.12,179.87396148681643,168.377685546875
0,0.8,mondrian,2025-04-27 22:35:00,baseline,157.52,188.22181610107424,176.7255401611328
0,0.8,mondrian,2025-04-28 00:14:00,baseline,192.72,193.68933013916018,182.19305419921875
0,0.8,mondrian,2025-04-28 01:53:00,baseline,193.6,202.81236175537111,191.3160858154297
0,0.8,mondrian,2025-04-28 03:32:00,baseline,193.6,183.1916799926758,171.69540405273438
0,0.8,mondrian,2025-04-28 05:11:00,baseline,192.72,160.127272644043,148.63099670410156
0,0.8,mondrian,2025-04-28 06:50:00,baseline,161.04,132.87055114746096,121.37427520751953
0,0.8,mondrian,2025-04-28 08:28:00,baseline,154.0,117.88466552734376,106.38838958740234
0,0.8,mondrian,2025-04-28 10:07:00,baseline,93.28,114.40114501953126,102.90486907958984
0,0.8,mondrian,2025-04-28 11:46:00,baseline,93.28,123.92640594482423,112.43013000488281
0,0.8,mondrian,2025-04-28 13:25:00,baseline,125.84,134.00257781982424,122.50630187988281
0,0.8,mondrian,2025-04-28 15:04:00,baseline,139.04,156.52355865478518,145.02728271484375
0,0.8,mondrian,2025-04-28 16:43:00,baseline,146.08,164.3427267456055,152.84645080566406
0,0.8,mondrian,2025-04-28 18:22:00,baseline,148.72,169.8185110473633,158.32223510742188
0,0.8,mondrian,2025-04-28 20:01:00,baseline,151.36,177.01640228271486,165.52012634277344
0,0.8,mondrian,2025-04-28 21:40:00,baseline,161.04,173.72572235107424,162.2294464111328
0,0.8,mondrian,2025-04-28 23:19:00,baseline,194.48,179.80888275146486,168.31260681152344
0,0.8,mondrian,2025-04-29 00:58:00,baseline,195.36,207.86085418701174,196.3645782470703
0,0.8,mondrian,2025-04-29 02:37:00,baseline,195.36,199.20445159912111,187.7081756591797
0,0.8,mondrian,2025-04-29 04:16:00,baseline,193.6,170.17077545166018,158.67449951171875
0,0.8,mondrian,2025-04-29 05:54:00,baseline,153.12,151.05441192626955,139.55813598632812
0,0.8,mondrian,2025-04-29 07:33:00,baseline,131.12,118.19381622314454,106.69754028320312
0,0.8,mondrian,2025-04-29 09:12:00,baseline,58.08,122.46774963378907,110.97147369384766
0,0.8,mondrian,2025-04-29 10:51:00,baseline,95.92,92.81406311035157,81.31778717041016
0,0.8,mondrian,2025-04-29 12:30:00,baseline,98.56,127.56980041503907,116.07352447509766
0,0.8,mondrian,2025-04-29 14:09:00,baseline,118.8,134.72398284912111,123.22770690917969
0,0.8,mondrian,2025-04-29 15:48:00,baseline,112.2,157.8712911987305,146.37501525878906
0,0.8,mondrian,2025-04-29 17:27:00,baseline,126.72,165.9452658081055,154.44898986816406
0,0.8,mondrian,2025-04-29 19:06:00,baseline,141.24,171.3442678833008,159.84799194335938
0,0.8,mondrian,2025-04-29 20:45:00,baseline,155.76,176.75089935302736,165.25462341308594
0,0.8,mondrian,2025-04-29 22:24:00,baseline,176.0,181.12695220947268,169.63067626953125
0,0.8,mondrian,2025-04-30 00:03:00,baseline,186.56,200.56378082275393,189.0675048828125
0,0.8,mondrian,2025-04-30 01:41:00,baseline,190.96,206.59814361572268,195.10186767578125
0,0.8,mondrian,2025-04-30 03:20:00,baseline,190.96,197.0570822143555,185.56080627441406
0,0.8,mondrian,2025-04-30 04:59:00,baseline,190.08,169.24583343505861,157.7495574951172
0,0.8,mondrian,2025-04-30 06:38:00,baseline,161.04,130.68733886718752,119.1910629272461
0,0.8,mondrian,2025-04-30 08:17:00,baseline,160.16,122.37042907714844,110.87415313720703
0,0.8,mondrian,2025-04-30 09:56:00,baseline,101.2,120.87856201171876,109.38228607177734
0,0.8,mondrian,2025-04-30 11:35:00,baseline,101.2,125.47087768554688,113.97460174560547
0,0.8,mondrian,2025-04-30 13:14:00,baseline,112.64,146.93229583740236,135.43601989746094
0,0.8,mondrian,2025-04-30 14:53:00,baseline,130.24,164.81698516845705,153.32070922851562
0,0.8,mondrian,2025-04-30 16:32:00,baseline,146.96,161.90357879638674,150.4073028564453
0,0.8,mondrian,2025-04-30 18:11:00,baseline,148.72,164.98759368896486,153.49131774902344
0,0.8,mondrian,2025-04-30 19:50:00,baseline,150.48,168.95841888427736,157.46214294433594
0,0.8,mondrian,2025-04-30 21:28:00,baseline,163.68,169.99687103271486,158.50059509277344
0,0.8,mondrian,2025-04-30 23:07:00,baseline,172.48,179.47607330322268,167.97979736328125
0,0.8,mondrian,2025-05-01 00:46:00,baseline,177.76,191.2042532348633,179.70797729492188
0,0.8,mondrian,2025-05-01 02:25:00,baseline,178.64,193.56205657958986,182.06578063964844
0,0.8,mondrian,2025-05-01 04:04:00,baseline,178.64,173.039382019043,161.54310607910156
0,0.8,mondrian,2025-05-01 05:43:00,baseline,168.08,127.04399780273438,115.54772186279297
0,0.8,mondrian,2025-05-01 07:22:00,baseline,166.32,101.26586059570313,89.76958465576172
0,0.8,mondrian,2025-05-01 09:01:00,baseline,164.56,118.97135070800782,107.4750747680664
0,0.8,mondrian,2025-05-01 10:40:00,baseline,93.28,113.85316375732423,102.35688781738281
0,0.8,mondrian,2025-05-01 12:19:00,baseline,100.32,131.07099060058596,119.57471466064453
0,0.8,mondrian,2025-05-01 13:58:00,baseline,119.68,139.9786672973633,128.48239135742188
0,0.8,mondrian,2025-05-01 15:37:00,baseline,129.36,152.67578033447268,141.17950439453125
0,0.8,mondrian,2025-05-01 17:16:00,baseline,152.24,163.21606353759768,151.71978759765625
0,0.8,mondrian,2025-05-01 18:54:00,baseline,153.12,171.50831512451174,160.0120391845703
0,0.8,mondrian,2025-05-01 20:33:00,baseline,154.0,175.21656707763674,163.7202911376953
0,0.8,mondrian,2025-05-01 22:12:00,baseline,154.88,176.1035452270508,164.60726928710938
0,0.9,marginal,2025-04-27 12:41:00,baseline,91.52,152.7446398925781,133.11068725585938
0,0.9,marginal,2025-04-27 14:20:00,baseline,93.28,156.26713134765623,136.6331787109375
0,0.9,marginal,2025-04-27 15:59:00,baseline,101.2,161.3013262939453,141.66737365722656
0,0.9,marginal,2025-04-27 17:38:00,baseline,109.12,166.70966674804686,147.07571411132812
0,0.9,marginal,2025-04-27 19:17:00,baseline,145.2,176.24357177734373,156.609619140625
0,0.9,marginal,2025-04-27 20:56:00,baseline,153.12,188.01163818359373,168.377685546875
0,0.9,marginal,2025-04-27 22:35:00,baseline,157.52,196.35949279785154,176.7255401611328
0,0.9,marginal,2025-04-28 00:14:00,baseline,192.72,201.82700683593748,182.19305419921875
0,0.9,marginal,2025-04-28 01:53:00,baseline,193.6,210.95003845214842,191.3160858154297
0,0.9,marginal,2025-04-28 03:32:00,baseline,193.6,191.3293566894531,171.69540405273438
0,0.9,marginal,2025-04-28 05:11:00,baseline,192.72,168.2649493408203,148.63099670410156
0,0.9,marginal,2025-04-28 06:50:00,baseline,161.04,141.00822784423826,121.37427520751953
0,0.9,marginal,2025-04-28 08:28:00,baseline,154.0,126.02234222412109,106.38838958740234
0,0.9,marginal,2025-04-28 10:07:00,baseline,93.28,122.53882171630859,102.90486907958984
0,0.9,marginal,2025-04-28 11:46:00,baseline,93.28,132.06408264160154,112.43013000488281
0,0.9,marginal,2025-04-28 13:25:00,baseline,125.84,142.14025451660154,122.50630187988281
0,0.9,marginal,2025-04-28 15:04:00,baseline,139.04,164.66123535156248,145.02728271484375
0,0.9,marginal,2025-04-28 16:43:00,baseline,146.08,172.4804034423828,152.84645080566406
0,0.9,marginal,2025-04-28 18:22:00,baseline,148.72,177.9561877441406,158.32223510742188
0,0.9,marginal,2025-04-28 20:01:00,baseline,151.36,185.15407897949217,165.52012634277344
0,0.9,marginal,2025-04-28 21:40:00,baseline,161.04,181.86339904785154,162.2294464111328
0,0.9,marginal,2025-04-28 23:19:00,baseline,194.48,187.94655944824217,168.31260681152344
0,0.9,marginal,2025-04-29 00:58:00,baseline,195.36,215.99853088378904,196.3645782470703
0,0.9,marginal,2025-04-29 02:37:00,baseline,195.36,207.34212829589842,187.7081756591797
0,0.9,marginal,2025-04-29 04:16:00,baseline,193.6,178.30845214843748,158.67449951171875
0,0.9,marginal,2025-04-29 05:54:00,baseline,153.12,159.19208862304686,139.55813598632812
0,0.9,marginal,2025-04-29 07:33:00,baseline,131.12,126.33149291992187,106.69754028320312
0,0.9,marginal,2025-04-29 09:12:00,baseline,58.08,130.6054263305664,110.97147369384766
0,0.9,marginal,2025-04-29 10:51:00,baseline,95.92,100.9517398071289,81.31778717041016
0,0.9,marginal,2025-04-29 12:30:00,baseline,98.56,135.7074771118164,116.07352447509766
0,0.9,marginal,2025-04-29 14:09:00,baseline,118.8,142.86165954589842,123.22770690917969
0,0.9,marginal,2025-04-29 15:48:00,baseline,112.2,166.0089678955078,146.37501525878906
0,0.9,marginal,2025-04-29 17:27:00,baseline,126.72,174.0829425048828,154.44898986816406
0,0.9,marginal,2025-04-29 19:06:00,baseline,141.24,179.4819445800781,159.84799194335938
0,0.9,marginal,2025-04-29 20:45:00,baseline,155.76,184.88857604980467,165.25462341308594
0,0.9,marginal,2025-04-29 22:24:00,baseline,176.0,189.26462890624998,169.63067626953125
0,0.9,marginal,2025-04-30 00:03:00,baseline,186.56,208.70145751953123,189.0675048828125
0,0.9,marginal,2025-04-30 01:41:00,baseline,190.96,214.73582031249998,195.10186767578125
0,0.9,marginal,2025-04-30 03:20:00,baseline,190.96,205.1947589111328,185.56080627441406
0,0.9,marginal,2025-04-30 04:59:00,baseline,190.08,177.38351013183592,157.7495574951172
0,0.9,marginal,2025-04-30 06:38:00,baseline,161.04,138.82501556396483,119.1910629272461
0,0.9,marginal,2025-04-30 08:17:00,baseline,160.16,130.50810577392576,110.87415313720703
0,0.9,marginal,2025-04-30 09:56:00,baseline,101.2,129.01623870849608,109.38228607177734
0,0.9,marginal,2025-04-30 11:35:00,baseline,101.2,133.6085543823242,113.97460174560547
0,0.9,marginal,2025-04-30 13:14:00,baseline,112.64,155.06997253417967,135.43601989746094
0,0.9,marginal,2025-04-30 14:53:00,baseline,130.24,172.95466186523436,153.32070922851562
0,0.9,marginal,2025-04-30 16:32:00,baseline,146.96,170.04125549316404,150.4073028564453
0,0.9,marginal,2025-04-30 18:11:00,baseline,148.72,173.12527038574217,153.49131774902344
0,0.9,marginal,2025-04-30 19:50:00,baseline,150.48,177.09609558105467,157.46214294433594
0,0.9,marginal,2025-04-30 21:28:00,baseline,163.68,178.13454772949217,158.50059509277344
0,0.9,marginal,2025-04-30 23:07:00,baseline,172.48,187.61374999999998,167.97979736328125
0,0.9,marginal,2025-05-01 00:46:00,baseline,177.76,199.3419299316406,179.70797729492188
0,0.9,marginal,2025-05-01 02:25:00,baseline,178.64,201.69973327636717,182.06578063964844
0,0.9,marginal,2025-05-01 04:04:00,baseline,178.64,181.1770587158203,161.54310607910156
0,0.9,marginal,2025-05-01 05:43:00,baseline,168.08,135.1816744995117,115.54772186279297
0,0.9,marginal,2025-05-01 07:22:00,baseline,166.32,109.40353729248046,89.76958465576172
0,0.9,marginal,2025-05-01 09:01:00,baseline,164.56,127.10902740478515,107.4750747680664
0,0.9,marginal,2025-05-01 10:40:00,baseline,93.28,121.99084045410156,102.35688781738281
0,0.9,marginal,2025-05-01 12:19:00,baseline,100.32,139.20866729736326,119.57471466064453
0,0.9,marginal,2025-05-01 13:58:00,baseline,119.68,148.1163439941406,128.48239135742188
0,0.9,marginal,2025-05-01 15:37:00,baseline,129.36,160.81345703124998,141.17950439453125
0,0.9,marginal,2025-05-01 17:16:00,baseline,152.24,171.35374023437498,151.71978759765625
0,0.9,marginal,2025-05-01 18:54:00,baseline,153.12,179.64599182128904,160.0120391845703
0,0.9,marginal,2025-05-01 20:33:00,baseline,154.0,183.35424377441404,163.7202911376953
0,0.9,marginal,2025-05-01 22:12:00,baseline,154.88,184.2412219238281,164.60726928710938
0,0.9,adaptive,2025-04-27 12:41:00,baseline,91.52,167.78244801381314,133.11068725585938
0,0.9,adaptive,2025-04-27 14:20:00,baseline,93.28,181.47800897222328,136.6331787109375
0,0.9,adaptive,2025-04-27 15:59:00,baseline,101.2,171.23457635148873,141.66737365722656
0,0.9,adaptive,2025-04-27 17:38:00,baseline,109.12,198.13488857728964,147.07571411132812
0,0.9,adaptive,2025-04-27 19:17:00,baseline,145.2,168.7353088755591,156.609619140625
0,0.9,adaptive,2025-04-27 20:56:00,baseline,153.12,176.07577049647387,168.377685546875
0,0.9,adaptive,2025-04-27 22:35:00,baseline,157.52,179.66116927773575,176.7255401611328
0,0.9,adaptive,2025-04-28 00:14:00,baseline,192.72,185.1286833158217,182.19305419921875
0,0.9,adaptive,2025-04-28 01:53:00,baseline,193.6,203.987790850365,191.3160858154297
0,0.9,adaptive,2025-04-28 03:32:00,baseline,193.6,189.12390494464518,171.69540405273438
0,0.9,adaptive,2025-04-28 05:11:00,baseline,192.72,195.35915745447045,148.63099670410156
0,0.9,adaptive,2025-04-28 06:50:00,baseline,161.04,171.74895818122587,121.37427520751953
0,0.9,adaptive,2025-04-28 08:28:00,baseline,154.0,113.51288790994873,106.38838958740234
0,0.9,adaptive,2025-04-28 10:07:00,baseline,93.28,110.86117771893838,102.90486907958984
0,0.9,adaptive,2025-04-28 11:46:00,baseline,93.28,141.1601107990396,112.43013000488281
0,0.9,adaptive,2025-04-28 13:25:00,baseline,125.84,145.09765026273237,122.50630187988281
0,0.9,adaptive,2025-04-28 15:04:00,baseline,139.04,158.06020472353205,145.02728271484375
0,0.9,adaptive,2025-04-28 16:43:00,baseline,146.08,164.2988635560519,152.84645080566406
0,0.9,adaptive,2025-04-28 18:22:00,baseline,148.72,171.2816736610471,158.32223510742188
0,0.9,adaptive,2025-04-28 20:01:00,baseline,151.36,186.7187833498685,165.52012634277344
0,0.9,adaptive,2025-04-28 21:40:00,baseline,161.04,186.3169747647241,162.2294464111328
0,0.9,adaptive,2025-04-28 23:19:00,baseline,194.48,196.5985864394153,168.31260681152344
0,0.9,adaptive,2025-04-29 00:58:00,baseline,195.36,208.4114633061812,196.3645782470703
0,0.9,adaptive,2025-04-29 02:37:00,baseline,195.36,210.811024229959,187.7081756591797
0,0.9,adaptive,2025-04-29 04:16:00,baseline,193.6,181.59184848156804,158.67449951171875
0,0.9,adaptive,2025-04-29 05:54:00,baseline,153.12,174.44074108085454,139.55813598632812
0,0.9,adaptive,2025-04-29 07:33:00,baseline,131.12,137.01975906505626,106.69754028320312
0,0.9,adaptive,2025-04-29 09:12:00,baseline,58.08,142.22156134688035,110.97147369384766
0,0.9,adaptive,2025-04-29 10:51:00,baseline,95.92,128.10850541540123,81.31778717041016
0,0.9,adaptive,2025-04-29 12:30:00,baseline,98.56,150.23325298246496,116.07352447509766
0,0.9,adaptive,2025-04-29 14:09:00,baseline,118.8,187.90486347172416,123.22770690917969
0,0.9,adaptive,2025-04-29 15:48:00,baseline,112.2,155.06548317122682,146.37501525878906
0,0.9,adaptive,2025-04-29 17:27:00,baseline,126.72,167.87346277998378,154.44898986816406
0,0.9,adaptive,2025-04-29 19:06:00,baseline,141.24,172.73972349790864,159.84799194335938
0,0.9,adaptive,2025-04-29 20:45:00,baseline,155.76,175.99567418238635,165.25462341308594
0,0.9,adaptive,2025-04-29 22:24:00,baseline,176.0,172.6648153903532,169.63067626953125
0,0.9,adaptive,2025-04-30 00:03:00,baseline,186.56,195.3614731349563,189.0675048828125
0,0.9,adaptive,2025-04-30 01:41:00,baseline,190.96,199.9999444806185,195.10186767578125
0,0.9,adaptive,2025-04-30 03:20:00,baseline,190.96,204.99220723415965,185.56080627441406
0,0.9,adaptive,2025-04-30 04:59:00,baseline,190.08,193.48890691579714,157.7495574951172
0,0.9,adaptive,2025-04-30 06:38:00,baseline,161.04,172.58351797729352,119.1910629272461
0,0.9,adaptive,2025-04-30 08:17:00,baseline,160.16,123.68262081978725,110.87415313720703
0,0.9,adaptive,2025-04-30 09:56:00,baseline,101.2,130.75412008665717,109.38228607177734
0,0.9,adaptive,2025-04-30 11:35:00,baseline,101.2,140.81454339678038,113.97460174560547
0,0.9,adaptive,2025-04-30 13:14:00,baseline,112.64,163.11407686547267,135.43601989746094
0,0.9,adaptive,2025-04-30 14:53:00,baseline,130.24,160.48314518753065,153.32070922851562
0,0.9,adaptive,2025-04-30 16:32:00,baseline,146.96,166.09314463131574,150.4073028564453
0,0.9,adaptive,2025-04-30 18:11:00,baseline,148.72,178.83805328676618,153.49131774902344
0,0.9,adaptive,2025-04-30 19:50:00,baseline,150.48,170.31562426776955,157.46214294433594
0,0.9,adaptive,2025-04-30 21:28:00,baseline,163.68,186.09013221509503,158.50059509277344
0,0.9,adaptive,2025-04-30 23:07:00,baseline,172.48,190.61263965003076,167.97979736328125
0,0.9,adaptive,2025-05-01 00:46:00,baseline,177.76,205.97129815320696,179.70797729492188
0,0.9,adaptive,2025-05-01 02:25:00,baseline,178.64,198.38263374763167,182.06578063964844
0,0.9,adaptive,2025-05-01 04:04:00,baseline,178.64,189.65416031600995,161.54310607910156
0,0.9,adaptive,2025-05-01 05:43:00,baseline,168.08,195.13750148886123,115.54772186279297
0,0.9,adaptive,2025-05-01 07:22:00,baseline,166.32,128.67040163147811,89.76958465576172
0,0.9,adaptive,2025-05-01 09:01:00,baseline,164.56,148.41725695414354,107.4750747680664
0,0.9,adaptive,2025-05-01 10:40:00,baseline,93.28,148.96088437270035,102.35688781738281
0,0.9,adaptive,2025-05-01 12:19:00,baseline,100.32,155.54160591785015,119.57471466064453
0,0.9,adaptive,2025-05-01 13:58:00,baseline,119.68,175.5319189628325,128.48239135742188
0,0.9,adaptive,2025-05-01 15:37:00,baseline,129.36,176.309155362704,141.17950439453125
0,0.9,adaptive,2025-05-01 17:16:00,baseline,152.24,194.2476976213006,151.71978759765625
0,0.9,adaptive,2025-05-01 18:54:00,baseline,153.12,191.27712750732195,160.0120391845703
0,0.9,adaptive,2025-05-01 20:33:00,baseline,154.0,197.53619281591813,163.7202911376953
0,0.9,adaptive,2025-05-01 22:12:00,baseline,154.88,203.85207220590613,164.60726928710938
0,0.9,mondrian,2025-04-27 12:41:00,baseline,91.52,152.7446398925781,133.11068725585938
0,0.9,mondrian,2025-04-27 14:20:00,baseline,93.28,156.26713134765623,136.6331787109375
0,0.9,mondrian,2025-04-27 15:59:00,baseline,101.2,161.3013262939453,141.66737365722656
0,0.9,mondrian,2025-04-27 17:38:00,baseline,109.12,166.70966674804686,147.07571411132812
0,0.9,mondrian,2025-04-27 19:17:00,baseline,145.2,176.24357177734373,156.609619140625
0,0.9,mondrian,2025-04-27 20:56:00,baseline,153.12,188.01163818359373,168.377685546875
0,0.9,mondrian,2025-04-27 22:35:00,baseline,157.52,196.35949279785154,176.7255401611328
0,0.9,mondrian,2025-04-28 00:14:00,baseline,192.72,201.82700683593748,182.19305419921875
0,0.9,mondrian,2025-04-28 01:53:00,baseline,193.6,210.95003845214842,191.3160858154297
0,0.9,mondrian,2025-04-28 03:32:00,baseline,193.6,191.3293566894531,171.69540405273438
0,0.9,mondrian,2025-04-28 05:11:00,baseline,192.72,168.2649493408203,148.63099670410156
0,0.9,mondrian,2025-04-28 06:50:00,baseline,161.04,141.00822784423826,121.37427520751953
0,0.9,mondrian,2025-04-28 08:28:00,baseline,154.0,126.02234222412109,106.38838958740234
0,0.9,mondrian,2025-04-28 10:07:00,baseline,93.28,122.53882171630859,102.90486907958984
0,0.9,mondrian,2025-04-28 11:46:00,baseline,93.28,132.06408264160154,112.43013000488281
0,0.9,mondrian,2025-04-28 13:25:00,baseline,125.84,142.14025451660154,122.50630187988281
0,0.9,mondrian,2025-04-28 15:04:00,baseline,139.04,164.66123535156248,145.02728271484375
0,0.9,mondrian,2025-04-28 16:43:00,baseline,146.08,172.4804034423828,152.84645080566406
0,0.9,mondrian,2025-04-28 18:22:00,baseline,148.72,177.9561877441406,158.32223510742188
0,0.9,mondrian,2025-04-28 20:01:00,baseline,151.36,185.15407897949217,165.52012634277344
0,0.9,mondrian,2025-04-28 21:40:00,baseline,161.04,181.86339904785154,162.2294464111328
0,0.9,mondrian,2025-04-28 23:19:00,baseline,194.48,187.94655944824217,168.31260681152344
0,0.9,mondrian,2025-04-29 00:58:00,baseline,195.36,215.99853088378904,196.3645782470703
0,0.9,mondrian,2025-04-29 02:37:00,baseline,195.36,207.34212829589842,187.7081756591797
0,0.9,mondrian,2025-04-29 04:16:00,baseline,193.6,178.30845214843748,158.67449951171875
0,0.9,mondrian,2025-04-29 05:54:00,baseline,153.12,159.19208862304686,139.55813598632812
0,0.9,mondrian,2025-04-29 07:33:00,baseline,131.12,126.33149291992187,106.69754028320312
0,0.9,mondrian,2025-04-29 09:12:00,baseline,58.08,130.6054263305664,110.97147369384766
0,0.9,mondrian,2025-04-29 10:51:00,baseline,95.92,100.9517398071289,81.31778717041016
0,0.9,mondrian,2025-04-29 12:30:00,baseline,98.56,135.7074771118164,116.07352447509766
0,0.9,mondrian,2025-04-29 14:09:00,baseline,118.8,142.86165954589842,123.22770690917969
0,0.9,mondrian,2025-04-29 15:48:00,baseline,112.2,166.0089678955078,146.37501525878906
0,0.9,mondrian,2025-04-29 17:27:00,baseline,126.72,174.0829425048828,154.44898986816406
0,0.9,mondrian,2025-04-29 19:06:00,baseline,141.24,179.4819445800781,159.84799194335938
0,0.9,mondrian,2025-04-29 20:45:00,baseline,155.76,184.88857604980467,165.25462341308594
0,0.9,mondrian,2025-04-29 22:24:00,baseline,176.0,189.26462890624998,169.63067626953125
0,0.9,mondrian,2025-04-30 00:03:00,baseline,186.56,208.70145751953123,189.0675048828125
0,0.9,mondrian,2025-04-30 01:41:00,baseline,190.96,214.73582031249998,195.10186767578125
0,0.9,mondrian,2025-04-30 03:20:00,baseline,190.96,205.1947589111328,185.56080627441406
0,0.9,mondrian,2025-04-30 04:59:00,baseline,190.08,177.38351013183592,157.7495574951172
0,0.9,mondrian,2025-04-30 06:38:00,baseline,161.04,138.82501556396483,119.1910629272461
0,0.9,mondrian,2025-04-30 08:17:00,baseline,160.16,130.50810577392576,110.87415313720703
0,0.9,mondrian,2025-04-30 09:56:00,baseline,101.2,129.01623870849608,109.38228607177734
0,0.9,mondrian,2025-04-30 11:35:00,baseline,101.2,133.6085543823242,113.97460174560547
0,0.9,mondrian,2025-04-30 13:14:00,baseline,112.64,155.06997253417967,135.43601989746094
0,0.9,mondrian,2025-04-30 14:53:00,baseline,130.24,172.95466186523436,153.32070922851562
0,0.9,mondrian,2025-04-30 16:32:00,baseline,146.96,170.04125549316404,150.4073028564453
0,0.9,mondrian,2025-04-30 18:11:00,baseline,148.72,173.12527038574217,153.49131774902344
0,0.9,mondrian,2025-04-30 19:50:00,baseline,150.48,177.09609558105467,157.46214294433594
0,0.9,mondrian,2025-04-30 21:28:00,baseline,163.68,178.13454772949217,158.50059509277344
0,0.9,mondrian,2025-04-30 23:07:00,baseline,172.48,187.61374999999998,167.97979736328125
0,0.9,mondrian,2025-05-01 00:46:00,baseline,177.76,199.3419299316406,179.70797729492188
0,0.9,mondrian,2025-05-01 02:25:00,baseline,178.64,201.69973327636717,182.06578063964844
0,0.9,mondrian,2025-05-01 04:04:00,baseline,178.64,181.1770587158203,161.54310607910156
0,0.9,mondrian,2025-05-01 05:43:00,baseline,168.08,135.1816744995117,115.54772186279297
0,0.9,mondrian,2025-05-01 07:22:00,baseline,166.32,109.40353729248046,89.76958465576172
0,0.9,mondrian,2025-05-01 09:01:00,baseline,164.56,127.10902740478515,107.4750747680664
0,0.9,mondrian,2025-05-01 10:40:00,baseline,93.28,121.99084045410156,102.35688781738281
0,0.9,mondrian,2025-05-01 12:19:00,baseline,100.32,139.20866729736326,119.57471466064453
0,0.9,mondrian,2025-05-01 13:58:00,baseline,119.68,148.1163439941406,128.48239135742188
0,0.9,mondrian,2025-05-01 15:37:00,baseline,129.36,160.81345703124998,141.17950439453125
0,0.9,mondrian,2025-05-01 17:16:00,baseline,152.24,171.35374023437498,151.71978759765625
0,0.9,mondrian,2025-05-01 18:54:00,baseline,153.12,179.64599182128904,160.0120391845703
0,0.9,mondrian,2025-05-01 20:33:00,baseline,154.0,183.35424377441404,163.7202911376953
0,0.9,mondrian,2025-05-01 22:12:00,baseline,154.88,184.2412219238281,164.60726928710938
0,0.95,marginal,2025-04-27 12:41:00,baseline,91.52,178.45179626464844,133.11068725585938
0,0.95,marginal,2025-04-27 14:20:00,baseline,93.28,181.97428771972656,136.6331787109375
0,0.95,marginal,2025-04-27 15:59:00,baseline,101.2,187.00848266601562,141.66737365722656
0,0.95,marginal,2025-04-27 17:38:00,baseline,109.12,192.4168231201172,147.07571411132812
0,0.95,marginal,2025-04-27 19:17:00,baseline,145.2,201.95072814941406,156.609619140625
0,0.95,marginal,2025-04-27 20:56:00,baseline,153.12,213.71879455566406,168.377685546875
0,0.95,marginal,2025-04-27 22:35:00,baseline,157.52,222.06664916992187,176.7255401611328
0,0.95,marginal,2025-04-28 00:14:00,baseline,192.72,227.5341632080078,182.19305419921875
0,0.95,marginal,2025-04-28 01:53:00,baseline,193.6,236.65719482421875,191.3160858154297
0,0.95,marginal,2025-04-28 03:32:00,baseline,193.6,217.03651306152344,171.69540405273438
0,0.95,marginal,2025-04-28 05:11:00,baseline,192.72,193.97210571289062,148.63099670410156
0,0.95,marginal,2025-04-28 06:50:00,baseline,161.04,166.7153842163086,121.37427520751953
0,0.95,marginal,2025-04-28 08:28:00,baseline,154.0,151.7294985961914,106.38838958740234
0,0.95,marginal,2025-04-28 10:07:00,baseline,93.28,148.2459780883789,102.90486907958984
0,0.95,marginal,2025-04-28 11:46:00,baseline,93.28,157.77123901367187,112.43013000488281
0,0.95,marginal,2025-04-28 13:25:00,baseline,125.84,167.84741088867187,122.50630187988281
0,0.95,marginal,2025-04-28 15:04:00,baseline,139.04,190.3683917236328,145.02728271484375
0,0.95,marginal,2025-04-28 16:43:00,baseline,146.08,198.18755981445312,152.84645080566406
0,0.95,marginal,2025-04-28 18:22:00,baseline,148.72,203.66334411621094,158.32223510742188
0,0.95,marginal,2025-04-28 20:01:00,baseline,151.36,210.8612353515625,165.52012634277344
0,0.95,marginal,2025-04-28 21:40:00,baseline,161.04,207.57055541992187,162.2294464111328
0,0.95,marginal,2025-04-28 23:19:00,baseline,194.48,213.6537158203125,168.31260681152344
0,0.95,marginal,2025-04-29 00:58:00,baseline,195.36,241.70568725585937,196.3645782470703
0,0.95,marginal,2025-04-29 02:37:00,baseline,195.36,233.04928466796875,187.7081756591797
0,0.95,marginal,2025-04-29 04:16:00,baseline,193.6,204.0156085205078,158.67449951171875
0,0.95,marginal,2025-04-29 05:54:00,baseline,153.12,184.8992449951172,139.55813598632812
0,0.95,marginal,2025-04-29 07:33:00,baseline,131.12,152.0386492919922,106.69754028320312
0,0.95,marginal,2025-04-29 09:12:00,baseline,58.08,156.31258270263672,110.97147369384766
0,0.95,marginal,2025-04-29 10:51:00,baseline,95.92,126.65889617919922,81.31778717041016
0,0.95,marginal,2025-04-29 12:30:00,baseline,98.56,161.41463348388672,116.07352447509766
0,0.95,marginal,2025-04-29 14:09:00,baseline,118.8,168.56881591796875,123.22770690917969
0,0.95,marginal,2025-04-29 15:48:00,baseline,112.2,191.71612426757812,146.37501525878906
0,0.95,marginal,2025-04-29 17:27:00,baseline,126.72,199.79009887695312,154.44898986816406
0,0.95,marginal,2025-04-29 19:06:00,baseline,141.24,205.18910095214844,159.84799194335938
0,0.95,marginal,2025-04-29 20:45:00,baseline,155.76,210.595732421875,165.25462341308594
0,0.95,marginal,2025-04-29 22:24:00,baseline,176.0,214.9717852783203,169.63067626953125
0,0.95,marginal,2025-04-30 00:03:00,baseline,186.56,234.40861389160156,189.0675048828125
0,0.95,marginal,2025-04-30 01:41:00,baseline,190.96,240.4429766845703,195.10186767578125
0,0.95,marginal,2025-04-30 03:20:00,baseline,190.96,230.90191528320312,185.56080627441406
0,0.95,marginal,2025-04-30 04:59:00,baseline,190.08,203.09066650390625,157.7495574951172
0,0.95,marginal,2025-04-30 06:38:00,baseline,161.04,164.53217193603516,119.1910629272461
0,0.95,marginal,2025-04-30 08:17:00,baseline,160.16,156.2152621459961,110.87415313720703
0,0.95,marginal,2025-04-30 09:56:00,baseline,101.2,154.7233950805664,109.38228607177734
0,0.95,marginal,2025-04-30 11:35:00,baseline,101.2,159.31571075439453,113.97460174560547
0,0.95,marginal,2025-04-30 13:14:00,baseline,112.64,180.77712890625,135.43601989746094
0,0.95,marginal,2025-04-30 14:53:00,baseline,130.24,198.6618182373047,153.32070922851562
0,0.95,marginal,2025-04-30 16:32:00,baseline,146.96,195.74841186523437,150.4073028564453
0,0.95,marginal,2025-04-30 18:11:00,baseline,148.72,198.8324267578125,153.49131774902344
0,0.95,marginal,2025-04-30 19:50:00,baseline,150.48,202.803251953125,157.46214294433594
0,0.95,marginal,2025-04-30 21:28:00,baseline,163.68,203.8417041015625,158.50059509277344
0,0.95,marginal,2025-04-30 23:07:00,baseline,172.48,213.3209063720703,167.97979736328125
0,0.95,marginal,2025-05-01 00:46:00,baseline,177.76,225.04908630371094,179.70797729492188
0,0.95,marginal,2025-05-01 02:25:00,baseline,178.64,227.4068896484375,182.06578063964844
0,0.95,marginal,2025-05-01 04:04:00,baseline,178.64,206.88421508789062,161.54310607910156
0,0.95,marginal,2025-05-01 05:43:00,baseline,168.08,160.88883087158203,115.54772186279297
0,0.95,marginal,2025-05-01 07:22:00,baseline,166.32,135.11069366455078,89.76958465576172
0,0.95,marginal,2025-05-01 09:01:00,baseline,164.56,152.81618377685547,107.4750747680664
0,0.95,marginal,2025-05-01 10:40:00,baseline,93.28,147.69799682617187,102.35688781738281
0,0.95,marginal,2025-05-01 12:19:00,baseline,100.32,164.9158236694336,119.57471466064453
0,0.95,marginal,2025-05-01 13:58:00,baseline,119.68,173.82350036621094,128.48239135742188
0,0.95,marginal,2025-05-01 15:37:00,baseline,129.36,186.5206134033203,141.17950439453125
0,0.95,marginal,2025-05-01 17:16:00,baseline,152.24,197.0608966064453,151.71978759765625
0,0.95,marginal,2025-05-01 18:54:00,baseline,153.12,205.35314819335937,160.0120391845703
0,0.95,marginal,2025-05-01 20:33:00,baseline,154.0,209.06140014648437,163.7202911376953
0,0.95,marginal,2025-05-01 22:12:00,baseline,154.88,209.94837829589844,164.60726928710938
0,0.95,adaptive,2025-04-27 12:41:00,baseline,91.52,180.45479253900382,133.11068725585938
0,0.95,adaptive,2025-04-27 14:20:00,baseline,93.28,197.86855640394964,136.6331787109375
0,0.95,adaptive,2025-04-27 15:59:00,baseline,101.2,182.0412319985309,141.66737365722656
0,0.95,adaptive,2025-04-27 17:38:00,baseline,109.12,216.79674583113712,147.07571411132812
0,0.95,adaptive,2025-04-27 19:17:00,baseline,145.2,173.16718411256744,156.609619140625
0,0.95,adaptive,2025-04-27 20:56:00,baseline,153.12,178.88937968541944,168.377685546875
0,0.95,adaptive,2025-04-27 22:35:00,baseline,157.52,180.73412613803134,176.7255401611328
0,0.95,adaptive,2025-04-28 00:14:00,baseline,192.72,186.20164017611728,182.19305419921875
0,0.95,adaptive,2025-04-28 01:53:00,baseline,193.6,208.61923178136695,191.3160858154297
0,0.95,adaptive,2025-04-28 03:32:00,baseline,193.6,195.49392951310384,171.69540405273438
0,0.95,adaptive,2025-04-28 05:11:00,baseline,192.72,212.43805218355703,148.63099670410156
0,0.95,adaptive,2025-04-28 06:50:00,baseline,161.04,190.1606374278191,121.37427520751953
0,0.95,adaptive,2025-04-28 08:28:00,baseline,154.0,116.11685423120743,106.38838958740234
0,0.95,adaptive,2025-04-28 10:07:00,baseline,93.28,113.76916629587981,102.90486907958984
0,0.95,adaptive,2025-04-28 11:46:00,baseline,93.28,151.66076628542544,112.43013000488281
0,0.95,adaptive,2025-04-28 13:25:00,baseline,125.84,153.35466818560798,122.50630187988281
0,0.95,adaptive,2025-04-28 15:04:00,baseline,139.04,162.8236685411621,145.02728271484375
0,0.95,adaptive,2025-04-28 16:43:00,baseline,146.08,168.48465962884896,152.84645080566406
0,0.95,adaptive,2025-04-28 18:22:00,baseline,148.72,176.01827966588937,158.32223510742188
0,0.95,adaptive,2025-04-28 20:01:00,baseline,151.36,194.46677996707604,165.52012634277344
0,0.95,adaptive,2025-04-28 21:40:00,baseline,161.04,195.1208385254356,162.2294464111328
0,0.95,adaptive,2025-04-28 23:19:00,baseline,194.48,206.93696185621445,168.31260681152344
0,0.95,adaptive,2025-04-29 00:58:00,baseline,195.36,212.81453585245802,196.3645782470703
0,0.95,adaptive,2025-04-29 02:37:00,baseline,195.36,219.25499275656645,187.7081756591797
0,0.95,adaptive,2025-04-29 04:16:00,baseline,193.6,189.96801788863604,158.67449951171875
0,0.95,adaptive,2025-04-29 05:54:00,baseline,153.12,187.19014809193644,139.55813598632812
0,0.95,adaptive,2025-04-29 07:33:00,baseline,131.12,148.10236908461525,106.69754028320312
0,0.95,adaptive,2025-04-29 09:12:00,baseline,58.08,153.64330251388446,110.97147369384766
0,0.95,adaptive,2025-04-29 10:51:00,baseline,95.92,145.21026457672758,81.31778717041016
0,0.95,adaptive,2025-04-29 12:30:00,baseline,98.56,162.71845243784685,116.07352447509766
0,0.95,adaptive,2025-04-29 14:09:00,baseline,118.8,211.5440208999272,123.22770690917969
0,0.95,adaptive,2025-04-29 15:48:00,baseline,112.2,158.2418030656891,146.37501525878906
0,0.95,adaptive,2025-04-29 17:27:00,baseline,126.72,172.7800363744224,154.44898986816406
0,0.95,adaptive,2025-04-29 19:06:00,baseline,141.24,177.4515829539659,159.84799194335938
0,0.95,adaptive,2025-04-29 20:45:00,baseline,155.76,179.92147122688502,165.25462341308594
0,0.95,adaptive,2025-04-29 22:24:00,baseline,176.0,173.7737771343164,169.63067626953125
0,0.95,adaptive,2025-04-30 00:03:00,baseline,186.56,197.66188512379597,189.0675048828125
0,0.95,adaptive,2025-04-30 01:41:00,baseline,190.96,201.79016555462334,195.10186767578125
0,0.95,adaptive,2025-04-30 03:20:00,baseline,190.96,212.09428114635716,185.56080627441406
0,0.95,adaptive,2025-04-30 04:59:00,baseline,190.08,206.55144943063422,157.7495574951172
0,0.95,adaptive,2025-04-30 06:38:00,baseline,161.04,192.09817689996572,119.1910629272461
0,0.95,adaptive,2025-04-30 08:17:00,baseline,160.16,128.3640477725904,110.87415313720703
0,0.95,adaptive,2025-04-30 09:56:00,baseline,101.2,138.5654119810158,109.38228607177734
0,0.95,adaptive,2025-04-30 11:35:00,baseline,101.2,150.62439960841448,113.97460174560547
0,0.95,adaptive,2025-04-30 13:14:00,baseline,112.64,173.23025977683625,135.43601989746094
0,0.95,adaptive,2025-04-30 14:53:00,baseline,130.24,163.10097751355207,153.32070922851562
0,0.95,adaptive,2025-04-30 16:32:00,baseline,146.96,171.82623654223596,150.4073028564453
0,0.95,adaptive,2025-04-30 18:11:00,baseline,148.72,188.1021505896263,153.49131774902344
0,0.95,adaptive,2025-04-30 19:50:00,baseline,150.48,175.0135034673798,157.46214294433594
0,0.95,adaptive,2025-04-30 21:28:00,baseline,163.68,196.17396159270726,158.50059509277344
0,0.95,adaptive,2025-04-30 23:07:00,baseline,172.48,198.88482337453917,167.97979736328125
0,0.95,adaptive,2025-05-01 00:46:00,baseline,177.76,215.57040252564545,179.70797729492188
0,0.95,adaptive,2025-05-01 02:25:00,baseline,178.64,204.34635695150322,182.06578063964844
0,0.95,adaptive,2025-05-01 04:04:00,baseline,178.64,199.928601430879,161.54310607910156
0,0.95,adaptive,2025-05-01 05:43:00,baseline,168.08,224.22714349310144,115.54772186279297
0,0.95,adaptive,2025-05-01 07:22:00,baseline,166.32,142.88844375714598,89.76958465576172
0,0.95,adaptive,2025-05-01 09:01:00,baseline,164.56,163.381407228977,107.4750747680664
0,0.95,adaptive,2025-05-01 10:40:00,baseline,93.28,165.9943977475382,102.35688781738281
0,0.95,adaptive,2025-05-01 12:19:00,baseline,100.32,168.68731376618376,119.57471466064453
0,0.95,adaptive,2025-05-01 13:58:00,baseline,119.68,192.72827157167592,128.48239135742188
0,0.95,adaptive,2025-05-01 15:37:00,baseline,129.36,189.14885632932592,141.17950439453125
0,0.95,adaptive,2025-05-01 17:16:00,baseline,152.24,209.79142300398973,151.71978759765625
0,0.95,adaptive,2025-05-01 18:54:00,baseline,153.12,202.70435133948732,160.0120391845703
0,0.95,adaptive,2025-05-01 20:33:00,baseline,154.0,209.89572539022237,163.7202911376953
0,0.95,adaptive,2025-05-01 22:12:00,baseline,154.88,218.19583936795067,164.60726928710938
0,0.95,mondrian,2025-04-27 12:41:00,baseline,91.52,178.45179626464844,133.11068725585938
0,0.95,mondrian,2025-04-27 14:20:00,baseline,93.28,181.97428771972656,136.6331787109375
0,0.95,mondrian,2025-04-27 15:59:00,baseline,101.2,187.00848266601562,141.66737365722656
0,0.95,mondrian,2025-04-27 17:38:00,baseline,109.12,192.4168231201172,147.07571411132812
0,0.95,mondrian,2025-04-27 19:17:00,baseline,145.2,201.95072814941406,156.609619140625
0,0.95,mondrian,2025-04-27 20:56:00,baseline,153.12,213.71879455566406,168.377685546875
0,0.95,mondrian,2025-04-27 22:35:00,baseline,157.52,222.06664916992187,176.7255401611328
0,0.95,mondrian,2025-04-28 00:14:00,baseline,192.72,227.5341632080078,182.19305419921875
0,0.95,mondrian,2025-04-28 01:53:00,baseline,193.6,236.65719482421875,191.3160858154297
0,0.95,mondrian,2025-04-28 03:32:00,baseline,193.6,217.03651306152344,171.69540405273438
0,0.95,mondrian,2025-04-28 05:11:00,baseline,192.72,193.97210571289062,148.63099670410156
0,0.95,mondrian,2025-04-28 06:50:00,baseline,161.04,166.7153842163086,121.37427520751953
0,0.95,mondrian,2025-04-28 08:28:00,baseline,154.0,151.7294985961914,106.38838958740234
0,0.95,mondrian,2025-04-28 10:07:00,baseline,93.28,148.2459780883789,102.90486907958984
0,0.95,mondrian,2025-04-28 11:46:00,baseline,93.28,157.77123901367187,112.43013000488281
0,0.95,mondrian,2025-04-28 13:25:00,baseline,125.84,167.84741088867187,122.50630187988281
0,0.95,mondrian,2025-04-28 15:04:00,baseline,139.04,190.3683917236328,145.02728271484375
0,0.95,mondrian,2025-04-28 16:43:00,baseline,146.08,198.18755981445312,152.84645080566406
0,0.95,mondrian,2025-04-28 18:22:00,baseline,148.72,203.66334411621094,158.32223510742188
0,0.95,mondrian,2025-04-28 20:01:00,baseline,151.36,210.8612353515625,165.52012634277344
0,0.95,mondrian,2025-04-28 21:40:00,baseline,161.04,207.57055541992187,162.2294464111328
0,0.95,mondrian,2025-04-28 23:19:00,baseline,194.48,213.6537158203125,168.31260681152344
0,0.95,mondrian,2025-04-29 00:58:00,baseline,195.36,241.70568725585937,196.3645782470703
0,0.95,mondrian,2025-04-29 02:37:00,baseline,195.36,233.04928466796875,187.7081756591797
0,0.95,mondrian,2025-04-29 04:16:00,baseline,193.6,204.0156085205078,158.67449951171875
0,0.95,mondrian,2025-04-29 05:54:00,baseline,153.12,184.8992449951172,139.55813598632812
0,0.95,mondrian,2025-04-29 07:33:00,baseline,131.12,152.0386492919922,106.69754028320312
0,0.95,mondrian,2025-04-29 09:12:00,baseline,58.08,156.31258270263672,110.97147369384766
0,0.95,mondrian,2025-04-29 10:51:00,baseline,95.92,126.65889617919922,81.31778717041016
0,0.95,mondrian,2025-04-29 12:30:00,baseline,98.56,161.41463348388672,116.07352447509766
0,0.95,mondrian,2025-04-29 14:09:00,baseline,118.8,168.56881591796875,123.22770690917969
0,0.95,mondrian,2025-04-29 15:48:00,baseline,112.2,191.71612426757812,146.37501525878906
0,0.95,mondrian,2025-04-29 17:27:00,baseline,126.72,199.79009887695312,154.44898986816406
0,0.95,mondrian,2025-04-29 19:06:00,baseline,141.24,205.18910095214844,159.84799194335938
0,0.95,mondrian,2025-04-29 20:45:00,baseline,155.76,210.595732421875,165.25462341308594
0,0.95,mondrian,2025-04-29 22:24:00,baseline,176.0,214.9717852783203,169.63067626953125
0,0.95,mondrian,2025-04-30 00:03:00,baseline,186.56,234.40861389160156,189.0675048828125
0,0.95,mondrian,2025-04-30 01:41:00,baseline,190.96,240.4429766845703,195.10186767578125
0,0.95,mondrian,2025-04-30 03:20:00,baseline,190.96,230.90191528320312,185.56080627441406
0,0.95,mondrian,2025-04-30 04:59:00,baseline,190.08,203.09066650390625,157.7495574951172
0,0.95,mondrian,2025-04-30 06:38:00,baseline,161.04,164.53217193603516,119.1910629272461
0,0.95,mondrian,2025-04-30 08:17:00,baseline,160.16,156.2152621459961,110.87415313720703
0,0.95,mondrian,2025-04-30 09:56:00,baseline,101.2,154.7233950805664,109.38228607177734
0,0.95,mondrian,2025-04-30 11:35:00,baseline,101.2,159.31571075439453,113.97460174560547
0,0.95,mondrian,2025-04-30 13:14:00,baseline,112.64,180.77712890625,135.43601989746094
0,0.95,mondrian,2025-04-30 14:53:00,baseline,130.24,198.6618182373047,153.32070922851562
0,0.95,mondrian,2025-04-30 16:32:00,baseline,146.96,195.74841186523437,150.4073028564453
0,0.95,mondrian,2025-04-30 18:11:00,baseline,148.72,198.8324267578125,153.49131774902344
0,0.95,mondrian,2025-04-30 19:50:00,baseline,150.48,202.803251953125,157.46214294433594
0,0.95,mondrian,2025-04-30 21:28:00,baseline,163.68,203.8417041015625,158.50059509277344
0,0.95,mondrian,2025-04-30 23:07:00,baseline,172.48,213.3209063720703,167.97979736328125
0,0.95,mondrian,2025-05-01 00:46:00,baseline,177.76,225.04908630371094,179.70797729492188
0,0.95,mondrian,2025-05-01 02:25:00,baseline,178.64,227.4068896484375,182.06578063964844
0,0.95,mondrian,2025-05-01 04:04:00,baseline,178.64,206.88421508789062,161.54310607910156
0,0.95,mondrian,2025-05-01 05:43:00,baseline,168.08,160.88883087158203,115.54772186279297
0,0.95,mondrian,2025-05-01 07:22:00,baseline,166.32,135.11069366455078,89.76958465576172
0,0.95,mondrian,2025-05-01 09:01:00,baseline,164.56,152.81618377685547,107.4750747680664
0,0.95,mondrian,2025-05-01 10:40:00,baseline,93.28,147.69799682617187,102.35688781738281
0,0.95,mondrian,2025-05-01 12:19:00,baseline,100.32,164.9158236694336,119.57471466064453
0,0.95,mondrian,2025-05-01 13:58:00,baseline,119.68,173.82350036621094,128.48239135742188
0,0.95,mondrian,2025-05-01 15:37:00,baseline,129.36,186.5206134033203,141.17950439453125
0,0.95,mondrian,2025-05-01 17:16:00,baseline,152.24,197.0608966064453,151.71978759765625
0,0.95,mondrian,2025-05-01 18:54:00,baseline,153.12,205.35314819335937,160.0120391845703
0,0.95,mondrian,2025-05-01 20:33:00,baseline,154.0,209.06140014648437,163.7202911376953
0,0.95,mondrian,2025-05-01 22:12:00,baseline,154.88,209.94837829589844,164.60726928710938
1,0.8,marginal,2025-05-01 23:51:00,baseline,183.92,175.418935546875,163.37913513183594
1,0.8,marginal,2025-05-02 01:30:00,baseline,192.72,200.04768920898437,188.0078887939453
1,0.8,marginal,2025-05-02 03:09:00,baseline,192.72,194.78830505371093,182.74850463867188
1,0.8,marginal,2025-05-02 04:48:00,baseline,192.72,171.78438354492187,159.7445831298828
1,0.8,marginal,2025-05-02 06:27:00,baseline,59.84,130.35066772460937,118.31086730957031
1,0.8,marginal,2025-05-02 08:06:00,baseline,58.96,126.14772583007813,114.10792541503906
1,0.8,marginal,2025-05-02 09:45:00,baseline,79.2,122.93475891113282,110.89495849609375
1,0.8,marginal,2025-05-02 11:24:00,baseline,102.08,115.68155456542969,103.64175415039062
1,0.8,marginal,2025-05-02 13:03:00,baseline,102.96,125.10662628173829,113.06682586669922
1,0.8,marginal,2025-05-02 14:41:00,baseline,113.52,148.2202813720703,136.18048095703125
1,0.8,marginal,2025-05-02 16:20:00,baseline,151.36,163.1377618408203,151.09796142578125
1,0.8,marginal,2025-05-02 17:59:00,baseline,151.36,168.41866088867187,156.3788604736328
1,0.8,marginal,2025-05-02 19:38:00,baseline,161.04,177.25732971191405,165.217529296875
1,0.8,marginal,2025-05-02 21:17:00,baseline,161.92,189.02490783691405,176.985107421875
1,0.8,marginal,2025-05-02 22:56:00,baseline,190.08,191.25539184570312,179.21559143066406
1,0.8,marginal,2025-05-03 00:35:00,elevated_risk,196.24,201.6747491455078,189.63494873046875
1,0.8,marginal,2025-05-03 02:14:00,elevated_risk,196.24,200.62038208007812,188.58058166503906
1,0.8,marginal,2025-05-03 03:53:00,elevated_risk,195.36,172.8047540283203,160.76495361328125
1,0.8,marginal,2025-05-03 05:32:00,elevated_risk,189.2,144.44804931640624,132.4082489013672
1,0.8,marginal,2025-05-03 07:11:00,elevated_risk,188.32,144.11386657714843,132.07406616210938
1,0.8,marginal,2025-05-03 08:50:00,elevated_risk,55.44,133.21523834228515,121.1754379272461
1,0.8,marginal,2025-05-03 10:28:00,elevated_risk,58.08,84.19317413330079,72.15337371826172
1,0.8,marginal,2025-05-03 12:07:00,elevated_risk,91.52,114.37582183837891,102.33602142333984
1,0.8,marginal,2025-05-03 13:46:00,elevated_risk,100.32,121.92246795654297,109.8826675415039
1,0.8,marginal,2025-05-03 15:25:00,elevated_risk,118.8,133.82771850585937,121.78791809082031
1,0.8,marginal,2025-05-03 17:04:00,elevated_risk,135.52,157.70175720214843,145.66195678710938
1,0.8,marginal,2025-05-03 18:43:00,elevated_risk,147.84,173.11685729980468,161.07705688476562
1,0.8,marginal,2025-05-03 20:22:00,elevated_risk,150.48,177.11795593261718,165.07815551757812
1,0.8,marginal,2025-05-03 22:01:00,elevated_risk,152.24,180.3234765625,168.28367614746094
1,0.8,marginal,2025-05-03 23:40:00,elevated_risk,169.84,185.35812927246093,173.31832885742188
1,0.8,marginal,2025-05-04 01:19:00,baseline,190.96,198.7576806640625,186.71788024902344
1,0.8,marginal,2025-05-04 02:58:00,baseline,192.72,204.3527276611328,192.31292724609375
1,0.8,marginal,2025-05-04 04:37:00,baseline,190.96,158.6032159423828,146.56341552734375
1,0.8,marginal,2025-05-04 06:16:00,baseline,178.64,144.05833984375,132.01853942871094
1,0.8,marginal,2025-05-04 07:54:00,baseline,54.56,151.61392761230468,139.57412719726562
1,0.8,marginal,2025-05-04 09:33:00,baseline,58.08,82.42354370117188,70.38374328613281
1,0.8,marginal,2025-05-04 11:12:00,baseline,92.4,108.24003387451172,96.20023345947266
1,0.8,marginal,2025-05-04 12:51:00,baseline,93.28,118.00221801757813,105.96241760253906
1,0.8,marginal,2025-05-04 14:30:00,baseline,95.04,130.11762786865233,118.07782745361328
1,0.8,marginal,2025-05-04 16:09:00,baseline,119.68,140.36986328125,128.33006286621094
1,0.8,marginal,2025-05-04 17:48:00,baseline,135.52,158.29593444824218,146.25613403320312
1,0.8,marginal,2025-05-04 19:27:00,baseline,137.28,174.49744201660155,162.4576416015625
1,0.8,marginal,2025-05-04 21:06:00,baseline,144.32,180.64333129882812,168.60353088378906
1,0.8,marginal,2025-05-04 22:45:00,baseline,146.08,181.68030334472655,169.6405029296875
1,0.8,marginal,2025-05-05 00:24:00,baseline,187.44,178.25325561523437,166.2134552001953
1,0.8,marginal,2025-05-05 02:03:00,baseline,190.08,201.57903076171874,189.5392303466797
1,0.8,marginal,2025-05-05 03:41:00,baseline,190.08,179.74368835449218,167.70388793945312
1,0.8,marginal,2025-05-05 05:20:00,baseline,187.44,171.88968444824218,159.84988403320312
1,0.8,marginal,2025-05-05 06:59:00,baseline,143.44,139.59870697021483,127.55890655517578
1,0.8,marginal,2025-05-05 08:38:00,baseline,98.56,98.97506500244141,86.93526458740234
1,0.8,marginal,2025-05-05 10:17:00,baseline,67.76,102.37127471923829,90.33147430419922
1,0.8,marginal,2025-05-05 11:56:00,baseline,56.32,116.77287078857422,104.73307037353516
1,0.8,marginal,2025-05-05 13:35:00,baseline,90.64,124.14364410400391,112.10384368896484
1,0.8,marginal,2025-05-05 15:14:00,baseline,91.52,131.89390350341796,119.8541030883789
1,0.8,marginal,2025-05-05 16:53:00,baseline,129.36,142.65703369140624,130.6172332763672
1,0.8,marginal,2025-05-05 18:32:00,baseline,130.24,162.67053771972655,150.6307373046875
1,0.8,marginal,2025-05-05 20:11:00,baseline,133.76,172.46718383789062,160.42738342285156
1,0.8,marginal,2025-05-05 21:50:00,baseline,135.52,170.6846826171875,158.64488220214844
1,0.8,marginal,2025-05-05 23:28:00,baseline,140.8,161.54056335449218,149.50076293945312
1,0.8,marginal,2025-05-06 01:07:00,baseline,153.12,182.45129943847655,170.4114990234375
1,0.8,marginal,2025-05-06 02:46:00,baseline,163.68,181.45329833984374,169.4134979248047
1,0.8,marginal,2025-05-06 04:25:00,baseline,161.92,176.1311700439453,164.09136962890625
1,0.8,marginal,2025-05-06 06:04:00,baseline,136.4,146.3174951171875,134.27769470214844
1,0.8,marginal,2025-05-06 07:43:00,baseline,79.2,115.79409576416016,103.7542953491211
1,0.8,marginal,2025-05-06 09:22:00,baseline,78.32,97.02499938964844,84.98519897460938
1,0.8,adaptive,2025-05-01 23:51:00,baseline,183.92,168.1768138327022,163.37913513183594
1,0.8,adaptive,2025-05-02 01:30:00,baseline,192.72,190.75438795245174,188.0078887939453
1,0.8,adaptive,2025-05-02 03:09:00,baseline,192.72,186.2564310436488,182.74850463867188
1,0.8,adaptive,2025-05-02 04:48:00,baseline,192.72,182.56576754745413,159.7445831298828
1,0.8,adaptive,2025-05-02 06:27:00,baseline,59.84,146.47380593620377,118.31086730957031
1,0.8,adaptive,2025-05-02 08:06:00,baseline,58.96,119.01151483921733,114.10792541503906
1,0.8,adaptive,2025-05-02 09:45:00,baseline,79.2,121.96870049208627,110.89495849609375
1,0.8,adaptive,2025-05-02 11:24:00,baseline,102.08,118.8753021936594,103.64175415039062
1,0.8,adaptive,2025-05-02 13:03:00,baseline,102.96,125.38368519500612,113.06682586669922
1,0.8,adaptive,2025-05-02 14:41:00,baseline,113.52,147.45387025209274,136.18048095703125
1,0.8,adaptive,2025-05-02 16:20:00,baseline,151.36,157.66807645239544,151.09796142578125
1,0.8,adaptive,2025-05-02 17:59:00,baseline,151.36,164.1764780079099,156.3788604736328
1,0.8,adaptive,2025-05-02 19:38:00,baseline,161.04,171.55574325595342,165.217529296875
1,0.8,adaptive,2025-05-02 21:17:00,baseline,161.92,184.61092798848097,176.985107421875
1,0.8,adaptive,2025-05-02 22:56:00,baseline,190.08,185.32811716063324,179.21559143066406
1,0.8,adaptive,2025-05-03 00:35:00,elevated_risk,196.24,196.00852153428983,189.63494873046875
1,0.8,adaptive,2025-05-03 02:14:00,elevated_risk,196.24,195.0869105570979,188.58058166503906
1,0.8,adaptive,2025-05-03 03:53:00,elevated_risk,195.36,169.47960016950827,160.76495361328125
1,0.8,adaptive,2025-05-03 05:32:00,elevated_risk,189.2,166.6999158594348,132.4082489013672
1,0.8,adaptive,2025-05-03 07:11:00,elevated_risk,188.32,164.8425457082478,132.07406616210938
1,0.8,adaptive,2025-05-03 08:50:00,elevated_risk,55.44,128.95118876633455,121.1754379272461
1,0.8,adaptive,2025-05-03 10:28:00,elevated_risk,58.08,80.00813893973472,72.15337371826172
1,0.8,adaptive,2025-05-03 12:07:00,elevated_risk,91.52,112.3161746086713,102.33602142333984
1,0.8,adaptive,2025-05-03 13:46:00,elevated_risk,100.32,122.61582961519616,109.8826675415039
1,0.8,adaptive,2025-05-03 15:25:00,elevated_risk,118.8,132.6110730072655,121.78791809082031
1,0.8,adaptive,2025-05-03 17:04:00,elevated_risk,135.52,154.62526221364345,145.66195678710938
1,0.8,adaptive,2025-05-03 18:43:00,elevated_risk,147.84,168.2781174454501,161.07705688476562
1,0.8,adaptive,2025-05-03 20:22:00,elevated_risk,150.48,172.7631926395266,165.07815551757812
1,0.8,adaptive,2025-05-03 22:01:00,elevated_risk,152.24,173.4159803818857,168.28367614746094
1,0.8,adaptive,2025-05-03 23:40:00,elevated_risk,169.84,179.82371443943563,173.31832885742188
1,0.8,adaptive,2025-05-04 01:19:00,baseline,190.96,190.15737728485806,186.71788024902344
1,0.8,adaptive,2025-05-04 02:58:00,baseline,192.72,207.3161864346585,192.31292724609375
1,0.8,adaptive,2025-05-04 04:37:00,baseline,190.96,183.6194055713231,146.56341552734375
1,0.8,adaptive,2025-05-04 06:16:00,baseline,178.64,179.30840061514905,132.01853942871094
1,0.8,adaptive,2025-05-04 07:54:00,baseline,54.56,161.53192832926635,139.57412719726562
1,0.8,adaptive,2025-05-04 09:33:00,baseline,58.08,81.65221243678805,70.38374328613281
1,0.8,adaptive,2025-05-04 11:12:00,baseline,92.4,107.3050617333313,96.20023345947266
1,0.8,adaptive,2025-05-04 12:51:00,baseline,93.28,117.72427537238758,105.96241760253906
1,0.8,adaptive,2025-05-04 14:30:00,baseline,95.04,127.00030314770333,118.07782745361328
1,0.8,adaptive,2025-05-04 16:09:00,baseline,119.68,135.52211838451058,128.33006286621094
1,0.8,adaptive,2025-05-04 17:48:00,baseline,135.52,150.68089238623105,146.25613403320312
1,0.8,adaptive,2025-05-04 19:27:00,baseline,137.28,170.04287777831078,162.4576416015625
1,0.8,adaptive,2025-05-04 21:06:00,baseline,144.32,175.56648620289613,168.60353088378906
1,0.8,adaptive,2025-05-04 22:45:00,baseline,146.08,175.00024935613916,169.6405029296875
1,0.8,adaptive,2025-05-05 00:24:00,baseline,187.44,171.04450111252987,166.2134552001953
1,0.8,adaptive,2025-05-05 02:03:00,baseline,190.08,193.12602269295718,189.5392303466797
1,0.8,adaptive,2025-05-05 03:41:00,baseline,190.08,173.9269746572649,167.70388793945312
1,0.8,adaptive,2025-05-05 05:20:00,baseline,187.44,191.48444267455565,159.84988403320312
1,0.8,adaptive,2025-05-05 06:59:00,baseline,143.44,161.54330728582784,127.55890655517578
1,0.8,adaptive,2025-05-05 08:38:00,baseline,98.56,91.97386950061895,86.93526458740234
1,0.8,adaptive,2025-05-05 10:17:00,baseline,67.76,96.24660037772026,90.33147430419922
1,0.8,adaptive,2025-05-05 11:56:00,baseline,56.32,115.55741799243826,104.73307037353516
1,0.8,adaptive,2025-05-05 13:35:00,baseline,90.64,118.79086818835377,112.10384368896484
1,0.8,adaptive,2025-05-05 15:14:00,baseline,91.52,127.24223604731729,119.8541030883789
1,0.8,adaptive,2025-05-05 16:53:00,baseline,129.36,137.58642964602873,130.6172332763672
1,0.8,adaptive,2025-05-05 18:32:00,baseline,130.24,154.68468980698415,150.6307373046875
1,0.8,adaptive,2025-05-05 20:11:00,baseline,133.76,166.83770477543368,160.42738342285156
1,0.8,adaptive,2025-05-05 21:50:00,baseline,135.52,164.8874403860438,158.64488220214844
1,0.8,adaptive,2025-05-05 23:28:00,baseline,140.8,153.3341369651743,149.50076293945312
1,0.8,adaptive,2025-05-06 01:07:00,baseline,153.12,173.5976319017371,170.4114990234375
1,0.8,adaptive,2025-05-06 02:46:00,baseline,163.68,172.80691393558158,169.4134979248047
1,0.8,adaptive,2025-05-06 04:25:00,baseline,161.92,189.8532917854254,164.09136962890625
1,0.8,adaptive,2025-05-06 06:04:00,baseline,136.4,152.13782585892102,134.27769470214844
1,0.8,adaptive,2025-05-06 07:43:00,baseline,79.2,135.6021405533802,103.7542953491211
1,0.8,adaptive,2025-05-06 09:22:00,baseline,78.32,99.4585799947269,84.98519897460938
1,0.8,mondrian,2025-05-01 23:51:00,baseline,183.92,175.418935546875,163.37913513183594
1,0.8,mondrian,2025-05-02 01:30:00,baseline,192.72,200.04768920898437,188.0078887939453
1,0.8,mondrian,2025-05-02 03:09:00,baseline,192.72,194.78830505371093,182.74850463867188
1,0.8,mondrian,2025-05-02 04:48:00,baseline,192.72,171.78438354492187,159.7445831298828
1,0.8,mondrian,2025-05-02 06:27:00,baseline,59.84,130.35066772460937,118.31086730957031
1,0.8,mondrian,2025-05-02 08:06:00,baseline,58.96,126.14772583007813,114.10792541503906
1,0.8,mondrian,2025-05-02 09:45:00,baseline,79.2,122.93475891113282,110.89495849609375
1,0.8,mondrian,2025-05-02 11:24:00,baseline,102.08,115.68155456542969,103.64175415039062
1,0.8,mondrian,2025-05-02 13:03:00,baseline,102.96,125.10662628173829,113.06682586669922
1,0.8,mondrian,2025-05-02 14:41:00,baseline,113.52,148.2202813720703,136.18048095703125
1,0.8,mondrian,2025-05-02 16:20:00,baseline,151.36,163.1377618408203,151.09796142578125
1,0.8,mondrian,2025-05-02 17:59:00,baseline,151.36,168.41866088867187,156.3788604736328
1,0.8,mondrian,2025-05-02 19:38:00,baseline,161.04,177.25732971191405,165.217529296875
1,0.8,mondrian,2025-05-02 21:17:00,baseline,161.92,189.02490783691405,176.985107421875
1,0.8,mondrian,2025-05-02 22:56:00,baseline,190.08,191.25539184570312,179.21559143066406
1,0.8,mondrian,2025-05-03 00:35:00,elevated_risk,196.24,201.6747491455078,189.63494873046875
1,0.8,mondrian,2025-05-03 02:14:00,elevated_risk,196.24,200.62038208007812,188.58058166503906
1,0.8,mondrian,2025-05-03 03:53:00,elevated_risk,195.36,172.8047540283203,160.76495361328125
1,0.8,mondrian,2025-05-03 05:32:00,elevated_risk,189.2,144.44804931640624,132.4082489013672
1,0.8,mondrian,2025-05-03 07:11:00,elevated_risk,188.32,144.11386657714843,132.07406616210938
1,0.8,mondrian,2025-05-03 08:50:00,elevated_risk,55.44,133.21523834228515,121.1754379272461
1,0.8,mondrian,2025-05-03 10:28:00,elevated_risk,58.08,84.19317413330079,72.15337371826172
1,0.8,mondrian,2025-05-03 12:07:00,elevated_risk,91.52,114.37582183837891,102.33602142333984
1,0.8,mondrian,2025-05-03 13:46:00,elevated_risk,100.32,121.92246795654297,109.8826675415039
1,0.8,mondrian,2025-05-03 15:25:00,elevated_risk,118.8,133.82771850585937,121.78791809082031
1,0.8,mondrian,2025-05-03 17:04:00,elevated_risk,135.52,157.70175720214843,145.66195678710938
1,0.8,mondrian,2025-05-03 18:43:00,elevated_risk,147.84,173.11685729980468,161.07705688476562
1,0.8,mondrian,2025-05-03 20:22:00,elevated_risk,150.48,177.11795593261718,165.07815551757812
1,0.8,mondrian,2025-05-03 22:01:00,elevated_risk,152.24,180.3234765625,168.28367614746094
1,0.8,mondrian,2025-05-03 23:40:00,elevated_risk,169.84,185.35812927246093,173.31832885742188
1,0.8,mondrian,2025-05-04 01:19:00,baseline,190.96,198.7576806640625,186.71788024902344
1,0.8,mondrian,2025-05-04 02:58:00,baseline,192.72,204.3527276611328,192.31292724609375
1,0.8,mondrian,2025-05-04 04:37:00,baseline,190.96,158.6032159423828,146.56341552734375
1,0.8,mondrian,2025-05-04 06:16:00,baseline,178.64,144.05833984375,132.01853942871094
1,0.8,mondrian,2025-05-04 07:54:00,baseline,54.56,151.61392761230468,139.57412719726562
1,0.8,mondrian,2025-05-04 09:33:00,baseline,58.08,82.42354370117188,70.38374328613281
1,0.8,mondrian,2025-05-04 11:12:00,baseline,92.4,108.24003387451172,96.20023345947266
1,0.8,mondrian,2025-05-04 12:51:00,baseline,93.28,118.00221801757813,105.96241760253906
1,0.8,mondrian,2025-05-04 14:30:00,baseline,95.04,130.11762786865233,118.07782745361328
1,0.8,mondrian,2025-05-04 16:09:00,baseline,119.68,140.36986328125,128.33006286621094
1,0.8,mondrian,2025-05-04 17:48:00,baseline,135.52,158.29593444824218,146.25613403320312
1,0.8,mondrian,2025-05-04 19:27:00,baseline,137.28,174.49744201660155,162.4576416015625
1,0.8,mondrian,2025-05-04 21:06:00,baseline,144.32,180.64333129882812,168.60353088378906
1,0.8,mondrian,2025-05-04 22:45:00,baseline,146.08,181.68030334472655,169.6405029296875
1,0.8,mondrian,2025-05-05 00:24:00,baseline,187.44,178.25325561523437,166.2134552001953
1,0.8,mondrian,2025-05-05 02:03:00,baseline,190.08,201.57903076171874,189.5392303466797
1,0.8,mondrian,2025-05-05 03:41:00,baseline,190.08,179.74368835449218,167.70388793945312
1,0.8,mondrian,2025-05-05 05:20:00,baseline,187.44,171.88968444824218,159.84988403320312
1,0.8,mondrian,2025-05-05 06:59:00,baseline,143.44,139.59870697021483,127.55890655517578
1,0.8,mondrian,2025-05-05 08:38:00,baseline,98.56,98.97506500244141,86.93526458740234
1,0.8,mondrian,2025-05-05 10:17:00,baseline,67.76,102.37127471923829,90.33147430419922
1,0.8,mondrian,2025-05-05 11:56:00,baseline,56.32,116.77287078857422,104.73307037353516
1,0.8,mondrian,2025-05-05 13:35:00,baseline,90.64,124.14364410400391,112.10384368896484
1,0.8,mondrian,2025-05-05 15:14:00,baseline,91.52,131.89390350341796,119.8541030883789
1,0.8,mondrian,2025-05-05 16:53:00,baseline,129.36,142.65703369140624,130.6172332763672
1,0.8,mondrian,2025-05-05 18:32:00,baseline,130.24,162.67053771972655,150.6307373046875
1,0.8,mondrian,2025-05-05 20:11:00,baseline,133.76,172.46718383789062,160.42738342285156
1,0.8,mondrian,2025-05-05 21:50:00,baseline,135.52,170.6846826171875,158.64488220214844
1,0.8,mondrian,2025-05-05 23:28:00,baseline,140.8,161.54056335449218,149.50076293945312
1,0.8,mondrian,2025-05-06 01:07:00,baseline,153.12,182.45129943847655,170.4114990234375
1,0.8,mondrian,2025-05-06 02:46:00,baseline,163.68,181.45329833984374,169.4134979248047
1,0.8,mondrian,2025-05-06 04:25:00,baseline,161.92,176.1311700439453,164.09136962890625
1,0.8,mondrian,2025-05-06 06:04:00,baseline,136.4,146.3174951171875,134.27769470214844
1,0.8,mondrian,2025-05-06 07:43:00,baseline,79.2,115.79409576416016,103.7542953491211
1,0.8,mondrian,2025-05-06 09:22:00,baseline,78.32,97.02499938964844,84.98519897460938
1,0.9,marginal,2025-05-01 23:51:00,baseline,183.92,185.7799499511719,163.37913513183594
1,0.9,marginal,2025-05-02 01:30:00,baseline,192.72,210.40870361328126,188.0078887939453
1,0.9,marginal,2025-05-02 03:09:00,baseline,192.72,205.14931945800782,182.74850463867188
1,0.9,marginal,2025-05-02 04:48:00,baseline,192.72,182.14539794921876,159.7445831298828
1,0.9,marginal,2025-05-02 06:27:00,baseline,59.84,140.71168212890626,118.31086730957031
1,0.9,marginal,2025-05-02 08:06:00,baseline,58.96,136.508740234375,114.10792541503906
1,0.9,marginal,2025-05-02 09:45:00,baseline,79.2,133.2957733154297,110.89495849609375
1,0.9,marginal,2025-05-02 11:24:00,baseline,102.08,126.04256896972657,103.64175415039062
1,0.9,marginal,2025-05-02 13:03:00,baseline,102.96,135.46764068603517,113.06682586669922
1,0.9,marginal,2025-05-02 14:41:00,baseline,113.52,158.5812957763672,136.18048095703125
1,0.9,marginal,2025-05-02 16:20:00,baseline,151.36,173.4987762451172,151.09796142578125
1,0.9,marginal,2025-05-02 17:59:00,baseline,151.36,178.77967529296876,156.3788604736328
1,0.9,marginal,2025-05-02 19:38:00,baseline,161.04,187.61834411621095,165.217529296875
1,0.9,marginal,2025-05-02 21:17:00,baseline,161.92,199.38592224121095,176.985107421875
1,0.9,marginal,2025-05-02 22:56:00,baseline,190.08,201.61640625,179.21559143066406
1,0.9,marginal,2025-05-03 00:35:00,elevated_risk,196.24,212.0357635498047,189.63494873046875
1,0.9,marginal,2025-05-03 02:14:00,elevated_risk,196.24,210.981396484375,188.58058166503906
1,0.9,marginal,2025-05-03 03:53:00,elevated_risk,195.36,183.1657684326172,160.76495361328125
1,0.9,marginal,2025-05-03 05:32:00,elevated_risk,189.2,154.80906372070314,132.4082489013672
1,0.9,marginal,2025-05-03 07:11:00,elevated_risk,188.32,154.47488098144532,132.07406616210938
1,0.9,marginal,2025-05-03 08:50:00,elevated_risk,55.44,143.57625274658204,121.1754379272461
1,0.9,marginal,2025-05-03 10:28:00,elevated_risk,58.08,94.55418853759767,72.15337371826172
1,0.9,marginal,2025-05-03 12:07:00,elevated_risk,91.52,124.73683624267579,102.33602142333984
1,0.9,marginal,2025-05-03 13:46:00,elevated_risk,100.32,132.28348236083986,109.8826675415039
1,0.9,marginal,2025-05-03 15:25:00,elevated_risk,118.8,144.18873291015626,121.78791809082031
1,0.9,marginal,2025-05-03 17:04:00,elevated_risk,135.52,168.06277160644532,145.66195678710938
1,0.9,marginal,2025-05-03 18:43:00,elevated_risk,147.84,183.47787170410157,161.07705688476562
1,0.9,marginal,2025-05-03 20:22:00,elevated_risk,150.48,187.47897033691407,165.07815551757812
1,0.9,marginal,2025-05-03 22:01:00,elevated_risk,152.24,190.6844909667969,168.28367614746094
1,0.9,marginal,2025-05-03 23:40:00,elevated_risk,169.84,195.71914367675782,173.31832885742188
1,0.9,marginal,2025-05-04 01:19:00,baseline,190.96,209.1186950683594,186.71788024902344
1,0.9,marginal,2025-05-04 02:58:00,baseline,192.72,214.7137420654297,192.31292724609375
1,0.9,marginal,2025-05-04 04:37:00,baseline,190.96,168.9642303466797,146.56341552734375
1,0.9,marginal,2025-05-04 06:16:00,baseline,178.64,154.4193542480469,132.01853942871094
1,0.9,marginal,2025-05-04 07:54:00,baseline,54.56,161.97494201660157,139.57412719726562
1,0.9,marginal,2025-05-04 09:33:00,baseline,58.08,92.78455810546876,70.38374328613281
1,0.9,marginal,2025-05-04 11:12:00,baseline,92.4,118.6010482788086,96.20023345947266
1,0.9,marginal,2025-05-04 12:51:00,baseline,93.28,128.363232421875,105.96241760253906
1,0.9,marginal,2025-05-04 14:30:00,baseline,95.04,140.47864227294923,118.07782745361328
1,0.9,marginal,2025-05-04 16:09:00,baseline,119.68,150.7308776855469,128.33006286621094
1,0.9,marginal,2025-05-04 17:48:00,baseline,135.52,168.65694885253907,146.25613403320312
1,0.9,marginal,2025-05-04 19:27:00,baseline,137.28,184.85845642089845,162.4576416015625
1,0.9,marginal,2025-05-04 21:06:00,baseline,144.32,191.004345703125,168.60353088378906
1,0.9,marginal,2025-05-04 22:45:00,baseline,146.08,192.04131774902345,169.6405029296875
1,0.9,marginal,2025-05-05 00:24:00,baseline,187.44,188.61427001953126,166.2134552001953
1,0.9,marginal,2025-05-05 02:03:00,baseline,190.08,211.94004516601564,189.5392303466797
1,0.9,marginal,2025-05-05 03:41:00,baseline,190.08,190.10470275878907,167.70388793945312
1,0.9,marginal,2025-05-05 05:20:00,baseline,187.44,182.25069885253907,159.84988403320312
1,0.9,marginal,2025-05-05 06:59:00,baseline,143.44,149.95972137451173,127.55890655517578
1,0.9,marginal,2025-05-05 08:38:00,baseline,98.56,109.33607940673829,86.93526458740234
1,0.9,marginal,2025-05-05 10:17:00,baseline,67.76,112.73228912353517,90.33147430419922
1,0.9,marginal,2025-05-05 11:56:00,baseline,56.32,127.1338851928711,104.73307037353516
1,0.9,marginal,2025-05-05 13:35:00,baseline,90.64,134.5046585083008,112.10384368896484
1,0.9,marginal,2025-05-05 15:14:00,baseline,91.52,142.25491790771486,119.8541030883789
1,0.9,marginal,2025-05-05 16:53:00,baseline,129.36,153.01804809570314,130.6172332763672
1,0.9,marginal,2025-05-05 18:32:00,baseline,130.24,173.03155212402345,150.6307373046875
1,0.9,marginal,2025-05-05 20:11:00,baseline,133.76,182.8281982421875,160.42738342285156
1,0.9,marginal,2025-05-05 21:50:00,baseline,135.52,181.0456970214844,158.64488220214844
1,0.9,marginal,2025-05-05 23:28:00,baseline,140.8,171.90157775878907,149.50076293945312
1,0.9,marginal,2025-05-06 01:07:00,baseline,153.12,192.81231384277345,170.4114990234375
1,0.9,marginal,2025-05-06 02:46:00,baseline,163.68,191.81431274414064,169.4134979248047
1,0.9,marginal,2025-05-06 04:25:00,baseline,161.92,186.4921844482422,164.09136962890625
1,0.9,marginal,2025-05-06 06:04:00,baseline,136.4,156.6785095214844,134.27769470214844
1,0.9,marginal,2025-05-06 07:43:00,baseline,79.2,126.15511016845704,103.7542953491211
1,0.9,marginal,2025-05-06 09:22:00,baseline,78.32,107.38601379394532,84.98519897460938
1,0.9,adaptive,2025-05-01 23:51:00,baseline,183.92,179.31397093643403,163.37913513183594
1,0.9,adaptive,2025-05-02 01:30:00,baseline,192.72,197.13001135716837,188.0078887939453
1,0.9,adaptive,2025-05-02 03:09:00,baseline,192.72,194.39960400633663,182.74850463867188
1,0.9,adaptive,2025-05-02 04:48:00,baseline,192.72,235.542036280464,159.7445831298828
1,0.9,adaptive,2025-05-02 06:27:00,baseline,59.84,211.85022889902984,118.31086730957031
1,0.9,adaptive,2025-05-02 08:06:00,baseline,58.96,130.39452924979273,114.10792541503906
1,0.9,adaptive,2025-05-02 09:45:00,baseline,79.2,147.6748830076627,110.89495849609375
1,0.9,adaptive,2025-05-02 11:24:00,baseline,102.08,154.23790739990167,103.64175415039062
1,0.9,adaptive,2025-05-02 13:03:00,baseline,102.96,153.97559514077858,113.06682586669922
1,0.9,adaptive,2025-05-02 14:41:00,baseline,113.52,173.62350675733822,136.18048095703125
1,0.9,adaptive,2025-05-02 16:20:00,baseline,151.36,172.91970287493595,151.09796142578125
1,0.9,adaptive,2025-05-02 17:59:00,baseline,151.36,182.27758417376833,156.3788604736328
1,0.9,adaptive,2025-05-02 19:38:00,baseline,161.04,186.26904296203358,165.217529296875
1,0.9,adaptive,2025-05-02 21:17:00,baseline,161.92,202.31323091256493,176.985107421875
1,0.9,adaptive,2025-05-02 22:56:00,baseline,190.08,199.51751240775098,179.21559143066406
1,0.9,adaptive,2025-05-03 00:35:00,elevated_risk,196.24,210.80390197846407,189.63494873046875
1,0.9,adaptive,2025-05-03 02:14:00,elevated_risk,196.24,210.19046616333824,188.58058166503906
1,0.9,adaptive,2025-05-03 03:53:00,elevated_risk,195.36,189.7094642041031,160.76495361328125
1,0.9,adaptive,2025-05-03 05:32:00,elevated_risk,189.2,246.30334620000588,132.4082489013672
1,0.9,adaptive,2025-05-03 07:11:00,elevated_risk,188.32,240.91010410682762,132.07406616210938
1,0.9,adaptive,2025-05-03 08:50:00,elevated_risk,55.44,147.00153438009286,121.1754379272461
1,0.9,adaptive,2025-05-03 10:28:00,elevated_risk,58.08,98.24190567127482,72.15337371826172
1,0.9,adaptive,2025-05-03 12:07:00,elevated_risk,91.52,135.48373977394112,102.33602142333984
1,0.9,adaptive,2025-05-03 13:46:00,elevated_risk,100.32,152.17412963565926,109.8826675415039
1,0.9,adaptive,2025-05-03 15:25:00,elevated_risk,118.8,157.73555177669903,121.78791809082031
1,0.9,adaptive,2025-05-03 17:04:00,elevated_risk,135.52,175.43235391947564,145.66195678710938
1,0.9,adaptive,2025-05-03 18:43:00,elevated_risk,147.84,184.99439791736864,161.07705688476562
1,0.9,adaptive,2025-05-03 20:22:00,elevated_risk,150.48,190.60295872467475,165.07815551757812
1,0.9,adaptive,2025-05-03 22:01:00,elevated_risk,152.24,185.32992504696222,168.28367614746094
1,0.9,adaptive,2025-05-03 23:40:00,elevated_risk,169.84,194.9250802799946,173.31832885742188
1,0.9,adaptive,2025-05-04 01:19:00,baseline,190.96,198.14170079509927,186.71788024902344
1,0.9,adaptive,2025-05-04 02:58:00,baseline,192.72,242.14420745675892,192.31292724609375
1,0.9,adaptive,2025-05-04 04:37:00,baseline,190.96,269.63983513439587,146.56341552734375
1,0.9,adaptive,2025-05-04 06:16:00,baseline,178.64,289.08536699514775,132.01853942871094
1,0.9,adaptive,2025-05-04 07:54:00,baseline,54.56,212.50397045777274,139.57412719726562
1,0.9,adaptive,2025-05-04 09:33:00,baseline,58.08,107.81042749748877,70.38374328613281
1,0.9,adaptive,2025-05-04 11:12:00,baseline,92.4,133.0834068054171,96.20023345947266
1,0.9,adaptive,2025-05-04 12:51:00,baseline,93.28,145.02782485578672,105.96241760253906
1,0.9,adaptive,2025-05-04 14:30:00,baseline,95.04,147.71261419541216,118.07782745361328
1,0.9,adaptive,2025-05-04 16:09:00,baseline,119.68,152.21749487806397,128.33006286621094
1,0.9,adaptive,2025-05-04 17:48:00,baseline,135.52,160.95236573746317,146.25613403320312
1,0.9,adaptive,2025-05-04 19:27:00,baseline,137.28,187.65096957364145,162.4576416015625
1,0.9,adaptive,2025-05-04 21:06:00,baseline,144.32,191.73003781404478,168.60353088378906
1,0.9,adaptive,2025-05-04 22:45:00,baseline,146.08,187.44217006599814,169.6405029296875
1,0.9,adaptive,2025-05-05 00:24:00,baseline,187.44,182.25911564920082,166.2134552001953
1,0.9,adaptive,2025-05-05 02:03:00,baseline,190.08,201.45227218768525,189.5392303466797
1,0.9,adaptive,2025-05-05 03:41:00,baseline,190.08,188.3730221664286,167.70388793945312
1,0.9,adaptive,2025-05-05 05:20:00,baseline,187.44,264.9197582642275,159.84988403320312
1,0.9,adaptive,2025-05-05 06:59:00,baseline,143.44,240.43346096475415,127.55890655517578
1,0.9,adaptive,2025-05-05 08:38:00,baseline,98.56,103.67030396422655,86.93526458740234
1,0.9,adaptive,2025-05-05 10:17:00,baseline,67.76,109.97775923112353,90.33147430419922
1,0.9,adaptive,2025-05-05 11:56:00,baseline,56.32,140.68466545804336,104.73307037353516
1,0.9,adaptive,2025-05-05 13:35:00,baseline,90.64,134.3138840153101,112.10384368896484
1,0.9,adaptive,2025-05-05 15:14:00,baseline,91.52,144.3927795908228,119.8541030883789
1,0.9,adaptive,2025-05-05 16:53:00,baseline,129.36,153.7644690052847,130.6172332763672
1,0.9,adaptive,2025-05-05 18:32:00,baseline,130.24,164.09538792251078,150.6307373046875
1,0.9,adaptive,2025-05-05 20:11:00,baseline,133.76,181.71839196614184,160.42738342285156
1,0.9,adaptive,2025-05-05 21:50:00,baseline,135.52,179.37868824944835,158.64488220214844
1,0.9,adaptive,2025-05-05 23:28:00,baseline,140.8,162.2327922157048,149.50076293945312
1,0.9,adaptive,2025-05-06 01:07:00,baseline,153.12,180.9938050578471,170.4114990234375
1,0.9,adaptive,2025-05-06 02:46:00,baseline,163.68,180.68426662773186,169.4134979248047
1,0.9,adaptive,2025-05-06 04:25:00,baseline,161.92,249.6560823098219,164.09136962890625
1,0.9,adaptive,2025-05-06 06:04:00,baseline,136.4,193.59768571788095,134.27769470214844
1,0.9,adaptive,2025-05-06 07:43:00,baseline,79.2,209.53257182447032,103.7542953491211
1,0.9,adaptive,2025-05-06 09:22:00,baseline,78.32,133.05656107964506,84.98519897460938
1,0.9,mondrian,2025-05-01 23:51:00,baseline,183.92,185.7799499511719,163.37913513183594
1,0.9,mondrian,2025-05-02 01:30:00,baseline,192.72,210.40870361328126,188.0078887939453
1,0.9,mondrian,2025-05-02 03:09:00,baseline,192.72,205.14931945800782,182.74850463867188
1,0.9,mondrian,2025-05-02 04:48:00,baseline,192.72,182.14539794921876,159.7445831298828
1,0.9,mondrian,2025-05-02 06:27:00,baseline,59.84,140.71168212890626,118.31086730957031
1,0.9,mondrian,2025-05-02 08:06:00,baseline,58.96,136.508740234375,114.10792541503906
1,0.9,mondrian,2025-05-02 09:45:00,baseline,79.2,133.2957733154297,110.89495849609375
1,0.9,mondrian,2025-05-02 11:24:00,baseline,102.08,126.04256896972657,103.64175415039062
1,0.9,mondrian,2025-05-02 13:03:00,baseline,102.96,135.46764068603517,113.06682586669922
1,0.9,mondrian,2025-05-02 14:41:00,baseline,113.52,158.5812957763672,136.18048095703125
1,0.9,mondrian,2025-05-02 16:20:00,baseline,151.36,173.4987762451172,151.09796142578125
1,0.9,mondrian,2025-05-02 17:59:00,baseline,151.36,178.77967529296876,156.3788604736328
1,0.9,mondrian,2025-05-02 19:38:00,baseline,161.04,187.61834411621095,165.217529296875
1,0.9,mondrian,2025-05-02 21:17:00,baseline,161.92,199.38592224121095,176.985107421875
1,0.9,mondrian,2025-05-02 22:56:00,baseline,190.08,201.61640625,179.21559143066406
1,0.9,mondrian,2025-05-03 00:35:00,elevated_risk,196.24,212.0357635498047,189.63494873046875
1,0.9,mondrian,2025-05-03 02:14:00,elevated_risk,196.24,210.981396484375,188.58058166503906
1,0.9,mondrian,2025-05-03 03:53:00,elevated_risk,195.36,183.1657684326172,160.76495361328125
1,0.9,mondrian,2025-05-03 05:32:00,elevated_risk,189.2,154.80906372070314,132.4082489013672
1,0.9,mondrian,2025-05-03 07:11:00,elevated_risk,188.32,154.47488098144532,132.07406616210938
1,0.9,mondrian,2025-05-03 08:50:00,elevated_risk,55.44,143.57625274658204,121.1754379272461
1,0.9,mondrian,2025-05-03 10:28:00,elevated_risk,58.08,94.55418853759767,72.15337371826172
1,0.9,mondrian,2025-05-03 12:07:00,elevated_risk,91.52,124.73683624267579,102.33602142333984
1,0.9,mondrian,2025-05-03 13:46:00,elevated_risk,100.32,132.28348236083986,109.8826675415039
1,0.9,mondrian,2025-05-03 15:25:00,elevated_risk,118.8,144.18873291015626,121.78791809082031
1,0.9,mondrian,2025-05-03 17:04:00,elevated_risk,135.52,168.06277160644532,145.66195678710938
1,0.9,mondrian,2025-05-03 18:43:00,elevated_risk,147.84,183.47787170410157,161.07705688476562
1,0.9,mondrian,2025-05-03 20:22:00,elevated_risk,150.48,187.47897033691407,165.07815551757812
1,0.9,mondrian,2025-05-03 22:01:00,elevated_risk,152.24,190.6844909667969,168.28367614746094
1,0.9,mondrian,2025-05-03 23:40:00,elevated_risk,169.84,195.71914367675782,173.31832885742188
1,0.9,mondrian,2025-05-04 01:19:00,baseline,190.96,209.1186950683594,186.71788024902344
1,0.9,mondrian,2025-05-04 02:58:00,baseline,192.72,214.7137420654297,192.31292724609375
1,0.9,mondrian,2025-05-04 04:37:00,baseline,190.96,168.9642303466797,146.56341552734375
1,0.9,mondrian,2025-05-04 06:16:00,baseline,178.64,154.4193542480469,132.01853942871094
1,0.9,mondrian,2025-05-04 07:54:00,baseline,54.56,161.97494201660157,139.57412719726562
1,0.9,mondrian,2025-05-04 09:33:00,baseline,58.08,92.78455810546876,70.38374328613281
1,0.9,mondrian,2025-05-04 11:12:00,baseline,92.4,118.6010482788086,96.20023345947266
1,0.9,mondrian,2025-05-04 12:51:00,baseline,93.28,128.363232421875,105.96241760253906
1,0.9,mondrian,2025-05-04 14:30:00,baseline,95.04,140.47864227294923,118.07782745361328
1,0.9,mondrian,2025-05-04 16:09:00,baseline,119.68,150.7308776855469,128.33006286621094
1,0.9,mondrian,2025-05-04 17:48:00,baseline,135.52,168.65694885253907,146.25613403320312
1,0.9,mondrian,2025-05-04 19:27:00,baseline,137.28,184.85845642089845,162.4576416015625
1,0.9,mondrian,2025-05-04 21:06:00,baseline,144.32,191.004345703125,168.60353088378906
1,0.9,mondrian,2025-05-04 22:45:00,baseline,146.08,192.04131774902345,169.6405029296875
1,0.9,mondrian,2025-05-05 00:24:00,baseline,187.44,188.61427001953126,166.2134552001953
1,0.9,mondrian,2025-05-05 02:03:00,baseline,190.08,211.94004516601564,189.5392303466797
1,0.9,mondrian,2025-05-05 03:41:00,baseline,190.08,190.10470275878907,167.70388793945312
1,0.9,mondrian,2025-05-05 05:20:00,baseline,187.44,182.25069885253907,159.84988403320312
1,0.9,mondrian,2025-05-05 06:59:00,baseline,143.44,149.95972137451173,127.55890655517578
1,0.9,mondrian,2025-05-05 08:38:00,baseline,98.56,109.33607940673829,86.93526458740234
1,0.9,mondrian,2025-05-05 10:17:00,baseline,67.76,112.73228912353517,90.33147430419922
1,0.9,mondrian,2025-05-05 11:56:00,baseline,56.32,127.1338851928711,104.73307037353516
1,0.9,mondrian,2025-05-05 13:35:00,baseline,90.64,134.5046585083008,112.10384368896484
1,0.9,mondrian,2025-05-05 15:14:00,baseline,91.52,142.25491790771486,119.8541030883789
1,0.9,mondrian,2025-05-05 16:53:00,baseline,129.36,153.01804809570314,130.6172332763672
1,0.9,mondrian,2025-05-05 18:32:00,baseline,130.24,173.03155212402345,150.6307373046875
1,0.9,mondrian,2025-05-05 20:11:00,baseline,133.76,182.8281982421875,160.42738342285156
1,0.9,mondrian,2025-05-05 21:50:00,baseline,135.52,181.0456970214844,158.64488220214844
1,0.9,mondrian,2025-05-05 23:28:00,baseline,140.8,171.90157775878907,149.50076293945312
1,0.9,mondrian,2025-05-06 01:07:00,baseline,153.12,192.81231384277345,170.4114990234375
1,0.9,mondrian,2025-05-06 02:46:00,baseline,163.68,191.81431274414064,169.4134979248047
1,0.9,mondrian,2025-05-06 04:25:00,baseline,161.92,186.4921844482422,164.09136962890625
1,0.9,mondrian,2025-05-06 06:04:00,baseline,136.4,156.6785095214844,134.27769470214844
1,0.9,mondrian,2025-05-06 07:43:00,baseline,79.2,126.15511016845704,103.7542953491211
1,0.9,mondrian,2025-05-06 09:22:00,baseline,78.32,107.38601379394532,84.98519897460938
1,0.95,marginal,2025-05-01 23:51:00,baseline,183.92,197.63427734375,163.37913513183594
1,0.95,marginal,2025-05-02 01:30:00,baseline,192.72,222.26303100585938,188.0078887939453
1,0.95,marginal,2025-05-02 03:09:00,baseline,192.72,217.00364685058594,182.74850463867188
1,0.95,marginal,2025-05-02 04:48:00,baseline,192.72,193.99972534179688,159.7445831298828
1,0.95,marginal,2025-05-02 06:27:00,baseline,59.84,152.56600952148438,118.31086730957031
1,0.95,marginal,2025-05-02 08:06:00,baseline,58.96,148.36306762695312,114.10792541503906
1,0.95,marginal,2025-05-02 09:45:00,baseline,79.2,145.1501007080078,110.89495849609375
1,0.95,marginal,2025-05-02 11:24:00,baseline,102.08,137.8968963623047,103.64175415039062
1,0.95,marginal,2025-05-02 13:03:00,baseline,102.96,147.32196807861328,113.06682586669922
1,0.95,marginal,2025-05-02 14:41:00,baseline,113.52,170.4356231689453,136.18048095703125
1,0.95,marginal,2025-05-02 16:20:00,baseline,151.36,185.3531036376953,151.09796142578125
1,0.95,marginal,2025-05-02 17:59:00,baseline,151.36,190.63400268554688,156.3788604736328
1,0.95,marginal,2025-05-02 19:38:00,baseline,161.04,199.47267150878906,165.217529296875
1,0.95,marginal,2025-05-02 21:17:00,baseline,161.92,211.24024963378906,176.985107421875
1,0.95,marginal,2025-05-02 22:56:00,baseline,190.08,213.47073364257812,179.21559143066406
1,0.95,marginal,2025-05-03 00:35:00,elevated_risk,196.24,223.8900909423828,189.63494873046875
1,0.95,marginal,2025-05-03 02:14:00,elevated_risk,196.24,222.83572387695312,188.58058166503906
1,0.95,marginal,2025-05-03 03:53:00,elevated_risk,195.36,195.0200958251953,160.76495361328125
1,0.95,marginal,2025-05-03 05:32:00,elevated_risk,189.2,166.66339111328125,132.4082489013672
1,0.95,marginal,2025-05-03 07:11:00,elevated_risk,188.32,166.32920837402344,132.07406616210938
1,0.95,marginal,2025-05-03 08:50:00,elevated_risk,55.44,155.43058013916016,121.1754379272461
1,0.95,marginal,2025-05-03 10:28:00,elevated_risk,58.08,106.40851593017578,72.15337371826172
1,0.95,marginal,2025-05-03 12:07:00,elevated_risk,91.52,136.5911636352539,102.33602142333984
1,0.95,marginal,2025-05-03 13:46:00,elevated_risk,100.32,144.13780975341797,109.8826675415039
1,0.95,marginal,2025-05-03 15:25:00,elevated_risk,118.8,156.04306030273438,121.78791809082031
1,0.95,marginal,2025-05-03 17:04:00,elevated_risk,135.52,179.91709899902344,145.66195678710938
1,0.95,marginal,2025-05-03 18:43:00,elevated_risk,147.84,195.3321990966797,161.07705688476562
1,0.95,marginal,2025-05-03 20:22:00,elevated_risk,150.48,199.3332977294922,165.07815551757812
1,0.95,marginal,2025-05-03 22:01:00,elevated_risk,152.24,202.538818359375,168.28367614746094
1,0.95,marginal,2025-05-03 23:40:00,elevated_risk,169.84,207.57347106933594,173.31832885742188
1,0.95,marginal,2025-05-04 01:19:00,baseline,190.96,220.9730224609375,186.71788024902344
1,0.95,marginal,2025-05-04 02:58:00,baseline,192.72,226.5680694580078,192.31292724609375
1,0.95,marginal,2025-05-04 04:37:00,baseline,190.96,180.8185577392578,146.56341552734375
1,0.95,marginal,2025-05-04 06:16:00,baseline,178.64,166.273681640625,132.01853942871094
1,0.95,marginal,2025-05-04 07:54:00,baseline,54.56,173.8292694091797,139.57412719726562
1,0.95,marginal,2025-05-04 09:33:00,baseline,58.08,104.63888549804688,70.38374328613281
1,0.95,marginal,2025-05-04 11:12:00,baseline,92.4,130.45537567138672,96.20023345947266
1,0.95,marginal,2025-05-04 12:51:00,baseline,93.28,140.21755981445312,105.96241760253906
1,0.95,marginal,2025-05-04 14:30:00,baseline,95.04,152.33296966552734,118.07782745361328
1,0.95,marginal,2025-05-04 16:09:00,baseline,119.68,162.585205078125,128.33006286621094
1,0.95,marginal,2025-05-04 17:48:00,baseline,135.52,180.5112762451172,146.25613403320312
1,0.95,marginal,2025-05-04 19:27:00,baseline,137.28,196.71278381347656,162.4576416015625
1,0.95,marginal,2025-05-04 21:06:00,baseline,144.32,202.85867309570312,168.60353088378906
1,0.95,marginal,2025-05-04 22:45:00,baseline,146.08,203.89564514160156,169.6405029296875
1,0.95,marginal,2025-05-05 00:24:00,baseline,187.44,200.46859741210938,166.2134552001953
1,0.95,marginal,2025-05-05 02:03:00,baseline,190.08,223.79437255859375,189.5392303466797
1,0.95,marginal,2025-05-05 03:41:00,baseline,190.08,201.9590301513672,167.70388793945312
1,0.95,marginal,2025-05-05 05:20:00,baseline,187.44,194.1050262451172,159.84988403320312
1,0.95,marginal,2025-05-05 06:59:00,baseline,143.44,161.81404876708984,127.55890655517578
1,0.95,marginal,2025-05-05 08:38:00,baseline,98.56,121.1904067993164,86.93526458740234
1,0.95,marginal,2025-05-05 10:17:00,baseline,67.76,124.58661651611328,90.33147430419922
1,0.95,marginal,2025-05-05 11:56:00,baseline,56.32,138.98821258544922,104.73307037353516
1,0.95,marginal,2025-05-05 13:35:00,baseline,90.64,146.3589859008789,112.10384368896484
1,0.95,marginal,2025-05-05 15:14:00,baseline,91.52,154.10924530029297,119.8541030883789
1,0.95,marginal,2025-05-05 16:53:00,baseline,129.36,164.87237548828125,130.6172332763672
1,0.95,marginal,2025-05-05 18:32:00,baseline,130.24,184.88587951660156,150.6307373046875
1,0.95,marginal,2025-05-05 20:11:00,baseline,133.76,194.68252563476562,160.42738342285156
1,0.95,marginal,2025-05-05 21:50:00,baseline,135.52,192.9000244140625,158.64488220214844
1,0.95,marginal,2025-05-05 23:28:00,baseline,140.8,183.7559051513672,149.50076293945312
1,0.95,marginal,2025-05-06 01:07:00,baseline,153.12,204.66664123535156,170.4114990234375
1,0.95,marginal,2025-05-06 02:46:00,baseline,163.68,203.66864013671875,169.4134979248047
1,0.95,marginal,2025-05-06 04:25:00,baseline,161.92,198.3465118408203,164.09136962890625
1,0.95,marginal,2025-05-06 06:04:00,baseline,136.4,168.5328369140625,134.27769470214844
1,0.95,marginal,2025-05-06 07:43:00,baseline,79.2,138.00943756103516,103.7542953491211
1,0.95,marginal,2025-05-06 09:22:00,baseline,78.32,119.24034118652344,84.98519897460938
1,0.95,adaptive,2025-05-01 23:51:00,baseline,183.92,187.74177226471411,163.37913513183594
1,0.95,adaptive,2025-05-02 01:30:00,baseline,192.72,201.95462565491223,188.0078887939453
1,0.95,adaptive,2025-05-02 03:09:00,baseline,192.72,200.56177297568325,182.74850463867188
1,0.95,adaptive,2025-05-02 04:48:00,baseline,192.72,275.63067504499924,159.7445831298828
1,0.95,adaptive,2025-05-02 06:27:00,baseline,59.84,261.32241458811234,118.31086730957031
1,0.95,adaptive,2025-05-02 08:06:00,baseline,58.96,139.0083777459348,114.10792541503906
1,0.95,adaptive,2025-05-02 09:45:00,baseline,79.2,167.12747733958525,110.89495849609375
1,0.95,adaptive,2025-05-02 11:24:00,baseline,102.08,180.9977895092013,103.64175415039062
1,0.95,adaptive,2025-05-02 13:03:00,baseline,102.96,175.6119009210304,113.06682586669922
1,0.95,adaptive,2025-05-02 14:41:00,baseline,113.52,193.4268098126226,136.18048095703125
1,0.95,adaptive,2025-05-02 16:20:00,baseline,151.36,184.46103934214335,151.09796142578125
1,0.95,adaptive,2025-05-02 17:59:00,baseline,151.36,195.97520244089714,156.3788604736328
1,0.95,adaptive,2025-05-02 19:38:00,baseline,161.04,197.40301239887802,165.217529296875
1,0.95,adaptive,2025-05-02 21:17:00,baseline,161.92,215.70906350320155,176.985107421875
1,0.95,adaptive,2025-05-02 22:56:00,baseline,190.08,210.25502854381045,179.21559143066406
1,0.95,adaptive,2025-05-03 00:35:00,elevated_risk,196.24,221.99998422803912,189.63494873046875
1,0.95,adaptive,2025-05-03 02:14:00,elevated_risk,196.24,221.6197532618719,188.58058166503906
1,0.95,adaptive,2025-05-03 03:53:00,elevated_risk,195.36,205.0179736732346,160.76495361328125
1,0.95,adaptive,2025-05-03 05:32:00,elevated_risk,189.2,306.5415101866769,132.4082489013672
1,0.95,adaptive,2025-05-03 07:11:00,elevated_risk,188.32,298.4725739309948,132.07406616210938
1,0.95,adaptive,2025-05-03 08:50:00,elevated_risk,55.44,160.66074070381194,121.1754379272461
1,0.95,adaptive,2025-05-03 10:28:00,elevated_risk,58.08,112.03991193520108,72.15337371826172
1,0.95,adaptive,2025-05-03 12:07:00,elevated_risk,91.52,153.0152906584529,102.33602142333984
1,0.95,adaptive,2025-05-03 13:46:00,elevated_risk,100.32,174.54173007928483,109.8826675415039
1,0.95,adaptive,2025-05-03 15:25:00,elevated_risk,118.8,176.7479544547959,121.78791809082031
1,0.95,adaptive,2025-05-03 17:04:00,elevated_risk,135.52,191.17766787013358,145.66195678710938
1,0.95,adaptive,2025-05-03 18:43:00,elevated_risk,147.84,197.64407947011702,161.07705688476562
1,0.95,adaptive,2025-05-03 20:22:00,elevated_risk,150.48,204.102813571675,165.07815551757812
1,0.95,adaptive,2025-05-03 22:01:00,elevated_risk,152.24,194.3455434618037,168.28367614746094
1,0.95,adaptive,2025-05-03 23:40:00,elevated_risk,169.84,206.35271032099135,173.31832885742188
1,0.95,adaptive,2025-05-04 01:19:00,baseline,190.96,204.18366389737798,186.71788024902344
1,0.95,adaptive,2025-05-04 02:58:00,baseline,192.72,268.4995546156017,192.31292724609375
1,0.95,adaptive,2025-05-04 04:37:00,baseline,190.96,334.7339236687102,146.56341552734375
1,0.95,adaptive,2025-05-04 06:16:00,baseline,178.64,372.15669789716964,132.01853942871094
1,0.95,adaptive,2025-05-04 07:54:00,baseline,54.56,251.07595434509977,139.57412719726562
1,0.95,adaptive,2025-05-04 09:33:00,baseline,58.08,127.60508762310909,70.38374328613281
1,0.95,adaptive,2025-05-04 11:12:00,baseline,92.4,152.5906085819449,96.20023345947266
1,0.95,adaptive,2025-05-04 12:51:00,baseline,93.28,165.6891918868621,105.96241760253906
1,0.95,adaptive,2025-05-04 14:30:00,baseline,95.04,163.38620494516817,118.07782745361328
1,0.95,adaptive,2025-05-04 16:09:00,baseline,119.68,164.85135779999024,128.33006286621094
1,0.95,adaptive,2025-05-04 17:48:00,baseline,135.52,168.72507972063045,146.25613403320312
1,0.95,adaptive,2025-05-04 19:27:00,baseline,137.28,200.97550994233575,162.4576416015625
1,0.95,adaptive,2025-05-04 21:06:00,baseline,144.32,203.96145382706993,168.60353088378906
1,0.95,adaptive,2025-05-04 22:45:00,baseline,146.08,196.85732286560886,169.6405029296875
1,0.95,adaptive,2025-05-05 00:24:00,baseline,187.44,190.74553120462426,166.2134552001953
1,0.95,adaptive,2025-05-05 02:03:00,baseline,190.08,207.7529803394763,189.5392303466797
1,0.95,adaptive,2025-05-05 03:41:00,baseline,190.08,199.30475431783478,167.70388793945312
1,0.95,adaptive,2025-05-05 05:20:00,baseline,187.44,320.49033561218664,159.84988403320312
1,0.95,adaptive,2025-05-05 06:59:00,baseline,143.44,300.1318683564116,127.55890655517578
1,0.95,adaptive,2025-05-05 08:38:00,baseline,98.56,112.52132626645326,86.93526458740234
1,0.95,adaptive,2025-05-05 10:17:00,baseline,67.76,120.36851494604115,90.33147430419922
1,0.95,adaptive,2025-05-05 11:56:00,baseline,56.32,159.69916328672983,104.73307037353516
1,0.95,adaptive,2025-05-05 13:35:00,baseline,90.64,146.06058850971812,112.10384368896484
1,0.95,adaptive,2025-05-05 15:14:00,baseline,91.52,157.37108027477817,119.8541030883789
1,0.95,adaptive,2025-05-05 16:53:00,baseline,129.36,166.00684830648157,130.6172332763672
1,0.95,adaptive,2025-05-05 18:32:00,baseline,130.24,171.21672897385528,150.6307373046875
1,0.95,adaptive,2025-05-05 20:11:00,baseline,133.76,192.97902824014642,160.42738342285156
1,0.95,adaptive,2025-05-05 21:50:00,baseline,135.52,190.34462478550688,158.64488220214844
1,0.95,adaptive,2025-05-05 23:28:00,baseline,140.8,168.9666559694268,149.50076293945312
1,0.95,adaptive,2025-05-06 01:07:00,baseline,153.12,186.5906981759631,170.4114990234375
1,0.95,adaptive,2025-05-06 02:46:00,baseline,163.68,186.64528189077322,169.4134979248047
1,0.95,adaptive,2025-05-06 04:25:00,baseline,161.92,294.91054291606423,164.09136962890625
1,0.95,adaptive,2025-05-06 06:04:00,baseline,136.4,224.9715326282892,134.27769470214844
1,0.95,adaptive,2025-05-06 07:43:00,baseline,79.2,265.47781719216243,103.7542953491211
1,0.95,adaptive,2025-05-06 09:22:00,baseline,78.32,158.48110227787618,84.98519897460938
1,0.95,mondrian,2025-05-01 23:51:00,baseline,183.92,197.63427734375,163.37913513183594
1,0.95,mondrian,2025-05-02 01:30:00,baseline,192.72,222.26303100585938,188.0078887939453
1,0.95,mondrian,2025-05-02 03:09:00,baseline,192.72,217.00364685058594,182.74850463867188
1,0.95,mondrian,2025-05-02 04:48:00,baseline,192.72,193.99972534179688,159.7445831298828
1,0.95,mondrian,2025-05-02 06:27:00,baseline,59.84,152.56600952148438,118.31086730957031
1,0.95,mondrian,2025-05-02 08:06:00,baseline,58.96,148.36306762695312,114.10792541503906
1,0.95,mondrian,2025-05-02 09:45:00,baseline,79.2,145.1501007080078,110.89495849609375
1,0.95,mondrian,2025-05-02 11:24:00,baseline,102.08,137.8968963623047,103.64175415039062
1,0.95,mondrian,2025-05-02 13:03:00,baseline,102.96,147.32196807861328,113.06682586669922
1,0.95,mondrian,2025-05-02 14:41:00,baseline,113.52,170.4356231689453,136.18048095703125
1,0.95,mondrian,2025-05-02 16:20:00,baseline,151.36,185.3531036376953,151.09796142578125
1,0.95,mondrian,2025-05-02 17:59:00,baseline,151.36,190.63400268554688,156.3788604736328
1,0.95,mondrian,2025-05-02 19:38:00,baseline,161.04,199.47267150878906,165.217529296875
1,0.95,mondrian,2025-05-02 21:17:00,baseline,161.92,211.24024963378906,176.985107421875
1,0.95,mondrian,2025-05-02 22:56:00,baseline,190.08,213.47073364257812,179.21559143066406
1,0.95,mondrian,2025-05-03 00:35:00,elevated_risk,196.24,223.8900909423828,189.63494873046875
1,0.95,mondrian,2025-05-03 02:14:00,elevated_risk,196.24,222.83572387695312,188.58058166503906
1,0.95,mondrian,2025-05-03 03:53:00,elevated_risk,195.36,195.0200958251953,160.76495361328125
1,0.95,mondrian,2025-05-03 05:32:00,elevated_risk,189.2,166.66339111328125,132.4082489013672
1,0.95,mondrian,2025-05-03 07:11:00,elevated_risk,188.32,166.32920837402344,132.07406616210938
1,0.95,mondrian,2025-05-03 08:50:00,elevated_risk,55.44,155.43058013916016,121.1754379272461
1,0.95,mondrian,2025-05-03 10:28:00,elevated_risk,58.08,106.40851593017578,72.15337371826172
1,0.95,mondrian,2025-05-03 12:07:00,elevated_risk,91.52,136.5911636352539,102.33602142333984
1,0.95,mondrian,2025-05-03 13:46:00,elevated_risk,100.32,144.13780975341797,109.8826675415039
1,0.95,mondrian,2025-05-03 15:25:00,elevated_risk,118.8,156.04306030273438,121.78791809082031
1,0.95,mondrian,2025-05-03 17:04:00,elevated_risk,135.52,179.91709899902344,145.66195678710938
1,0.95,mondrian,2025-05-03 18:43:00,elevated_risk,147.84,195.3321990966797,161.07705688476562
1,0.95,mondrian,2025-05-03 20:22:00,elevated_risk,150.48,199.3332977294922,165.07815551757812
1,0.95,mondrian,2025-05-03 22:01:00,elevated_risk,152.24,202.538818359375,168.28367614746094
1,0.95,mondrian,2025-05-03 23:40:00,elevated_risk,169.84,207.57347106933594,173.31832885742188
1,0.95,mondrian,2025-05-04 01:19:00,baseline,190.96,220.9730224609375,186.71788024902344
1,0.95,mondrian,2025-05-04 02:58:00,baseline,192.72,226.5680694580078,192.31292724609375
1,0.95,mondrian,2025-05-04 04:37:00,baseline,190.96,180.8185577392578,146.56341552734375
1,0.95,mondrian,2025-05-04 06:16:00,baseline,178.64,166.273681640625,132.01853942871094
1,0.95,mondrian,2025-05-04 07:54:00,baseline,54.56,173.8292694091797,139.57412719726562
1,0.95,mondrian,2025-05-04 09:33:00,baseline,58.08,104.63888549804688,70.38374328613281
1,0.95,mondrian,2025-05-04 11:12:00,baseline,92.4,130.45537567138672,96.20023345947266
1,0.95,mondrian,2025-05-04 12:51:00,baseline,93.28,140.21755981445312,105.96241760253906
1,0.95,mondrian,2025-05-04 14:30:00,baseline,95.04,152.33296966552734,118.07782745361328
1,0.95,mondrian,2025-05-04 16:09:00,baseline,119.68,162.585205078125,128.33006286621094
1,0.95,mondrian,2025-05-04 17:48:00,baseline,135.52,180.5112762451172,146.25613403320312
1,0.95,mondrian,2025-05-04 19:27:00,baseline,137.28,196.71278381347656,162.4576416015625
1,0.95,mondrian,2025-05-04 21:06:00,baseline,144.32,202.85867309570312,168.60353088378906
1,0.95,mondrian,2025-05-04 22:45:00,baseline,146.08,203.89564514160156,169.6405029296875
1,0.95,mondrian,2025-05-05 00:24:00,baseline,187.44,200.46859741210938,166.2134552001953
1,0.95,mondrian,2025-05-05 02:03:00,baseline,190.08,223.79437255859375,189.5392303466797
1,0.95,mondrian,2025-05-05 03:41:00,baseline,190.08,201.9590301513672,167.70388793945312
1,0.95,mondrian,2025-05-05 05:20:00,baseline,187.44,194.1050262451172,159.84988403320312
1,0.95,mondrian,2025-05-05 06:59:00,baseline,143.44,161.81404876708984,127.55890655517578
1,0.95,mondrian,2025-05-05 08:38:00,baseline,98.56,121.1904067993164,86.93526458740234
1,0.95,mondrian,2025-05-05 10:17:00,baseline,67.76,124.58661651611328,90.33147430419922
1,0.95,mondrian,2025-05-05 11:56:00,baseline,56.32,138.98821258544922,104.73307037353516
1,0.95,mondrian,2025-05-05 13:35:00,baseline,90.64,146.3589859008789,112.10384368896484
1,0.95,mondrian,2025-05-05 15:14:00,baseline,91.52,154.10924530029297,119.8541030883789
1,0.95,mondrian,2025-05-05 16:53:00,baseline,129.36,164.87237548828125,130.6172332763672
1,0.95,mondrian,2025-05-05 18:32:00,baseline,130.24,184.88587951660156,150.6307373046875
1,0.95,mondrian,2025-05-05 20:11:00,baseline,133.76,194.68252563476562,160.42738342285156
1,0.95,mondrian,2025-05-05 21:50:00,baseline,135.52,192.9000244140625,158.64488220214844
1,0.95,mondrian,2025-05-05 23:28:00,baseline,140.8,183.7559051513672,149.50076293945312
1,0.95,mondrian,2025-05-06 01:07:00,baseline,153.12,204.66664123535156,170.4114990234375
1,0.95,mondrian,2025-05-06 02:46:00,baseline,163.68,203.66864013671875,169.4134979248047
1,0.95,mondrian,2025-05-06 04:25:00,baseline,161.92,198.3465118408203,164.09136962890625
1,0.95,mondrian,2025-05-06 06:04:00,baseline,136.4,168.5328369140625,134.27769470214844
1,0.95,mondrian,2025-05-06 07:43:00,baseline,79.2,138.00943756103516,103.7542953491211
1,0.95,mondrian,2025-05-06 09:22:00,baseline,78.32,119.24034118652344,84.98519897460938
2,0.8,marginal,2025-05-06 11:01:00,baseline,79.2,118.2722671508789,105.0929183959961
2,0.8,marginal,2025-05-06 12:40:00,baseline,89.76,129.5938232421875,116.41447448730469
2,0.8,marginal,2025-05-06 14:19:00,baseline,90.64,108.60821990966797,95.42887115478516
2,0.8,marginal,2025-05-06 15:58:00,baseline,118.8,124.05727844238281,110.8779296875
2,0.8,marginal,2025-05-06 17:37:00,baseline,130.24,151.83277587890626,138.65342712402344
2,0.8,marginal,2025-05-06 19:16:00,baseline,132.0,165.99270324707032,152.8133544921875
2,0.8,marginal,2025-05-06 20:54:00,baseline,138.16,170.71368103027345,157.53433227539062
2,0.8,marginal,2025-05-06 22:33:00,baseline,140.8,171.81512145996095,158.63577270507812
2,0.8,marginal,2025-05-07 00:12:00,baseline,161.92,157.84331970214845,144.66397094726562
2,0.8,marginal,2025-05-07 01:51:00,baseline,166.32,172.3392303466797,159.15988159179688
2,0.8,marginal,2025-05-07 03:30:00,baseline,166.32,189.39498596191407,176.21563720703125
2,0.8,marginal,2025-05-07 05:09:00,baseline,149.6,151.1276062011719,137.94825744628906
2,0.8,marginal,2025-05-07 06:48:00,baseline,137.28,115.16957550048828,101.99022674560547
2,0.8,marginal,2025-05-07 08:27:00,baseline,72.16,111.77833251953125,98.59898376464844
2,0.8,marginal,2025-05-07 10:06:00,baseline,72.16,102.09573059082031,88.9163818359375
2,0.8,marginal,2025-05-07 11:45:00,baseline,73.92,120.9377944946289,107.7584457397461
2,0.8,marginal,2025-05-07 13:24:00,baseline,89.76,112.32035522460937,99.14100646972656
2,0.8,marginal,2025-05-07 15:03:00,baseline,91.52,120.59239654541015,107.41304779052734
2,0.8,marginal,2025-05-07 16:41:00,baseline,102.08,134.184033203125,121.00468444824219
2,0.8,marginal,2025-05-07 18:20:00,baseline,129.36,141.7611053466797,128.58175659179688
2,0.8,marginal,2025-05-07 19:59:00,baseline,130.24,175.4435241699219,162.26417541503906
2,0.8,marginal,2025-05-07 21:38:00,baseline,134.64,181.86422424316407,168.68487548828125
2,0.8,marginal,2025-05-07 23:17:00,baseline,133.76,178.31206970214845,165.13272094726562
2,0.8,marginal,2025-05-08 00:56:00,baseline,170.72,164.4650848388672,151.28573608398438
2,0.8,marginal,2025-05-08 02:35:00,baseline,174.24,188.91221313476564,175.7328643798828
2,0.8,marginal,2025-05-08 04:14:00,baseline,174.24,172.1601531982422,158.98080444335938
2,0.8,marginal,2025-05-08 05:53:00,baseline,168.96,129.6981170654297,116.51876831054688
2,0.8,marginal,2025-05-08 07:32:00,baseline,69.52,122.30222778320312,109.12287902832031
2,0.8,marginal,2025-05-08 09:11:00,baseline,63.36,100.45225982666015,87.27291107177734
2,0.8,marginal,2025-05-08 10:50:00,baseline,63.36,97.48201446533203,84.30266571044922
2,0.8,marginal,2025-05-08 12:28:00,baseline,96.8,114.5590103149414,101.3796615600586
2,0.8,marginal,2025-05-08 14:07:00,baseline,101.2,108.95314483642578,95.77379608154297
2,0.8,marginal,2025-05-08 15:46:00,baseline,118.8,128.155224609375,114.97587585449219
2,0.8,marginal,2025-05-08 17:25:00,baseline,136.4,161.35276489257814,148.1734161376953
2,0.8,marginal,2025-05-08 19:04:00,baseline,139.04,166.66518859863282,153.48583984375
2,0.8,marginal,2025-05-08 20:43:00,baseline,140.8,164.7517822265625,151.5724334716797
2,0.8,marginal,2025-05-08 22:22:00,baseline,142.56,174.2445037841797,161.06515502929688
2,0.8,marginal,2025-05-09 00:01:00,elevated_risk,161.04,160.24598388671876,147.06663513183594
2,0.8,marginal,2025-05-09 01:40:00,elevated_risk,171.6,190.4456756591797,177.26632690429688
2,0.8,marginal,2025-05-09 03:19:00,elevated_risk,171.6,183.77305297851564,170.5937042236328
2,0.8,marginal,2025-05-09 04:58:00,elevated_risk,170.72,162.984814453125,149.8054656982422
2,0.8,marginal,2025-05-09 06:37:00,elevated_risk,146.96,126.24220733642578,113.06285858154297
2,0.8,marginal,2025-05-09 08:16:00,elevated_risk,145.2,96.59609680175781,83.416748046875
2,0.8,marginal,2025-05-09 09:54:00,elevated_risk,60.72,114.45052032470703,101.27117156982422
2,0.8,marginal,2025-05-09 11:33:00,elevated_risk,60.72,102.28812866210937,89.10877990722656
2,0.8,marginal,2025-05-09 13:12:00,elevated_risk,88.88,122.39256744384765,109.21321868896484
2,0.8,marginal,2025-05-09 14:51:00,elevated_risk,100.32,115.49125366210937,102.31190490722656
2,0.8,marginal,2025-05-09 16:30:00,elevated_risk,119.68,129.0168655395508,115.83751678466797
2,0.8,marginal,2025-05-09 18:09:00,elevated_risk,142.56,164.37554626464845,151.19619750976562
2,0.8,marginal,2025-05-09 19:48:00,elevated_risk,124.08,178.0485046386719,164.86915588378906
2,0.8,marginal,2025-05-09 21:27:00,elevated_risk,144.32,175.8119323730469,162.63258361816406
2,0.8,marginal,2025-05-09 23:06:00,elevated_risk,164.56,177.16451721191407,163.98516845703125
2,0.8,marginal,2025-05-10 00:45:00,elevated_risk,165.44,170.940380859375,157.7610321044922
2,0.8,marginal,2025-05-10 02:24:00,elevated_risk,165.44,188.8597839355469,175.68043518066406
2,0.8,marginal,2025-05-10 04:03:00,elevated_risk,163.68,185.9840515136719,172.80470275878906
2,0.8,marginal,2025-05-10 05:41:00,elevated_risk,138.16,140.1725051879883,126.99315643310547
2,0.8,marginal,2025-05-10 07:20:00,elevated_risk,137.28,118.64816741943359,105.46881866455078
2,0.8,marginal,2025-05-10 08:59:00,elevated_risk,51.04,117.91943054199218,104.74008178710938
2,0.8,marginal,2025-05-10 10:38:00,elevated_risk,51.04,83.52264862060547,70.34329986572266
2,0.8,marginal,2025-05-10 12:17:00,elevated_risk,66.0,110.22733001708984,97.04798126220703
2,0.8,marginal,2025-05-10 13:56:00,elevated_risk,88.88,108.13817291259765,94.95882415771484
2,0.8,marginal,2025-05-10 15:35:00,elevated_risk,102.08,110.37975006103515,97.20040130615234
2,0.8,marginal,2025-05-10 17:14:00,elevated_risk,135.52,133.89986114501954,120.72051239013672
2,0.8,marginal,2025-05-10 18:53:00,elevated_risk,136.4,166.2496307373047,153.07028198242188
2,0.8,marginal,2025-05-10 20:32:00,elevated_risk,137.28,169.94683532714845,156.76748657226562
2,0.8,adaptive,2025-05-06 11:01:00,baseline,79.2,111.19857782548672,105.0929183959961
2,0.8,adaptive,2025-05-06 12:40:00,baseline,89.76,144.72268357647198,116.41447448730469
2,0.8,adaptive,2025-05-06 14:19:00,baseline,90.64,117.07483243909068,95.42887115478516
2,0.8,adaptive,2025-05-06 15:58:00,baseline,118.8,128.40810971266743,110.8779296875
2,0.8,adaptive,2025-05-06 17:37:00,baseline,130.24,145.03175306218318,138.65342712402344
2,0.8,adaptive,2025-05-06 19:16:00,baseline,132.0,159.29563363444967,152.8133544921875
2,0.8,adaptive,2025-05-06 20:54:00,baseline,138.16,167.7405099584206,157.53433227539062
2,0.8,adaptive,2025-05-06 22:33:00,baseline,140.8,165.36727733472628,158.63577270507812
2,0.8,adaptive,2025-05-07 00:12:00,baseline,161.92,150.7348748888531,144.66397094726562
2,0.8,adaptive,2025-05-07 01:51:00,baseline,166.32,166.69617255360095,159.15988159179688
2,0.8,adaptive,2025-05-07 03:30:00,baseline,166.32,183.34173398137287,176.21563720703125
2,0.8,adaptive,2025-05-07 05:09:00,baseline,149.6,181.45385493673817,137.94825744628906
2,0.8,adaptive,2025-05-07 06:48:00,baseline,137.28,142.47776665414244,101.99022674560547
2,0.8,adaptive,2025-05-07 08:27:00,baseline,72.16,109.79723436245192,98.59898376464844
2,0.8,adaptive,2025-05-07 10:06:00,baseline,72.16,109.74438426861161,88.9163818359375
2,0.8,adaptive,2025-05-07 11:45:00,baseline,73.92,122.76506556810945,107.7584457397461
2,0.8,adaptive,2025-05-07 13:24:00,baseline,89.76,126.75504361772323,99.14100646972656
2,0.8,adaptive,2025-05-07 15:03:00,baseline,91.52,127.66453233298465,107.41304779052734
2,0.8,adaptive,2025-05-07 16:41:00,baseline,102.08,133.45822549919652,121.00468444824219
2,0.8,adaptive,2025-05-07 18:20:00,baseline,129.36,135.70750229781248,128.58175659179688
2,0.8,adaptive,2025-05-07 19:59:00,baseline,130.24,165.27874150685196,162.26417541503906
2,0.8,adaptive,2025-05-07 21:38:00,baseline,134.64,171.10862312220294,168.68487548828125
2,0.8,adaptive,2025-05-07 23:17:00,baseline,133.76,173.25193403744368,165.13272094726562
2,0.8,adaptive,2025-05-08 00:56:00,baseline,170.72,159.18816715862997,151.28573608398438
2,0.8,adaptive,2025-05-08 02:35:00,baseline,174.24,177.13989127806363,175.7328643798828
2,0.8,adaptive,2025-05-08 04:14:00,baseline,174.24,162.48923102054653,158.98080444335938
2,0.8,adaptive,2025-05-08 05:53:00,baseline,168.96,147.191153616566,116.51876831054688
2,0.8,adaptive,2025-05-08 07:32:00,baseline,69.52,122.35805768411217,109.12287902832031
2,0.8,adaptive,2025-05-08 09:11:00,baseline,63.36,97.92736636184796,87.27291107177734
2,0.8,adaptive,2025-05-08 10:50:00,baseline,63.36,96.10070992014083,84.30266571044922
2,0.8,adaptive,2025-05-08 12:28:00,baseline,96.8,123.30239152508975,101.3796615600586
2,0.8,adaptive,2025-05-08 14:07:00,baseline,101.2,112.82394120290067,95.77379608154297
2,0.8,adaptive,2025-05-08 15:46:00,baseline,118.8,126.72942438082065,114.97587585449219
2,0.8,adaptive,2025-05-08 17:25:00,baseline,136.4,150.95444797274317,148.1734161376953
2,0.8,adaptive,2025-05-08 19:04:00,baseline,139.04,162.52116146148583,153.48583984375
2,0.8,adaptive,2025-05-08 20:43:00,baseline,140.8,159.24385483344534,151.5724334716797
2,0.8,adaptive,2025-05-08 22:22:00,baseline,142.56,164.5133304856088,161.06515502929688
2,0.8,adaptive,2025-05-09 00:01:00,elevated_risk,161.04,149.5655613009546,147.06663513183594
2,0.8,adaptive,2025-05-09 01:40:00,elevated_risk,171.6,178.98311849043634,177.26632690429688
2,0.8,adaptive,2025-05-09 03:19:00,elevated_risk,171.6,173.74397146823415,170.5937042236328
2,0.8,adaptive,2025-05-09 04:58:00,elevated_risk,170.72,179.6600093542965,149.8054656982422
2,0.8,adaptive,2025-05-09 06:37:00,elevated_risk,146.96,150.35673568419506,113.06285858154297
2,0.8,adaptive,2025-05-09 08:16:00,elevated_risk,145.2,86.45730897198413,83.416748046875
2,0.8,adaptive,2025-05-09 09:54:00,elevated_risk,60.72,108.85724191225442,101.27117156982422
2,0.8,adaptive,2025-05-09 11:33:00,elevated_risk,60.72,114.54296869013424,89.10877990722656
2,0.8,adaptive,2025-05-09 13:12:00,elevated_risk,88.88,123.48934356684887,109.21321868896484
2,0.8,adaptive,2025-05-09 14:51:00,elevated_risk,100.32,120.17450791013486,102.31190490722656
2,0.8,adaptive,2025-05-09 16:30:00,elevated_risk,119.68,131.31442464891416,115.83751678466797
2,0.8,adaptive,2025-05-09 18:09:00,elevated_risk,142.56,157.86362269463905,151.19619750976562
2,0.8,adaptive,2025-05-09 19:48:00,elevated_risk,124.08,168.67226004592868,164.86915588378906
2,0.8,adaptive,2025-05-09 21:27:00,elevated_risk,144.32,169.35571813796815,162.63258361816406
2,0.8,adaptive,2025-05-09 23:06:00,elevated_risk,164.56,166.08663176863948,163.98516845703125
2,0.8,adaptive,2025-05-10 00:45:00,elevated_risk,165.44,159.71396747847737,157.7610321044922
2,0.8,adaptive,2025-05-10 02:24:00,elevated_risk,165.44,180.3508224675721,175.68043518066406
2,0.8,adaptive,2025-05-10 04:03:00,elevated_risk,163.68,180.82601485913833,172.80470275878906
2,0.8,adaptive,2025-05-10 05:41:00,elevated_risk,138.16,186.73671065647716,126.99315643310547
2,0.8,adaptive,2025-05-10 07:20:00,elevated_risk,137.28,113.34532496589655,105.46881866455078
2,0.8,adaptive,2025-05-10 08:59:00,elevated_risk,51.04,106.80421332619113,104.74008178710938
2,0.8,adaptive,2025-05-10 10:38:00,elevated_risk,51.04,98.67663660633606,70.34329986572266
2,0.8,adaptive,2025-05-10 12:17:00,elevated_risk,66.0,112.19642848129587,97.04798126220703
2,0.8,adaptive,2025-05-10 13:56:00,elevated_risk,88.88,113.53889481870672,94.95882415771484
2,0.8,adaptive,2025-05-10 15:35:00,elevated_risk,102.08,113.96762269268686,97.20040130615234
2,0.8,adaptive,2025-05-10 17:14:00,elevated_risk,135.52,131.72772709857904,120.72051239013672
2,0.8,adaptive,2025-05-10 18:53:00,elevated_risk,136.4,156.9229401748393,153.07028198242188
2,0.8,adaptive,2025-05-10 20:32:00,elevated_risk,137.28,163.215483734386,156.76748657226562
2,0.8,mondrian,2025-05-06 11:01:00,baseline,79.2,117.98982391357421,105.0929183959961
2,0.8,mondrian,2025-05-06 12:40:00,baseline,89.76,129.3113800048828,116.41447448730469
2,0.8,mondrian,2025-05-06 14:19:00,baseline,90.64,108.32577667236328,95.42887115478516
2,0.8,mondrian,2025-05-06 15:58:00,baseline,118.8,123.77483520507812,110.8779296875
2,0.8,mondrian,2025-05-06 17:37:00,baseline,130.24,151.55033264160156,138.65342712402344
2,0.8,mondrian,2025-05-06 19:16:00,baseline,132.0,165.71026000976562,152.8133544921875
2,0.8,mondrian,2025-05-06 20:54:00,baseline,138.16,170.43123779296874,157.53433227539062
2,0.8,mondrian,2025-05-06 22:33:00,baseline,140.8,171.53267822265624,158.63577270507812
2,0.8,mondrian,2025-05-07 00:12:00,baseline,161.92,157.56087646484374,144.66397094726562
2,0.8,mondrian,2025-05-07 01:51:00,baseline,166.32,172.056787109375,159.15988159179688
2,0.8,mondrian,2025-05-07 03:30:00,baseline,166.32,189.11254272460937,176.21563720703125
2,0.8,mondrian,2025-05-07 05:09:00,baseline,149.6,150.84516296386718,137.94825744628906
2,0.8,mondrian,2025-05-07 06:48:00,baseline,137.28,114.88713226318359,101.99022674560547
2,0.8,mondrian,2025-05-07 08:27:00,baseline,72.16,111.49588928222656,98.59898376464844
2,0.8,mondrian,2025-05-07 10:06:00,baseline,72.16,101.81328735351562,88.9163818359375
2,0.8,mondrian,2025-05-07 11:45:00,baseline,73.92,120.65535125732421,107.7584457397461
2,0.8,mondrian,2025-05-07 13:24:00,baseline,89.76,112.03791198730468,99.14100646972656
2,0.8,mondrian,2025-05-07 15:03:00,baseline,91.52,120.30995330810546,107.41304779052734
2,0.8,mondrian,2025-05-07 16:41:00,baseline,102.08,133.9015899658203,121.00468444824219
2,0.8,mondrian,2025-05-07 18:20:00,baseline,129.36,141.478662109375,128.58175659179688
2,0.8,mondrian,2025-05-07 19:59:00,baseline,130.24,175.16108093261718,162.26417541503906
2,0.8,mondrian,2025-05-07 21:38:00,baseline,134.64,181.58178100585937,168.68487548828125
2,0.8,mondrian,2025-05-07 23:17:00,baseline,133.76,178.02962646484374,165.13272094726562
2,0.8,mondrian,2025-05-08 00:56:00,baseline,170.72,164.1826416015625,151.28573608398438
2,0.8,mondrian,2025-05-08 02:35:00,baseline,174.24,188.62976989746093,175.7328643798828
2,0.8,mondrian,2025-05-08 04:14:00,baseline,174.24,171.8777099609375,158.98080444335938
2,0.8,mondrian,2025-05-08 05:53:00,baseline,168.96,129.415673828125,116.51876831054688
2,0.8,mondrian,2025-05-08 07:32:00,baseline,69.52,122.01978454589843,109.12287902832031
2,0.8,mondrian,2025-05-08 09:11:00,baseline,63.36,100.16981658935546,87.27291107177734
2,0.8,mondrian,2025-05-08 10:50:00,baseline,63.36,97.19957122802734,84.30266571044922
2,0.8,mondrian,2025-05-08 12:28:00,baseline,96.8,114.27656707763671,101.3796615600586
2,0.8,mondrian,2025-05-08 14:07:00,baseline,101.2,108.67070159912109,95.77379608154297
2,0.8,mondrian,2025-05-08 15:46:00,baseline,118.8,127.8727813720703,114.97587585449219
2,0.8,mondrian,2025-05-08 17:25:00,baseline,136.4,161.07032165527343,148.1734161376953
2,0.8,mondrian,2025-05-08 19:04:00,baseline,139.04,166.38274536132812,153.48583984375
2,0.8,mondrian,2025-05-08 20:43:00,baseline,140.8,164.4693389892578,151.5724334716797
2,0.8,mondrian,2025-05-08 22:22:00,baseline,142.56,173.962060546875,161.06515502929688
2,0.8,mondrian,2025-05-09 00:01:00,elevated_risk,161.04,160.24598388671876,147.06663513183594
2,0.8,mondrian,2025-05-09 01:40:00,elevated_risk,171.6,190.4456756591797,177.26632690429688
2,0.8,mondrian,2025-05-09 03:19:00,elevated_risk,171.6,183.77305297851564,170.5937042236328
2,0.8,mondrian,2025-05-09 04:58:00,elevated_risk,170.72,162.984814453125,149.8054656982422
2,0.8,mondrian,2025-05-09 06:37:00,elevated_risk,146.96,126.24220733642578,113.06285858154297
2,0.8,mondrian,2025-05-09 08:16:00,elevated_risk,145.2,96.59609680175781,83.416748046875
2,0.8,mondrian,2025-05-09 09:54:00,elevated_risk,60.72,114.45052032470703,101.27117156982422
2,0.8,mondrian,2025-05-09 11:33:00,elevated_risk,60.72,102.28812866210937,89.10877990722656
2,0.8,mondrian,2025-05-09 13:12:00,elevated_risk,88.88,122.39256744384765,109.21321868896484
2,0.8,mondrian,2025-05-09 14:51:00,elevated_risk,100.32,115.49125366210937,102.31190490722656
2,0.8,mondrian,2025-05-09 16:30:00,elevated_risk,119.68,129.0168655395508,115.83751678466797
2,0.8,mondrian,2025-05-09 18:09:00,elevated_risk,142.56,164.37554626464845,151.19619750976562
2,0.8,mondrian,2025-05-09 19:48:00,elevated_risk,124.08,178.0485046386719,164.86915588378906
2,0.8,mondrian,2025-05-09 21:27:00,elevated_risk,144.32,175.8119323730469,162.63258361816406
2,0.8,mondrian,2025-05-09 23:06:00,elevated_risk,164.56,177.16451721191407,163.98516845703125
2,0.8,mondrian,2025-05-10 00:45:00,elevated_risk,165.44,170.940380859375,157.7610321044922
2,0.8,mondrian,2025-05-10 02:24:00,elevated_risk,165.44,188.8597839355469,175.68043518066406
2,0.8,mondrian,2025-05-10 04:03:00,elevated_risk,163.68,185.9840515136719,172.80470275878906
2,0.8,mondrian,2025-05-10 05:41:00,elevated_risk,138.16,140.1725051879883,126.99315643310547
2,0.8,mondrian,2025-05-10 07:20:00,elevated_risk,137.28,118.64816741943359,105.46881866455078
2,0.8,mondrian,2025-05-10 08:59:00,elevated_risk,51.04,117.91943054199218,104.74008178710938
2,0.8,mondrian,2025-05-10 10:38:00,elevated_risk,51.04,83.52264862060547,70.34329986572266
2,0.8,mondrian,2025-05-10 12:17:00,elevated_risk,66.0,110.22733001708984,97.04798126220703
2,0.8,mondrian,2025-05-10 13:56:00,elevated_risk,88.88,108.13817291259765,94.95882415771484
2,0.8,mondrian,2025-05-10 15:35:00,elevated_risk,102.08,110.37975006103515,97.20040130615234
2,0.8,mondrian,2025-05-10 17:14:00,elevated_risk,135.52,133.89986114501954,120.72051239013672
2,0.8,mondrian,2025-05-10 18:53:00,elevated_risk,136.4,166.2496307373047,153.07028198242188
2,0.8,mondrian,2025-05-10 20:32:00,elevated_risk,137.28,169.94683532714845,156.76748657226562
2,0.9,marginal,2025-05-06 11:01:00,baseline,79.2,127.90276153564454,105.0929183959961
2,0.9,marginal,2025-05-06 12:40:00,baseline,89.76,139.22431762695314,116.41447448730469
2,0.9,marginal,2025-05-06 14:19:00,baseline,90.64,118.2387142944336,95.42887115478516
2,0.9,marginal,2025-05-06 15:58:00,baseline,118.8,133.68777282714845,110.8779296875
2,0.9,marginal,2025-05-06 17:37:00,baseline,130.24,161.4632702636719,138.65342712402344
2,0.9,marginal,2025-05-06 19:16:00,baseline,132.0,175.62319763183595,152.8133544921875
2,0.9,marginal,2025-05-06 20:54:00,baseline,138.16,180.34417541503908,157.53433227539062
2,0.9,marginal,2025-05-06 22:33:00,baseline,140.8,181.44561584472658,158.63577270507812
2,0.9,marginal,2025-05-07 00:12:00,baseline,161.92,167.47381408691408,144.66397094726562
2,0.9,marginal,2025-05-07 01:51:00,baseline,166.32,181.96972473144533,159.15988159179688
2,0.9,marginal,2025-05-07 03:30:00,baseline,166.32,199.0254803466797,176.21563720703125
2,0.9,marginal,2025-05-07 05:09:00,baseline,149.6,160.7581005859375,137.94825744628906
2,0.9,marginal,2025-05-07 06:48:00,baseline,137.28,124.80006988525392,101.99022674560547
2,0.9,marginal,2025-05-07 08:27:00,baseline,72.16,121.40882690429689,98.59898376464844
2,0.9,marginal,2025-05-07 10:06:00,baseline,72.16,111.72622497558595,88.9163818359375
2,0.9,marginal,2025-05-07 11:45:00,baseline,73.92,130.56828887939454,107.7584457397461
2,0.9,marginal,2025-05-07 13:24:00,baseline,89.76,121.95084960937501,99.14100646972656
2,0.9,marginal,2025-05-07 15:03:00,baseline,91.52,130.2228909301758,107.41304779052734
2,0.9,marginal,2025-05-07 16:41:00,baseline,102.08,143.81452758789064,121.00468444824219
2,0.9,marginal,2025-05-07 18:20:00,baseline,129.36,151.39159973144533,128.58175659179688
2,0.9,marginal,2025-05-07 19:59:00,baseline,130.24,185.0740185546875,162.26417541503906
2,0.9,marginal,2025-05-07 21:38:00,baseline,134.64,191.4947186279297,168.68487548828125
2,0.9,marginal,2025-05-07 23:17:00,baseline,133.76,187.94256408691408,165.13272094726562
2,0.9,marginal,2025-05-08 00:56:00,baseline,170.72,174.09557922363283,151.28573608398438
2,0.9,marginal,2025-05-08 02:35:00,baseline,174.24,198.54270751953126,175.7328643798828
2,0.9,marginal,2025-05-08 04:14:00,baseline,174.24,181.79064758300783,158.98080444335938
2,0.9,marginal,2025-05-08 05:53:00,baseline,168.96,139.32861145019533,116.51876831054688
2,0.9,marginal,2025-05-08 07:32:00,baseline,69.52,131.93272216796876,109.12287902832031
2,0.9,marginal,2025-05-08 09:11:00,baseline,63.36,110.0827542114258,87.27291107177734
2,0.9,marginal,2025-05-08 10:50:00,baseline,63.36,107.11250885009767,84.30266571044922
2,0.9,marginal,2025-05-08 12:28:00,baseline,96.8,124.18950469970704,101.3796615600586
2,0.9,marginal,2025-05-08 14:07:00,baseline,101.2,118.58363922119142,95.77379608154297
2,0.9,marginal,2025-05-08 15:46:00,baseline,118.8,137.78571899414064,114.97587585449219
2,0.9,marginal,2025-05-08 17:25:00,baseline,136.4,170.98325927734376,148.1734161376953
2,0.9,marginal,2025-05-08 19:04:00,baseline,139.04,176.29568298339845,153.48583984375
2,0.9,marginal,2025-05-08 20:43:00,baseline,140.8,174.38227661132814,151.5724334716797
2,0.9,marginal,2025-05-08 22:22:00,baseline,142.56,183.87499816894533,161.06515502929688
2,0.9,marginal,2025-05-09 00:01:00,elevated_risk,161.04,169.8764782714844,147.06663513183594
2,0.9,marginal,2025-05-09 01:40:00,elevated_risk,171.6,200.07617004394533,177.26632690429688
2,0.9,marginal,2025-05-09 03:19:00,elevated_risk,171.6,193.40354736328126,170.5937042236328
2,0.9,marginal,2025-05-09 04:58:00,elevated_risk,170.72,172.61530883789064,149.8054656982422
2,0.9,marginal,2025-05-09 06:37:00,elevated_risk,146.96,135.87270172119142,113.06285858154297
2,0.9,marginal,2025-05-09 08:16:00,elevated_risk,145.2,106.22659118652345,83.416748046875
2,0.9,marginal,2025-05-09 09:54:00,elevated_risk,60.72,124.08101470947267,101.27117156982422
2,0.9,marginal,2025-05-09 11:33:00,elevated_risk,60.72,111.91862304687501,89.10877990722656
2,0.9,marginal,2025-05-09 13:12:00,elevated_risk,88.88,132.0230618286133,109.21321868896484
2,0.9,marginal,2025-05-09 14:51:00,elevated_risk,100.32,125.12174804687501,102.31190490722656
2,0.9,marginal,2025-05-09 16:30:00,elevated_risk,119.68,138.64735992431642,115.83751678466797
2,0.9,marginal,2025-05-09 18:09:00,elevated_risk,142.56,174.00604064941408,151.19619750976562
2,0.9,marginal,2025-05-09 19:48:00,elevated_risk,124.08,187.6789990234375,164.86915588378906
2,0.9,marginal,2025-05-09 21:27:00,elevated_risk,144.32,185.4424267578125,162.63258361816406
2,0.9,marginal,2025-05-09 23:06:00,elevated_risk,164.56,186.7950115966797,163.98516845703125
2,0.9,marginal,2025-05-10 00:45:00,elevated_risk,165.44,180.57087524414064,157.7610321044922
2,0.9,marginal,2025-05-10 02:24:00,elevated_risk,165.44,198.4902783203125,175.68043518066406
2,0.9,marginal,2025-05-10 04:03:00,elevated_risk,163.68,195.6145458984375,172.80470275878906
2,0.9,marginal,2025-05-10 05:41:00,elevated_risk,138.16,149.80299957275392,126.99315643310547
2,0.9,marginal,2025-05-10 07:20:00,elevated_risk,137.28,128.27866180419923,105.46881866455078
2,0.9,marginal,2025-05-10 08:59:00,elevated_risk,51.04,127.54992492675783,104.74008178710938
2,0.9,marginal,2025-05-10 10:38:00,elevated_risk,51.04,93.1531430053711,70.34329986572266
2,0.9,marginal,2025-05-10 12:17:00,elevated_risk,66.0,119.85782440185548,97.04798126220703
2,0.9,marginal,2025-05-10 13:56:00,elevated_risk,88.88,117.7686672973633,94.95882415771484
2,0.9,marginal,2025-05-10 15:35:00,elevated_risk,102.08,120.0102444458008,97.20040130615234
2,0.9,marginal,2025-05-10 17:14:00,elevated_risk,135.52,143.53035552978517,120.72051239013672
2,0.9,marginal,2025-05-10 18:53:00,elevated_risk,136.4,175.88012512207033,153.07028198242188
2,0.9,marginal,2025-05-10 20:32:00,elevated_risk,137.28,179.57732971191408,156.76748657226562
2,0.9,adaptive,2025-05-06 11:01:00,baseline,79.2,119.1204456002481,105.0929183959961
2,0.9,adaptive,2025-05-06 12:40:00,baseline,89.76,181.45154012905402,116.41447448730469
2,0.9,adaptive,2025-05-06 14:19:00,baseline,90.64,145.15966834127562,95.42887115478516
2,0.9,adaptive,2025-05-06 15:58:00,baseline,118.8,151.15287132783092,110.8779296875
2,0.9,adaptive,2025-05-06 17:37:00,baseline,130.24,153.3073955689333,138.65342712402344
2,0.9,adaptive,2025-05-06 19:16:00,baseline,132.0,167.70615158703367,152.8133544921875
2,0.9,adaptive,2025-05-06 20:54:00,baseline,138.16,180.98264883373434,157.53433227539062
2,0.9,adaptive,2025-05-06 22:33:00,baseline,140.8,174.10115615929666,158.63577270507812
2,0.9,adaptive,2025-05-07 00:12:00,baseline,161.92,158.61164870074356,144.66397094726562
2,0.9,adaptive,2025-05-07 01:51:00,baseline,166.32,176.47423194276044,159.15988159179688
2,0.9,adaptive,2025-05-07 03:30:00,baseline,166.32,192.58758155089535,176.21563720703125
2,0.9,adaptive,2025-05-07 05:09:00,baseline,149.6,237.90076206632244,137.94825744628906
2,0.9,adaptive,2025-05-07 06:48:00,baseline,137.28,195.00885545539938,101.99022674560547
2,0.9,adaptive,2025-05-07 08:27:00,baseline,72.16,124.32655123131674,98.59898376464844
2,0.9,adaptive,2025-05-07 10:06:00,baseline,72.16,136.76794874833197,88.9163818359375
2,0.9,adaptive,2025-05-07 11:45:00,baseline,73.92,142.23560096224043,107.7584457397461
2,0.9,adaptive,2025-05-07 13:24:00,baseline,89.76,162.58323769569333,99.14100646972656
2,0.9,adaptive,2025-05-07 15:03:00,baseline,91.52,153.94008612707412,107.41304779052734
2,0.9,adaptive,2025-05-07 16:41:00,baseline,102.08,149.61623540337055,121.00468444824219
2,0.9,adaptive,2025-05-07 18:20:00,baseline,129.36,144.95289436913845,128.58175659179688
2,0.9,adaptive,2025-05-07 19:59:00,baseline,130.24,169.19002975563217,162.26417541503906
2,0.9,adaptive,2025-05-07 21:38:00,baseline,134.64,174.2533462265704,168.68487548828125
2,0.9,adaptive,2025-05-07 23:17:00,baseline,133.76,183.78631337488864,165.13272094726562
2,0.9,adaptive,2025-05-08 00:56:00,baseline,170.72,169.44127983146217,151.28573608398438
2,0.9,adaptive,2025-05-08 02:35:00,baseline,174.24,178.96545675082547,175.7328643798828
2,0.9,adaptive,2025-05-08 04:14:00,baseline,174.24,167.04128502272232,158.98080444335938
2,0.9,adaptive,2025-05-08 05:53:00,baseline,168.96,186.9874415584056,116.51876831054688
2,0.9,adaptive,2025-05-08 07:32:00,baseline,69.52,139.53021353350485,109.12287902832031
2,0.9,adaptive,2025-05-08 09:11:00,baseline,63.36,111.75112888819768,87.27291107177734
2,0.9,adaptive,2025-05-08 10:50:00,baseline,63.36,111.40823686449306,84.30266571044922
2,0.9,adaptive,2025-05-08 12:28:00,baseline,96.8,151.7463245761123,101.3796615600586
2,0.9,adaptive,2025-05-08 14:07:00,baseline,101.2,134.94587524650268,95.77379608154297
2,0.9,adaptive,2025-05-08 15:46:00,baseline,118.8,141.97921981816347,114.97587585449219
2,0.9,adaptive,2025-05-08 17:25:00,baseline,136.4,154.5627341421683,148.1734161376953
2,0.9,adaptive,2025-05-08 19:04:00,baseline,139.04,174.2441578036054,153.48583984375
2,0.9,adaptive,2025-05-08 20:43:00,baseline,140.8,169.19724092944273,151.5724334716797
2,0.9,adaptive,2025-05-08 22:22:00,baseline,142.56,168.9872108820723,161.06515502929688
2,0.9,adaptive,2025-05-09 00:01:00,elevated_risk,161.04,152.80782578020688,147.06663513183594
2,0.9,adaptive,2025-05-09 01:40:00,elevated_risk,171.6,181.21059221367256,177.26632690429688
2,0.9,adaptive,2025-05-09 03:19:00,elevated_risk,171.6,177.83132695458096,170.5937042236328
2,0.9,adaptive,2025-05-09 04:58:00,elevated_risk,170.72,218.39517793850857,149.8054656982422
2,0.9,adaptive,2025-05-09 06:37:00,elevated_risk,146.96,198.74416485989315,113.06285858154297
2,0.9,adaptive,2025-05-09 08:16:00,elevated_risk,145.2,90.40232455760291,83.416748046875
2,0.9,adaptive,2025-05-09 09:54:00,elevated_risk,60.72,118.6998882106223,101.27117156982422
2,0.9,adaptive,2025-05-09 11:33:00,elevated_risk,60.72,147.5428899637194,89.10877990722656
2,0.9,adaptive,2025-05-09 13:12:00,elevated_risk,88.88,142.01208872232402,109.21321868896484
2,0.9,adaptive,2025-05-09 14:51:00,elevated_risk,100.32,143.35057607054,102.31190490722656
2,0.9,adaptive,2025-05-09 16:30:00,elevated_risk,119.68,151.39514141318858,115.83751678466797
2,0.9,adaptive,2025-05-09 18:09:00,elevated_risk,142.56,166.51436080452535,151.19619750976562
2,0.9,adaptive,2025-05-09 19:48:00,elevated_risk,124.08,173.60664733923178,164.86915588378906
2,0.9,adaptive,2025-05-09 21:27:00,elevated_risk,144.32,178.0787370539225,162.63258361816406
2,0.9,adaptive,2025-05-09 23:06:00,elevated_risk,164.56,168.8132028590059,163.98516845703125
2,0.9,adaptive,2025-05-10 00:45:00,elevated_risk,165.44,162.24782905133873,157.7610321044922
2,0.9,adaptive,2025-05-10 02:24:00,elevated_risk,165.44,186.41047760737717,175.68043518066406
2,0.9,adaptive,2025-05-10 04:03:00,elevated_risk,163.68,191.23337127540694,172.80470275878906
2,0.9,adaptive,2025-05-10 05:41:00,elevated_risk,138.16,264.25176737023185,126.99315643310547
2,0.9,adaptive,2025-05-10 07:20:00,elevated_risk,137.28,123.56480120214994,105.46881866455078
2,0.9,adaptive,2025-05-10 08:59:00,elevated_risk,51.04,109.48234781946806,104.74008178710938
2,0.9,adaptive,2025-05-10 10:38:00,elevated_risk,51.04,135.4380953593103,70.34329986572266
2,0.9,adaptive,2025-05-10 12:17:00,elevated_risk,66.0,131.85097968062226,97.04798126220703
2,0.9,adaptive,2025-05-10 13:56:00,elevated_risk,88.88,137.64585078666846,94.95882415771484
2,0.9,adaptive,2025-05-10 15:35:00,elevated_risk,102.08,135.72247363191764,97.20040130615234
2,0.9,adaptive,2025-05-10 17:14:00,elevated_risk,135.52,146.00918195135375,120.72051239013672
2,0.9,adaptive,2025-05-10 18:53:00,elevated_risk,136.4,161.9216219935906,153.07028198242188
2,0.9,adaptive,2025-05-10 20:32:00,elevated_risk,137.28,171.5815220829441,156.76748657226562
2,0.9,mondrian,2025-05-06 11:01:00,baseline,79.2,127.23184875488282,105.0929183959961
2,0.9,mondrian,2025-05-06 12:40:00,baseline,89.76,138.55340484619143,116.41447448730469
2,0.9,mondrian,2025-05-06 14:19:00,baseline,90.64,117.56780151367188,95.42887115478516
2,0.9,mondrian,2025-05-06 15:58:00,baseline,118.8,133.01686004638674,110.8779296875
2,0.9,mondrian,2025-05-06 17:37:00,baseline,130.24,160.79235748291018,138.65342712402344
2,0.9,mondrian,2025-05-06 19:16:00,baseline,132.0,174.95228485107424,152.8133544921875
2,0.9,mondrian,2025-05-06 20:54:00,baseline,138.16,179.67326263427736,157.53433227539062
2,0.9,mondrian,2025-05-06 22:33:00,baseline,140.8,180.77470306396486,158.63577270507812
2,0.9,mondrian,2025-05-07 00:12:00,baseline,161.92,166.80290130615236,144.66397094726562
2,0.9,mondrian,2025-05-07 01:51:00,baseline,166.32,181.29881195068361,159.15988159179688
2,0.9,mondrian,2025-05-07 03:30:00,baseline,166.32,198.354567565918,176.21563720703125
2,0.9,mondrian,2025-05-07 05:09:00,baseline,149.6,160.0871878051758,137.94825744628906
2,0.9,mondrian,2025-05-07 06:48:00,baseline,137.28,124.1291571044922,101.99022674560547
2,0.9,mondrian,2025-05-07 08:27:00,baseline,72.16,120.73791412353516,98.59898376464844
2,0.9,mondrian,2025-05-07 10:06:00,baseline,72.16,111.05531219482423,88.9163818359375
2,0.9,mondrian,2025-05-07 11:45:00,baseline,73.92,129.89737609863283,107.7584457397461
2,0.9,mondrian,2025-05-07 13:24:00,baseline,89.76,121.27993682861329,99.14100646972656
2,0.9,mondrian,2025-05-07 15:03:00,baseline,91.52,129.55197814941408,107.41304779052734
2,0.9,mondrian,2025-05-07 16:41:00,baseline,102.08,143.14361480712893,121.00468444824219
2,0.9,mondrian,2025-05-07 18:20:00,baseline,129.36,150.72068695068361,128.58175659179688
2,0.9,mondrian,2025-05-07 19:59:00,baseline,130.24,184.4031057739258,162.26417541503906
2,0.9,mondrian,2025-05-07 21:38:00,baseline,134.64,190.823805847168,168.68487548828125
2,0.9,mondrian,2025-05-07 23:17:00,baseline,133.76,187.27165130615236,165.13272094726562
2,0.9,mondrian,2025-05-08 00:56:00,baseline,170.72,173.42466644287111,151.28573608398438
2,0.9,mondrian,2025-05-08 02:35:00,baseline,174.24,197.87179473876955,175.7328643798828
2,0.9,mondrian,2025-05-08 04:14:00,baseline,174.24,181.11973480224611,158.98080444335938
2,0.9,mondrian,2025-05-08 05:53:00,baseline,168.96,138.65769866943361,116.51876831054688
2,0.9,mondrian,2025-05-08 07:32:00,baseline,69.52,131.26180938720705,109.12287902832031
2,0.9,mondrian,2025-05-08 09:11:00,baseline,63.36,109.41184143066407,87.27291107177734
2,0.9,mondrian,2025-05-08 10:50:00,baseline,63.36,106.44159606933594,84.30266571044922
2,0.9,mondrian,2025-05-08 12:28:00,baseline,96.8,123.51859191894532,101.3796615600586
2,0.9,mondrian,2025-05-08 14:07:00,baseline,101.2,117.9127264404297,95.77379608154297
2,0.9,mondrian,2025-05-08 15:46:00,baseline,118.8,137.11480621337893,114.97587585449219
2,0.9,mondrian,2025-05-08 17:25:00,baseline,136.4,170.31234649658205,148.1734161376953
2,0.9,mondrian,2025-05-08 19:04:00,baseline,139.04,175.62477020263674,153.48583984375
2,0.9,mondrian,2025-05-08 20:43:00,baseline,140.8,173.71136383056643,151.5724334716797
2,0.9,mondrian,2025-05-08 22:22:00,baseline,142.56,183.20408538818361,161.06515502929688
2,0.9,mondrian,2025-05-09 00:01:00,elevated_risk,161.04,169.8764782714844,147.06663513183594
2,0.9,mondrian,2025-05-09 01:40:00,elevated_risk,171.6,200.07617004394533,177.26632690429688
2,0.9,mondrian,2025-05-09 03:19:00,elevated_risk,171.6,193.40354736328126,170.5937042236328
2,0.9,mondrian,2025-05-09 04:58:00,elevated_risk,170.72,172.61530883789064,149.8054656982422
2,0.9,mondrian,2025-05-09 06:37:00,elevated_risk,146.96,135.87270172119142,113.06285858154297
2,0.9,mondrian,2025-05-09 08:16:00,elevated_risk,145.2,106.22659118652345,83.416748046875
2,0.9,mondrian,2025-05-09 09:54:00,elevated_risk,60.72,124.08101470947267,101.27117156982422
2,0.9,mondrian,2025-05-09 11:33:00,elevated_risk,60.72,111.91862304687501,89.10877990722656
2,0.9,mondrian,2025-05-09 13:12:00,elevated_risk,88.88,132.0230618286133,109.21321868896484
2,0.9,mondrian,2025-05-09 14:51:00,elevated_risk,100.32,125.12174804687501,102.31190490722656
2,0.9,mondrian,2025-05-09 16:30:00,elevated_risk,119.68,138.64735992431642,115.83751678466797
2,0.9,mondrian,2025-05-09 18:09:00,elevated_risk,142.56,174.00604064941408,151.19619750976562
2,0.9,mondrian,2025-05-09 19:48:00,elevated_risk,124.08,187.6789990234375,164.86915588378906
2,0.9,mondrian,2025-05-09 21:27:00,elevated_risk,144.32,185.4424267578125,162.63258361816406
2,0.9,mondrian,2025-05-09 23:06:00,elevated_risk,164.56,186.7950115966797,163.98516845703125
2,0.9,mondrian,2025-05-10 00:45:00,elevated_risk,165.44,180.57087524414064,157.7610321044922
2,0.9,mondrian,2025-05-10 02:24:00,elevated_risk,165.44,198.4902783203125,175.68043518066406
2,0.9,mondrian,2025-05-10 04:03:00,elevated_risk,163.68,195.6145458984375,172.80470275878906
2,0.9,mondrian,2025-05-10 05:41:00,elevated_risk,138.16,149.80299957275392,126.99315643310547
2,0.9,mondrian,2025-05-10 07:20:00,elevated_risk,137.28,128.27866180419923,105.46881866455078
2,0.9,mondrian,2025-05-10 08:59:00,elevated_risk,51.04,127.54992492675783,104.74008178710938
2,0.9,mondrian,2025-05-10 10:38:00,elevated_risk,51.04,93.1531430053711,70.34329986572266
2,0.9,mondrian,2025-05-10 12:17:00,elevated_risk,66.0,119.85782440185548,97.04798126220703
2,0.9,mondrian,2025-05-10 13:56:00,elevated_risk,88.88,117.7686672973633,94.95882415771484
2,0.9,mondrian,2025-05-10 15:35:00,elevated_risk,102.08,120.0102444458008,97.20040130615234
2,0.9,mondrian,2025-05-10 17:14:00,elevated_risk,135.52,143.53035552978517,120.72051239013672
2,0.9,mondrian,2025-05-10 18:53:00,elevated_risk,136.4,175.88012512207033,153.07028198242188
2,0.9,mondrian,2025-05-10 20:32:00,elevated_risk,137.28,179.57732971191408,156.76748657226562
2,0.95,marginal,2025-05-06 11:01:00,baseline,79.2,147.46361877441404,105.0929183959961
2,0.95,marginal,2025-05-06 12:40:00,baseline,89.76,158.78517486572264,116.41447448730469
2,0.95,marginal,2025-05-06 14:19:00,baseline,90.64,137.7995715332031,95.42887115478516
2,0.95,marginal,2025-05-06 15:58:00,baseline,118.8,153.24863006591795,110.8779296875
2,0.95,marginal,2025-05-06 17:37:00,baseline,130.24,181.0241275024414,138.65342712402344
2,0.95,marginal,2025-05-06 19:16:00,baseline,132.0,195.18405487060545,152.8133544921875
2,0.95,marginal,2025-05-06 20:54:00,baseline,138.16,199.90503265380858,157.53433227539062
2,0.95,marginal,2025-05-06 22:33:00,baseline,140.8,201.00647308349608,158.63577270507812
2,0.95,marginal,2025-05-07 00:12:00,baseline,161.92,187.03467132568358,144.66397094726562
2,0.95,marginal,2025-05-07 01:51:00,baseline,166.32,201.53058197021483,159.15988159179688
2,0.95,marginal,2025-05-07 03:30:00,baseline,166.32,218.5863375854492,176.21563720703125
2,0.95,marginal,2025-05-07 05:09:00,baseline,149.6,180.318957824707,137.94825744628906
2,0.95,marginal,2025-05-07 06:48:00,baseline,137.28,144.36092712402342,101.99022674560547
2,0.95,marginal,2025-05-07 08:27:00,baseline,72.16,140.9696841430664,98.59898376464844
2,0.95,marginal,2025-05-07 10:06:00,baseline,72.16,131.28708221435545,88.9163818359375
2,0.95,marginal,2025-05-07 11:45:00,baseline,73.92,150.12914611816404,107.7584457397461
2,0.95,marginal,2025-05-07 13:24:00,baseline,89.76,141.5117068481445,99.14100646972656
2,0.95,marginal,2025-05-07 15:03:00,baseline,91.52,149.7837481689453,107.41304779052734
2,0.95,marginal,2025-05-07 16:41:00,baseline,102.08,163.37538482666014,121.00468444824219
2,0.95,marginal,2025-05-07 18:20:00,baseline,129.36,170.95245697021483,128.58175659179688
2,0.95,marginal,2025-05-07 19:59:00,baseline,130.24,204.634875793457,162.26417541503906
2,0.95,marginal,2025-05-07 21:38:00,baseline,134.64,211.0555758666992,168.68487548828125
2,0.95,marginal,2025-05-07 23:17:00,baseline,133.76,207.50342132568358,165.13272094726562
2,0.95,marginal,2025-05-08 00:56:00,baseline,170.72,193.65643646240233,151.28573608398438
2,0.95,marginal,2025-05-08 02:35:00,baseline,174.24,218.10356475830076,175.7328643798828
2,0.95,marginal,2025-05-08 04:14:00,baseline,174.24,201.35150482177733,158.98080444335938
2,0.95,marginal,2025-05-08 05:53:00,baseline,168.96,158.88946868896483,116.51876831054688
2,0.95,marginal,2025-05-08 07:32:00,baseline,69.52,151.49357940673826,109.12287902832031
2,0.95,marginal,2025-05-08 09:11:00,baseline,63.36,129.6436114501953,87.27291107177734
2,0.95,marginal,2025-05-08 10:50:00,baseline,63.36,126.67336608886718,84.30266571044922
2,0.95,marginal,2025-05-08 12:28:00,baseline,96.8,143.75036193847654,101.3796615600586
2,0.95,marginal,2025-05-08 14:07:00,baseline,101.2,138.14449645996092,95.77379608154297
2,0.95,marginal,2025-05-08 15:46:00,baseline,118.8,157.34657623291014,114.97587585449219
2,0.95,marginal,2025-05-08 17:25:00,baseline,136.4,190.54411651611326,148.1734161376953
2,0.95,marginal,2025-05-08 19:04:00,baseline,139.04,195.85654022216795,153.48583984375
2,0.95,marginal,2025-05-08 20:43:00,baseline,140.8,193.94313385009764,151.5724334716797
2,0.95,marginal,2025-05-08 22:22:00,baseline,142.56,203.43585540771483,161.06515502929688
2,0.95,marginal,2025-05-09 00:01:00,elevated_risk,161.04,189.4373355102539,147.06663513183594
2,0.95,marginal,2025-05-09 01:40:00,elevated_risk,171.6,219.63702728271483,177.26632690429688
2,0.95,marginal,2025-05-09 03:19:00,elevated_risk,171.6,212.96440460205076,170.5937042236328
2,0.95,marginal,2025-05-09 04:58:00,elevated_risk,170.72,192.17616607666014,149.8054656982422
2,0.95,marginal,2025-05-09 06:37:00,elevated_risk,146.96,155.43355895996092,113.06285858154297
2,0.95,marginal,2025-05-09 08:16:00,elevated_risk,145.2,125.78744842529296,83.416748046875
2,0.95,marginal,2025-05-09 09:54:00,elevated_risk,60.72,143.64187194824217,101.27117156982422
2,0.95,marginal,2025-05-09 11:33:00,elevated_risk,60.72,131.4794802856445,89.10877990722656
2,0.95,marginal,2025-05-09 13:12:00,elevated_risk,88.88,151.5839190673828,109.21321868896484
2,0.95,marginal,2025-05-09 14:51:00,elevated_risk,100.32,144.6826052856445,102.31190490722656
2,0.95,marginal,2025-05-09 16:30:00,elevated_risk,119.68,158.20821716308592,115.83751678466797
2,0.95,marginal,2025-05-09 18:09:00,elevated_risk,142.56,193.56689788818358,151.19619750976562
2,0.95,marginal,2025-05-09 19:48:00,elevated_risk,124.08,207.239856262207,164.86915588378906
2,0.95,marginal,2025-05-09 21:27:00,elevated_risk,144.32,205.003283996582,162.63258361816406
2,0.95,marginal,2025-05-09 23:06:00,elevated_risk,164.56,206.3558688354492,163.98516845703125
2,0.95,marginal,2025-05-10 00:45:00,elevated_risk,165.44,200.13173248291014,157.7610321044922
2,0.95,marginal,2025-05-10 02:24:00,elevated_risk,165.44,218.051135559082,175.68043518066406
2,0.95,marginal,2025-05-10 04:03:00,elevated_risk,163.68,215.175403137207,172.80470275878906
2,0.95,marginal,2025-05-10 05:41:00,elevated_risk,138.16,169.36385681152342,126.99315643310547
2,0.95,marginal,2025-05-10 07:20:00,elevated_risk,137.28,147.83951904296873,105.46881866455078
2,0.95,marginal,2025-05-10 08:59:00,elevated_risk,51.04,147.11078216552733,104.74008178710938
2,0.95,marginal,2025-05-10 10:38:00,elevated_risk,51.04,112.71400024414062,70.34329986572266
2,0.95,marginal,2025-05-10 12:17:00,elevated_risk,66.0,139.41868164062498,97.04798126220703
2,0.95,marginal,2025-05-10 13:56:00,elevated_risk,88.88,137.3295245361328,94.95882415771484
2,0.95,marginal,2025-05-10 15:35:00,elevated_risk,102.08,139.5711016845703,97.20040130615234
2,0.95,marginal,2025-05-10 17:14:00,elevated_risk,135.52,163.09121276855467,120.72051239013672
2,0.95,marginal,2025-05-10 18:53:00,elevated_risk,136.4,195.44098236083983,153.07028198242188
2,0.95,marginal,2025-05-10 20:32:00,elevated_risk,137.28,199.13818695068358,156.76748657226562
2,0.95,adaptive,2025-05-06 11:01:00,baseline,79.2,128.6301100733282,105.0929183959961
2,0.95,adaptive,2025-05-06 12:40:00,baseline,89.76,225.5420390146487,116.41447448730469
2,0.95,adaptive,2025-05-06 14:19:00,baseline,90.64,178.87360725126172,95.42887115478516
2,0.95,adaptive,2025-05-06 15:58:00,baseline,118.8,178.45641357698332,110.8779296875
2,0.95,adaptive,2025-05-06 17:37:00,baseline,130.24,163.24174259111942,138.65342712402344
2,0.95,adaptive,2025-05-06 19:16:00,baseline,132.0,177.8024074256764,152.8133544921875
2,0.95,adaptive,2025-05-06 20:54:00,baseline,138.16,196.87893758666763,157.53433227539062
2,0.95,adaptive,2025-05-06 22:33:00,baseline,140.8,184.58558477281332,158.63577270507812
2,0.95,adaptive,2025-05-07 00:12:00,baseline,161.92,168.06718093268344,144.66397094726562
2,0.95,adaptive,2025-05-07 01:51:00,baseline,166.32,188.21212843795388,159.15988159179688
2,0.95,adaptive,2025-05-07 03:30:00,baseline,166.32,203.6865938867899,176.21563720703125
2,0.95,adaptive,2025-05-07 05:09:00,baseline,149.6,305.66144207358616,137.94825744628906
2,0.95,adaptive,2025-05-07 06:48:00,baseline,137.28,258.0688613920141,101.99022674560547
2,0.95,adaptive,2025-05-07 08:27:00,baseline,72.16,141.7680097830696,98.59898376464844
2,0.95,adaptive,2025-05-07 10:06:00,baseline,72.16,169.20790336200602,88.9163818359375
2,0.95,adaptive,2025-05-07 11:45:00,baseline,73.92,165.60865690989453,107.7584457397461
2,0.95,adaptive,2025-05-07 13:24:00,baseline,89.76,205.5925524236401,99.14100646972656
2,0.95,adaptive,2025-05-07 15:03:00,baseline,91.52,185.4821046927254,107.41304779052734
2,0.95,adaptive,2025-05-07 16:41:00,baseline,102.08,169.0128293771987,121.00468444824219
2,0.95,adaptive,2025-05-07 18:20:00,baseline,129.36,156.0513599103704,128.58175659179688
2,0.95,adaptive,2025-05-07 19:59:00,baseline,130.24,173.88526577331757,162.26417541503906
2,0.95,adaptive,2025-05-07 21:38:00,baseline,134.64,178.02837282806885,168.68487548828125
2,0.95,adaptive,2025-05-07 23:17:00,baseline,133.76,196.43212062383216,165.13272094726562
2,0.95,adaptive,2025-05-08 00:56:00,baseline,170.72,181.7494455438414,151.28573608398438
2,0.95,adaptive,2025-05-08 02:35:00,baseline,174.24,181.15692416901626,175.7328643798828
2,0.95,adaptive,2025-05-08 04:14:00,baseline,174.24,172.50571682780094,158.98080444335938
2,0.95,adaptive,2025-05-08 05:53:00,baseline,168.96,234.7601835885991,116.51876831054688
2,0.95,adaptive,2025-05-08 07:32:00,baseline,69.52,160.1442208674108,109.12287902832031
2,0.95,adaptive,2025-05-08 09:11:00,baseline,63.36,128.34561734961153,87.27291107177734
2,0.95,adaptive,2025-05-08 10:50:00,baseline,63.36,129.7838837816505,84.30266571044922
2,0.95,adaptive,2025-05-08 12:28:00,baseline,96.8,185.8913352353095,101.3796615600586
2,0.95,adaptive,2025-05-08 14:07:00,baseline,101.2,161.5017552777874,95.77379608154297
2,0.95,adaptive,2025-05-08 15:46:00,baseline,118.8,160.28556398036537,114.97587585449219
2,0.95,adaptive,2025-05-08 17:25:00,baseline,136.4,158.8942367334397,148.1734161376953
2,0.95,adaptive,2025-05-08 19:04:00,baseline,139.04,188.3168190752157,153.48583984375
2,0.95,adaptive,2025-05-08 20:43:00,baseline,140.8,181.14560523382002,151.5724334716797
2,0.95,adaptive,2025-05-08 22:22:00,baseline,142.56,174.35780058045188,161.06515502929688
2,0.95,adaptive,2025-05-09 00:01:00,elevated_risk,161.04,156.69994418047943,147.06663513183594
2,0.95,adaptive,2025-05-09 01:40:00,elevated_risk,171.6,183.8845232022792,177.26632690429688
2,0.95,adaptive,2025-05-09 03:19:00,elevated_risk,171.6,182.73791973831777,170.5937042236328
2,0.95,adaptive,2025-05-09 04:58:00,elevated_risk,170.72,264.89411821590363,149.8054656982422
2,0.95,adaptive,2025-05-09 06:37:00,elevated_risk,146.96,256.8299887159567,113.06285858154297
2,0.95,adaptive,2025-05-09 08:16:00,elevated_risk,145.2,95.13804795352087,83.416748046875
2,0.95,adaptive,2025-05-09 09:54:00,elevated_risk,60.72,130.51531690571963,101.27117156982422
2,0.95,adaptive,2025-05-09 11:33:00,elevated_risk,60.72,187.1570551924878,89.10877990722656
2,0.95,adaptive,2025-05-09 13:12:00,elevated_risk,88.88,164.24738683095023,109.21321868896484
2,0.95,adaptive,2025-05-09 14:51:00,elevated_risk,100.32,171.1718725472192,102.31190490722656
2,0.95,adaptive,2025-05-09 16:30:00,elevated_risk,119.68,175.50067867241864,115.83751678466797
2,0.95,adaptive,2025-05-09 18:09:00,elevated_risk,142.56,176.89898463422364,151.19619750976562
2,0.95,adaptive,2025-05-09 19:48:00,elevated_risk,124.08,179.53004430491208,164.86915588378906
2,0.95,adaptive,2025-05-09 21:27:00,elevated_risk,144.32,188.55012908439042,162.63258361816406
2,0.95,adaptive,2025-05-09 23:06:00,elevated_risk,164.56,172.08626635471242,163.98516845703125
2,0.95,adaptive,2025-05-10 00:45:00,elevated_risk,165.44,165.28955785371934,157.7610321044922
2,0.95,adaptive,2025-05-10 02:24:00,elevated_risk,165.44,193.68468223191184,175.68043518066406
2,0.95,adaptive,2025-05-10 04:03:00,elevated_risk,163.68,203.7266961306622,172.80470275878906
2,0.95,adaptive,2025-05-10 05:41:00,elevated_risk,138.16,357.303330703323,126.99315643310547
2,0.95,adaptive,2025-05-10 07:20:00,elevated_risk,137.28,135.83258865588746,105.46881866455078
2,0.95,adaptive,2025-05-10 08:59:00,elevated_risk,51.04,112.6972664685758,104.74008178710938
2,0.95,adaptive,2025-05-10 10:38:00,elevated_risk,51.04,179.5677309732156,70.34329986572266
2,0.95,adaptive,2025-05-10 12:17:00,elevated_risk,66.0,155.4449341101631,97.04798126220703
2,0.95,adaptive,2025-05-10 13:56:00,elevated_risk,88.88,166.58461488129353,94.95882415771484
2,0.95,adaptive,2025-05-10 15:35:00,elevated_risk,102.08,161.83769531651438,97.20040130615234
2,0.95,adaptive,2025-05-10 17:14:00,elevated_risk,135.52,163.15309897935794,120.72051239013672
2,0.95,adaptive,2025-05-10 18:53:00,elevated_risk,136.4,167.92220017231972,153.07028198242188
2,0.95,adaptive,2025-05-10 20:32:00,elevated_risk,137.28,181.62438317653329,156.76748657226562
2,0.95,mondrian,2025-05-06 11:01:00,baseline,79.2,147.46361877441404,105.0929183959961
2,0.95,mondrian,2025-05-06 12:40:00,baseline,89.76,158.78517486572264,116.41447448730469
2,0.95,mondrian,2025-05-06 14:19:00,baseline,90.64,137.7995715332031,95.42887115478516
2,0.95,mondrian,2025-05-06 15:58:00,baseline,118.8,153.24863006591795,110.8779296875
2,0.95,mondrian,2025-05-06 17:37:00,baseline,130.24,181.0241275024414,138.65342712402344
2,0.95,mondrian,2025-05-06 19:16:00,baseline,132.0,195.18405487060545,152.8133544921875
2,0.95,mondrian,2025-05-06 20:54:00,baseline,138.16,199.90503265380858,157.53433227539062
2,0.95,mondrian,2025-05-06 22:33:00,baseline,140.8,201.00647308349608,158.63577270507812
2,0.95,mondrian,2025-05-07 00:12:00,baseline,161.92,187.03467132568358,144.66397094726562
2,0.95,mondrian,2025-05-07 01:51:00,baseline,166.32,201.53058197021483,159.15988159179688
2,0.95,mondrian,2025-05-07 03:30:00,baseline,166.32,218.5863375854492,176.21563720703125
2,0.95,mondrian,2025-05-07 05:09:00,baseline,149.6,180.318957824707,137.94825744628906
2,0.95,mondrian,2025-05-07 06:48:00,baseline,137.28,144.36092712402342,101.99022674560547
2,0.95,mondrian,2025-05-07 08:27:00,baseline,72.16,140.9696841430664,98.59898376464844
2,0.95,mondrian,2025-05-07 10:06:00,baseline,72.16,131.28708221435545,88.9163818359375
2,0.95,mondrian,2025-05-07 11:45:00,baseline,73.92,150.12914611816404,107.7584457397461
2,0.95,mondrian,2025-05-07 13:24:00,baseline,89.76,141.5117068481445,99.14100646972656
2,0.95,mondrian,2025-05-07 15:03:00,baseline,91.52,149.7837481689453,107.41304779052734
2,0.95,mondrian,2025-05-07 16:41:00,baseline,102.08,163.37538482666014,121.00468444824219
2,0.95,mondrian,2025-05-07 18:20:00,baseline,129.36,170.95245697021483,128.58175659179688
2,0.95,mondrian,2025-05-07 19:59:00,baseline,130.24,204.634875793457,162.26417541503906
2,0.95,mondrian,2025-05-07 21:38:00,baseline,134.64,211.0555758666992,168.68487548828125
2,0.95,mondrian,2025-05-07 23:17:00,baseline,133.76,207.50342132568358,165.13272094726562
2,0.95,mondrian,2025-05-08 00:56:00,baseline,170.72,193.65643646240233,151.28573608398438
2,0.95,mondrian,2025-05-08 02:35:00,baseline,174.24,218.10356475830076,175.7328643798828
2,0.95,mondrian,2025-05-08 04:14:00,baseline,174.24,201.35150482177733,158.98080444335938
2,0.95,mondrian,2025-05-08 05:53:00,baseline,168.96,158.88946868896483,116.51876831054688
2,0.95,mondrian,2025-05-08 07:32:00,baseline,69.52,151.49357940673826,109.12287902832031
2,0.95,mondrian,2025-05-08 09:11:00,baseline,63.36,129.6436114501953,87.27291107177734
2,0.95,mondrian,2025-05-08 10:50:00,baseline,63.36,126.67336608886718,84.30266571044922
2,0.95,mondrian,2025-05-08 12:28:00,baseline,96.8,143.75036193847654,101.3796615600586
2,0.95,mondrian,2025-05-08 14:07:00,baseline,101.2,138.14449645996092,95.77379608154297
2,0.95,mondrian,2025-05-08 15:46:00,baseline,118.8,157.34657623291014,114.97587585449219
2,0.95,mondrian,2025-05-08 17:25:00,baseline,136.4,190.54411651611326,148.1734161376953
2,0.95,mondrian,2025-05-08 19:04:00,baseline,139.04,195.85654022216795,153.48583984375
2,0.95,mondrian,2025-05-08 20:43:00,baseline,140.8,193.94313385009764,151.5724334716797
2,0.95,mondrian,2025-05-08 22:22:00,baseline,142.56,203.43585540771483,161.06515502929688
2,0.95,mondrian,2025-05-09 00:01:00,elevated_risk,161.04,189.4373355102539,147.06663513183594
2,0.95,mondrian,2025-05-09 01:40:00,elevated_risk,171.6,219.63702728271483,177.26632690429688
2,0.95,mondrian,2025-05-09 03:19:00,elevated_risk,171.6,212.96440460205076,170.5937042236328
2,0.95,mondrian,2025-05-09 04:58:00,elevated_risk,170.72,192.17616607666014,149.8054656982422
2,0.95,mondrian,2025-05-09 06:37:00,elevated_risk,146.96,155.43355895996092,113.06285858154297
2,0.95,mondrian,2025-05-09 08:16:00,elevated_risk,145.2,125.78744842529296,83.416748046875
2,0.95,mondrian,2025-05-09 09:54:00,elevated_risk,60.72,143.64187194824217,101.27117156982422
2,0.95,mondrian,2025-05-09 11:33:00,elevated_risk,60.72,131.4794802856445,89.10877990722656
2,0.95,mondrian,2025-05-09 13:12:00,elevated_risk,88.88,151.5839190673828,109.21321868896484
2,0.95,mondrian,2025-05-09 14:51:00,elevated_risk,100.32,144.6826052856445,102.31190490722656
2,0.95,mondrian,2025-05-09 16:30:00,elevated_risk,119.68,158.20821716308592,115.83751678466797
2,0.95,mondrian,2025-05-09 18:09:00,elevated_risk,142.56,193.56689788818358,151.19619750976562
2,0.95,mondrian,2025-05-09 19:48:00,elevated_risk,124.08,207.239856262207,164.86915588378906
2,0.95,mondrian,2025-05-09 21:27:00,elevated_risk,144.32,205.003283996582,162.63258361816406
2,0.95,mondrian,2025-05-09 23:06:00,elevated_risk,164.56,206.3558688354492,163.98516845703125
2,0.95,mondrian,2025-05-10 00:45:00,elevated_risk,165.44,200.13173248291014,157.7610321044922
2,0.95,mondrian,2025-05-10 02:24:00,elevated_risk,165.44,218.051135559082,175.68043518066406
2,0.95,mondrian,2025-05-10 04:03:00,elevated_risk,163.68,215.175403137207,172.80470275878906
2,0.95,mondrian,2025-05-10 05:41:00,elevated_risk,138.16,169.36385681152342,126.99315643310547
2,0.95,mondrian,2025-05-10 07:20:00,elevated_risk,137.28,147.83951904296873,105.46881866455078
2,0.95,mondrian,2025-05-10 08:59:00,elevated_risk,51.04,147.11078216552733,104.74008178710938
2,0.95,mondrian,2025-05-10 10:38:00,elevated_risk,51.04,112.71400024414062,70.34329986572266
2,0.95,mondrian,2025-05-10 12:17:00,elevated_risk,66.0,139.41868164062498,97.04798126220703
2,0.95,mondrian,2025-05-10 13:56:00,elevated_risk,88.88,137.3295245361328,94.95882415771484
2,0.95,mondrian,2025-05-10 15:35:00,elevated_risk,102.08,139.5711016845703,97.20040130615234
2,0.95,mondrian,2025-05-10 17:14:00,elevated_risk,135.52,163.09121276855467,120.72051239013672
2,0.95,mondrian,2025-05-10 18:53:00,elevated_risk,136.4,195.44098236083983,153.07028198242188
2,0.95,mondrian,2025-05-10 20:32:00,elevated_risk,137.28,199.13818695068358,156.76748657226562
3,0.8,marginal,2025-05-10 22:11:00,elevated_risk,137.28,178.36715759277342,167.93466186523438
3,0.8,marginal,2025-05-10 23:50:00,elevated_risk,154.88,183.28134216308592,172.84884643554688
3,0.8,marginal,2025-05-11 01:28:00,baseline,161.04,186.65615905761717,176.22366333007812
3,0.8,marginal,2025-05-11 03:07:00,baseline,161.04,189.84773315429686,179.4152374267578
3,0.8,marginal,2025-05-11 04:46:00,baseline,145.2,172.93844665527342,162.50595092773438
3,0.8,marginal,2025-05-11 06:25:00,baseline,142.56,111.31807006835936,100.88557434082031
3,0.8,marginal,2025-05-11 08:04:00,baseline,141.68,112.69466461181639,102.26216888427734
3,0.8,marginal,2025-05-11 09:43:00,baseline,53.68,114.2706915283203,103.83819580078125
3,0.8,marginal,2025-05-11 11:22:00,baseline,65.12,99.30776275634764,88.8752670288086
3,0.8,marginal,2025-05-11 13:01:00,baseline,83.6,123.9673468017578,113.53485107421875
3,0.8,marginal,2025-05-11 14:40:00,baseline,90.64,111.00074066162108,100.56824493408203
3,0.8,marginal,2025-05-11 16:19:00,baseline,91.52,111.64807189941405,101.215576171875
3,0.8,marginal,2025-05-11 17:58:00,baseline,138.16,128.77604736328124,118.34355163574219
3,0.8,marginal,2025-05-11 19:37:00,baseline,139.04,155.94775451660155,145.5152587890625
3,0.8,marginal,2025-05-11 21:16:00,baseline,145.64,163.97079528808592,153.53829956054688
3,0.8,marginal,2025-05-11 22:54:00,baseline,172.48,176.9238897705078,166.49139404296875
3,0.8,marginal,2025-05-12 00:33:00,baseline,183.92,186.03524841308592,175.60275268554688
3,0.8,marginal,2025-05-12 02:12:00,baseline,184.8,184.2481085205078,173.81561279296875
3,0.8,marginal,2025-05-12 03:51:00,baseline,183.92,176.79544128417967,166.36294555664062
3,0.8,marginal,2025-05-12 05:30:00,baseline,139.04,140.72221435546874,130.2897186279297
3,0.8,marginal,2025-05-12 07:09:00,baseline,139.04,97.81842864990233,87.38593292236328
3,0.8,marginal,2025-05-12 08:48:00,baseline,53.68,104.51355041503905,94.0810546875
3,0.8,marginal,2025-05-12 10:27:00,baseline,58.08,99.83293212890624,89.40043640136719
3,0.8,marginal,2025-05-12 12:06:00,baseline,65.12,116.59172882080077,106.15923309326172
3,0.8,marginal,2025-05-12 13:45:00,baseline,87.12,122.91362823486327,112.48113250732422
3,0.8,marginal,2025-05-12 15:24:00,baseline,88.0,119.9692770385742,109.53678131103516
3,0.8,marginal,2025-05-12 17:03:00,baseline,118.8,123.51120819091796,113.0787124633789
3,0.8,marginal,2025-05-12 18:41:00,baseline,132.88,164.03842224121092,153.60592651367188
3,0.8,marginal,2025-05-12 20:20:00,baseline,144.32,162.8084112548828,152.37591552734375
3,0.8,marginal,2025-05-12 21:59:00,baseline,145.2,171.59855712890624,161.1660614013672
3,0.8,marginal,2025-05-12 23:38:00,baseline,146.08,181.14555419921874,170.7130584716797
3,0.8,marginal,2025-05-13 01:17:00,baseline,154.0,182.60470642089842,172.17221069335938
3,0.8,marginal,2025-05-13 02:56:00,baseline,169.84,181.47030700683592,171.03781127929688
3,0.8,marginal,2025-05-13 04:35:00,baseline,169.84,182.39216674804686,171.9596710205078
3,0.8,marginal,2025-05-13 06:14:00,baseline,144.32,125.52161468505858,115.08911895751953
3,0.8,marginal,2025-05-13 07:53:00,baseline,133.76,109.02605499267577,98.59355926513672
3,0.8,marginal,2025-05-13 09:32:00,baseline,52.8,116.92766632080077,106.49517059326172
3,0.8,marginal,2025-05-13 11:11:00,baseline,63.8,105.27045501708983,94.83795928955078
3,0.8,marginal,2025-05-13 12:50:00,baseline,75.68,115.92987884521483,105.49738311767578
3,0.8,marginal,2025-05-13 14:28:00,baseline,79.2,109.63582672119139,99.20333099365234
3,0.8,marginal,2025-05-13 16:07:00,baseline,92.4,108.45073760986327,98.01824188232422
3,0.8,marginal,2025-05-13 17:46:00,baseline,94.16,122.66411651611327,112.23162078857422
3,0.8,marginal,2025-05-13 19:25:00,baseline,133.76,150.19816650390624,139.7656707763672
3,0.8,marginal,2025-05-13 21:04:00,baseline,139.04,161.24499572753905,150.8125
3,0.8,marginal,2025-05-13 22:43:00,baseline,159.28,169.0286260986328,158.59613037109375
3,0.8,marginal,2025-05-14 00:22:00,baseline,165.44,180.8819738769531,170.44947814941406
3,0.8,marginal,2025-05-14 02:01:00,baseline,168.08,179.59558166503905,169.1630859375
3,0.8,marginal,2025-05-14 03:40:00,baseline,167.2,185.8637091064453,175.43121337890625
3,0.8,marginal,2025-05-14 05:19:00,baseline,143.44,171.93277038574217,161.50027465820312
3,0.8,marginal,2025-05-14 06:58:00,baseline,142.56,105.9326559448242,95.50016021728516
3,0.8,marginal,2025-05-14 08:37:00,baseline,74.8,115.97878326416014,105.5462875366211
3,0.8,marginal,2025-05-14 10:16:00,baseline,54.56,101.0705953979492,90.63809967041016
3,0.8,marginal,2025-05-14 11:54:00,baseline,80.96,109.85999359130858,99.42749786376953
3,0.8,marginal,2025-05-14 13:33:00,baseline,87.12,117.3262106323242,106.89371490478516
3,0.8,marginal,2025-05-14 15:12:00,baseline,98.56,115.45191253662108,105.01941680908203
3,0.8,marginal,2025-05-14 16:51:00,baseline,101.2,125.40457214355467,114.97207641601562
3,0.8,marginal,2025-05-14 18:30:00,baseline,119.24,141.856796875,131.42430114746094
3,0.8,marginal,2025-05-14 20:09:00,baseline,140.8,168.3870703125,157.95457458496094
3,0.8,marginal,2025-05-14 21:48:00,baseline,161.04,173.428818359375,162.99632263183594
3,0.8,marginal,2025-05-14 23:27:00,baseline,162.8,185.47151245117186,175.0390167236328
3,0.8,marginal,2025-05-15 01:06:00,baseline,180.4,193.78218139648436,183.3496856689453
3,0.8,marginal,2025-05-15 02:45:00,baseline,181.28,192.30693115234374,181.8744354248047
3,0.8,marginal,2025-05-15 04:24:00,baseline,181.28,176.27844299316405,165.845947265625
3,0.8,marginal,2025-05-15 06:03:00,baseline,181.28,136.7216650390625,126.28916931152344
3,0.8,marginal,2025-05-15 07:41:00,baseline,153.12,124.87767089843749,114.44517517089844
3,0.8,adaptive,2025-05-10 22:11:00,elevated_risk,137.28,179.267260528603,167.93466186523438
3,0.8,adaptive,2025-05-10 23:50:00,elevated_risk,154.88,185.59877910662132,172.84884643554688
3,0.8,adaptive,2025-05-11 01:28:00,baseline,161.04,185.42139069846598,176.22366333007812
3,0.8,adaptive,2025-05-11 03:07:00,baseline,161.04,186.41005279402722,179.4152374267578
3,0.8,adaptive,2025-05-11 04:46:00,baseline,145.2,178.64785411072057,162.50595092773438
3,0.8,adaptive,2025-05-11 06:25:00,baseline,142.56,145.52172775699754,100.88557434082031
3,0.8,adaptive,2025-05-11 08:04:00,baseline,141.68,113.26975594200555,102.26216888427734
3,0.8,adaptive,2025-05-11 09:43:00,baseline,53.68,112.3587617404734,103.83819580078125
3,0.8,adaptive,2025-05-11 11:22:00,baseline,65.12,105.13310075274435,88.8752670288086
3,0.8,adaptive,2025-05-11 13:01:00,baseline,83.6,132.9642002167908,113.53485107421875
3,0.8,adaptive,2025-05-11 14:40:00,baseline,90.64,120.45216203004375,100.56824493408203
3,0.8,adaptive,2025-05-11 16:19:00,baseline,91.52,116.50255543557223,101.215576171875
3,0.8,adaptive,2025-05-11 17:58:00,baseline,138.16,140.6538836681144,118.34355163574219
3,0.8,adaptive,2025-05-11 19:37:00,baseline,139.04,155.5677331340423,145.5152587890625
3,0.8,adaptive,2025-05-11 21:16:00,baseline,145.64,167.06281909976028,153.53829956054688
3,0.8,adaptive,2025-05-11 22:54:00,baseline,172.48,178.24460864605786,166.49139404296875
3,0.8,adaptive,2025-05-12 00:33:00,baseline,183.92,184.52285794089104,175.60275268554688
3,0.8,adaptive,2025-05-12 02:12:00,baseline,184.8,183.20143925265626,173.81561279296875
3,0.8,adaptive,2025-05-12 03:51:00,baseline,183.92,176.5216308664376,166.36294555664062
3,0.8,adaptive,2025-05-12 05:30:00,baseline,139.04,161.36183983297653,130.2897186279297
3,0.8,adaptive,2025-05-12 07:09:00,baseline,139.04,100.67204714476277,87.38593292236328
3,0.8,adaptive,2025-05-12 08:48:00,baseline,53.68,107.03312118087882,94.0810546875
3,0.8,adaptive,2025-05-12 10:27:00,baseline,58.08,111.85874753747822,89.40043640136719
3,0.8,adaptive,2025-05-12 12:06:00,baseline,65.12,119.69855151448148,106.15923309326172
3,0.8,adaptive,2025-05-12 13:45:00,baseline,87.12,130.64808941426205,112.48113250732422
3,0.8,adaptive,2025-05-12 15:24:00,baseline,88.0,123.96421466032147,109.53678131103516
3,0.8,adaptive,2025-05-12 17:03:00,baseline,118.8,130.8209484821721,113.0787124633789
3,0.8,adaptive,2025-05-12 18:41:00,baseline,132.88,168.2475864351591,153.60592651367188
3,0.8,adaptive,2025-05-12 20:20:00,baseline,144.32,160.62043495542113,152.37591552734375
3,0.8,adaptive,2025-05-12 21:59:00,baseline,145.2,168.4882361675108,161.1660614013672
3,0.8,adaptive,2025-05-12 23:38:00,baseline,146.08,182.0046870873814,170.7130584716797
3,0.8,adaptive,2025-05-13 01:17:00,baseline,154.0,182.4654180492349,172.17221069335938
3,0.8,adaptive,2025-05-13 02:56:00,baseline,169.84,184.35682120168434,171.03781127929688
3,0.8,adaptive,2025-05-13 04:35:00,baseline,169.84,207.21082554175058,171.9596710205078
3,0.8,adaptive,2025-05-13 06:14:00,baseline,144.32,146.19886306920324,115.08911895751953
3,0.8,adaptive,2025-05-13 07:53:00,baseline,133.76,127.96401421208863,98.59355926513672
3,0.8,adaptive,2025-05-13 09:32:00,baseline,52.8,120.99093727731034,106.49517059326172
3,0.8,adaptive,2025-05-13 11:11:00,baseline,63.8,110.15952168778797,94.83795928955078
3,0.8,adaptive,2025-05-13 12:50:00,baseline,75.68,119.17783978337003,105.49738311767578
3,0.8,adaptive,2025-05-13 14:28:00,baseline,79.2,113.9855785742679,99.20333099365234
3,0.8,adaptive,2025-05-13 16:07:00,baseline,92.4,111.29826076998731,98.01824188232422
3,0.8,adaptive,2025-05-13 17:46:00,baseline,94.16,129.61455109698738,112.23162078857422
3,0.8,adaptive,2025-05-13 19:25:00,baseline,133.76,154.9111688118778,139.7656707763672
3,0.8,adaptive,2025-05-13 21:04:00,baseline,139.04,159.20658526302324,150.8125
3,0.8,adaptive,2025-05-13 22:43:00,baseline,159.28,165.90401990780967,158.59613037109375
3,0.8,adaptive,2025-05-14 00:22:00,baseline,165.44,177.7242803376234,170.44947814941406
3,0.8,adaptive,2025-05-14 02:01:00,baseline,168.08,176.6143730867451,169.1630859375
3,0.8,adaptive,2025-05-14 03:40:00,baseline,167.2,184.26702760396373,175.43121337890625
3,0.8,adaptive,2025-05-14 05:19:00,baseline,143.44,189.4517927002437,161.50027465820312
3,0.8,adaptive,2025-05-14 06:58:00,baseline,142.56,116.53581531782785,95.50016021728516
3,0.8,adaptive,2025-05-14 08:37:00,baseline,74.8,117.49242595985204,105.5462875366211
3,0.8,adaptive,2025-05-14 10:16:00,baseline,54.56,102.34119733845404,90.63809967041016
3,0.8,adaptive,2025-05-14 11:54:00,baseline,80.96,108.75443206741471,99.42749786376953
3,0.8,adaptive,2025-05-14 13:33:00,baseline,87.12,128.8057263440283,106.89371490478516
3,0.8,adaptive,2025-05-14 15:12:00,baseline,98.56,118.49827185413427,105.01941680908203
3,0.8,adaptive,2025-05-14 16:51:00,baseline,101.2,128.5397979681201,114.97207641601562
3,0.8,adaptive,2025-05-14 18:30:00,baseline,119.24,141.7787377023785,131.42430114746094
3,0.8,adaptive,2025-05-14 20:09:00,baseline,140.8,163.72570741149607,157.95457458496094
3,0.8,adaptive,2025-05-14 21:48:00,baseline,161.04,170.21665213453056,162.99632263183594
3,0.8,adaptive,2025-05-14 23:27:00,baseline,162.8,182.1363623526437,175.0390167236328
3,0.8,adaptive,2025-05-15 01:06:00,baseline,180.4,189.3195135151114,183.3496856689453
3,0.8,adaptive,2025-05-15 02:45:00,baseline,181.28,188.49298536963175,181.8744354248047
3,0.8,adaptive,2025-05-15 04:24:00,baseline,181.28,175.77447484913213,165.845947265625
3,0.8,adaptive,2025-05-15 06:03:00,baseline,181.28,160.14863283790098,126.28916931152344
3,0.8,adaptive,2025-05-15 07:41:00,baseline,153.12,131.14988992775824,114.44517517089844
3,0.8,mondrian,2025-05-10 22:11:00,elevated_risk,137.28,179.51495056152345,167.93466186523438
3,0.8,mondrian,2025-05-10 23:50:00,elevated_risk,154.88,184.42913513183595,172.84884643554688
3,0.8,mondrian,2025-05-11 01:28:00,baseline,161.04,186.65615905761717,176.22366333007812
3,0.8,mondrian,2025-05-11 03:07:00,baseline,161.04,189.84773315429686,179.4152374267578
3,0.8,mondrian,2025-05-11 04:46:00,baseline,145.2,172.93844665527342,162.50595092773438
3,0.8,mondrian,2025-05-11 06:25:00,baseline,142.56,111.31807006835936,100.88557434082031
3,0.8,mondrian,2025-05-11 08:04:00,baseline,141.68,112.69466461181639,102.26216888427734
3,0.8,mondrian,2025-05-11 09:43:00,baseline,53.68,114.2706915283203,103.83819580078125
3,0.8,mondrian,2025-05-11 11:22:00,baseline,65.12,99.30776275634764,88.8752670288086
3,0.8,mondrian,2025-05-11 13:01:00,baseline,83.6,123.9673468017578,113.53485107421875
3,0.8,mondrian,2025-05-11 14:40:00,baseline,90.64,111.00074066162108,100.56824493408203
3,0.8,mondrian,2025-05-11 16:19:00,baseline,91.52,111.64807189941405,101.215576171875
3,0.8,mondrian,2025-05-11 17:58:00,baseline,138.16,128.77604736328124,118.34355163574219
3,0.8,mondrian,2025-05-11 19:37:00,baseline,139.04,155.94775451660155,145.5152587890625
3,0.8,mondrian,2025-05-11 21:16:00,baseline,145.64,163.97079528808592,153.53829956054688
3,0.8,mondrian,2025-05-11 22:54:00,baseline,172.48,176.9238897705078,166.49139404296875
3,0.8,mondrian,2025-05-12 00:33:00,baseline,183.92,186.03524841308592,175.60275268554688
3,0.8,mondrian,2025-05-12 02:12:00,baseline,184.8,184.2481085205078,173.81561279296875
3,0.8,mondrian,2025-05-12 03:51:00,baseline,183.92,176.79544128417967,166.36294555664062
3,0.8,mondrian,2025-05-12 05:30:00,baseline,139.04,140.72221435546874,130.2897186279297
3,0.8,mondrian,2025-05-12 07:09:00,baseline,139.04,97.81842864990233,87.38593292236328
3,0.8,mondrian,2025-05-12 08:48:00,baseline,53.68,104.51355041503905,94.0810546875
3,0.8,mondrian,2025-05-12 10:27:00,baseline,58.08,99.83293212890624,89.40043640136719
3,0.8,mondrian,2025-05-12 12:06:00,baseline,65.12,116.59172882080077,106.15923309326172
3,0.8,mondrian,2025-05-12 13:45:00,baseline,87.12,122.91362823486327,112.48113250732422
3,0.8,mondrian,2025-05-12 15:24:00,baseline,88.0,119.9692770385742,109.53678131103516
3,0.8,mondrian,2025-05-12 17:03:00,baseline,118.8,123.51120819091796,113.0787124633789
3,0.8,mondrian,2025-05-12 18:41:00,baseline,132.88,164.03842224121092,153.60592651367188
3,0.8,mondrian,2025-05-12 20:20:00,baseline,144.32,162.8084112548828,152.37591552734375
3,0.8,mondrian,2025-05-12 21:59:00,baseline,145.2,171.59855712890624,161.1660614013672
3,0.8,mondrian,2025-05-12 23:38:00,baseline,146.08,181.14555419921874,170.7130584716797
3,0.8,mondrian,2025-05-13 01:17:00,baseline,154.0,182.60470642089842,172.17221069335938
3,0.8,mondrian,2025-05-13 02:56:00,baseline,169.84,181.47030700683592,171.03781127929688
3,0.8,mondrian,2025-05-13 04:35:00,baseline,169.84,182.39216674804686,171.9596710205078
3,0.8,mondrian,2025-05-13 06:14:00,baseline,144.32,125.52161468505858,115.08911895751953
3,0.8,mondrian,2025-05-13 07:53:00,baseline,133.76,109.02605499267577,98.59355926513672
3,0.8,mondrian,2025-05-13 09:32:00,baseline,52.8,116.92766632080077,106.49517059326172
3,0.8,mondrian,2025-05-13 11:11:00,baseline,63.8,105.27045501708983,94.83795928955078
3,0.8,mondrian,2025-05-13 12:50:00,baseline,75.68,115.92987884521483,105.49738311767578
3,0.8,mondrian,2025-05-13 14:28:00,baseline,79.2,109.63582672119139,99.20333099365234
3,0.8,mondrian,2025-05-13 16:07:00,baseline,92.4,108.45073760986327,98.01824188232422
3,0.8,mondrian,2025-05-13 17:46:00,baseline,94.16,122.66411651611327,112.23162078857422
3,0.8,mondrian,2025-05-13 19:25:00,baseline,133.76,150.19816650390624,139.7656707763672
3,0.8,mondrian,2025-05-13 21:04:00,baseline,139.04,161.24499572753905,150.8125
3,0.8,mondrian,2025-05-13 22:43:00,baseline,159.28,169.0286260986328,158.59613037109375
3,0.8,mondrian,2025-05-14 00:22:00,baseline,165.44,180.8819738769531,170.44947814941406
3,0.8,mondrian,2025-05-14 02:01:00,baseline,168.08,179.59558166503905,169.1630859375
3,0.8,mondrian,2025-05-14 03:40:00,baseline,167.2,185.8637091064453,175.43121337890625
3,0.8,mondrian,2025-05-14 05:19:00,baseline,143.44,171.93277038574217,161.50027465820312
3,0.8,mondrian,2025-05-14 06:58:00,baseline,142.56,105.9326559448242,95.50016021728516
3,0.8,mondrian,2025-05-14 08:37:00,baseline,74.8,115.97878326416014,105.5462875366211
3,0.8,mondrian,2025-05-14 10:16:00,baseline,54.56,101.0705953979492,90.63809967041016
3,0.8,mondrian,2025-05-14 11:54:00,baseline,80.96,109.85999359130858,99.42749786376953
3,0.8,mondrian,2025-05-14 13:33:00,baseline,87.12,117.3262106323242,106.89371490478516
3,0.8,mondrian,2025-05-14 15:12:00,baseline,98.56,115.45191253662108,105.01941680908203
3,0.8,mondrian,2025-05-14 16:51:00,baseline,101.2,125.40457214355467,114.97207641601562
3,0.8,mondrian,2025-05-14 18:30:00,baseline,119.24,141.856796875,131.42430114746094
3,0.8,mondrian,2025-05-14 20:09:00,baseline,140.8,168.3870703125,157.95457458496094
3,0.8,mondrian,2025-05-14 21:48:00,baseline,161.04,173.428818359375,162.99632263183594
3,0.8,mondrian,2025-05-14 23:27:00,baseline,162.8,185.47151245117186,175.0390167236328
3,0.8,mondrian,2025-05-15 01:06:00,baseline,180.4,193.78218139648436,183.3496856689453
3,0.8,mondrian,2025-05-15 02:45:00,baseline,181.28,192.30693115234374,181.8744354248047
3,0.8,mondrian,2025-05-15 04:24:00,baseline,181.28,176.27844299316405,165.845947265625
3,0.8,mondrian,2025-05-15 06:03:00,baseline,181.28,136.7216650390625,126.28916931152344
3,0.8,mondrian,2025-05-15 07:41:00,baseline,153.12,124.87767089843749,114.44517517089844
3,0.9,marginal,2025-05-10 22:11:00,elevated_risk,137.28,191.16588531494142,167.93466186523438
3,0.9,marginal,2025-05-10 23:50:00,elevated_risk,154.88,196.08006988525392,172.84884643554688
3,0.9,marginal,2025-05-11 01:28:00,baseline,161.04,199.45488677978517,176.22366333007812
3,0.9,marginal,2025-05-11 03:07:00,baseline,161.04,202.64646087646486,179.4152374267578
3,0.9,marginal,2025-05-11 04:46:00,baseline,145.2,185.73717437744142,162.50595092773438
3,0.9,marginal,2025-05-11 06:25:00,baseline,142.56,124.11679779052736,100.88557434082031
3,0.9,marginal,2025-05-11 08:04:00,baseline,141.68,125.49339233398439,102.26216888427734
3,0.9,marginal,2025-05-11 09:43:00,baseline,53.68,127.0694192504883,103.83819580078125
3,0.9,marginal,2025-05-11 11:22:00,baseline,65.12,112.10649047851564,88.8752670288086
3,0.9,marginal,2025-05-11 13:01:00,baseline,83.6,136.7660745239258,113.53485107421875
3,0.9,marginal,2025-05-11 14:40:00,baseline,90.64,123.79946838378908,100.56824493408203
3,0.9,marginal,2025-05-11 16:19:00,baseline,91.52,124.44679962158204,101.215576171875
3,0.9,marginal,2025-05-11 17:58:00,baseline,138.16,141.57477508544923,118.34355163574219
3,0.9,marginal,2025-05-11 19:37:00,baseline,139.04,168.74648223876954,145.5152587890625
3,0.9,marginal,2025-05-11 21:16:00,baseline,145.64,176.76952301025392,153.53829956054688
3,0.9,marginal,2025-05-11 22:54:00,baseline,172.48,189.7226174926758,166.49139404296875
3,0.9,marginal,2025-05-12 00:33:00,baseline,183.92,198.83397613525392,175.60275268554688
3,0.9,marginal,2025-05-12 02:12:00,baseline,184.8,197.0468362426758,173.81561279296875
3,0.9,marginal,2025-05-12 03:51:00,baseline,183.92,189.59416900634767,166.36294555664062
3,0.9,marginal,2025-05-12 05:30:00,baseline,139.04,153.52094207763673,130.2897186279297
3,0.9,marginal,2025-05-12 07:09:00,baseline,139.04,110.61715637207033,87.38593292236328
3,0.9,marginal,2025-05-12 08:48:00,baseline,53.68,117.31227813720704,94.0810546875
3,0.9,marginal,2025-05-12 10:27:00,baseline,58.08,112.63165985107423,89.40043640136719
3,0.9,marginal,2025-05-12 12:06:00,baseline,65.12,129.39045654296876,106.15923309326172
3,0.9,marginal,2025-05-12 13:45:00,baseline,87.12,135.71235595703126,112.48113250732422
3,0.9,marginal,2025-05-12 15:24:00,baseline,88.0,132.7680047607422,109.53678131103516
3,0.9,marginal,2025-05-12 17:03:00,baseline,118.8,136.30993591308595,113.0787124633789
3,0.9,marginal,2025-05-12 18:41:00,baseline,132.88,176.83714996337892,153.60592651367188
3,0.9,marginal,2025-05-12 20:20:00,baseline,144.32,175.6071389770508,152.37591552734375
3,0.9,marginal,2025-05-12 21:59:00,baseline,145.2,184.39728485107423,161.1660614013672
3,0.9,marginal,2025-05-12 23:38:00,baseline,146.08,193.94428192138673,170.7130584716797
3,0.9,marginal,2025-05-13 01:17:00,baseline,154.0,195.40343414306642,172.17221069335938
3,0.9,marginal,2025-05-13 02:56:00,baseline,169.84,194.26903472900392,171.03781127929688
3,0.9,marginal,2025-05-13 04:35:00,baseline,169.84,195.19089447021486,171.9596710205078
3,0.9,marginal,2025-05-13 06:14:00,baseline,144.32,138.32034240722658,115.08911895751953
3,0.9,marginal,2025-05-13 07:53:00,baseline,133.76,121.82478271484376,98.59355926513672
3,0.9,marginal,2025-05-13 09:32:00,baseline,52.8,129.72639404296876,106.49517059326172
3,0.9,marginal,2025-05-13 11:11:00,baseline,63.8,118.06918273925783,94.83795928955078
3,0.9,marginal,2025-05-13 12:50:00,baseline,75.68,128.72860656738283,105.49738311767578
3,0.9,marginal,2025-05-13 14:28:00,baseline,79.2,122.43455444335939,99.20333099365234
3,0.9,marginal,2025-05-13 16:07:00,baseline,92.4,121.24946533203126,98.01824188232422
3,0.9,marginal,2025-05-13 17:46:00,baseline,94.16,135.46284423828126,112.23162078857422
3,0.9,marginal,2025-05-13 19:25:00,baseline,133.76,162.99689422607423,139.7656707763672
3,0.9,marginal,2025-05-13 21:04:00,baseline,139.04,174.04372344970704,150.8125
3,0.9,marginal,2025-05-13 22:43:00,baseline,159.28,181.8273538208008,158.59613037109375
3,0.9,marginal,2025-05-14 00:22:00,baseline,165.44,193.6807015991211,170.44947814941406
3,0.9,marginal,2025-05-14 02:01:00,baseline,168.08,192.39430938720704,169.1630859375
3,0.9,marginal,2025-05-14 03:40:00,baseline,167.2,198.6624368286133,175.43121337890625
3,0.9,marginal,2025-05-14 05:19:00,baseline,143.44,184.73149810791017,161.50027465820312
3,0.9,marginal,2025-05-14 06:58:00,baseline,142.56,118.7313836669922,95.50016021728516
3,0.9,marginal,2025-05-14 08:37:00,baseline,74.8,128.77751098632814,105.5462875366211
3,0.9,marginal,2025-05-14 10:16:00,baseline,54.56,113.8693231201172,90.63809967041016
3,0.9,marginal,2025-05-14 11:54:00,baseline,80.96,122.65872131347658,99.42749786376953
3,0.9,marginal,2025-05-14 13:33:00,baseline,87.12,130.1249383544922,106.89371490478516
3,0.9,marginal,2025-05-14 15:12:00,baseline,98.56,128.25064025878908,105.01941680908203
3,0.9,marginal,2025-05-14 16:51:00,baseline,101.2,138.20329986572267,114.97207641601562
3,0.9,marginal,2025-05-14 18:30:00,baseline,119.24,154.65552459716798,131.42430114746094
3,0.9,marginal,2025-05-14 20:09:00,baseline,140.8,181.18579803466798,157.95457458496094
3,0.9,marginal,2025-05-14 21:48:00,baseline,161.04,186.22754608154298,162.99632263183594
3,0.9,marginal,2025-05-14 23:27:00,baseline,162.8,198.27024017333986,175.0390167236328
3,0.9,marginal,2025-05-15 01:06:00,baseline,180.4,206.58090911865236,183.3496856689453
3,0.9,marginal,2025-05-15 02:45:00,baseline,181.28,205.10565887451173,181.8744354248047
3,0.9,marginal,2025-05-15 04:24:00,baseline,181.28,189.07717071533204,165.845947265625
3,0.9,marginal,2025-05-15 06:03:00,baseline,181.28,149.52039276123048,126.28916931152344
3,0.9,marginal,2025-05-15 07:41:00,baseline,153.12,137.67639862060548,114.44517517089844
3,0.9,adaptive,2025-05-10 22:11:00,elevated_risk,137.28,185.95657478752568,167.93466186523438
3,0.9,adaptive,2025-05-10 23:50:00,elevated_risk,154.88,193.12470576743277,172.84884643554688
3,0.9,adaptive,2025-05-11 01:28:00,baseline,161.04,190.8505504757303,176.22366333007812
3,0.9,adaptive,2025-05-11 03:07:00,baseline,161.04,190.53889557446132,179.4152374267578
3,0.9,adaptive,2025-05-11 04:46:00,baseline,145.2,188.17596556472685,162.50595092773438
3,0.9,adaptive,2025-05-11 06:25:00,baseline,142.56,171.86919371601346,100.88557434082031
3,0.9,adaptive,2025-05-11 08:04:00,baseline,141.68,119.76722499114827,102.26216888427734
3,0.9,adaptive,2025-05-11 09:43:00,baseline,53.68,117.38821217170673,103.83819580078125
3,0.9,adaptive,2025-05-11 11:22:00,baseline,65.12,114.7296427444988,88.8752670288086
3,0.9,adaptive,2025-05-11 13:01:00,baseline,83.6,144.4327985605321,113.53485107421875
3,0.9,adaptive,2025-05-11 14:40:00,baseline,90.64,132.18907905183792,100.56824493408203
3,0.9,adaptive,2025-05-11 16:19:00,baseline,91.52,125.52602934496315,101.215576171875
3,0.9,adaptive,2025-05-11 17:58:00,baseline,138.16,153.8230451833678,118.34355163574219
3,0.9,adaptive,2025-05-11 19:37:00,baseline,139.04,161.50142601162446,145.5152587890625
3,0.9,adaptive,2025-05-11 21:16:00,baseline,145.64,175.04596260339213,153.53829956054688
3,0.9,adaptive,2025-05-11 22:54:00,baseline,172.48,185.18220066427304,166.49139404296875
3,0.9,adaptive,2025-05-12 00:33:00,baseline,183.92,189.7881451930144,175.60275268554688
3,0.9,adaptive,2025-05-12 02:12:00,baseline,184.8,188.74162863318253,173.81561279296875
3,0.9,adaptive,2025-05-12 03:51:00,baseline,183.92,182.51801708934238,166.36294555664062
3,0.9,adaptive,2025-05-12 05:30:00,baseline,139.04,179.70283906943138,130.2897186279297
3,0.9,adaptive,2025-05-12 07:09:00,baseline,139.04,108.51446669508628,87.38593292236328
3,0.9,adaptive,2025-05-12 08:48:00,baseline,53.68,114.67836175193418,94.0810546875
3,0.9,adaptive,2025-05-12 10:27:00,baseline,58.08,125.11525695572078,89.40043640136719
3,0.9,adaptive,2025-05-12 12:06:00,baseline,65.12,127.69043038193958,106.15923309326172
3,0.9,adaptive,2025-05-12 13:45:00,baseline,87.12,141.37153312639379,112.48113250732422
3,0.9,adaptive,2025-05-12 15:24:00,baseline,88.0,132.48032279137126,109.53678131103516
3,0.9,adaptive,2025-05-12 17:03:00,baseline,118.8,141.29369139940923,113.0787124633789
3,0.9,adaptive,2025-05-12 18:41:00,baseline,132.88,176.8901464866052,153.60592651367188
3,0.9,adaptive,2025-05-12 20:20:00,baseline,144.32,165.4869428947228,152.37591552734375
3,0.9,adaptive,2025-05-12 21:59:00,baseline,145.2,172.81030999403848,161.1660614013672
3,0.9,adaptive,2025-05-12 23:38:00,baseline,146.08,188.66981787945875,170.7130584716797
3,0.9,adaptive,2025-05-13 01:17:00,baseline,154.0,188.541208852475,172.17221069335938
3,0.9,adaptive,2025-05-13 02:56:00,baseline,169.84,192.2186581585113,171.03781127929688
3,0.9,adaptive,2025-05-13 04:35:00,baseline,169.84,228.0185906084385,171.9596710205078
3,0.9,adaptive,2025-05-13 06:14:00,baseline,144.32,164.56207004929252,115.08911895751953
3,0.9,adaptive,2025-05-13 07:53:00,baseline,133.76,145.30056771616296,98.59355926513672
3,0.9,adaptive,2025-05-13 09:32:00,baseline,52.8,129.54738065397882,106.49517059326172
3,0.9,adaptive,2025-05-13 11:11:00,baseline,63.8,119.20340904883884,94.83795928955078
3,0.9,adaptive,2025-05-13 12:50:00,baseline,75.68,127.25302858699435,105.49738311767578
3,0.9,adaptive,2025-05-13 14:28:00,baseline,79.2,122.71112356683572,99.20333099365234
3,0.9,adaptive,2025-05-13 16:07:00,baseline,92.4,119.13708241564868,98.01824188232422
3,0.9,adaptive,2025-05-13 17:46:00,baseline,94.16,139.87520595894676,112.23162078857422
3,0.9,adaptive,2025-05-13 19:25:00,baseline,133.76,163.85113033146368,139.7656707763672
3,0.9,adaptive,2025-05-13 21:04:00,baseline,139.04,164.16137770811838,150.8125
3,0.9,adaptive,2025-05-13 22:43:00,baseline,159.28,170.21766156518171,158.59613037109375
3,0.9,adaptive,2025-05-14 00:22:00,baseline,165.44,182.01839146376167,170.44947814941406
3,0.9,adaptive,2025-05-14 02:01:00,baseline,168.08,181.01265832170077,169.1630859375
3,0.9,adaptive,2025-05-14 03:40:00,baseline,167.2,189.48256023161434,175.43121337890625
3,0.9,adaptive,2025-05-14 05:19:00,baseline,143.44,205.95078765729068,161.50027465820312
3,0.9,adaptive,2025-05-14 06:58:00,baseline,142.56,128.9525708908177,95.50016021728516
3,0.9,adaptive,2025-05-14 08:37:00,baseline,74.8,124.54389548306808,105.5462875366211
3,0.9,adaptive,2025-05-14 10:16:00,baseline,54.56,109.24920673946286,90.63809967041016
3,0.9,adaptive,2025-05-14 11:54:00,baseline,80.96,114.2598590055581,99.42749786376953
3,0.9,adaptive,2025-05-14 13:33:00,baseline,87.12,141.73977041602018,106.89371490478516
3,0.9,adaptive,2025-05-14 15:12:00,baseline,98.56,126.4544608911877,105.01941680908203
3,0.9,adaptive,2025-05-14 16:51:00,baseline,101.2,136.54844240489456,114.97207641601562
3,0.9,adaptive,2025-05-14 18:30:00,baseline,119.24,147.8906703797271,131.42430114746094
3,0.9,adaptive,2025-05-14 20:09:00,baseline,140.8,167.13224480450057,157.95457458496094
3,0.9,adaptive,2025-05-14 21:48:00,baseline,161.04,174.47860956646684,162.99632263183594
3,0.9,adaptive,2025-05-14 23:27:00,baseline,162.8,186.32572586289547,175.0390167236328
3,0.9,adaptive,2025-05-15 01:06:00,baseline,180.4,192.84333498985882,183.3496856689453
3,0.9,adaptive,2025-05-15 02:45:00,baseline,181.28,192.3997292537537,181.8744354248047
3,0.9,adaptive,2025-05-15 04:24:00,baseline,181.28,181.63500543944946,165.845947265625
3,0.9,adaptive,2025-05-15 06:03:00,baseline,181.28,180.13492185196395,126.28916931152344
3,0.9,adaptive,2025-05-15 07:41:00,baseline,153.12,141.0102132246112,114.44517517089844
3,0.9,mondrian,2025-05-10 22:11:00,elevated_risk,137.28,202.01230712890626,167.93466186523438
3,0.9,mondrian,2025-05-10 23:50:00,elevated_risk,154.88,206.92649169921876,172.84884643554688
3,0.9,mondrian,2025-05-11 01:28:00,baseline,161.04,197.6047802734375,176.22366333007812
3,0.9,mondrian,2025-05-11 03:07:00,baseline,161.04,200.7963543701172,179.4152374267578
3,0.9,mondrian,2025-05-11 04:46:00,baseline,145.2,183.88706787109376,162.50595092773438
3,0.9,mondrian,2025-05-11 06:25:00,baseline,142.56,122.2666912841797,100.88557434082031
3,0.9,mondrian,2025-05-11 08:04:00,baseline,141.68,123.64328582763673,102.26216888427734
3,0.9,mondrian,2025-05-11 09:43:00,baseline,53.68,125.21931274414064,103.83819580078125
3,0.9,mondrian,2025-05-11 11:22:00,baseline,65.12,110.25638397216798,88.8752670288086
3,0.9,mondrian,2025-05-11 13:01:00,baseline,83.6,134.91596801757814,113.53485107421875
3,0.9,mondrian,2025-05-11 14:40:00,baseline,90.64,121.94936187744142,100.56824493408203
3,0.9,mondrian,2025-05-11 16:19:00,baseline,91.52,122.59669311523439,101.215576171875
3,0.9,mondrian,2025-05-11 17:58:00,baseline,138.16,139.72466857910158,118.34355163574219
3,0.9,mondrian,2025-05-11 19:37:00,baseline,139.04,166.8963757324219,145.5152587890625
3,0.9,mondrian,2025-05-11 21:16:00,baseline,145.64,174.91941650390626,153.53829956054688
3,0.9,mondrian,2025-05-11 22:54:00,baseline,172.48,187.87251098632814,166.49139404296875
3,0.9,mondrian,2025-05-12 00:33:00,baseline,183.92,196.98386962890626,175.60275268554688
3,0.9,mondrian,2025-05-12 02:12:00,baseline,184.8,195.19672973632814,173.81561279296875
3,0.9,mondrian,2025-05-12 03:51:00,baseline,183.92,187.7440625,166.36294555664062
3,0.9,mondrian,2025-05-12 05:30:00,baseline,139.04,151.67083557128908,130.2897186279297
3,0.9,mondrian,2025-05-12 07:09:00,baseline,139.04,108.76704986572267,87.38593292236328
3,0.9,mondrian,2025-05-12 08:48:00,baseline,53.68,115.46217163085939,94.0810546875
3,0.9,mondrian,2025-05-12 10:27:00,baseline,58.08,110.78155334472658,89.40043640136719
3,0.9,mondrian,2025-05-12 12:06:00,baseline,65.12,127.5403500366211,106.15923309326172
3,0.9,mondrian,2025-05-12 13:45:00,baseline,87.12,133.8622494506836,112.48113250732422
3,0.9,mondrian,2025-05-12 15:24:00,baseline,88.0,130.91789825439454,109.53678131103516
3,0.9,mondrian,2025-05-12 17:03:00,baseline,118.8,134.4598294067383,113.0787124633789
3,0.9,mondrian,2025-05-12 18:41:00,baseline,132.88,174.98704345703126,153.60592651367188
3,0.9,mondrian,2025-05-12 20:20:00,baseline,144.32,173.75703247070314,152.37591552734375
3,0.9,mondrian,2025-05-12 21:59:00,baseline,145.2,182.54717834472658,161.1660614013672
3,0.9,mondrian,2025-05-12 23:38:00,baseline,146.08,192.09417541503908,170.7130584716797
3,0.9,mondrian,2025-05-13 01:17:00,baseline,154.0,193.55332763671876,172.17221069335938
3,0.9,mondrian,2025-05-13 02:56:00,baseline,169.84,192.41892822265626,171.03781127929688
3,0.9,mondrian,2025-05-13 04:35:00,baseline,169.84,193.3407879638672,171.9596710205078
3,0.9,mondrian,2025-05-13 06:14:00,baseline,144.32,136.47023590087892,115.08911895751953
3,0.9,mondrian,2025-05-13 07:53:00,baseline,133.76,119.9746762084961,98.59355926513672
3,0.9,mondrian,2025-05-13 09:32:00,baseline,52.8,127.8762875366211,106.49517059326172
3,0.9,mondrian,2025-05-13 11:11:00,baseline,63.8,116.21907623291017,94.83795928955078
3,0.9,mondrian,2025-05-13 12:50:00,baseline,75.68,126.87850006103517,105.49738311767578
3,0.9,mondrian,2025-05-13 14:28:00,baseline,79.2,120.58444793701173,99.20333099365234
3,0.9,mondrian,2025-05-13 16:07:00,baseline,92.4,119.3993588256836,98.01824188232422
3,0.9,mondrian,2025-05-13 17:46:00,baseline,94.16,133.6127377319336,112.23162078857422
3,0.9,mondrian,2025-05-13 19:25:00,baseline,133.76,161.14678771972658,139.7656707763672
3,0.9,mondrian,2025-05-13 21:04:00,baseline,139.04,172.1936169433594,150.8125
3,0.9,mondrian,2025-05-13 22:43:00,baseline,159.28,179.97724731445314,158.59613037109375
3,0.9,mondrian,2025-05-14 00:22:00,baseline,165.44,191.83059509277345,170.44947814941406
3,0.9,mondrian,2025-05-14 02:01:00,baseline,168.08,190.5442028808594,169.1630859375
3,0.9,mondrian,2025-05-14 03:40:00,baseline,167.2,196.81233032226564,175.43121337890625
3,0.9,mondrian,2025-05-14 05:19:00,baseline,143.44,182.8813916015625,161.50027465820312
3,0.9,mondrian,2025-05-14 06:58:00,baseline,142.56,116.88127716064454,95.50016021728516
3,0.9,mondrian,2025-05-14 08:37:00,baseline,74.8,126.92740447998048,105.5462875366211
3,0.9,mondrian,2025-05-14 10:16:00,baseline,54.56,112.01921661376954,90.63809967041016
3,0.9,mondrian,2025-05-14 11:54:00,baseline,80.96,120.80861480712892,99.42749786376953
3,0.9,mondrian,2025-05-14 13:33:00,baseline,87.12,128.27483184814454,106.89371490478516
3,0.9,mondrian,2025-05-14 15:12:00,baseline,98.56,126.40053375244142,105.01941680908203
3,0.9,mondrian,2025-05-14 16:51:00,baseline,101.2,136.353193359375,114.97207641601562
3,0.9,mondrian,2025-05-14 18:30:00,baseline,119.24,152.80541809082033,131.42430114746094
3,0.9,mondrian,2025-05-14 20:09:00,baseline,140.8,179.33569152832033,157.95457458496094
3,0.9,mondrian,2025-05-14 21:48:00,baseline,161.04,184.37743957519533,162.99632263183594
3,0.9,mondrian,2025-05-14 23:27:00,baseline,162.8,196.4201336669922,175.0390167236328
3,0.9,mondrian,2025-05-15 01:06:00,baseline,180.4,204.7308026123047,183.3496856689453
3,0.9,mondrian,2025-05-15 02:45:00,baseline,181.28,203.25555236816408,181.8744354248047
3,0.9,mondrian,2025-05-15 04:24:00,baseline,181.28,187.2270642089844,165.845947265625
3,0.9,mondrian,2025-05-15 06:03:00,baseline,181.28,147.67028625488283,126.28916931152344
3,0.9,mondrian,2025-05-15 07:41:00,baseline,153.12,135.82629211425783,114.44517517089844
3,0.95,marginal,2025-05-10 22:11:00,elevated_risk,137.28,207.199501953125,167.93466186523438
3,0.95,marginal,2025-05-10 23:50:00,elevated_risk,154.88,212.1136865234375,172.84884643554688
3,0.95,marginal,2025-05-11 01:28:00,baseline,161.04,215.48850341796876,176.22366333007812
3,0.95,marginal,2025-05-11 03:07:00,baseline,161.04,218.68007751464845,179.4152374267578
3,0.95,marginal,2025-05-11 04:46:00,baseline,145.2,201.770791015625,162.50595092773438
3,0.95,marginal,2025-05-11 06:25:00,baseline,142.56,140.15041442871095,100.88557434082031
3,0.95,marginal,2025-05-11 08:04:00,baseline,141.68,141.52700897216798,102.26216888427734
3,0.95,marginal,2025-05-11 09:43:00,baseline,53.68,143.10303588867188,103.83819580078125
3,0.95,marginal,2025-05-11 11:22:00,baseline,65.12,128.14010711669923,88.8752670288086
3,0.95,marginal,2025-05-11 13:01:00,baseline,83.6,152.79969116210938,113.53485107421875
3,0.95,marginal,2025-05-11 14:40:00,baseline,90.64,139.83308502197266,100.56824493408203
3,0.95,marginal,2025-05-11 16:19:00,baseline,91.52,140.48041625976563,101.215576171875
3,0.95,marginal,2025-05-11 17:58:00,baseline,138.16,157.60839172363282,118.34355163574219
3,0.95,marginal,2025-05-11 19:37:00,baseline,139.04,184.78009887695313,145.5152587890625
3,0.95,marginal,2025-05-11 21:16:00,baseline,145.64,192.8031396484375,153.53829956054688
3,0.95,marginal,2025-05-11 22:54:00,baseline,172.48,205.75623413085938,166.49139404296875
3,0.95,marginal,2025-05-12 00:33:00,baseline,183.92,214.8675927734375,175.60275268554688
3,0.95,marginal,2025-05-12 02:12:00,baseline,184.8,213.08045288085938,173.81561279296875
3,0.95,marginal,2025-05-12 03:51:00,baseline,183.92,205.62778564453126,166.36294555664062
3,0.95,marginal,2025-05-12 05:30:00,baseline,139.04,169.55455871582032,130.2897186279297
3,0.95,marginal,2025-05-12 07:09:00,baseline,139.04,126.65077301025391,87.38593292236328
3,0.95,marginal,2025-05-12 08:48:00,baseline,53.68,133.34589477539063,94.0810546875
3,0.95,marginal,2025-05-12 10:27:00,baseline,58.08,128.66527648925782,89.40043640136719
3,0.95,marginal,2025-05-12 12:06:00,baseline,65.12,145.42407318115235,106.15923309326172
3,0.95,marginal,2025-05-12 13:45:00,baseline,87.12,151.74597259521485,112.48113250732422
3,0.95,marginal,2025-05-12 15:24:00,baseline,88.0,148.8016213989258,109.53678131103516
3,0.95,marginal,2025-05-12 17:03:00,baseline,118.8,152.34355255126954,113.0787124633789
3,0.95,marginal,2025-05-12 18:41:00,baseline,132.88,192.8707666015625,153.60592651367188
3,0.95,marginal,2025-05-12 20:20:00,baseline,144.32,191.64075561523438,152.37591552734375
3,0.95,marginal,2025-05-12 21:59:00,baseline,145.2,200.43090148925782,161.1660614013672
3,0.95,marginal,2025-05-12 23:38:00,baseline,146.08,209.97789855957032,170.7130584716797
3,0.95,marginal,2025-05-13 01:17:00,baseline,154.0,211.43705078125,172.17221069335938
3,0.95,marginal,2025-05-13 02:56:00,baseline,169.84,210.3026513671875,171.03781127929688
3,0.95,marginal,2025-05-13 04:35:00,baseline,169.84,211.22451110839845,171.9596710205078
3,0.95,marginal,2025-05-13 06:14:00,baseline,144.32,154.35395904541016,115.08911895751953
3,0.95,marginal,2025-05-13 07:53:00,baseline,133.76,137.85839935302735,98.59355926513672
3,0.95,marginal,2025-05-13 09:32:00,baseline,52.8,145.76001068115235,106.49517059326172
3,0.95,marginal,2025-05-13 11:11:00,baseline,63.8,134.1027993774414,94.83795928955078
3,0.95,marginal,2025-05-13 12:50:00,baseline,75.68,144.7622232055664,105.49738311767578
3,0.95,marginal,2025-05-13 14:28:00,baseline,79.2,138.46817108154298,99.20333099365234
3,0.95,marginal,2025-05-13 16:07:00,baseline,92.4,137.28308197021485,98.01824188232422
3,0.95,marginal,2025-05-13 17:46:00,baseline,94.16,151.49646087646485,112.23162078857422
3,0.95,marginal,2025-05-13 19:25:00,baseline,133.76,179.03051086425782,139.7656707763672
3,0.95,marginal,2025-05-13 21:04:00,baseline,139.04,190.07734008789063,150.8125
3,0.95,marginal,2025-05-13 22:43:00,baseline,159.28,197.86097045898438,158.59613037109375
3,0.95,marginal,2025-05-14 00:22:00,baseline,165.44,209.7143182373047,170.44947814941406
3,0.95,marginal,2025-05-14 02:01:00,baseline,168.08,208.42792602539063,169.1630859375
3,0.95,marginal,2025-05-14 03:40:00,baseline,167.2,214.69605346679688,175.43121337890625
3,0.95,marginal,2025-05-14 05:19:00,baseline,143.44,200.76511474609376,161.50027465820312
3,0.95,marginal,2025-05-14 06:58:00,baseline,142.56,134.7650003051758,95.50016021728516
3,0.95,marginal,2025-05-14 08:37:00,baseline,74.8,144.81112762451173,105.5462875366211
3,0.95,marginal,2025-05-14 10:16:00,baseline,54.56,129.9029397583008,90.63809967041016
3,0.95,marginal,2025-05-14 11:54:00,baseline,80.96,138.69233795166016,99.42749786376953
3,0.95,marginal,2025-05-14 13:33:00,baseline,87.12,146.1585549926758,106.89371490478516
3,0.95,marginal,2025-05-14 15:12:00,baseline,98.56,144.28425689697266,105.01941680908203
3,0.95,marginal,2025-05-14 16:51:00,baseline,101.2,154.23691650390626,114.97207641601562
3,0.95,marginal,2025-05-14 18:30:00,baseline,119.24,170.68914123535157,131.42430114746094
3,0.95,marginal,2025-05-14 20:09:00,baseline,140.8,197.21941467285157,157.95457458496094
3,0.95,marginal,2025-05-14 21:48:00,baseline,161.04,202.26116271972657,162.99632263183594
3,0.95,marginal,2025-05-14 23:27:00,baseline,162.8,214.30385681152345,175.0390167236328
3,0.95,marginal,2025-05-15 01:06:00,baseline,180.4,222.61452575683595,183.3496856689453
3,0.95,marginal,2025-05-15 02:45:00,baseline,181.28,221.13927551269532,181.8744354248047
3,0.95,marginal,2025-05-15 04:24:00,baseline,181.28,205.11078735351563,165.845947265625
3,0.95,marginal,2025-05-15 06:03:00,baseline,181.28,165.55400939941407,126.28916931152344
3,0.95,marginal,2025-05-15 07:41:00,baseline,153.12,153.71001525878907,114.44517517089844
3,0.95,adaptive,2025-05-10 22:11:00,elevated_risk,137.28,206.58677316635175,167.93466186523438
3,0.95,adaptive,2025-05-10 23:50:00,elevated_risk,154.88,216.33506096788375,172.84884643554688
3,0.95,adaptive,2025-05-11 01:28:00,baseline,161.04,207.59436589536114,176.22366333007812
3,0.95,adaptive,2025-05-11 03:07:00,baseline,161.04,203.27246471747503,179.4152374267578
3,0.95,adaptive,2025-05-11 04:46:00,baseline,145.2,217.5611643852965,162.50595092773438
3,0.95,adaptive,2025-05-11 06:25:00,baseline,142.56,253.12616991336216,100.88557434082031
3,0.95,adaptive,2025-05-11 08:04:00,baseline,141.68,139.8057626133417,102.26216888427734
3,0.95,adaptive,2025-05-11 09:43:00,baseline,53.68,132.8993028630157,103.83819580078125
3,0.95,adaptive,2025-05-11 11:22:00,baseline,65.12,144.32588495670333,88.8752670288086
3,0.95,adaptive,2025-05-11 13:01:00,baseline,83.6,179.80256140922256,113.53485107421875
3,0.95,adaptive,2025-05-11 14:40:00,baseline,90.64,168.38635087121128,100.56824493408203
3,0.95,adaptive,2025-05-11 16:19:00,baseline,91.52,153.35489933243426,101.215576171875
3,0.95,adaptive,2025-05-11 17:58:00,baseline,138.16,194.43743464490205,118.34355163574219
3,0.95,adaptive,2025-05-11 19:37:00,baseline,139.04,179.80124815262553,145.5152587890625
3,0.95,adaptive,2025-05-11 21:16:00,baseline,145.64,199.66639868873253,153.53829956054688
3,0.95,adaptive,2025-05-11 22:54:00,baseline,172.48,206.57810076213892,166.49139404296875
3,0.95,adaptive,2025-05-12 00:33:00,baseline,183.92,206.02656909243254,175.60275268554688
3,0.95,adaptive,2025-05-12 02:12:00,baseline,184.8,205.82786521177772,173.81561279296875
3,0.95,adaptive,2025-05-12 03:51:00,baseline,183.92,201.01118881760692,166.36294555664062
3,0.95,adaptive,2025-05-12 05:30:00,baseline,139.04,236.2674491427664,130.2897186279297
3,0.95,adaptive,2025-05-12 07:09:00,baseline,139.04,132.70090267801984,87.38593292236328
3,0.95,adaptive,2025-05-12 08:48:00,baseline,53.68,138.25668735150364,94.0810546875
3,0.95,adaptive,2025-05-12 10:27:00,baseline,58.08,165.99903196215402,89.40043640136719
3,0.95,adaptive,2025-05-12 12:06:00,baseline,65.12,152.33780679055843,106.15923309326172
3,0.95,adaptive,2025-05-12 13:45:00,baseline,87.12,174.44319974608732,112.48113250732422
3,0.95,adaptive,2025-05-12 15:24:00,baseline,88.0,158.74444992887933,109.53678131103516
3,0.95,adaptive,2025-05-12 17:03:00,baseline,118.8,173.59218353032662,113.0787124633789
3,0.95,adaptive,2025-05-12 18:41:00,baseline,132.88,203.54425802343786,153.60592651367188
3,0.95,adaptive,2025-05-12 20:20:00,baseline,144.32,180.49551033734357,152.37591552734375
3,0.95,adaptive,2025-05-12 21:59:00,baseline,145.2,186.13981388605004,161.1660614013672
3,0.95,adaptive,2025-05-12 23:38:00,baseline,146.08,209.22543316961594,170.7130584716797
3,0.95,adaptive,2025-05-13 01:17:00,baseline,154.0,207.27926849915644,172.17221069335938
3,0.95,adaptive,2025-05-13 02:56:00,baseline,169.84,216.46497844836517,171.03781127929688
3,0.95,adaptive,2025-05-13 04:35:00,baseline,169.84,292.1908367505883,171.9596710205078
3,0.95,adaptive,2025-05-13 06:14:00,baseline,144.32,221.19516997659326,115.08911895751953
3,0.95,adaptive,2025-05-13 07:53:00,baseline,133.76,198.76741411482303,98.59355926513672
3,0.95,adaptive,2025-05-13 09:32:00,baseline,52.8,155.9359038187273,106.49517059326172
3,0.95,adaptive,2025-05-13 11:11:00,baseline,63.8,147.09523519908547,94.83795928955078
3,0.95,adaptive,2025-05-13 12:50:00,baseline,75.68,152.15733723762048,105.49738311767578
3,0.95,adaptive,2025-05-13 14:28:00,baseline,79.2,149.6211650437983,99.20333099365234
3,0.95,adaptive,2025-05-13 16:07:00,baseline,92.4,143.31242227063026,98.01824188232422
3,0.95,adaptive,2025-05-13 17:46:00,baseline,94.16,171.51960732886818,112.23162078857422
3,0.95,adaptive,2025-05-13 19:25:00,baseline,133.76,191.42244369921568,139.7656707763672
3,0.95,adaptive,2025-05-13 21:04:00,baseline,139.04,179.44221922814046,150.8125
3,0.95,adaptive,2025-05-13 22:43:00,baseline,159.28,183.521160202288,158.59613037109375
3,0.95,adaptive,2025-05-14 00:22:00,baseline,165.44,195.261656911306,170.44947814941406
3,0.95,adaptive,2025-05-14 02:01:00,baseline,168.08,194.57720222136356,169.1630859375
3,0.95,adaptive,2025-05-14 03:40:00,baseline,167.2,205.56753824205109,175.43121337890625
3,0.95,adaptive,2025-05-14 05:19:00,baseline,143.44,256.83455927276094,161.50027465820312
3,0.95,adaptive,2025-05-14 06:58:00,baseline,142.56,167.24650069841945,95.50016021728516
3,0.95,adaptive,2025-05-14 08:37:00,baseline,74.8,146.2909998192339,105.5462875366211
3,0.95,adaptive,2025-05-14 10:16:00,baseline,54.56,130.55387248386452,90.63809967041016
3,0.95,adaptive,2025-05-14 11:54:00,baseline,80.96,131.23888637634317,99.42749786376953
3,0.95,adaptive,2025-05-14 13:33:00,baseline,87.12,181.62904526803544,106.89371490478516
3,0.95,adaptive,2025-05-14 15:12:00,baseline,98.56,150.99176797837004,105.01941680908203
3,0.95,adaptive,2025-05-14 16:51:00,baseline,101.2,161.24752471452845,114.97207641601562
3,0.95,adaptive,2025-05-14 18:30:00,baseline,119.24,166.74019347449632,131.42430114746094
3,0.95,adaptive,2025-05-14 20:09:00,baseline,140.8,177.63818599403746,157.95457458496094
3,0.95,adaptive,2025-05-14 21:48:00,baseline,161.04,187.62271132333638,162.99632263183594
3,0.95,adaptive,2025-05-14 23:27:00,baseline,162.8,199.24594413223855,175.0390167236328
3,0.95,adaptive,2025-05-15 01:06:00,baseline,180.4,203.71098648023968,183.3496856689453
3,0.95,adaptive,2025-05-15 02:45:00,baseline,181.28,204.44833367343614,181.8744354248047
3,0.95,adaptive,2025-05-15 04:24:00,baseline,181.28,199.70919122346393,165.845947265625
3,0.95,adaptive,2025-05-15 06:03:00,baseline,181.28,241.77369247283718,126.28916931152344
3,0.95,adaptive,2025-05-15 07:41:00,baseline,153.12,171.4199709097282,114.44517517089844
3,0.95,mondrian,2025-05-10 22:11:00,elevated_risk,137.28,217.84152526855468,167.93466186523438
3,0.95,mondrian,2025-05-10 23:50:00,elevated_risk,154.88,222.75570983886718,172.84884643554688
3,0.95,mondrian,2025-05-11 01:28:00,baseline,161.04,211.65398040771484,176.22366333007812
3,0.95,mondrian,2025-05-11 03:07:00,baseline,161.04,214.84555450439453,179.4152374267578
3,0.95,mondrian,2025-05-11 04:46:00,baseline,145.2,197.9362680053711,162.50595092773438
3,0.95,mondrian,2025-05-11 06:25:00,baseline,142.56,136.31589141845703,100.88557434082031
3,0.95,mondrian,2025-05-11 08:04:00,baseline,141.68,137.69248596191406,102.26216888427734
3,0.95,mondrian,2025-05-11 09:43:00,baseline,53.68,139.26851287841797,103.83819580078125
3,0.95,mondrian,2025-05-11 11:22:00,baseline,65.12,124.30558410644531,88.8752670288086
3,0.95,mondrian,2025-05-11 13:01:00,baseline,83.6,148.96516815185547,113.53485107421875
3,0.95,mondrian,2025-05-11 14:40:00,baseline,90.64,135.99856201171875,100.56824493408203
3,0.95,mondrian,2025-05-11 16:19:00,baseline,91.52,136.64589324951172,101.215576171875
3,0.95,mondrian,2025-05-11 17:58:00,baseline,138.16,153.7738687133789,118.34355163574219
3,0.95,mondrian,2025-05-11 19:37:00,baseline,139.04,180.94557586669922,145.5152587890625
3,0.95,mondrian,2025-05-11 21:16:00,baseline,145.64,188.9686166381836,153.53829956054688
3,0.95,mondrian,2025-05-11 22:54:00,baseline,172.48,201.92171112060547,166.49139404296875
3,0.95,mondrian,2025-05-12 00:33:00,baseline,183.92,211.0330697631836,175.60275268554688
3,0.95,mondrian,2025-05-12 02:12:00,baseline,184.8,209.24592987060547,173.81561279296875
3,0.95,mondrian,2025-05-12 03:51:00,baseline,183.92,201.79326263427734,166.36294555664062
3,0.95,mondrian,2025-05-12 05:30:00,baseline,139.04,165.7200357055664,130.2897186279297
3,0.95,mondrian,2025-05-12 07:09:00,baseline,139.04,122.81625,87.38593292236328
3,0.95,mondrian,2025-05-12 08:48:00,baseline,53.68,129.51137176513672,94.0810546875
3,0.95,mondrian,2025-05-12 10:27:00,baseline,58.08,124.8307534790039,89.40043640136719
3,0.95,mondrian,2025-05-12 12:06:00,baseline,65.12,141.58955017089843,106.15923309326172
3,0.95,mondrian,2025-05-12 13:45:00,baseline,87.12,147.91144958496093,112.48113250732422
3,0.95,mondrian,2025-05-12 15:24:00,baseline,88.0,144.96709838867187,109.53678131103516
3,0.95,mondrian,2025-05-12 17:03:00,baseline,118.8,148.50902954101562,113.0787124633789
3,0.95,mondrian,2025-05-12 18:41:00,baseline,132.88,189.0362435913086,153.60592651367188
3,0.95,mondrian,2025-05-12 20:20:00,baseline,144.32,187.80623260498047,152.37591552734375
3,0.95,mondrian,2025-05-12 21:59:00,baseline,145.2,196.5963784790039,161.1660614013672
3,0.95,mondrian,2025-05-12 23:38:00,baseline,146.08,206.1433755493164,170.7130584716797
3,0.95,mondrian,2025-05-13 01:17:00,baseline,154.0,207.6025277709961,172.17221069335938
3,0.95,mondrian,2025-05-13 02:56:00,baseline,169.84,206.4681283569336,171.03781127929688
3,0.95,mondrian,2025-05-13 04:35:00,baseline,169.84,207.38998809814453,171.9596710205078
3,0.95,mondrian,2025-05-13 06:14:00,baseline,144.32,150.51943603515625,115.08911895751953
3,0.95,mondrian,2025-05-13 07:53:00,baseline,133.76,134.02387634277343,98.59355926513672
3,0.95,mondrian,2025-05-13 09:32:00,baseline,52.8,141.92548767089843,106.49517059326172
3,0.95,mondrian,2025-05-13 11:11:00,baseline,63.8,130.2682763671875,94.83795928955078
3,0.95,mondrian,2025-05-13 12:50:00,baseline,75.68,140.9277001953125,105.49738311767578
3,0.95,mondrian,2025-05-13 14:28:00,baseline,79.2,134.63364807128906,99.20333099365234
3,0.95,mondrian,2025-05-13 16:07:00,baseline,92.4,133.44855895996093,98.01824188232422
3,0.95,mondrian,2025-05-13 17:46:00,baseline,94.16,147.66193786621093,112.23162078857422
3,0.95,mondrian,2025-05-13 19:25:00,baseline,133.76,175.1959878540039,139.7656707763672
3,0.95,mondrian,2025-05-13 21:04:00,baseline,139.04,186.24281707763672,150.8125
3,0.95,mondrian,2025-05-13 22:43:00,baseline,159.28,194.02644744873047,158.59613037109375
3,0.95,mondrian,2025-05-14 00:22:00,baseline,165.44,205.87979522705078,170.44947814941406
3,0.95,mondrian,2025-05-14 02:01:00,baseline,168.08,204.59340301513672,169.1630859375
3,0.95,mondrian,2025-05-14 03:40:00,baseline,167.2,210.86153045654297,175.43121337890625
3,0.95,mondrian,2025-05-14 05:19:00,baseline,143.44,196.93059173583984,161.50027465820312
3,0.95,mondrian,2025-05-14 06:58:00,baseline,142.56,130.93047729492187,95.50016021728516
3,0.95,mondrian,2025-05-14 08:37:00,baseline,74.8,140.9766046142578,105.5462875366211
3,0.95,mondrian,2025-05-14 10:16:00,baseline,54.56,126.06841674804687,90.63809967041016
3,0.95,mondrian,2025-05-14 11:54:00,baseline,80.96,134.85781494140625,99.42749786376953
3,0.95,mondrian,2025-05-14 13:33:00,baseline,87.12,142.32403198242187,106.89371490478516
3,0.95,mondrian,2025-05-14 15:12:00,baseline,98.56,140.44973388671875,105.01941680908203
3,0.95,mondrian,2025-05-14 16:51:00,baseline,101.2,150.40239349365234,114.97207641601562
3,0.95,mondrian,2025-05-14 18:30:00,baseline,119.24,166.85461822509765,131.42430114746094
3,0.95,mondrian,2025-05-14 20:09:00,baseline,140.8,193.38489166259765,157.95457458496094
3,0.95,mondrian,2025-05-14 21:48:00,baseline,161.04,198.42663970947265,162.99632263183594
3,0.95,mondrian,2025-05-14 23:27:00,baseline,162.8,210.46933380126953,175.0390167236328
3,0.95,mondrian,2025-05-15 01:06:00,baseline,180.4,218.78000274658203,183.3496856689453
3,0.95,mondrian,2025-05-15 02:45:00,baseline,181.28,217.3047525024414,181.8744354248047
3,0.95,mondrian,2025-05-15 04:24:00,baseline,181.28,201.27626434326172,165.845947265625
3,0.95,mondrian,2025-05-15 06:03:00,baseline,181.28,161.71948638916015,126.28916931152344
3,0.95,mondrian,2025-05-15 07:41:00,baseline,153.12,149.87549224853515,114.44517517089844
4,0.8,marginal,2025-05-15 09:20:00,baseline,72.16,111.36438964843751,105.99943542480469
4,0.8,marginal,2025-05-15 10:59:00,baseline,61.6,88.0796453857422,82.71469116210938
4,0.8,marginal,2025-05-15 12:38:00,baseline,66.0,112.04684661865235,106.68189239501953
4,0.8,marginal,2025-05-15 14:17:00,baseline,79.2,106.33430694580079,100.96935272216797
4,0.8,marginal,2025-05-15 15:56:00,baseline,129.36,105.84310363769532,100.4781494140625
4,0.8,marginal,2025-05-15 17:35:00,baseline,149.6,141.5570166015625,136.1920623779297
4,0.8,marginal,2025-05-15 19:14:00,baseline,150.04,159.0763494873047,153.71139526367188
4,0.8,marginal,2025-05-15 20:53:00,baseline,158.4,163.22609924316407,157.86114501953125
4,0.8,marginal,2025-05-15 22:32:00,baseline,158.4,184.20144104003907,178.83648681640625
4,0.8,marginal,2025-05-16 00:11:00,baseline,172.48,183.89797424316407,178.53302001953125
4,0.8,marginal,2025-05-16 01:50:00,baseline,182.16,189.44661926269532,184.0816650390625
4,0.8,marginal,2025-05-16 03:28:00,baseline,183.04,183.90397094726563,178.5390167236328
4,0.8,marginal,2025-05-16 05:07:00,baseline,182.16,181.3127996826172,175.94784545898438
4,0.8,marginal,2025-05-16 06:46:00,baseline,166.32,133.74642395019532,128.3814697265625
4,0.8,marginal,2025-05-16 08:25:00,baseline,80.96,133.60380004882813,128.2388458251953
4,0.8,marginal,2025-05-16 10:04:00,baseline,66.88,88.77696441650392,83.4120101928711
4,0.8,marginal,2025-05-16 11:43:00,baseline,80.08,111.74086975097657,106.37591552734375
4,0.8,marginal,2025-05-16 13:22:00,baseline,107.36,119.16471313476563,113.79975891113281
4,0.8,marginal,2025-05-16 15:01:00,baseline,109.12,136.395517578125,131.0305633544922
4,0.8,marginal,2025-05-16 16:40:00,baseline,139.04,160.64797424316407,155.28302001953125
4,0.8,marginal,2025-05-16 18:19:00,baseline,156.64,164.05040954589845,158.68545532226562
4,0.8,marginal,2025-05-16 19:58:00,baseline,156.64,175.83059143066407,170.46563720703125
4,0.8,marginal,2025-05-16 21:37:00,baseline,173.36,177.68087219238282,172.31591796875
4,0.8,marginal,2025-05-16 23:16:00,baseline,175.12,189.86315368652345,184.49819946289062
4,0.8,marginal,2025-05-17 00:54:00,baseline,188.32,189.28609680175782,183.921142578125
4,0.8,marginal,2025-05-17 02:33:00,baseline,191.84,190.47150634765626,185.10655212402344
4,0.8,marginal,2025-05-17 04:12:00,baseline,191.84,186.10126708984376,180.73631286621094
4,0.8,marginal,2025-05-17 05:51:00,baseline,190.96,166.1316015625,160.7666473388672
4,0.8,marginal,2025-05-17 07:30:00,baseline,157.52,130.44741271972657,125.08245849609375
4,0.8,marginal,2025-05-17 09:09:00,baseline,61.6,114.20179199218751,108.83683776855469
4,0.8,marginal,2025-05-17 10:48:00,baseline,59.84,78.1472494506836,72.78229522705078
4,0.8,marginal,2025-05-17 12:27:00,baseline,73.04,113.06186889648438,107.69691467285156
4,0.8,marginal,2025-05-17 14:06:00,baseline,74.8,118.88730072021485,113.52234649658203
4,0.8,marginal,2025-05-17 15:45:00,baseline,144.32,112.77701782226563,107.41206359863281
4,0.8,marginal,2025-05-17 17:24:00,baseline,146.08,151.56177734375,146.1968231201172
4,0.8,marginal,2025-05-17 19:03:00,baseline,146.08,162.63466857910157,157.26971435546875
4,0.8,marginal,2025-05-17 20:41:00,baseline,147.84,164.47286437988282,159.10791015625
4,0.8,marginal,2025-05-17 22:20:00,baseline,154.0,181.08671020507813,175.7217559814453
4,0.8,marginal,2025-05-17 23:59:00,baseline,154.88,182.63216613769532,177.2672119140625
4,0.8,marginal,2025-05-18 01:38:00,baseline,193.6,184.89133666992188,179.52638244628906
4,0.8,marginal,2025-05-18 03:17:00,baseline,194.48,190.06148742675782,184.696533203125
4,0.8,marginal,2025-05-18 04:56:00,baseline,193.6,154.78243469238282,149.41748046875
4,0.8,marginal,2025-05-18 06:35:00,baseline,186.56,146.74941467285157,141.38446044921875
4,0.8,marginal,2025-05-18 08:14:00,baseline,119.68,143.75614379882813,138.3911895751953
4,0.8,marginal,2025-05-18 09:53:00,baseline,56.32,91.38507293701173,86.0201187133789
4,0.8,marginal,2025-05-18 11:32:00,baseline,70.4,101.90369628906251,96.53874206542969
4,0.8,marginal,2025-05-18 13:11:00,baseline,75.68,118.31682037353517,112.95186614990234
4,0.8,marginal,2025-05-18 14:50:00,baseline,98.56,116.63656066894532,111.2716064453125
4,0.8,marginal,2025-05-18 16:28:00,baseline,127.6,112.97847198486329,107.61351776123047
4,0.8,marginal,2025-05-18 18:07:00,baseline,138.16,153.78185485839845,148.41690063476562
4,0.8,marginal,2025-05-18 19:46:00,baseline,145.2,152.0835516357422,146.71859741210938
4,0.8,marginal,2025-05-18 21:25:00,baseline,156.64,161.91686462402345,156.55191040039062
4,0.8,marginal,2025-05-18 23:04:00,baseline,156.64,182.20141052246095,176.83645629882812
4,0.8,marginal,2025-05-19 00:43:00,baseline,170.72,180.75718139648438,175.39222717285156
4,0.8,marginal,2025-05-19 02:22:00,baseline,194.48,186.6573583984375,181.2924041748047
4,0.8,marginal,2025-05-19 04:01:00,baseline,202.4,195.14846252441407,189.78350830078125
4,0.8,marginal,2025-05-19 05:40:00,baseline,202.4,172.63141845703126,167.26646423339844
4,0.8,marginal,2025-05-19 07:19:00,baseline,189.2,171.42597412109376,166.06101989746094
4,0.8,marginal,2025-05-19 08:58:00,baseline,187.44,153.16135620117188,147.79640197753906
4,0.8,marginal,2025-05-19 10:37:00,baseline,86.24,115.22411560058595,109.85916137695312
4,0.8,marginal,2025-05-19 12:16:00,baseline,85.36,104.20069335937501,98.83573913574219
4,0.8,marginal,2025-05-19 13:54:00,baseline,97.68,123.67064880371095,118.30569458007812
4,0.8,marginal,2025-05-19 15:33:00,baseline,102.96,117.32643341064454,111.96147918701172
4,0.8,marginal,2025-05-19 17:12:00,baseline,134.64,133.28542541503907,127.92047119140625
4,0.8,marginal,2025-05-19 18:51:00,baseline,139.92,161.77457641601563,156.4096221923828
4,0.8,adaptive,2025-05-15 09:20:00,baseline,72.16,116.95337060704567,105.99943542480469
4,0.8,adaptive,2025-05-15 10:59:00,baseline,61.6,89.74056952806839,82.71469116210938
4,0.8,adaptive,2025-05-15 12:38:00,baseline,66.0,118.1514368735771,106.68189239501953
4,0.8,adaptive,2025-05-15 14:17:00,baseline,79.2,111.17613745929539,100.96935272216797
4,0.8,adaptive,2025-05-15 15:56:00,baseline,129.36,109.12012156528876,100.4781494140625
4,0.8,adaptive,2025-05-15 17:35:00,baseline,149.6,138.10464344397556,136.1920623779297
4,0.8,adaptive,2025-05-15 19:14:00,baseline,150.04,157.81315840464944,153.71139526367188
4,0.8,adaptive,2025-05-15 20:53:00,baseline,158.4,163.72616473702197,157.86114501953125
4,0.8,adaptive,2025-05-15 22:32:00,baseline,158.4,184.5399231836237,178.83648681640625
4,0.8,adaptive,2025-05-16 00:11:00,baseline,172.48,183.75643690704388,178.53302001953125
4,0.8,adaptive,2025-05-16 01:50:00,baseline,182.16,188.35213521981203,184.0816650390625
4,0.8,adaptive,2025-05-16 03:28:00,baseline,183.04,182.83986395608426,178.5390167236328
4,0.8,adaptive,2025-05-16 05:07:00,baseline,182.16,190.38216326902057,175.94784545898438
4,0.8,adaptive,2025-05-16 06:46:00,baseline,166.32,149.05433422630557,128.3814697265625
4,0.8,adaptive,2025-05-16 08:25:00,baseline,80.96,145.65818158354415,128.2388458251953
4,0.8,adaptive,2025-05-16 10:04:00,baseline,66.88,95.28318758302709,83.4120101928711
4,0.8,adaptive,2025-05-16 11:43:00,baseline,80.08,112.33918025111136,106.37591552734375
4,0.8,adaptive,2025-05-16 13:22:00,baseline,107.36,122.48351394065172,113.79975891113281
4,0.8,adaptive,2025-05-16 15:01:00,baseline,109.12,136.0318184309647,131.0305633544922
4,0.8,adaptive,2025-05-16 16:40:00,baseline,139.04,161.3536017265237,155.28302001953125
4,0.8,adaptive,2025-05-16 18:19:00,baseline,156.64,162.61503271808755,158.68545532226562
4,0.8,adaptive,2025-05-16 19:58:00,baseline,156.64,174.9139035698892,170.46563720703125
4,0.8,adaptive,2025-05-16 21:37:00,baseline,173.36,177.55917164873108,172.31591796875
4,0.8,adaptive,2025-05-16 23:16:00,baseline,175.12,189.66155072839413,184.49819946289062
4,0.8,adaptive,2025-05-17 00:54:00,baseline,188.32,188.280399488423,183.921142578125
4,0.8,adaptive,2025-05-17 02:33:00,baseline,191.84,189.97678738522342,185.10655212402344
4,0.8,adaptive,2025-05-17 04:12:00,baseline,191.84,190.7433499280286,180.73631286621094
4,0.8,adaptive,2025-05-17 05:51:00,baseline,190.96,184.79203740427783,160.7666473388672
4,0.8,adaptive,2025-05-17 07:30:00,baseline,157.52,140.47570423019522,125.08245849609375
4,0.8,adaptive,2025-05-17 09:09:00,baseline,61.6,121.03456367395675,108.83683776855469
4,0.8,adaptive,2025-05-17 10:48:00,baseline,59.84,85.82630334859233,72.78229522705078
4,0.8,adaptive,2025-05-17 12:27:00,baseline,73.04,119.21573586582396,107.69691467285156
4,0.8,adaptive,2025-05-17 14:06:00,baseline,74.8,127.20860391711525,113.52234649658203
4,0.8,adaptive,2025-05-17 15:45:00,baseline,144.32,120.30617111987893,107.41206359863281
4,0.8,adaptive,2025-05-17 17:24:00,baseline,146.08,152.22122409179417,146.1968231201172
4,0.8,adaptive,2025-05-17 19:03:00,baseline,146.08,162.62322552439056,157.26971435546875
4,0.8,adaptive,2025-05-17 20:41:00,baseline,147.84,166.43700683775413,159.10791015625
4,0.8,adaptive,2025-05-17 22:20:00,baseline,154.0,181.81367902731435,175.7217559814453
4,0.8,adaptive,2025-05-17 23:59:00,baseline,154.88,183.1092371663586,177.2672119140625
4,0.8,adaptive,2025-05-18 01:38:00,baseline,193.6,185.338764857249,179.52638244628906
4,0.8,adaptive,2025-05-18 03:17:00,baseline,194.48,188.2813593641162,184.696533203125
4,0.8,adaptive,2025-05-18 04:56:00,baseline,193.6,162.52864942451387,149.41748046875
4,0.8,adaptive,2025-05-18 06:35:00,baseline,186.56,163.91026897193655,141.38446044921875
4,0.8,adaptive,2025-05-18 08:14:00,baseline,119.68,157.227118069869,138.3911895751953
4,0.8,adaptive,2025-05-18 09:53:00,baseline,56.32,95.70567679422017,86.0201187133789
4,0.8,adaptive,2025-05-18 11:32:00,baseline,70.4,107.11253300835635,96.53874206542969
4,0.8,adaptive,2025-05-18 13:11:00,baseline,75.68,122.02063750224396,112.95186614990234
4,0.8,adaptive,2025-05-18 14:50:00,baseline,98.56,119.8692496828109,111.2716064453125
4,0.8,adaptive,2025-05-18 16:28:00,baseline,127.6,115.4315074966318,107.61351776123047
4,0.8,adaptive,2025-05-18 18:07:00,baseline,138.16,154.6839870030689,148.41690063476562
4,0.8,adaptive,2025-05-18 19:46:00,baseline,145.2,153.38315291454333,146.71859741210938
4,0.8,adaptive,2025-05-18 21:25:00,baseline,156.64,162.82068702467942,156.55191040039062
4,0.8,adaptive,2025-05-18 23:04:00,baseline,156.64,181.85412007705378,176.83645629882812
4,0.8,adaptive,2025-05-19 00:43:00,baseline,170.72,181.04950992217383,175.39222717285156
4,0.8,adaptive,2025-05-19 02:22:00,baseline,194.48,184.734443848129,181.2924041748047
4,0.8,adaptive,2025-05-19 04:01:00,baseline,202.4,193.72373375924215,189.78350830078125
4,0.8,adaptive,2025-05-19 05:40:00,baseline,202.4,193.45926369720343,167.26646423339844
4,0.8,adaptive,2025-05-19 07:19:00,baseline,189.2,186.4469377656516,166.06101989746094
4,0.8,adaptive,2025-05-19 08:58:00,baseline,187.44,171.43005510574662,147.79640197753906
4,0.8,adaptive,2025-05-19 10:37:00,baseline,86.24,125.60663829652876,109.85916137695312
4,0.8,adaptive,2025-05-19 12:16:00,baseline,85.36,106.95228965544246,98.83573913574219
4,0.8,adaptive,2025-05-19 13:54:00,baseline,97.68,126.95942855715641,118.30569458007812
4,0.8,adaptive,2025-05-19 15:33:00,baseline,102.96,121.12246786328801,111.96147918701172
4,0.8,adaptive,2025-05-19 17:12:00,baseline,134.64,135.29502538267843,127.92047119140625
4,0.8,adaptive,2025-05-19 18:51:00,baseline,139.92,161.58796060194956,156.4096221923828
4,0.8,mondrian,2025-05-15 09:20:00,baseline,72.16,111.25681823730469,105.99943542480469
4,0.8,mondrian,2025-05-15 10:59:00,baseline,61.6,87.97207397460937,82.71469116210938
4,0.8,mondrian,2025-05-15 12:38:00,baseline,66.0,111.93927520751953,106.68189239501953
4,0.8,mondrian,2025-05-15 14:17:00,baseline,79.2,106.22673553466797,100.96935272216797
4,0.8,mondrian,2025-05-15 15:56:00,baseline,129.36,105.7355322265625,100.4781494140625
4,0.8,mondrian,2025-05-15 17:35:00,baseline,149.6,141.44944519042969,136.1920623779297
4,0.8,mondrian,2025-05-15 19:14:00,baseline,150.04,158.96877807617187,153.71139526367188
4,0.8,mondrian,2025-05-15 20:53:00,baseline,158.4,163.11852783203125,157.86114501953125
4,0.8,mondrian,2025-05-15 22:32:00,baseline,158.4,184.09386962890625,178.83648681640625
4,0.8,mondrian,2025-05-16 00:11:00,baseline,172.48,183.79040283203125,178.53302001953125
4,0.8,mondrian,2025-05-16 01:50:00,baseline,182.16,189.3390478515625,184.0816650390625
4,0.8,mondrian,2025-05-16 03:28:00,baseline,183.04,183.7963995361328,178.5390167236328
4,0.8,mondrian,2025-05-16 05:07:00,baseline,182.16,181.20522827148437,175.94784545898438
4,0.8,mondrian,2025-05-16 06:46:00,baseline,166.32,133.6388525390625,128.3814697265625
4,0.8,mondrian,2025-05-16 08:25:00,baseline,80.96,133.4962286376953,128.2388458251953
4,0.8,mondrian,2025-05-16 10:04:00,baseline,66.88,88.66939300537109,83.4120101928711
4,0.8,mondrian,2025-05-16 11:43:00,baseline,80.08,111.63329833984375,106.37591552734375
4,0.8,mondrian,2025-05-16 13:22:00,baseline,107.36,119.05714172363281,113.79975891113281
4,0.8,mondrian,2025-05-16 15:01:00,baseline,109.12,136.28794616699219,131.0305633544922
4,0.8,mondrian,2025-05-16 16:40:00,baseline,139.04,160.54040283203125,155.28302001953125
4,0.8,mondrian,2025-05-16 18:19:00,baseline,156.64,163.94283813476562,158.68545532226562
4,0.8,mondrian,2025-05-16 19:58:00,baseline,156.64,175.72302001953125,170.46563720703125
4,0.8,mondrian,2025-05-16 21:37:00,baseline,173.36,177.57330078125,172.31591796875
4,0.8,mondrian,2025-05-16 23:16:00,baseline,175.12,189.75558227539062,184.49819946289062
4,0.8,mondrian,2025-05-17 00:54:00,baseline,188.32,189.178525390625,183.921142578125
4,0.8,mondrian,2025-05-17 02:33:00,baseline,191.84,190.36393493652344,185.10655212402344
4,0.8,mondrian,2025-05-17 04:12:00,baseline,191.84,185.99369567871094,180.73631286621094
4,0.8,mondrian,2025-05-17 05:51:00,baseline,190.96,166.02403015136719,160.7666473388672
4,0.8,mondrian,2025-05-17 07:30:00,baseline,157.52,130.33984130859375,125.08245849609375
4,0.8,mondrian,2025-05-17 09:09:00,baseline,61.6,114.09422058105469,108.83683776855469
4,0.8,mondrian,2025-05-17 10:48:00,baseline,59.84,78.03967803955078,72.78229522705078
4,0.8,mondrian,2025-05-17 12:27:00,baseline,73.04,112.95429748535156,107.69691467285156
4,0.8,mondrian,2025-05-17 14:06:00,baseline,74.8,118.77972930908203,113.52234649658203
4,0.8,mondrian,2025-05-17 15:45:00,baseline,144.32,112.66944641113281,107.41206359863281
4,0.8,mondrian,2025-05-17 17:24:00,baseline,146.08,151.45420593261719,146.1968231201172
4,0.8,mondrian,2025-05-17 19:03:00,baseline,146.08,162.52709716796875,157.26971435546875
4,0.8,mondrian,2025-05-17 20:41:00,baseline,147.84,164.36529296875,159.10791015625
4,0.8,mondrian,2025-05-17 22:20:00,baseline,154.0,180.9791387939453,175.7217559814453
4,0.8,mondrian,2025-05-17 23:59:00,baseline,154.88,182.5245947265625,177.2672119140625
4,0.8,mondrian,2025-05-18 01:38:00,baseline,193.6,184.78376525878906,179.52638244628906
4,0.8,mondrian,2025-05-18 03:17:00,baseline,194.48,189.953916015625,184.696533203125
4,0.8,mondrian,2025-05-18 04:56:00,baseline,193.6,154.67486328125,149.41748046875
4,0.8,mondrian,2025-05-18 06:35:00,baseline,186.56,146.64184326171875,141.38446044921875
4,0.8,mondrian,2025-05-18 08:14:00,baseline,119.68,143.6485723876953,138.3911895751953
4,0.8,mondrian,2025-05-18 09:53:00,baseline,56.32,91.2775015258789,86.0201187133789
4,0.8,mondrian,2025-05-18 11:32:00,baseline,70.4,101.79612487792969,96.53874206542969
4,0.8,mondrian,2025-05-18 13:11:00,baseline,75.68,118.20924896240234,112.95186614990234
4,0.8,mondrian,2025-05-18 14:50:00,baseline,98.56,116.5289892578125,111.2716064453125
4,0.8,mondrian,2025-05-18 16:28:00,baseline,127.6,112.87090057373047,107.61351776123047
4,0.8,mondrian,2025-05-18 18:07:00,baseline,138.16,153.67428344726562,148.41690063476562
4,0.8,mondrian,2025-05-18 19:46:00,baseline,145.2,151.97598022460937,146.71859741210938
4,0.8,mondrian,2025-05-18 21:25:00,baseline,156.64,161.80929321289062,156.55191040039062
4,0.8,mondrian,2025-05-18 23:04:00,baseline,156.64,182.09383911132812,176.83645629882812
4,0.8,mondrian,2025-05-19 00:43:00,baseline,170.72,180.64960998535156,175.39222717285156
4,0.8,mondrian,2025-05-19 02:22:00,baseline,194.48,186.54978698730469,181.2924041748047
4,0.8,mondrian,2025-05-19 04:01:00,baseline,202.4,195.04089111328125,189.78350830078125
4,0.8,mondrian,2025-05-19 05:40:00,baseline,202.4,172.52384704589844,167.26646423339844
4,0.8,mondrian,2025-05-19 07:19:00,baseline,189.2,171.31840270996094,166.06101989746094
4,0.8,mondrian,2025-05-19 08:58:00,baseline,187.44,153.05378479003906,147.79640197753906
4,0.8,mondrian,2025-05-19 10:37:00,baseline,86.24,115.11654418945312,109.85916137695312
4,0.8,mondrian,2025-05-19 12:16:00,baseline,85.36,104.09312194824219,98.83573913574219
4,0.8,mondrian,2025-05-19 13:54:00,baseline,97.68,123.56307739257812,118.30569458007812
4,0.8,mondrian,2025-05-19 15:33:00,baseline,102.96,117.21886199951172,111.96147918701172
4,0.8,mondrian,2025-05-19 17:12:00,baseline,134.64,133.17785400390625,127.92047119140625
4,0.8,mondrian,2025-05-19 18:51:00,baseline,139.92,161.6670050048828,156.4096221923828
4,0.9,marginal,2025-05-15 09:20:00,baseline,72.16,122.94962768554687,105.99943542480469
4,0.9,marginal,2025-05-15 10:59:00,baseline,61.6,99.66488342285156,82.71469116210938
4,0.9,marginal,2025-05-15 12:38:00,baseline,66.0,123.63208465576172,106.68189239501953
4,0.9,marginal,2025-05-15 14:17:00,baseline,79.2,117.91954498291015,100.96935272216797
4,0.9,marginal,2025-05-15 15:56:00,baseline,129.36,117.42834167480468,100.4781494140625
4,0.9,marginal,2025-05-15 17:35:00,baseline,149.6,153.1422546386719,136.1920623779297
4,0.9,marginal,2025-05-15 19:14:00,baseline,150.04,170.66158752441407,153.71139526367188
4,0.9,marginal,2025-05-15 20:53:00,baseline,158.4,174.81133728027345,157.86114501953125
4,0.9,marginal,2025-05-15 22:32:00,baseline,158.4,195.78667907714845,178.83648681640625
4,0.9,marginal,2025-05-16 00:11:00,baseline,172.48,195.48321228027345,178.53302001953125
4,0.9,marginal,2025-05-16 01:50:00,baseline,182.16,201.0318572998047,184.0816650390625
4,0.9,marginal,2025-05-16 03:28:00,baseline,183.04,195.489208984375,178.5390167236328
4,0.9,marginal,2025-05-16 05:07:00,baseline,182.16,192.89803771972657,175.94784545898438
4,0.9,marginal,2025-05-16 06:46:00,baseline,166.32,145.3316619873047,128.3814697265625
4,0.9,marginal,2025-05-16 08:25:00,baseline,80.96,145.1890380859375,128.2388458251953
4,0.9,marginal,2025-05-16 10:04:00,baseline,66.88,100.36220245361328,83.4120101928711
4,0.9,marginal,2025-05-16 11:43:00,baseline,80.08,123.32610778808593,106.37591552734375
4,0.9,marginal,2025-05-16 13:22:00,baseline,107.36,130.749951171875,113.79975891113281
4,0.9,marginal,2025-05-16 15:01:00,baseline,109.12,147.9807556152344,131.0305633544922
4,0.9,marginal,2025-05-16 16:40:00,baseline,139.04,172.23321228027345,155.28302001953125
4,0.9,marginal,2025-05-16 18:19:00,baseline,156.64,175.63564758300782,158.68545532226562
4,0.9,marginal,2025-05-16 19:58:00,baseline,156.64,187.41582946777345,170.46563720703125
4,0.9,marginal,2025-05-16 21:37:00,baseline,173.36,189.2661102294922,172.31591796875
4,0.9,marginal,2025-05-16 23:16:00,baseline,175.12,201.44839172363282,184.49819946289062
4,0.9,marginal,2025-05-17 00:54:00,baseline,188.32,200.8713348388672,183.921142578125
4,0.9,marginal,2025-05-17 02:33:00,baseline,191.84,202.05674438476564,185.10655212402344
4,0.9,marginal,2025-05-17 04:12:00,baseline,191.84,197.68650512695314,180.73631286621094
4,0.9,marginal,2025-05-17 05:51:00,baseline,190.96,177.7168395996094,160.7666473388672
4,0.9,marginal,2025-05-17 07:30:00,baseline,157.52,142.03265075683595,125.08245849609375
4,0.9,marginal,2025-05-17 09:09:00,baseline,61.6,125.78703002929687,108.83683776855469
4,0.9,marginal,2025-05-17 10:48:00,baseline,59.84,89.73248748779297,72.78229522705078
4,0.9,marginal,2025-05-17 12:27:00,baseline,73.04,124.64710693359375,107.69691467285156
4,0.9,marginal,2025-05-17 14:06:00,baseline,74.8,130.47253875732423,113.52234649658203
4,0.9,marginal,2025-05-17 15:45:00,baseline,144.32,124.362255859375,107.41206359863281
4,0.9,marginal,2025-05-17 17:24:00,baseline,146.08,163.1470153808594,146.1968231201172
4,0.9,marginal,2025-05-17 19:03:00,baseline,146.08,174.21990661621095,157.26971435546875
4,0.9,marginal,2025-05-17 20:41:00,baseline,147.84,176.0581024169922,159.10791015625
4,0.9,marginal,2025-05-17 22:20:00,baseline,154.0,192.6719482421875,175.7217559814453
4,0.9,marginal,2025-05-17 23:59:00,baseline,154.88,194.2174041748047,177.2672119140625
4,0.9,marginal,2025-05-18 01:38:00,baseline,193.6,196.47657470703126,179.52638244628906
4,0.9,marginal,2025-05-18 03:17:00,baseline,194.48,201.6467254638672,184.696533203125
4,0.9,marginal,2025-05-18 04:56:00,baseline,193.6,166.3676727294922,149.41748046875
4,0.9,marginal,2025-05-18 06:35:00,baseline,186.56,158.33465270996095,141.38446044921875
4,0.9,marginal,2025-05-18 08:14:00,baseline,119.68,155.3413818359375,138.3911895751953
4,0.9,marginal,2025-05-18 09:53:00,baseline,56.32,102.97031097412109,86.0201187133789
4,0.9,marginal,2025-05-18 11:32:00,baseline,70.4,113.48893432617187,96.53874206542969
4,0.9,marginal,2025-05-18 13:11:00,baseline,75.68,129.90205841064454,112.95186614990234
4,0.9,marginal,2025-05-18 14:50:00,baseline,98.56,128.2217987060547,111.2716064453125
4,0.9,marginal,2025-05-18 16:28:00,baseline,127.6,124.56371002197265,107.61351776123047
4,0.9,marginal,2025-05-18 18:07:00,baseline,138.16,165.36709289550782,148.41690063476562
4,0.9,marginal,2025-05-18 19:46:00,baseline,145.2,163.66878967285157,146.71859741210938
4,0.9,marginal,2025-05-18 21:25:00,baseline,156.64,173.50210266113282,156.55191040039062
4,0.9,marginal,2025-05-18 23:04:00,baseline,156.64,193.78664855957032,176.83645629882812
4,0.9,marginal,2025-05-19 00:43:00,baseline,170.72,192.34241943359376,175.39222717285156
4,0.9,marginal,2025-05-19 02:22:00,baseline,194.48,198.2425964355469,181.2924041748047
4,0.9,marginal,2025-05-19 04:01:00,baseline,202.4,206.73370056152345,189.78350830078125
4,0.9,marginal,2025-05-19 05:40:00,baseline,202.4,184.21665649414064,167.26646423339844
4,0.9,marginal,2025-05-19 07:19:00,baseline,189.2,183.01121215820314,166.06101989746094
4,0.9,marginal,2025-05-19 08:58:00,baseline,187.44,164.74659423828126,147.79640197753906
4,0.9,marginal,2025-05-19 10:37:00,baseline,86.24,126.80935363769531,109.85916137695312
4,0.9,marginal,2025-05-19 12:16:00,baseline,85.36,115.78593139648437,98.83573913574219
4,0.9,marginal,2025-05-19 13:54:00,baseline,97.68,135.25588684082032,118.30569458007812
4,0.9,marginal,2025-05-19 15:33:00,baseline,102.96,128.91167144775392,111.96147918701172
4,0.9,marginal,2025-05-19 17:12:00,baseline,134.64,144.87066345214845,127.92047119140625
4,0.9,marginal,2025-05-19 18:51:00,baseline,139.92,173.359814453125,156.4096221923828
4,0.9,adaptive,2025-05-15 09:20:00,baseline,72.16,125.5061674492817,105.99943542480469
4,0.9,adaptive,2025-05-15 10:59:00,baseline,61.6,95.22635242732554,82.71469116210938
4,0.9,adaptive,2025-05-15 12:38:00,baseline,66.0,127.10681977169135,106.68189239501953
4,0.9,adaptive,2025-05-15 14:17:00,baseline,79.2,119.14556167230475,100.96935272216797
4,0.9,adaptive,2025-05-15 15:56:00,baseline,129.36,115.86774521797668,100.4781494140625
4,0.9,adaptive,2025-05-15 17:35:00,baseline,149.6,139.597980498655,136.1920623779297
4,0.9,adaptive,2025-05-15 19:14:00,baseline,150.04,161.0158016790618,153.71139526367188
4,0.9,adaptive,2025-05-15 20:53:00,baseline,158.4,168.30555299200566,157.86114501953125
4,0.9,adaptive,2025-05-15 22:32:00,baseline,158.4,188.99314768603963,178.83648681640625
4,0.9,adaptive,2025-05-16 00:11:00,baseline,172.48,187.8348637662451,178.53302001953125
4,0.9,adaptive,2025-05-16 01:50:00,baseline,182.16,191.68650440030459,184.0816650390625
4,0.9,adaptive,2025-05-16 03:28:00,baseline,183.04,186.1979514394105,178.5390167236328
4,0.9,adaptive,2025-05-16 05:07:00,baseline,182.16,201.6524315088453,175.94784545898438
4,0.9,adaptive,2025-05-16 06:46:00,baseline,166.32,165.19563936201877,128.3814697265625
4,0.9,adaptive,2025-05-16 08:25:00,baseline,80.96,159.2591420958352,128.2388458251953
4,0.9,adaptive,2025-05-16 10:04:00,baseline,66.88,104.55216414779241,83.4120101928711
4,0.9,adaptive,2025-05-16 11:43:00,baseline,80.08,116.99527788637444,106.37591552734375
4,0.9,adaptive,2025-05-16 13:22:00,baseline,107.36,129.26376152835255,113.79975891113281
4,0.9,adaptive,2025-05-16 15:01:00,baseline,109.12,139.93678207312863,131.0305633544922
4,0.9,adaptive,2025-05-16 16:40:00,baseline,139.04,166.0934921120608,155.28302001953125
4,0.9,adaptive,2025-05-16 18:19:00,baseline,156.64,165.68323392460883,158.68545532226562
4,0.9,adaptive,2025-05-16 19:58:00,baseline,156.64,178.38709542913597,170.46563720703125
4,0.9,adaptive,2025-05-16 21:37:00,baseline,173.36,181.65308701075446,172.31591796875
4,0.9,adaptive,2025-05-16 23:16:00,baseline,175.12,193.69307854595414,184.49819946289062
4,0.9,adaptive,2025-05-17 00:54:00,baseline,188.32,191.68409305759246,183.921142578125
4,0.9,adaptive,2025-05-17 02:33:00,baseline,191.84,193.77945118320437,185.10655212402344
4,0.9,adaptive,2025-05-17 04:12:00,baseline,191.84,198.55681180803066,180.73631286621094
4,0.9,adaptive,2025-05-17 05:51:00,baseline,190.96,203.5509835607307,160.7666473388672
4,0.9,adaptive,2025-05-17 07:30:00,baseline,157.52,152.49470026367845,125.08245849609375
4,0.9,adaptive,2025-05-17 09:09:00,baseline,61.6,130.5585082537384,108.83683776855469
4,0.9,adaptive,2025-05-17 10:48:00,baseline,59.84,96.01102232090217,72.78229522705078
4,0.9,adaptive,2025-05-17 12:27:00,baseline,73.04,128.20959386173925,107.69691467285156
4,0.9,adaptive,2025-05-17 14:06:00,baseline,74.8,137.89478904610365,113.52234649658203
4,0.9,adaptive,2025-05-17 15:45:00,baseline,144.32,130.37384819267717,107.41206359863281
4,0.9,adaptive,2025-05-17 17:24:00,baseline,146.08,156.92505670990735,146.1968231201172
4,0.9,adaptive,2025-05-17 19:03:00,baseline,146.08,166.80322957395464,157.26971435546875
4,0.9,adaptive,2025-05-17 20:41:00,baseline,147.84,172.15954160823895,159.10791015625
4,0.9,adaptive,2025-05-17 22:20:00,baseline,154.0,186.57023266059906,175.7217559814453
4,0.9,adaptive,2025-05-17 23:59:00,baseline,154.88,187.67067141796053,177.2672119140625
4,0.9,adaptive,2025-05-18 01:38:00,baseline,193.6,189.8770540750748,179.52638244628906
4,0.9,adaptive,2025-05-18 03:17:00,baseline,194.48,191.08037993157387,184.696533203125
4,0.9,adaptive,2025-05-18 04:56:00,baseline,193.6,172.7658073570058,149.41748046875
4,0.9,adaptive,2025-05-18 06:35:00,baseline,186.56,181.4983467537242,141.38446044921875
4,0.9,adaptive,2025-05-18 08:14:00,baseline,119.68,171.93414956764627,138.3911895751953
4,0.9,adaptive,2025-05-18 09:53:00,baseline,56.32,103.26812893501926,86.0201187133789
4,0.9,adaptive,2025-05-18 11:32:00,baseline,70.4,115.36851446913269,96.53874206542969
4,0.9,adaptive,2025-05-18 13:11:00,baseline,75.68,129.10150457830784,112.95186614990234
4,0.9,adaptive,2025-05-18 14:50:00,baseline,98.56,126.58226146432709,111.2716064453125
4,0.9,adaptive,2025-05-18 16:28:00,baseline,127.6,121.535768368102,107.61351776123047
4,0.9,adaptive,2025-05-18 18:07:00,baseline,138.16,159.5773075868665,148.41690063476562
4,0.9,adaptive,2025-05-18 19:46:00,baseline,145.2,158.58681610113368,146.71859741210938
4,0.9,adaptive,2025-05-18 21:25:00,baseline,156.64,167.7153273548344,156.55191040039062
4,0.9,adaptive,2025-05-18 23:04:00,baseline,156.64,185.77189557999688,176.83645629882812
4,0.9,adaptive,2025-05-19 00:43:00,baseline,170.72,185.46669783035907,175.39222717285156
4,0.9,adaptive,2025-05-19 02:22:00,baseline,194.48,187.42197719199862,181.2924041748047
4,0.9,adaptive,2025-05-19 04:01:00,baseline,202.4,196.8002489383221,189.78350830078125
4,0.9,adaptive,2025-05-19 05:40:00,baseline,202.4,213.91051603860376,167.26646423339844
4,0.9,adaptive,2025-05-19 07:19:00,baseline,189.2,202.36419590789615,166.06101989746094
4,0.9,adaptive,2025-05-19 08:58:00,baseline,187.44,189.88313434006088,147.79640197753906
4,0.9,adaptive,2025-05-19 10:37:00,baseline,86.24,137.90221688360026,109.85916137695312
4,0.9,adaptive,2025-05-19 12:16:00,baseline,85.36,113.28966581294313,98.83573913574219
4,0.9,adaptive,2025-05-19 13:54:00,baseline,97.68,133.716235805085,118.30569458007812
4,0.9,adaptive,2025-05-19 15:33:00,baseline,102.96,128.27533792492977,111.96147918701172
4,0.9,adaptive,2025-05-19 17:12:00,baseline,134.64,141.05305322844006,127.92047119140625
4,0.9,adaptive,2025-05-19 18:51:00,baseline,139.92,165.63119033268373,156.4096221923828
4,0.9,mondrian,2025-05-15 09:20:00,baseline,72.16,122.94962768554687,105.99943542480469
4,0.9,mondrian,2025-05-15 10:59:00,baseline,61.6,99.66488342285156,82.71469116210938
4,0.9,mondrian,2025-05-15 12:38:00,baseline,66.0,123.63208465576172,106.68189239501953
4,0.9,mondrian,2025-05-15 14:17:00,baseline,79.2,117.91954498291015,100.96935272216797
4,0.9,mondrian,2025-05-15 15:56:00,baseline,129.36,117.42834167480468,100.4781494140625
4,0.9,mondrian,2025-05-15 17:35:00,baseline,149.6,153.1422546386719,136.1920623779297
4,0.9,mondrian,2025-05-15 19:14:00,baseline,150.04,170.66158752441407,153.71139526367188
4,0.9,mondrian,2025-05-15 20:53:00,baseline,158.4,174.81133728027345,157.86114501953125
4,0.9,mondrian,2025-05-15 22:32:00,baseline,158.4,195.78667907714845,178.83648681640625
4,0.9,mondrian,2025-05-16 00:11:00,baseline,172.48,195.48321228027345,178.53302001953125
4,0.9,mondrian,2025-05-16 01:50:00,baseline,182.16,201.0318572998047,184.0816650390625
4,0.9,mondrian,2025-05-16 03:28:00,baseline,183.04,195.489208984375,178.5390167236328
4,0.9,mondrian,2025-05-16 05:07:00,baseline,182.16,192.89803771972657,175.94784545898438
4,0.9,mondrian,2025-05-16 06:46:00,baseline,166.32,145.3316619873047,128.3814697265625
4,0.9,mondrian,2025-05-16 08:25:00,baseline,80.96,145.1890380859375,128.2388458251953
4,0.9,mondrian,2025-05-16 10:04:00,baseline,66.88,100.36220245361328,83.4120101928711
4,0.9,mondrian,2025-05-16 11:43:00,baseline,80.08,123.32610778808593,106.37591552734375
4,0.9,mondrian,2025-05-16 13:22:00,baseline,107.36,130.749951171875,113.79975891113281
4,0.9,mondrian,2025-05-16 15:01:00,baseline,109.12,147.9807556152344,131.0305633544922
4,0.9,mondrian,2025-05-16 16:40:00,baseline,139.04,172.23321228027345,155.28302001953125
4,0.9,mondrian,2025-05-16 18:19:00,baseline,156.64,175.63564758300782,158.68545532226562
4,0.9,mondrian,2025-05-16 19:58:00,baseline,156.64,187.41582946777345,170.46563720703125
4,0.9,mondrian,2025-05-16 21:37:00,baseline,173.36,189.2661102294922,172.31591796875
4,0.9,mondrian,2025-05-16 23:16:00,baseline,175.12,201.44839172363282,184.49819946289062
4,0.9,mondrian,2025-05-17 00:54:00,baseline,188.32,200.8713348388672,183.921142578125
4,0.9,mondrian,2025-05-17 02:33:00,baseline,191.84,202.05674438476564,185.10655212402344
4,0.9,mondrian,2025-05-17 04:12:00,baseline,191.84,197.68650512695314,180.73631286621094
4,0.9,mondrian,2025-05-17 05:51:00,baseline,190.96,177.7168395996094,160.7666473388672
4,0.9,mondrian,2025-05-17 07:30:00,baseline,157.52,142.03265075683595,125.08245849609375
4,0.9,mondrian,2025-05-17 09:09:00,baseline,61.6,125.78703002929687,108.83683776855469
4,0.9,mondrian,2025-05-17 10:48:00,baseline,59.84,89.73248748779297,72.78229522705078
4,0.9,mondrian,2025-05-17 12:27:00,baseline,73.04,124.64710693359375,107.69691467285156
4,0.9,mondrian,2025-05-17 14:06:00,baseline,74.8,130.47253875732423,113.52234649658203
4,0.9,mondrian,2025-05-17 15:45:00,baseline,144.32,124.362255859375,107.41206359863281
4,0.9,mondrian,2025-05-17 17:24:00,baseline,146.08,163.1470153808594,146.1968231201172
4,0.9,mondrian,2025-05-17 19:03:00,baseline,146.08,174.21990661621095,157.26971435546875
4,0.9,mondrian,2025-05-17 20:41:00,baseline,147.84,176.0581024169922,159.10791015625
4,0.9,mondrian,2025-05-17 22:20:00,baseline,154.0,192.6719482421875,175.7217559814453
4,0.9,mondrian,2025-05-17 23:59:00,baseline,154.88,194.2174041748047,177.2672119140625
4,0.9,mondrian,2025-05-18 01:38:00,baseline,193.6,196.47657470703126,179.52638244628906
4,0.9,mondrian,2025-05-18 03:17:00,baseline,194.48,201.6467254638672,184.696533203125
4,0.9,mondrian,2025-05-18 04:56:00,baseline,193.6,166.3676727294922,149.41748046875
4,0.9,mondrian,2025-05-18 06:35:00,baseline,186.56,158.33465270996095,141.38446044921875
4,0.9,mondrian,2025-05-18 08:14:00,baseline,119.68,155.3413818359375,138.3911895751953
4,0.9,mondrian,2025-05-18 09:53:00,baseline,56.32,102.97031097412109,86.0201187133789
4,0.9,mondrian,2025-05-18 11:32:00,baseline,70.4,113.48893432617187,96.53874206542969
4,0.9,mondrian,2025-05-18 13:11:00,baseline,75.68,129.90205841064454,112.95186614990234
4,0.9,mondrian,2025-05-18 14:50:00,baseline,98.56,128.2217987060547,111.2716064453125
4,0.9,mondrian,2025-05-18 16:28:00,baseline,127.6,124.56371002197265,107.61351776123047
4,0.9,mondrian,2025-05-18 18:07:00,baseline,138.16,165.36709289550782,148.41690063476562
4,0.9,mondrian,2025-05-18 19:46:00,baseline,145.2,163.66878967285157,146.71859741210938
4,0.9,mondrian,2025-05-18 21:25:00,baseline,156.64,173.50210266113282,156.55191040039062
4,0.9,mondrian,2025-05-18 23:04:00,baseline,156.64,193.78664855957032,176.83645629882812
4,0.9,mondrian,2025-05-19 00:43:00,baseline,170.72,192.34241943359376,175.39222717285156
4,0.9,mondrian,2025-05-19 02:22:00,baseline,194.48,198.2425964355469,181.2924041748047
4,0.9,mondrian,2025-05-19 04:01:00,baseline,202.4,206.73370056152345,189.78350830078125
4,0.9,mondrian,2025-05-19 05:40:00,baseline,202.4,184.21665649414064,167.26646423339844
4,0.9,mondrian,2025-05-19 07:19:00,baseline,189.2,183.01121215820314,166.06101989746094
4,0.9,mondrian,2025-05-19 08:58:00,baseline,187.44,164.74659423828126,147.79640197753906
4,0.9,mondrian,2025-05-19 10:37:00,baseline,86.24,126.80935363769531,109.85916137695312
4,0.9,mondrian,2025-05-19 12:16:00,baseline,85.36,115.78593139648437,98.83573913574219
4,0.9,mondrian,2025-05-19 13:54:00,baseline,97.68,135.25588684082032,118.30569458007812
4,0.9,mondrian,2025-05-19 15:33:00,baseline,102.96,128.91167144775392,111.96147918701172
4,0.9,mondrian,2025-05-19 17:12:00,baseline,134.64,144.87066345214845,127.92047119140625
4,0.9,mondrian,2025-05-19 18:51:00,baseline,139.92,173.359814453125,156.4096221923828
4,0.95,marginal,2025-05-15 09:20:00,baseline,72.16,134.8786312866211,105.99943542480469
4,0.95,marginal,2025-05-15 10:59:00,baseline,61.6,111.59388702392579,82.71469116210938
4,0.95,marginal,2025-05-15 12:38:00,baseline,66.0,135.56108825683594,106.68189239501953
4,0.95,marginal,2025-05-15 14:17:00,baseline,79.2,129.84854858398438,100.96935272216797
4,0.95,marginal,2025-05-15 15:56:00,baseline,129.36,129.3573452758789,100.4781494140625
4,0.95,marginal,2025-05-15 17:35:00,baseline,149.6,165.0712582397461,136.1920623779297
4,0.95,marginal,2025-05-15 19:14:00,baseline,150.04,182.5905911254883,153.71139526367188
4,0.95,marginal,2025-05-15 20:53:00,baseline,158.4,186.74034088134766,157.86114501953125
4,0.95,marginal,2025-05-15 22:32:00,baseline,158.4,207.71568267822266,178.83648681640625
4,0.95,marginal,2025-05-16 00:11:00,baseline,172.48,207.41221588134766,178.53302001953125
4,0.95,marginal,2025-05-16 01:50:00,baseline,182.16,212.9608609008789,184.0816650390625
4,0.95,marginal,2025-05-16 03:28:00,baseline,183.04,207.41821258544923,178.5390167236328
4,0.95,marginal,2025-05-16 05:07:00,baseline,182.16,204.8270413208008,175.94784545898438
4,0.95,marginal,2025-05-16 06:46:00,baseline,166.32,157.2606655883789,128.3814697265625
4,0.95,marginal,2025-05-16 08:25:00,baseline,80.96,157.11804168701173,128.2388458251953
4,0.95,marginal,2025-05-16 10:04:00,baseline,66.88,112.2912060546875,83.4120101928711
4,0.95,marginal,2025-05-16 11:43:00,baseline,80.08,135.25511138916016,106.37591552734375
4,0.95,marginal,2025-05-16 13:22:00,baseline,107.36,142.67895477294923,113.79975891113281
4,0.95,marginal,2025-05-16 15:01:00,baseline,109.12,159.9097592163086,131.0305633544922
4,0.95,marginal,2025-05-16 16:40:00,baseline,139.04,184.16221588134766,155.28302001953125
4,0.95,marginal,2025-05-16 18:19:00,baseline,156.64,187.56465118408204,158.68545532226562
4,0.95,marginal,2025-05-16 19:58:00,baseline,156.64,199.34483306884766,170.46563720703125
4,0.95,marginal,2025-05-16 21:37:00,baseline,173.36,201.1951138305664,172.31591796875
4,0.95,marginal,2025-05-16 23:16:00,baseline,175.12,213.37739532470704,184.49819946289062
4,0.95,marginal,2025-05-17 00:54:00,baseline,188.32,212.8003384399414,183.921142578125
4,0.95,marginal,2025-05-17 02:33:00,baseline,191.84,213.98574798583985,185.10655212402344
4,0.95,marginal,2025-05-17 04:12:00,baseline,191.84,209.61550872802735,180.73631286621094
4,0.95,marginal,2025-05-17 05:51:00,baseline,190.96,189.6458432006836,160.7666473388672
4,0.95,marginal,2025-05-17 07:30:00,baseline,157.52,153.96165435791016,125.08245849609375
4,0.95,marginal,2025-05-17 09:09:00,baseline,61.6,137.7160336303711,108.83683776855469
4,0.95,marginal,2025-05-17 10:48:00,baseline,59.84,101.6614910888672,72.78229522705078
4,0.95,marginal,2025-05-17 12:27:00,baseline,73.04,136.57611053466798,107.69691467285156
4,0.95,marginal,2025-05-17 14:06:00,baseline,74.8,142.40154235839844,113.52234649658203
4,0.95,marginal,2025-05-17 15:45:00,baseline,144.32,136.29125946044923,107.41206359863281
4,0.95,marginal,2025-05-17 17:24:00,baseline,146.08,175.0760189819336,146.1968231201172
4,0.95,marginal,2025-05-17 19:03:00,baseline,146.08,186.14891021728516,157.26971435546875
4,0.95,marginal,2025-05-17 20:41:00,baseline,147.84,187.9871060180664,159.10791015625
4,0.95,marginal,2025-05-17 22:20:00,baseline,154.0,204.60095184326173,175.7217559814453
4,0.95,marginal,2025-05-17 23:59:00,baseline,154.88,206.1464077758789,177.2672119140625
4,0.95,marginal,2025-05-18 01:38:00,baseline,193.6,208.40557830810548,179.52638244628906
4,0.95,marginal,2025-05-18 03:17:00,baseline,194.48,213.5757290649414,184.696533203125
4,0.95,marginal,2025-05-18 04:56:00,baseline,193.6,178.2966763305664,149.41748046875
4,0.95,marginal,2025-05-18 06:35:00,baseline,186.56,170.26365631103516,141.38446044921875
4,0.95,marginal,2025-05-18 08:14:00,baseline,119.68,167.27038543701173,138.3911895751953
4,0.95,marginal,2025-05-18 09:53:00,baseline,56.32,114.89931457519532,86.0201187133789
4,0.95,marginal,2025-05-18 11:32:00,baseline,70.4,125.4179379272461,96.53874206542969
4,0.95,marginal,2025-05-18 13:11:00,baseline,75.68,141.83106201171876,112.95186614990234
4,0.95,marginal,2025-05-18 14:50:00,baseline,98.56,140.1508023071289,111.2716064453125
4,0.95,marginal,2025-05-18 16:28:00,baseline,127.6,136.49271362304688,107.61351776123047
4,0.95,marginal,2025-05-18 18:07:00,baseline,138.16,177.29609649658204,148.41690063476562
4,0.95,marginal,2025-05-18 19:46:00,baseline,145.2,175.5977932739258,146.71859741210938
4,0.95,marginal,2025-05-18 21:25:00,baseline,156.64,185.43110626220704,156.55191040039062
4,0.95,marginal,2025-05-18 23:04:00,baseline,156.64,205.71565216064454,176.83645629882812
4,0.95,marginal,2025-05-19 00:43:00,baseline,170.72,204.27142303466798,175.39222717285156
4,0.95,marginal,2025-05-19 02:22:00,baseline,194.48,210.1716000366211,181.2924041748047
4,0.95,marginal,2025-05-19 04:01:00,baseline,202.4,218.66270416259766,189.78350830078125
4,0.95,marginal,2025-05-19 05:40:00,baseline,202.4,196.14566009521485,167.26646423339844
4,0.95,marginal,2025-05-19 07:19:00,baseline,189.2,194.94021575927735,166.06101989746094
4,0.95,marginal,2025-05-19 08:58:00,baseline,187.44,176.67559783935548,147.79640197753906
4,0.95,marginal,2025-05-19 10:37:00,baseline,86.24,138.73835723876954,109.85916137695312
4,0.95,marginal,2025-05-19 12:16:00,baseline,85.36,127.7149349975586,98.83573913574219
4,0.95,marginal,2025-05-19 13:54:00,baseline,97.68,147.18489044189454,118.30569458007812
4,0.95,marginal,2025-05-19 15:33:00,baseline,102.96,140.84067504882813,111.96147918701172
4,0.95,marginal,2025-05-19 17:12:00,baseline,134.64,156.79966705322266,127.92047119140625
4,0.95,marginal,2025-05-19 18:51:00,baseline,139.92,185.28881805419923,156.4096221923828
4,0.95,adaptive,2025-05-15 09:20:00,baseline,72.16,138.0825163430017,105.99943542480469
4,0.95,adaptive,2025-05-15 10:59:00,baseline,61.6,103.29285055289353,82.71469116210938
4,0.95,adaptive,2025-05-15 12:38:00,baseline,66.0,140.27514609593658,106.68189239501953
4,0.95,adaptive,2025-05-15 14:17:00,baseline,79.2,130.8640978697181,100.96935272216797
4,0.95,adaptive,2025-05-15 15:56:00,baseline,129.36,125.78970067009928,100.4781494140625
4,0.95,adaptive,2025-05-15 17:35:00,baseline,149.6,141.79383855093855,136.1920623779297
4,0.95,adaptive,2025-05-15 19:14:00,baseline,150.04,165.7250868338587,153.71139526367188
4,0.95,adaptive,2025-05-15 20:53:00,baseline,158.4,175.03925489990948,157.86114501953125
4,0.95,adaptive,2025-05-15 22:32:00,baseline,158.4,195.54133374464868,178.83648681640625
4,0.95,adaptive,2025-05-16 00:11:00,baseline,172.48,193.83193350436167,178.53302001953125
4,0.95,adaptive,2025-05-16 01:50:00,baseline,182.16,196.58948420069683,184.0816650390625
4,0.95,adaptive,2025-05-16 03:28:00,baseline,183.04,191.13580750976513,178.5390167236328
4,0.95,adaptive,2025-05-16 05:07:00,baseline,182.16,218.22465088039664,175.94784545898438
4,0.95,adaptive,2025-05-16 06:46:00,baseline,166.32,188.93041159281248,128.3814697265625
4,0.95,adaptive,2025-05-16 08:25:00,baseline,80.96,179.25849761046493,128.2388458251953
4,0.95,adaptive,2025-05-16 10:04:00,baseline,66.88,118.18161020110557,83.4120101928711
4,0.95,adaptive,2025-05-16 11:43:00,baseline,80.08,123.84177610495999,106.37591552734375
4,0.95,adaptive,2025-05-16 13:22:00,baseline,107.36,139.23368842146417,113.79975891113281
4,0.95,adaptive,2025-05-16 15:01:00,baseline,109.12,145.67878507951662,131.0305633544922
4,0.95,adaptive,2025-05-16 16:40:00,baseline,139.04,173.0632022906226,155.28302001953125
4,0.95,adaptive,2025-05-16 18:19:00,baseline,156.64,170.19483048899727,158.68545532226562
4,0.95,adaptive,2025-05-16 19:58:00,baseline,156.64,183.49420523221366,170.46563720703125
4,0.95,adaptive,2025-05-16 21:37:00,baseline,173.36,187.67293161642914,172.31591796875
4,0.95,adaptive,2025-05-16 23:16:00,baseline,175.12,199.6211861981776,184.49819946289062
4,0.95,adaptive,2025-05-17 00:54:00,baseline,188.32,196.68901000380097,183.921142578125
4,0.95,adaptive,2025-05-17 02:33:00,baseline,191.84,199.37102871404912,185.10655212402344
4,0.95,adaptive,2025-05-17 04:12:00,baseline,191.84,210.04601522105094,180.73631286621094
4,0.95,adaptive,2025-05-17 05:51:00,baseline,190.96,231.1348319899401,160.7666473388672
4,0.95,adaptive,2025-05-17 07:30:00,baseline,157.52,170.16787668275072,125.08245849609375
4,0.95,adaptive,2025-05-17 09:09:00,baseline,61.6,144.56286870905743,108.83683776855469
4,0.95,adaptive,2025-05-17 10:48:00,baseline,59.84,110.9870098888205,72.78229522705078
4,0.95,adaptive,2025-05-17 12:27:00,baseline,73.04,141.43449539320517,107.69691467285156
4,0.95,adaptive,2025-05-17 14:06:00,baseline,74.8,153.60815100290472,113.52234649658203
4,0.95,adaptive,2025-05-17 15:45:00,baseline,144.32,145.17773302150408,107.41206359863281
4,0.95,adaptive,2025-05-17 17:24:00,baseline,146.08,163.84174621326585,146.1968231201172
4,0.95,adaptive,2025-05-17 19:03:00,baseline,146.08,172.94966217070234,157.26971435546875
4,0.95,adaptive,2025-05-17 20:41:00,baseline,147.84,180.5741684440666,159.10791015625
4,0.95,adaptive,2025-05-17 22:20:00,baseline,154.0,193.5644450951178,175.7217559814453
4,0.95,adaptive,2025-05-17 23:59:00,baseline,154.88,194.3779730950705,177.2672119140625
4,0.95,adaptive,2025-05-18 01:38:00,baseline,193.6,196.55032243825303,179.52638244628906
4,0.95,adaptive,2025-05-18 03:17:00,baseline,194.48,195.19616332575103,184.696533203125
4,0.95,adaptive,2025-05-18 04:56:00,baseline,193.6,187.81890311199305,149.41748046875
4,0.95,adaptive,2025-05-18 06:35:00,baseline,186.56,207.36050700770465,141.38446044921875
4,0.95,adaptive,2025-05-18 08:14:00,baseline,119.68,193.5599127792299,138.3911895751953
4,0.95,adaptive,2025-05-18 09:53:00,baseline,56.32,114.38823834122894,86.0201187133789
4,0.95,adaptive,2025-05-18 11:32:00,baseline,70.4,127.50841504505497,96.53874206542969
4,0.95,adaptive,2025-05-18 13:11:00,baseline,75.68,139.51347348874359,112.95186614990234
4,0.95,adaptive,2025-05-18 14:50:00,baseline,98.56,136.4533223405876,111.2716064453125
4,0.95,adaptive,2025-05-18 16:28:00,baseline,127.6,130.5116993850513,107.61351776123047
4,0.95,adaptive,2025-05-18 18:07:00,baseline,138.16,166.77262720521156,148.41690063476562
4,0.95,adaptive,2025-05-18 19:46:00,baseline,145.2,166.23847496397386,146.71859741210938
4,0.95,adaptive,2025-05-18 21:25:00,baseline,156.64,174.91258757704827,156.55191040039062
4,0.95,adaptive,2025-05-18 23:04:00,baseline,156.64,191.53273762045865,176.83645629882812
4,0.95,adaptive,2025-05-19 00:43:00,baseline,170.72,191.9618943476115,175.39222717285156
4,0.95,adaptive,2025-05-19 02:22:00,baseline,194.48,191.37382564806157,181.2924041748047
4,0.95,adaptive,2025-05-19 04:01:00,baseline,202.4,201.32407067554226,189.78350830078125
4,0.95,adaptive,2025-05-19 05:40:00,baseline,202.4,243.98279409024937,167.26646423339844
4,0.95,adaptive,2025-05-19 07:19:00,baseline,189.2,225.76952115071316,166.06101989746094
4,0.95,adaptive,2025-05-19 08:58:00,baseline,187.44,217.01722473118994,147.79640197753906
4,0.95,adaptive,2025-05-19 10:37:00,baseline,86.24,155.98209052184012,109.85916137695312
4,0.95,adaptive,2025-05-19 12:16:00,baseline,85.36,122.60837817074,98.83573913574219
4,0.95,adaptive,2025-05-19 13:54:00,baseline,97.68,143.65169515540322,118.30569458007812
4,0.95,adaptive,2025-05-19 15:33:00,baseline,102.96,138.79318268916168,111.96147918701172
4,0.95,adaptive,2025-05-19 17:12:00,baseline,134.64,149.51987039524664,127.92047119140625
4,0.95,adaptive,2025-05-19 18:51:00,baseline,139.92,171.57650491095927,156.4096221923828
4,0.95,mondrian,2025-05-15 09:20:00,baseline,72.16,132.2610269165039,105.99943542480469
4,0.95,mondrian,2025-05-15 10:59:00,baseline,61.6,108.9762826538086,82.71469116210938
4,0.95,mondrian,2025-05-15 12:38:00,baseline,66.0,132.94348388671875,106.68189239501953
4,0.95,mondrian,2025-05-15 14:17:00,baseline,79.2,127.23094421386719,100.96935272216797
4,0.95,mondrian,2025-05-15 15:56:00,baseline,129.36,126.73974090576172,100.4781494140625
4,0.95,mondrian,2025-05-15 17:35:00,baseline,149.6,162.4536538696289,136.1920623779297
4,0.95,mondrian,2025-05-15 19:14:00,baseline,150.04,179.9729867553711,153.71139526367188
4,0.95,mondrian,2025-05-15 20:53:00,baseline,158.4,184.12273651123047,157.86114501953125
4,0.95,mondrian,2025-05-15 22:32:00,baseline,158.4,205.09807830810547,178.83648681640625
4,0.95,mondrian,2025-05-16 00:11:00,baseline,172.48,204.79461151123047,178.53302001953125
4,0.95,mondrian,2025-05-16 01:50:00,baseline,182.16,210.34325653076172,184.0816650390625
4,0.95,mondrian,2025-05-16 03:28:00,baseline,183.04,204.80060821533203,178.5390167236328
4,0.95,mondrian,2025-05-16 05:07:00,baseline,182.16,202.2094369506836,175.94784545898438
4,0.95,mondrian,2025-05-16 06:46:00,baseline,166.32,154.64306121826172,128.3814697265625
4,0.95,mondrian,2025-05-16 08:25:00,baseline,80.96,154.50043731689453,128.2388458251953
4,0.95,mondrian,2025-05-16 10:04:00,baseline,66.88,109.67360168457031,83.4120101928711
4,0.95,mondrian,2025-05-16 11:43:00,baseline,80.08,132.63750701904297,106.37591552734375
4,0.95,mondrian,2025-05-16 13:22:00,baseline,107.36,140.06135040283203,113.79975891113281
4,0.95,mondrian,2025-05-16 15:01:00,baseline,109.12,157.2921548461914,131.0305633544922
4,0.95,mondrian,2025-05-16 16:40:00,baseline,139.04,181.54461151123047,155.28302001953125
4,0.95,mondrian,2025-05-16 18:19:00,baseline,156.64,184.94704681396485,158.68545532226562
4,0.95,mondrian,2025-05-16 19:58:00,baseline,156.64,196.72722869873047,170.46563720703125
4,0.95,mondrian,2025-05-16 21:37:00,baseline,173.36,198.57750946044922,172.31591796875
4,0.95,mondrian,2025-05-16 23:16:00,baseline,175.12,210.75979095458985,184.49819946289062
4,0.95,mondrian,2025-05-17 00:54:00,baseline,188.32,210.18273406982422,183.921142578125
4,0.95,mondrian,2025-05-17 02:33:00,baseline,191.84,211.36814361572266,185.10655212402344
4,0.95,mondrian,2025-05-17 04:12:00,baseline,191.84,206.99790435791016,180.73631286621094
4,0.95,mondrian,2025-05-17 05:51:00,baseline,190.96,187.0282388305664,160.7666473388672
4,0.95,mondrian,2025-05-17 07:30:00,baseline,157.52,151.34404998779297,125.08245849609375
4,0.95,mondrian,2025-05-17 09:09:00,baseline,61.6,135.0984292602539,108.83683776855469
4,0.95,mondrian,2025-05-17 10:48:00,baseline,59.84,99.04388671875,72.78229522705078
4,0.95,mondrian,2025-05-17 12:27:00,baseline,73.04,133.95850616455078,107.69691467285156
4,0.95,mondrian,2025-05-17 14:06:00,baseline,74.8,139.78393798828125,113.52234649658203
4,0.95,mondrian,2025-05-17 15:45:00,baseline,144.32,133.67365509033203,107.41206359863281
4,0.95,mondrian,2025-05-17 17:24:00,baseline,146.08,172.4584146118164,146.1968231201172
4,0.95,mondrian,2025-05-17 19:03:00,baseline,146.08,183.53130584716797,157.26971435546875
4,0.95,mondrian,2025-05-17 20:41:00,baseline,147.84,185.36950164794922,159.10791015625
4,0.95,mondrian,2025-05-17 22:20:00,baseline,154.0,201.98334747314453,175.7217559814453
4,0.95,mondrian,2025-05-17 23:59:00,baseline,154.88,203.52880340576172,177.2672119140625
4,0.95,mondrian,2025-05-18 01:38:00,baseline,193.6,205.78797393798828,179.52638244628906
4,0.95,mondrian,2025-05-18 03:17:00,baseline,194.48,210.95812469482422,184.696533203125
4,0.95,mondrian,2025-05-18 04:56:00,baseline,193.6,175.67907196044922,149.41748046875
4,0.95,mondrian,2025-05-18 06:35:00,baseline,186.56,167.64605194091797,141.38446044921875
4,0.95,mondrian,2025-05-18 08:14:00,baseline,119.68,164.65278106689453,138.3911895751953
4,0.95,mondrian,2025-05-18 09:53:00,baseline,56.32,112.28171020507813,86.0201187133789
4,0.95,mondrian,2025-05-18 11:32:00,baseline,70.4,122.80033355712891,96.53874206542969
4,0.95,mondrian,2025-05-18 13:11:00,baseline,75.68,139.21345764160156,112.95186614990234
4,0.95,mondrian,2025-05-18 14:50:00,baseline,98.56,137.53319793701172,111.2716064453125
4,0.95,mondrian,2025-05-18 16:28:00,baseline,127.6,133.8751092529297,107.61351776123047
4,0.95,mondrian,2025-05-18 18:07:00,baseline,138.16,174.67849212646485,148.41690063476562
4,0.95,mondrian,2025-05-18 19:46:00,baseline,145.2,172.9801889038086,146.71859741210938
4,0.95,mondrian,2025-05-18 21:25:00,baseline,156.64,182.81350189208985,156.55191040039062
4,0.95,mondrian,2025-05-18 23:04:00,baseline,156.64,203.09804779052735,176.83645629882812
4,0.95,mondrian,2025-05-19 00:43:00,baseline,170.72,201.65381866455078,175.39222717285156
4,0.95,mondrian,2025-05-19 02:22:00,baseline,194.48,207.5539956665039,181.2924041748047
4,0.95,mondrian,2025-05-19 04:01:00,baseline,202.4,216.04509979248047,189.78350830078125
4,0.95,mondrian,2025-05-19 05:40:00,baseline,202.4,193.52805572509766,167.26646423339844
4,0.95,mondrian,2025-05-19 07:19:00,baseline,189.2,192.32261138916016,166.06101989746094
4,0.95,mondrian,2025-05-19 08:58:00,baseline,187.44,174.05799346923828,147.79640197753906
4,0.95,mondrian,2025-05-19 10:37:00,baseline,86.24,136.12075286865235,109.85916137695312
4,0.95,mondrian,2025-05-19 12:16:00,baseline,85.36,125.09733062744141,98.83573913574219
4,0.95,mondrian,2025-05-19 13:54:00,baseline,97.68,144.56728607177735,118.30569458007812
4,0.95,mondrian,2025-05-19 15:33:00,baseline,102.96,138.22307067871094,111.96147918701172
4,0.95,mondrian,2025-05-19 17:12:00,baseline,134.64,154.18206268310547,127.92047119140625
4,0.95,mondrian,2025-05-19 18:51:00,baseline,139.92,182.67121368408203,156.4096221923828
5,0.8,marginal,2025-05-19 20:30:00,baseline,141.68,160.68862060546874,149.83889770507812
5,0.8,marginal,2025-05-19 22:09:00,baseline,150.48,171.09819702148437,160.24847412109375
5,0.8,marginal,2025-05-19 23:48:00,baseline,161.04,177.07416442871093,166.2244415283203
5,0.8,marginal,2025-05-20 01:27:00,elevated_risk,190.96,192.52043823242187,181.67071533203125
5,0.8,marginal,2025-05-20 03:06:00,elevated_risk,203.28,203.12778381347655,192.27806091308594
5,0.8,marginal,2025-05-20 04:45:00,elevated_risk,205.04,200.43299011230468,189.58326721191406
5,0.8,marginal,2025-05-20 06:24:00,elevated_risk,209.44,170.03374389648437,159.18402099609375
5,0.8,marginal,2025-05-20 08:03:00,elevated_risk,210.32,169.91228393554687,159.06256103515625
5,0.8,marginal,2025-05-20 09:41:00,elevated_risk,207.68,175.74310974121093,164.8933868408203
5,0.8,marginal,2025-05-20 11:20:00,elevated_risk,75.68,173.94769958496093,163.0979766845703
5,0.8,marginal,2025-05-20 12:59:00,elevated_risk,93.28,112.80610565185546,101.95638275146484
5,0.8,marginal,2025-05-20 14:38:00,elevated_risk,104.72,112.84029296874999,101.99057006835938
5,0.8,marginal,2025-05-20 16:17:00,elevated_risk,108.24,142.5725927734375,131.72286987304688
5,0.8,marginal,2025-05-20 17:56:00,elevated_risk,139.92,155.4268408203125,144.57711791992188
5,0.8,marginal,2025-05-20 19:35:00,elevated_risk,152.24,157.2954473876953,146.4457244873047
5,0.8,marginal,2025-05-20 21:14:00,elevated_risk,154.88,164.00359252929687,153.15386962890625
5,0.8,marginal,2025-05-20 22:53:00,elevated_risk,157.52,181.11659912109374,170.26687622070312
5,0.8,marginal,2025-05-21 00:32:00,baseline,158.4,190.67104248046874,179.82131958007812
5,0.8,marginal,2025-05-21 02:11:00,baseline,180.4,190.68479064941405,179.83506774902344
5,0.8,marginal,2025-05-21 03:50:00,baseline,184.8,197.0293798828125,186.17965698242188
5,0.8,marginal,2025-05-21 05:28:00,baseline,184.8,149.94139770507812,139.0916748046875
5,0.8,marginal,2025-05-21 07:07:00,baseline,183.92,138.46169189453124,127.61196899414062
5,0.8,marginal,2025-05-21 08:46:00,baseline,148.72,158.83684448242187,147.98712158203125
5,0.8,marginal,2025-05-21 10:25:00,baseline,139.04,142.61211303710937,131.76239013671875
5,0.8,marginal,2025-05-21 12:04:00,baseline,90.64,115.44639495849609,104.59667205810547
5,0.8,marginal,2025-05-21 13:43:00,baseline,102.96,125.54399780273437,114.69427490234375
5,0.8,marginal,2025-05-21 15:22:00,baseline,107.36,125.61286834716796,114.76314544677734
5,0.8,marginal,2025-05-21 17:01:00,baseline,118.8,145.47719482421874,134.62747192382812
5,0.8,marginal,2025-05-21 18:40:00,baseline,152.24,151.36998657226562,140.520263671875
5,0.8,marginal,2025-05-21 20:19:00,baseline,154.88,161.075888671875,150.22616577148438
5,0.8,marginal,2025-05-21 21:58:00,baseline,165.44,173.34947875976562,162.499755859375
5,0.8,marginal,2025-05-21 23:37:00,baseline,190.96,184.58405212402343,173.7343292236328
5,0.8,marginal,2025-05-22 01:16:00,baseline,217.36,189.38713745117187,178.53741455078125
5,0.8,marginal,2025-05-22 02:54:00,baseline,220.0,207.383505859375,196.53378295898438
5,0.8,marginal,2025-05-22 04:33:00,baseline,220.0,196.67676452636718,185.82704162597656
5,0.8,marginal,2025-05-22 06:12:00,baseline,220.0,159.88843444824218,149.03871154785156
5,0.8,marginal,2025-05-22 07:51:00,baseline,194.48,144.07675842285155,133.22703552246094
5,0.8,marginal,2025-05-22 09:30:00,baseline,192.72,162.44525817871093,151.5955352783203
5,0.8,marginal,2025-05-22 11:09:00,baseline,60.72,158.11736206054687,147.26763916015625
5,0.8,marginal,2025-05-22 12:48:00,baseline,62.48,123.70262817382812,112.8529052734375
5,0.8,marginal,2025-05-22 14:27:00,baseline,110.0,122.62021545410155,111.77049255371094
5,0.8,marginal,2025-05-22 16:06:00,baseline,110.88,146.20378784179687,135.35406494140625
5,0.8,marginal,2025-05-22 17:45:00,baseline,139.04,168.90613464355468,158.05641174316406
5,0.8,marginal,2025-05-22 19:24:00,baseline,155.76,164.9297247314453,154.0800018310547
5,0.8,marginal,2025-05-22 21:03:00,baseline,156.64,179.63530639648437,168.78558349609375
5,0.8,marginal,2025-05-22 22:41:00,baseline,161.04,185.31371215820312,174.4639892578125
5,0.8,marginal,2025-05-23 00:20:00,elevated_risk,179.52,199.28346923828124,188.43374633789062
5,0.8,marginal,2025-05-23 01:59:00,elevated_risk,200.64,203.17046264648437,192.32073974609375
5,0.8,marginal,2025-05-23 03:38:00,elevated_risk,211.2,202.9607305908203,192.1110076904297
5,0.8,marginal,2025-05-23 05:17:00,elevated_risk,212.08,196.69638732910155,185.84666442871094
5,0.8,marginal,2025-05-23 06:56:00,elevated_risk,211.2,162.13242248535155,151.28269958496094
5,0.8,marginal,2025-05-23 08:35:00,elevated_risk,66.88,173.62811950683593,162.7783966064453
5,0.8,marginal,2025-05-23 10:14:00,elevated_risk,62.48,105.67216400146484,94.82244110107422
5,0.8,marginal,2025-05-23 11:53:00,elevated_risk,88.88,106.70732025146484,95.85759735107422
5,0.8,marginal,2025-05-23 13:32:00,elevated_risk,111.76,124.49099639892577,113.64127349853516
5,0.8,marginal,2025-05-23 15:11:00,elevated_risk,113.52,150.11745361328124,139.26773071289062
5,0.8,marginal,2025-05-23 16:50:00,elevated_risk,139.04,164.48206237792968,153.63233947753906
5,0.8,marginal,2025-05-23 18:28:00,elevated_risk,164.56,166.4413214111328,155.5915985107422
5,0.8,marginal,2025-05-23 20:07:00,elevated_risk,167.2,183.57370666503905,172.72398376464844
5,0.8,marginal,2025-05-23 21:46:00,elevated_risk,190.08,191.52719787597655,180.67747497558594
5,0.8,marginal,2025-05-23 23:25:00,elevated_risk,191.84,201.9735479736328,191.1238250732422
5,0.8,marginal,2025-05-24 01:04:00,baseline,193.6,207.11887268066405,196.26914978027344
5,0.8,marginal,2025-05-24 02:43:00,baseline,220.0,194.82424072265624,183.97451782226562
5,0.8,marginal,2025-05-24 04:22:00,baseline,220.0,207.44667724609374,196.59695434570312
5,0.8,marginal,2025-05-24 06:01:00,baseline,220.0,178.75121215820312,167.9014892578125
5,0.8,adaptive,2025-05-19 20:30:00,baseline,141.68,156.2786165029621,149.83889770507812
5,0.8,adaptive,2025-05-19 22:09:00,baseline,150.48,168.59277560773504,160.24847412109375
5,0.8,adaptive,2025-05-19 23:48:00,baseline,161.04,174.09621995104573,166.2244415283203
5,0.8,adaptive,2025-05-20 01:27:00,elevated_risk,190.96,187.0377222049991,181.67071533203125
5,0.8,adaptive,2025-05-20 03:06:00,elevated_risk,203.28,199.88483740614888,192.27806091308594
5,0.8,adaptive,2025-05-20 04:45:00,elevated_risk,205.04,208.88531338695114,189.58326721191406
5,0.8,adaptive,2025-05-20 06:24:00,elevated_risk,209.44,179.05567528713678,159.18402099609375
5,0.8,adaptive,2025-05-20 08:03:00,elevated_risk,210.32,183.66578865608378,159.06256103515625
5,0.8,adaptive,2025-05-20 09:41:00,elevated_risk,207.68,187.6719012843273,164.8933868408203
5,0.8,adaptive,2025-05-20 11:20:00,elevated_risk,75.68,182.58051242796188,163.0979766845703
5,0.8,adaptive,2025-05-20 12:59:00,elevated_risk,93.28,114.56764292517778,101.95638275146484
5,0.8,adaptive,2025-05-20 14:38:00,elevated_risk,104.72,113.9541816806139,101.99057006835938
5,0.8,adaptive,2025-05-20 16:17:00,elevated_risk,108.24,137.88539925815974,131.72286987304688
5,0.8,adaptive,2025-05-20 17:56:00,elevated_risk,139.92,149.52628110959495,144.57711791992188
5,0.8,adaptive,2025-05-20 19:35:00,elevated_risk,152.24,150.21501616519615,146.4457244873047
5,0.8,adaptive,2025-05-20 21:14:00,elevated_risk,154.88,158.7959608168008,153.15386962890625
5,0.8,adaptive,2025-05-20 22:53:00,elevated_risk,157.52,174.5907061976583,170.26687622070312
5,0.8,adaptive,2025-05-21 00:32:00,baseline,158.4,184.6282435957206,179.82131958007812
5,0.8,adaptive,2025-05-21 02:11:00,baseline,180.4,184.32996896916399,179.83506774902344
5,0.8,adaptive,2025-05-21 03:50:00,baseline,184.8,190.57512796934722,186.17965698242188
5,0.8,adaptive,2025-05-21 05:28:00,baseline,184.8,156.8119917298019,139.0916748046875
5,0.8,adaptive,2025-05-21 07:07:00,baseline,183.92,143.53062604547245,127.61196899414062
5,0.8,adaptive,2025-05-21 08:46:00,baseline,148.72,169.00531428828094,147.98712158203125
5,0.8,adaptive,2025-05-21 10:25:00,baseline,139.04,141.63473421813313,131.76239013671875
5,0.8,adaptive,2025-05-21 12:04:00,baseline,90.64,117.72740837878044,104.59667205810547
5,0.8,adaptive,2025-05-21 13:43:00,baseline,102.96,125.55745755438586,114.69427490234375
5,0.8,adaptive,2025-05-21 15:22:00,baseline,107.36,121.13213516427984,114.76314544677734
5,0.8,adaptive,2025-05-21 17:01:00,baseline,118.8,140.29170149842992,134.62747192382812
5,0.8,adaptive,2025-05-21 18:40:00,baseline,152.24,145.80606239353813,140.520263671875
5,0.8,adaptive,2025-05-21 20:19:00,baseline,154.88,153.7858316817782,150.22616577148438
5,0.8,adaptive,2025-05-21 21:58:00,baseline,165.44,165.5132107475989,162.499755859375
5,0.8,adaptive,2025-05-21 23:37:00,baseline,190.96,176.53191927627924,173.7343292236328
5,0.8,adaptive,2025-05-22 01:16:00,baseline,217.36,179.70984518335862,178.53741455078125
5,0.8,adaptive,2025-05-22 02:54:00,baseline,220.0,201.56749351893515,196.53378295898438
5,0.8,adaptive,2025-05-22 04:33:00,baseline,220.0,192.35239059786102,185.82704162597656
5,0.8,adaptive,2025-05-22 06:12:00,baseline,220.0,162.31528188865664,149.03871154785156
5,0.8,adaptive,2025-05-22 07:51:00,baseline,194.48,150.10318295883326,133.22703552246094
5,0.8,adaptive,2025-05-22 09:30:00,baseline,192.72,173.58359236685214,151.5955352783203
5,0.8,adaptive,2025-05-22 11:09:00,baseline,60.72,162.5148429293332,147.26763916015625
5,0.8,adaptive,2025-05-22 12:48:00,baseline,62.48,124.89264406798928,112.8529052734375
5,0.8,adaptive,2025-05-22 14:27:00,baseline,110.0,118.32722737841343,111.77049255371094
5,0.8,adaptive,2025-05-22 16:06:00,baseline,110.88,138.2446973927154,135.35406494140625
5,0.8,adaptive,2025-05-22 17:45:00,baseline,139.04,165.11810932380152,158.05641174316406
5,0.8,adaptive,2025-05-22 19:24:00,baseline,155.76,155.96729577797868,154.0800018310547
5,0.8,adaptive,2025-05-22 21:03:00,baseline,156.64,174.58668769280902,168.78558349609375
5,0.8,adaptive,2025-05-22 22:41:00,baseline,161.04,177.98484175480897,174.4639892578125
5,0.8,adaptive,2025-05-23 00:20:00,elevated_risk,179.52,192.62052172142606,188.43374633789062
5,0.8,adaptive,2025-05-23 01:59:00,elevated_risk,200.64,193.3503227395432,192.32073974609375
5,0.8,adaptive,2025-05-23 03:38:00,elevated_risk,211.2,195.43927121163892,192.1110076904297
5,0.8,adaptive,2025-05-23 05:17:00,elevated_risk,212.08,193.9236754903143,185.84666442871094
5,0.8,adaptive,2025-05-23 06:56:00,elevated_risk,211.2,174.39673762391112,151.28269958496094
5,0.8,adaptive,2025-05-23 08:35:00,elevated_risk,66.88,189.71892373531452,162.7783966064453
5,0.8,adaptive,2025-05-23 10:14:00,elevated_risk,62.48,107.29056442292753,94.82244110107422
5,0.8,adaptive,2025-05-23 11:53:00,elevated_risk,88.88,101.63514726202187,95.85759735107422
5,0.8,adaptive,2025-05-23 13:32:00,elevated_risk,111.76,116.16486056009705,113.64127349853516
5,0.8,adaptive,2025-05-23 15:11:00,elevated_risk,113.52,156.7113160709934,139.26773071289062
5,0.8,adaptive,2025-05-23 16:50:00,elevated_risk,139.04,159.27032912508025,153.63233947753906
5,0.8,adaptive,2025-05-23 18:28:00,elevated_risk,164.56,160.69647044633393,155.5915985107422
5,0.8,adaptive,2025-05-23 20:07:00,elevated_risk,167.2,178.76104169852883,172.72398376464844
5,0.8,adaptive,2025-05-23 21:46:00,elevated_risk,190.08,185.08148951980374,180.67747497558594
5,0.8,adaptive,2025-05-23 23:25:00,elevated_risk,191.84,195.30466146372163,191.1238250732422
5,0.8,adaptive,2025-05-24 01:04:00,baseline,193.6,198.40975111495692,196.26914978027344
5,0.8,adaptive,2025-05-24 02:43:00,baseline,220.0,189.6572370428439,183.97451782226562
5,0.8,adaptive,2025-05-24 04:22:00,baseline,220.0,202.67444120122818,196.59695434570312
5,0.8,adaptive,2025-05-24 06:01:00,baseline,220.0,183.15932196282847,167.9014892578125
5,0.8,mondrian,2025-05-19 20:30:00,baseline,141.68,160.76923034667968,149.83889770507812
5,0.8,mondrian,2025-05-19 22:09:00,baseline,150.48,171.1788067626953,160.24847412109375
5,0.8,mondrian,2025-05-19 23:48:00,baseline,161.04,177.15477416992186,166.2244415283203
5,0.8,mondrian,2025-05-20 01:27:00,elevated_risk,190.96,187.43724731445312,181.67071533203125
5,0.8,mondrian,2025-05-20 03:06:00,elevated_risk,203.28,198.0445928955078,192.27806091308594
5,0.8,mondrian,2025-05-20 04:45:00,elevated_risk,205.04,195.34979919433593,189.58326721191406
5,0.8,mondrian,2025-05-20 06:24:00,elevated_risk,209.44,164.95055297851562,159.18402099609375
5,0.8,mondrian,2025-05-20 08:03:00,elevated_risk,210.32,164.82909301757812,159.06256103515625
5,0.8,mondrian,2025-05-20 09:41:00,elevated_risk,207.68,170.65991882324218,164.8933868408203
5,0.8,mondrian,2025-05-20 11:20:00,elevated_risk,75.68,168.86450866699218,163.0979766845703
5,0.8,mondrian,2025-05-20 12:59:00,elevated_risk,93.28,107.72291473388671,101.95638275146484
5,0.8,mondrian,2025-05-20 14:38:00,elevated_risk,104.72,107.75710205078124,101.99057006835938
5,0.8,mondrian,2025-05-20 16:17:00,elevated_risk,108.24,137.48940185546874,131.72286987304688
5,0.8,mondrian,2025-05-20 17:56:00,elevated_risk,139.92,150.34364990234374,144.57711791992188
5,0.8,mondrian,2025-05-20 19:35:00,elevated_risk,152.24,152.21225646972655,146.4457244873047
5,0.8,mondrian,2025-05-20 21:14:00,elevated_risk,154.88,158.92040161132812,153.15386962890625
5,0.8,mondrian,2025-05-20 22:53:00,elevated_risk,157.52,176.033408203125,170.26687622070312
5,0.8,mondrian,2025-05-21 00:32:00,baseline,158.4,190.75165222167968,179.82131958007812
5,0.8,mondrian,2025-05-21 02:11:00,baseline,180.4,190.765400390625,179.83506774902344
5,0.8,mondrian,2025-05-21 03:50:00,baseline,184.8,197.10998962402343,186.17965698242188
5,0.8,mondrian,2025-05-21 05:28:00,baseline,184.8,150.02200744628905,139.0916748046875
5,0.8,mondrian,2025-05-21 07:07:00,baseline,183.92,138.54230163574218,127.61196899414062
5,0.8,mondrian,2025-05-21 08:46:00,baseline,148.72,158.9174542236328,147.98712158203125
5,0.8,mondrian,2025-05-21 10:25:00,baseline,139.04,142.6927227783203,131.76239013671875
5,0.8,mondrian,2025-05-21 12:04:00,baseline,90.64,115.52700469970702,104.59667205810547
5,0.8,mondrian,2025-05-21 13:43:00,baseline,102.96,125.6246075439453,114.69427490234375
5,0.8,mondrian,2025-05-21 15:22:00,baseline,107.36,125.6934780883789,114.76314544677734
5,0.8,mondrian,2025-05-21 17:01:00,baseline,118.8,145.55780456542968,134.62747192382812
5,0.8,mondrian,2025-05-21 18:40:00,baseline,152.24,151.45059631347655,140.520263671875
5,0.8,mondrian,2025-05-21 20:19:00,baseline,154.88,161.15649841308593,150.22616577148438
5,0.8,mondrian,2025-05-21 21:58:00,baseline,165.44,173.43008850097655,162.499755859375
5,0.8,mondrian,2025-05-21 23:37:00,baseline,190.96,184.66466186523436,173.7343292236328
5,0.8,mondrian,2025-05-22 01:16:00,baseline,217.36,189.4677471923828,178.53741455078125
5,0.8,mondrian,2025-05-22 02:54:00,baseline,220.0,207.46411560058593,196.53378295898438
5,0.8,mondrian,2025-05-22 04:33:00,baseline,220.0,196.75737426757811,185.82704162597656
5,0.8,mondrian,2025-05-22 06:12:00,baseline,220.0,159.96904418945311,149.03871154785156
5,0.8,mondrian,2025-05-22 07:51:00,baseline,194.48,144.1573681640625,133.22703552246094
5,0.8,mondrian,2025-05-22 09:30:00,baseline,192.72,162.52586791992186,151.5955352783203
5,0.8,mondrian,2025-05-22 11:09:00,baseline,60.72,158.1979718017578,147.26763916015625
5,0.8,mondrian,2025-05-22 12:48:00,baseline,62.48,123.78323791503905,112.8529052734375
5,0.8,mondrian,2025-05-22 14:27:00,baseline,110.0,122.70082519531249,111.77049255371094
5,0.8,mondrian,2025-05-22 16:06:00,baseline,110.88,146.2843975830078,135.35406494140625
5,0.8,mondrian,2025-05-22 17:45:00,baseline,139.04,168.98674438476561,158.05641174316406
5,0.8,mondrian,2025-05-22 19:24:00,baseline,155.76,165.01033447265624,154.0800018310547
5,0.8,mondrian,2025-05-22 21:03:00,baseline,156.64,179.7159161376953,168.78558349609375
5,0.8,mondrian,2025-05-22 22:41:00,baseline,161.04,185.39432189941405,174.4639892578125
5,0.8,mondrian,2025-05-23 00:20:00,elevated_risk,179.52,194.2002783203125,188.43374633789062
5,0.8,mondrian,2025-05-23 01:59:00,elevated_risk,200.64,198.08727172851562,192.32073974609375
5,0.8,mondrian,2025-05-23 03:38:00,elevated_risk,211.2,197.87753967285155,192.1110076904297
5,0.8,mondrian,2025-05-23 05:17:00,elevated_risk,212.08,191.6131964111328,185.84666442871094
5,0.8,mondrian,2025-05-23 06:56:00,elevated_risk,211.2,157.0492315673828,151.28269958496094
5,0.8,mondrian,2025-05-23 08:35:00,elevated_risk,66.88,168.54492858886718,162.7783966064453
5,0.8,mondrian,2025-05-23 10:14:00,elevated_risk,62.48,100.58897308349609,94.82244110107422
5,0.8,mondrian,2025-05-23 11:53:00,elevated_risk,88.88,101.62412933349609,95.85759735107422
5,0.8,mondrian,2025-05-23 13:32:00,elevated_risk,111.76,119.40780548095702,113.64127349853516
5,0.8,mondrian,2025-05-23 15:11:00,elevated_risk,113.52,145.0342626953125,139.26773071289062
5,0.8,mondrian,2025-05-23 16:50:00,elevated_risk,139.04,159.39887145996093,153.63233947753906
5,0.8,mondrian,2025-05-23 18:28:00,elevated_risk,164.56,161.35813049316405,155.5915985107422
5,0.8,mondrian,2025-05-23 20:07:00,elevated_risk,167.2,178.4905157470703,172.72398376464844
5,0.8,mondrian,2025-05-23 21:46:00,elevated_risk,190.08,186.4440069580078,180.67747497558594
5,0.8,mondrian,2025-05-23 23:25:00,elevated_risk,191.84,196.89035705566405,191.1238250732422
5,0.8,mondrian,2025-05-24 01:04:00,baseline,193.6,207.199482421875,196.26914978027344
5,0.8,mondrian,2025-05-24 02:43:00,baseline,220.0,194.90485046386718,183.97451782226562
5,0.8,mondrian,2025-05-24 04:22:00,baseline,220.0,207.52728698730468,196.59695434570312
5,0.8,mondrian,2025-05-24 06:01:00,baseline,220.0,178.83182189941405,167.9014892578125
5,0.9,marginal,2025-05-19 20:30:00,baseline,141.68,172.32558380126954,149.83889770507812
5,0.9,marginal,2025-05-19 22:09:00,baseline,150.48,182.73516021728517,160.24847412109375
5,0.9,marginal,2025-05-19 23:48:00,baseline,161.04,188.71112762451173,166.2244415283203
5,0.9,marginal,2025-05-20 01:27:00,elevated_risk,190.96,204.15740142822267,181.67071533203125
5,0.9,marginal,2025-05-20 03:06:00,elevated_risk,203.28,214.76474700927736,192.27806091308594
5,0.9,marginal,2025-05-20 04:45:00,elevated_risk,205.04,212.06995330810548,189.58326721191406
5,0.9,marginal,2025-05-20 06:24:00,elevated_risk,209.44,181.67070709228517,159.18402099609375
5,0.9,marginal,2025-05-20 08:03:00,elevated_risk,210.32,181.54924713134767,159.06256103515625
5,0.9,marginal,2025-05-20 09:41:00,elevated_risk,207.68,187.38007293701173,164.8933868408203
5,0.9,marginal,2025-05-20 11:20:00,elevated_risk,75.68,185.58466278076173,163.0979766845703
5,0.9,marginal,2025-05-20 12:59:00,elevated_risk,93.28,124.44306884765626,101.95638275146484
5,0.9,marginal,2025-05-20 14:38:00,elevated_risk,104.72,124.4772561645508,101.99057006835938
5,0.9,marginal,2025-05-20 16:17:00,elevated_risk,108.24,154.2095559692383,131.72286987304688
5,0.9,marginal,2025-05-20 17:56:00,elevated_risk,139.92,167.0638040161133,144.57711791992188
5,0.9,marginal,2025-05-20 19:35:00,elevated_risk,152.24,168.9324105834961,146.4457244873047
5,0.9,marginal,2025-05-20 21:14:00,elevated_risk,154.88,175.64055572509767,153.15386962890625
5,0.9,marginal,2025-05-20 22:53:00,elevated_risk,157.52,192.75356231689454,170.26687622070312
5,0.9,marginal,2025-05-21 00:32:00,baseline,158.4,202.30800567626954,179.82131958007812
5,0.9,marginal,2025-05-21 02:11:00,baseline,180.4,202.32175384521486,179.83506774902344
5,0.9,marginal,2025-05-21 03:50:00,baseline,184.8,208.6663430786133,186.17965698242188
5,0.9,marginal,2025-05-21 05:28:00,baseline,184.8,161.57836090087892,139.0916748046875
5,0.9,marginal,2025-05-21 07:07:00,baseline,183.92,150.09865509033204,127.61196899414062
5,0.9,marginal,2025-05-21 08:46:00,baseline,148.72,170.47380767822267,147.98712158203125
5,0.9,marginal,2025-05-21 10:25:00,baseline,139.04,154.24907623291017,131.76239013671875
5,0.9,marginal,2025-05-21 12:04:00,baseline,90.64,127.08335815429689,104.59667205810547
5,0.9,marginal,2025-05-21 13:43:00,baseline,102.96,137.18096099853517,114.69427490234375
5,0.9,marginal,2025-05-21 15:22:00,baseline,107.36,137.24983154296876,114.76314544677734
5,0.9,marginal,2025-05-21 17:01:00,baseline,118.8,157.11415802001954,134.62747192382812
5,0.9,marginal,2025-05-21 18:40:00,baseline,152.24,163.00694976806642,140.520263671875
5,0.9,marginal,2025-05-21 20:19:00,baseline,154.88,172.7128518676758,150.22616577148438
5,0.9,marginal,2025-05-21 21:58:00,baseline,165.44,184.98644195556642,162.499755859375
5,0.9,marginal,2025-05-21 23:37:00,baseline,190.96,196.22101531982423,173.7343292236328
5,0.9,marginal,2025-05-22 01:16:00,baseline,217.36,201.02410064697267,178.53741455078125
5,0.9,marginal,2025-05-22 02:54:00,baseline,220.0,219.0204690551758,196.53378295898438
5,0.9,marginal,2025-05-22 04:33:00,baseline,220.0,208.31372772216798,185.82704162597656
5,0.9,marginal,2025-05-22 06:12:00,baseline,220.0,171.52539764404298,149.03871154785156
5,0.9,marginal,2025-05-22 07:51:00,baseline,194.48,155.71372161865236,133.22703552246094
5,0.9,marginal,2025-05-22 09:30:00,baseline,192.72,174.08222137451173,151.5955352783203
5,0.9,marginal,2025-05-22 11:09:00,baseline,60.72,169.75432525634767,147.26763916015625
5,0.9,marginal,2025-05-22 12:48:00,baseline,62.48,135.33959136962892,112.8529052734375
5,0.9,marginal,2025-05-22 14:27:00,baseline,110.0,134.25717864990236,111.77049255371094
5,0.9,marginal,2025-05-22 16:06:00,baseline,110.88,157.84075103759767,135.35406494140625
5,0.9,marginal,2025-05-22 17:45:00,baseline,139.04,180.54309783935548,158.05641174316406
5,0.9,marginal,2025-05-22 19:24:00,baseline,155.76,176.5666879272461,154.0800018310547
5,0.9,marginal,2025-05-22 21:03:00,baseline,156.64,191.27226959228517,168.78558349609375
5,0.9,marginal,2025-05-22 22:41:00,baseline,161.04,196.95067535400392,174.4639892578125
5,0.9,marginal,2025-05-23 00:20:00,elevated_risk,179.52,210.92043243408204,188.43374633789062
5,0.9,marginal,2025-05-23 01:59:00,elevated_risk,200.64,214.80742584228517,192.32073974609375
5,0.9,marginal,2025-05-23 03:38:00,elevated_risk,211.2,214.5976937866211,192.1110076904297
5,0.9,marginal,2025-05-23 05:17:00,elevated_risk,212.08,208.33335052490236,185.84666442871094
5,0.9,marginal,2025-05-23 06:56:00,elevated_risk,211.2,173.76938568115236,151.28269958496094
5,0.9,marginal,2025-05-23 08:35:00,elevated_risk,66.88,185.26508270263673,162.7783966064453
5,0.9,marginal,2025-05-23 10:14:00,elevated_risk,62.48,117.30912719726564,94.82244110107422
5,0.9,marginal,2025-05-23 11:53:00,elevated_risk,88.88,118.34428344726564,95.85759735107422
5,0.9,marginal,2025-05-23 13:32:00,elevated_risk,111.76,136.12795959472658,113.64127349853516
5,0.9,marginal,2025-05-23 15:11:00,elevated_risk,113.52,161.75441680908204,139.26773071289062
5,0.9,marginal,2025-05-23 16:50:00,elevated_risk,139.04,176.11902557373048,153.63233947753906
5,0.9,marginal,2025-05-23 18:28:00,elevated_risk,164.56,178.0782846069336,155.5915985107422
5,0.9,marginal,2025-05-23 20:07:00,elevated_risk,167.2,195.21066986083986,172.72398376464844
5,0.9,marginal,2025-05-23 21:46:00,elevated_risk,190.08,203.16416107177736,180.67747497558594
5,0.9,marginal,2025-05-23 23:25:00,elevated_risk,191.84,213.6105111694336,191.1238250732422
5,0.9,marginal,2025-05-24 01:04:00,baseline,193.6,218.75583587646486,196.26914978027344
5,0.9,marginal,2025-05-24 02:43:00,baseline,220.0,206.46120391845704,183.97451782226562
5,0.9,marginal,2025-05-24 04:22:00,baseline,220.0,219.08364044189454,196.59695434570312
5,0.9,marginal,2025-05-24 06:01:00,baseline,220.0,190.38817535400392,167.9014892578125
5,0.9,adaptive,2025-05-19 20:30:00,baseline,141.68,160.90521531933575,149.83889770507812
5,0.9,adaptive,2025-05-19 22:09:00,baseline,150.48,174.5877167834654,160.24847412109375
5,0.9,adaptive,2025-05-19 23:48:00,baseline,161.04,179.75167819020115,166.2244415283203
5,0.9,adaptive,2025-05-20 01:27:00,elevated_risk,190.96,190.8936339963807,181.67071533203125
5,0.9,adaptive,2025-05-20 03:06:00,elevated_risk,203.28,205.34990571484397,192.27806091308594
5,0.9,adaptive,2025-05-20 04:45:00,elevated_risk,205.04,222.75281704508603,189.58326721191406
5,0.9,adaptive,2025-05-20 06:24:00,elevated_risk,209.44,193.33241237890792,159.18402099609375
5,0.9,adaptive,2025-05-20 08:03:00,elevated_risk,210.32,201.34191200286062,159.06256103515625
5,0.9,adaptive,2025-05-20 09:41:00,elevated_risk,207.68,204.03706430941287,164.8933868408203
5,0.9,adaptive,2025-05-20 11:20:00,elevated_risk,75.68,196.5776883356973,163.0979766845703
5,0.9,adaptive,2025-05-20 12:59:00,elevated_risk,93.28,123.62816920341413,101.95638275146484
5,0.9,adaptive,2025-05-20 14:38:00,elevated_risk,104.72,122.54940657506091,101.99057006835938
5,0.9,adaptive,2025-05-20 16:17:00,elevated_risk,108.24,142.3128520792984,131.72286987304688
5,0.9,adaptive,2025-05-20 17:56:00,elevated_risk,139.92,153.08199421975522,144.57711791992188
5,0.9,adaptive,2025-05-20 19:35:00,elevated_risk,152.24,152.9230537306299,146.4457244873047
5,0.9,adaptive,2025-05-20 21:14:00,elevated_risk,154.88,162.84950620147853,153.15386962890625
5,0.9,adaptive,2025-05-20 22:53:00,elevated_risk,157.52,177.69715032688876,170.26687622070312
5,0.9,adaptive,2025-05-21 00:32:00,baseline,158.4,188.08176535019177,179.82131958007812
5,0.9,adaptive,2025-05-21 02:11:00,baseline,180.4,187.55931877736555,179.83506774902344
5,0.9,adaptive,2025-05-21 03:50:00,baseline,184.8,193.73304239135516,186.17965698242188
5,0.9,adaptive,2025-05-21 05:28:00,baseline,184.8,169.5431062217017,139.0916748046875
5,0.9,adaptive,2025-05-21 07:07:00,baseline,183.92,154.9673428002708,127.61196899414062
5,0.9,adaptive,2025-05-21 08:46:00,baseline,148.72,184.10577885033618,147.98712158203125
5,0.9,adaptive,2025-05-21 10:25:00,baseline,139.04,148.72749352571554,131.76239013671875
5,0.9,adaptive,2025-05-21 12:04:00,baseline,90.64,127.16115091103374,104.59667205810547
5,0.9,adaptive,2025-05-21 13:43:00,baseline,102.96,133.36208219366415,114.69427490234375
5,0.9,adaptive,2025-05-21 15:22:00,baseline,107.36,125.70791886125983,114.76314544677734
5,0.9,adaptive,2025-05-21 17:01:00,baseline,118.8,144.36115214806577,134.62747192382812
5,0.9,adaptive,2025-05-21 18:40:00,baseline,152.24,149.60363040493513,140.520263671875
5,0.9,adaptive,2025-05-21 20:19:00,baseline,154.88,156.34326417287747,150.22616577148438
5,0.9,adaptive,2025-05-21 21:58:00,baseline,165.44,167.67821938487563,162.499755859375
5,0.9,adaptive,2025-05-21 23:37:00,baseline,190.96,178.5418403974508,173.7343292236328
5,0.9,adaptive,2025-05-22 01:16:00,baseline,217.36,180.55217484824166,178.53741455078125
5,0.9,adaptive,2025-05-22 02:54:00,baseline,220.0,205.18394946205618,196.53378295898438
5,0.9,adaptive,2025-05-22 04:33:00,baseline,220.0,197.0405101846457,185.82704162597656
5,0.9,adaptive,2025-05-22 06:12:00,baseline,220.0,171.8537984842033,149.03871154785156
5,0.9,adaptive,2025-05-22 07:51:00,baseline,194.48,162.2278061302244,133.22703552246094
5,0.9,adaptive,2025-05-22 09:30:00,baseline,192.72,189.3808534108569,151.5955352783203
5,0.9,adaptive,2025-05-22 11:09:00,baseline,60.72,173.46915586216835,147.26763916015625
5,0.9,adaptive,2025-05-22 12:48:00,baseline,62.48,133.54256233377203,112.8529052734375
5,0.9,adaptive,2025-05-22 14:27:00,baseline,110.0,123.03789604755039,111.77049255371094
5,0.9,adaptive,2025-05-22 16:06:00,baseline,110.88,140.32146457736215,135.35406494140625
5,0.9,adaptive,2025-05-22 17:45:00,baseline,139.04,170.19156713983247,158.05641174316406
5,0.9,adaptive,2025-05-22 19:24:00,baseline,155.76,157.32321708681857,154.0800018310547
5,0.9,adaptive,2025-05-22 21:03:00,baseline,156.64,178.75447555009902,168.78558349609375
5,0.9,adaptive,2025-05-22 22:41:00,baseline,161.04,180.51438885251494,174.4639892578125
5,0.9,adaptive,2025-05-23 00:20:00,elevated_risk,179.52,195.6284993430968,188.43374633789062
5,0.9,adaptive,2025-05-23 01:59:00,elevated_risk,200.64,194.09002389860885,192.32073974609375
5,0.9,adaptive,2025-05-23 03:38:00,elevated_risk,211.2,197.83045327270437,192.1110076904297
5,0.9,adaptive,2025-05-23 05:17:00,elevated_risk,212.08,199.72658257217788,185.84666442871094
5,0.9,adaptive,2025-05-23 06:56:00,elevated_risk,211.2,191.00295668238329,151.28269958496094
5,0.9,adaptive,2025-05-23 08:35:00,elevated_risk,66.88,209.07427368753054,162.7783966064453
5,0.9,adaptive,2025-05-23 10:14:00,elevated_risk,62.48,116.2482544112298,94.82244110107422
5,0.9,adaptive,2025-05-23 11:53:00,elevated_risk,88.88,105.78601260544548,95.85759735107422
5,0.9,adaptive,2025-05-23 13:32:00,elevated_risk,111.76,117.97792496220646,113.64127349853516
5,0.9,adaptive,2025-05-23 15:11:00,elevated_risk,113.52,169.24361350572448,139.26773071289062
5,0.9,adaptive,2025-05-23 16:50:00,elevated_risk,139.04,163.3209277690167,153.63233947753906
5,0.9,adaptive,2025-05-23 18:28:00,elevated_risk,164.56,164.3640520902263,155.5915985107422
5,0.9,adaptive,2025-05-23 20:07:00,elevated_risk,167.2,183.09834988975732,172.72398376464844
5,0.9,adaptive,2025-05-23 21:46:00,elevated_risk,190.08,188.2455420377903,180.67747497558594
5,0.9,adaptive,2025-05-23 23:25:00,elevated_risk,191.84,198.30837223165142,191.1238250732422
5,0.9,adaptive,2025-05-24 01:04:00,baseline,193.6,199.94766044177857,196.26914978027344
5,0.9,adaptive,2025-05-24 02:43:00,baseline,220.0,193.73997152937926,183.97451782226562
5,0.9,adaptive,2025-05-24 04:22:00,baseline,220.0,207.04079544351868,196.59695434570312
5,0.9,adaptive,2025-05-24 06:01:00,baseline,220.0,194.12127122630403,167.9014892578125
5,0.9,mondrian,2025-05-19 20:30:00,baseline,141.68,173.3401629638672,149.83889770507812
5,0.9,mondrian,2025-05-19 22:09:00,baseline,150.48,183.7497393798828,160.24847412109375
5,0.9,mondrian,2025-05-19 23:48:00,baseline,161.04,189.72570678710937,166.2244415283203
5,0.9,mondrian,2025-05-20 01:27:00,elevated_risk,190.96,201.38578155517578,181.67071533203125
5,0.9,mondrian,2025-05-20 03:06:00,elevated_risk,203.28,211.99312713623047,192.27806091308594
5,0.9,mondrian,2025-05-20 04:45:00,elevated_risk,205.04,209.2983334350586,189.58326721191406
5,0.9,mondrian,2025-05-20 06:24:00,elevated_risk,209.44,178.89908721923828,159.18402099609375
5,0.9,mondrian,2025-05-20 08:03:00,elevated_risk,210.32,178.77762725830078,159.06256103515625
5,0.9,mondrian,2025-05-20 09:41:00,elevated_risk,207.68,184.60845306396484,164.8933868408203
5,0.9,mondrian,2025-05-20 11:20:00,elevated_risk,75.68,182.81304290771484,163.0979766845703
5,0.9,mondrian,2025-05-20 12:59:00,elevated_risk,93.28,121.67144897460938,101.95638275146484
5,0.9,mondrian,2025-05-20 14:38:00,elevated_risk,104.72,121.70563629150391,101.99057006835938
5,0.9,mondrian,2025-05-20 16:17:00,elevated_risk,108.24,151.4379360961914,131.72286987304688
5,0.9,mondrian,2025-05-20 17:56:00,elevated_risk,139.92,164.2921841430664,144.57711791992188
5,0.9,mondrian,2025-05-20 19:35:00,elevated_risk,152.24,166.16079071044922,146.4457244873047
5,0.9,mondrian,2025-05-20 21:14:00,elevated_risk,154.88,172.86893585205078,153.15386962890625
5,0.9,mondrian,2025-05-20 22:53:00,elevated_risk,157.52,189.98194244384766,170.26687622070312
5,0.9,mondrian,2025-05-21 00:32:00,baseline,158.4,203.3225848388672,179.82131958007812
5,0.9,mondrian,2025-05-21 02:11:00,baseline,180.4,203.3363330078125,179.83506774902344
5,0.9,mondrian,2025-05-21 03:50:00,baseline,184.8,209.68092224121094,186.17965698242188
5,0.9,mondrian,2025-05-21 05:28:00,baseline,184.8,162.59294006347656,139.0916748046875
5,0.9,mondrian,2025-05-21 07:07:00,baseline,183.92,151.1132342529297,127.61196899414062
5,0.9,mondrian,2025-05-21 08:46:00,baseline,148.72,171.4883868408203,147.98712158203125
5,0.9,mondrian,2025-05-21 10:25:00,baseline,139.04,155.2636553955078,131.76239013671875
5,0.9,mondrian,2025-05-21 12:04:00,baseline,90.64,128.09793731689453,104.59667205810547
5,0.9,mondrian,2025-05-21 13:43:00,baseline,102.96,138.1955401611328,114.69427490234375
5,0.9,mondrian,2025-05-21 15:22:00,baseline,107.36,138.2644107055664,114.76314544677734
5,0.9,mondrian,2025-05-21 17:01:00,baseline,118.8,158.1287371826172,134.62747192382812
5,0.9,mondrian,2025-05-21 18:40:00,baseline,152.24,164.02152893066406,140.520263671875
5,0.9,mondrian,2025-05-21 20:19:00,baseline,154.88,173.72743103027344,150.22616577148438
5,0.9,mondrian,2025-05-21 21:58:00,baseline,165.44,186.00102111816406,162.499755859375
5,0.9,mondrian,2025-05-21 23:37:00,baseline,190.96,197.23559448242187,173.7343292236328
5,0.9,mondrian,2025-05-22 01:16:00,baseline,217.36,202.0386798095703,178.53741455078125
5,0.9,mondrian,2025-05-22 02:54:00,baseline,220.0,220.03504821777344,196.53378295898438
5,0.9,mondrian,2025-05-22 04:33:00,baseline,220.0,209.32830688476562,185.82704162597656
5,0.9,mondrian,2025-05-22 06:12:00,baseline,220.0,172.53997680664062,149.03871154785156
5,0.9,mondrian,2025-05-22 07:51:00,baseline,194.48,156.72830078125,133.22703552246094
5,0.9,mondrian,2025-05-22 09:30:00,baseline,192.72,175.09680053710937,151.5955352783203
5,0.9,mondrian,2025-05-22 11:09:00,baseline,60.72,170.7689044189453,147.26763916015625
5,0.9,mondrian,2025-05-22 12:48:00,baseline,62.48,136.35417053222656,112.8529052734375
5,0.9,mondrian,2025-05-22 14:27:00,baseline,110.0,135.2717578125,111.77049255371094
5,0.9,mondrian,2025-05-22 16:06:00,baseline,110.88,158.8553302001953,135.35406494140625
5,0.9,mondrian,2025-05-22 17:45:00,baseline,139.04,181.55767700195312,158.05641174316406
5,0.9,mondrian,2025-05-22 19:24:00,baseline,155.76,177.58126708984375,154.0800018310547
5,0.9,mondrian,2025-05-22 21:03:00,baseline,156.64,192.2868487548828,168.78558349609375
5,0.9,mondrian,2025-05-22 22:41:00,baseline,161.04,197.96525451660156,174.4639892578125
5,0.9,mondrian,2025-05-23 00:20:00,elevated_risk,179.52,208.14881256103516,188.43374633789062
5,0.9,mondrian,2025-05-23 01:59:00,elevated_risk,200.64,212.03580596923828,192.32073974609375
5,0.9,mondrian,2025-05-23 03:38:00,elevated_risk,211.2,211.82607391357422,192.1110076904297
5,0.9,mondrian,2025-05-23 05:17:00,elevated_risk,212.08,205.56173065185547,185.84666442871094
5,0.9,mondrian,2025-05-23 06:56:00,elevated_risk,211.2,170.99776580810547,151.28269958496094
5,0.9,mondrian,2025-05-23 08:35:00,elevated_risk,66.88,182.49346282958984,162.7783966064453
5,0.9,mondrian,2025-05-23 10:14:00,elevated_risk,62.48,114.53750732421875,94.82244110107422
5,0.9,mondrian,2025-05-23 11:53:00,elevated_risk,88.88,115.57266357421875,95.85759735107422
5,0.9,mondrian,2025-05-23 13:32:00,elevated_risk,111.76,133.3563397216797,113.64127349853516
5,0.9,mondrian,2025-05-23 15:11:00,elevated_risk,113.52,158.98279693603516,139.26773071289062
5,0.9,mondrian,2025-05-23 16:50:00,elevated_risk,139.04,173.3474057006836,153.63233947753906
5,0.9,mondrian,2025-05-23 18:28:00,elevated_risk,164.56,175.30666473388672,155.5915985107422
5,0.9,mondrian,2025-05-23 20:07:00,elevated_risk,167.2,192.43904998779297,172.72398376464844
5,0.9,mondrian,2025-05-23 21:46:00,elevated_risk,190.08,200.39254119873047,180.67747497558594
5,0.9,mondrian,2025-05-23 23:25:00,elevated_risk,191.84,210.83889129638672,191.1238250732422
5,0.9,mondrian,2025-05-24 01:04:00,baseline,193.6,219.7704150390625,196.26914978027344
5,0.9,mondrian,2025-05-24 02:43:00,baseline,220.0,207.4757830810547,183.97451782226562
5,0.9,mondrian,2025-05-24 04:22:00,baseline,220.0,220.0982196044922,196.59695434570312
5,0.9,mondrian,2025-05-24 06:01:00,baseline,220.0,191.40275451660156,167.9014892578125
5,0.95,marginal,2025-05-19 20:30:00,baseline,141.68,177.7384161376953,149.83889770507812
5,0.95,marginal,2025-05-19 22:09:00,baseline,150.48,188.14799255371094,160.24847412109375
5,0.95,marginal,2025-05-19 23:48:00,baseline,161.04,194.1239599609375,166.2244415283203
5,0.95,marginal,2025-05-20 01:27:00,elevated_risk,190.96,209.57023376464844,181.67071533203125
5,0.95,marginal,2025-05-20 03:06:00,elevated_risk,203.28,220.17757934570312,192.27806091308594
5,0.95,marginal,2025-05-20 04:45:00,elevated_risk,205.04,217.48278564453125,189.58326721191406
5,0.95,marginal,2025-05-20 06:24:00,elevated_risk,209.44,187.08353942871094,159.18402099609375
5,0.95,marginal,2025-05-20 08:03:00,elevated_risk,210.32,186.96207946777344,159.06256103515625
5,0.95,marginal,2025-05-20 09:41:00,elevated_risk,207.68,192.7929052734375,164.8933868408203
5,0.95,marginal,2025-05-20 11:20:00,elevated_risk,75.68,190.9974951171875,163.0979766845703
5,0.95,marginal,2025-05-20 12:59:00,elevated_risk,93.28,129.85590118408203,101.95638275146484
5,0.95,marginal,2025-05-20 14:38:00,elevated_risk,104.72,129.89008850097656,101.99057006835938
5,0.95,marginal,2025-05-20 16:17:00,elevated_risk,108.24,159.62238830566406,131.72286987304688
5,0.95,marginal,2025-05-20 17:56:00,elevated_risk,139.92,172.47663635253906,144.57711791992188
5,0.95,marginal,2025-05-20 19:35:00,elevated_risk,152.24,174.34524291992187,146.4457244873047
5,0.95,marginal,2025-05-20 21:14:00,elevated_risk,154.88,181.05338806152344,153.15386962890625
5,0.95,marginal,2025-05-20 22:53:00,elevated_risk,157.52,198.1663946533203,170.26687622070312
5,0.95,marginal,2025-05-21 00:32:00,baseline,158.4,207.7208380126953,179.82131958007812
5,0.95,marginal,2025-05-21 02:11:00,baseline,180.4,207.73458618164062,179.83506774902344
5,0.95,marginal,2025-05-21 03:50:00,baseline,184.8,214.07917541503906,186.17965698242188
5,0.95,marginal,2025-05-21 05:28:00,baseline,184.8,166.99119323730469,139.0916748046875
5,0.95,marginal,2025-05-21 07:07:00,baseline,183.92,155.5114874267578,127.61196899414062
5,0.95,marginal,2025-05-21 08:46:00,baseline,148.72,175.88664001464844,147.98712158203125
5,0.95,marginal,2025-05-21 10:25:00,baseline,139.04,159.66190856933594,131.76239013671875
5,0.95,marginal,2025-05-21 12:04:00,baseline,90.64,132.49619049072265,104.59667205810547
5,0.95,marginal,2025-05-21 13:43:00,baseline,102.96,142.59379333496094,114.69427490234375
5,0.95,marginal,2025-05-21 15:22:00,baseline,107.36,142.66266387939453,114.76314544677734
5,0.95,marginal,2025-05-21 17:01:00,baseline,118.8,162.5269903564453,134.62747192382812
5,0.95,marginal,2025-05-21 18:40:00,baseline,152.24,168.41978210449219,140.520263671875
5,0.95,marginal,2025-05-21 20:19:00,baseline,154.88,178.12568420410156,150.22616577148438
5,0.95,marginal,2025-05-21 21:58:00,baseline,165.44,190.39927429199219,162.499755859375
5,0.95,marginal,2025-05-21 23:37:00,baseline,190.96,201.63384765625,173.7343292236328
5,0.95,marginal,2025-05-22 01:16:00,baseline,217.36,206.43693298339844,178.53741455078125
5,0.95,marginal,2025-05-22 02:54:00,baseline,220.0,224.43330139160156,196.53378295898438
5,0.95,marginal,2025-05-22 04:33:00,baseline,220.0,213.72656005859375,185.82704162597656
5,0.95,marginal,2025-05-22 06:12:00,baseline,220.0,176.93822998046875,149.03871154785156
5,0.95,marginal,2025-05-22 07:51:00,baseline,194.48,161.12655395507812,133.22703552246094
5,0.95,marginal,2025-05-22 09:30:00,baseline,192.72,179.4950537109375,151.5955352783203
5,0.95,marginal,2025-05-22 11:09:00,baseline,60.72,175.16715759277344,147.26763916015625
5,0.95,marginal,2025-05-22 12:48:00,baseline,62.48,140.75242370605469,112.8529052734375
5,0.95,marginal,2025-05-22 14:27:00,baseline,110.0,139.67001098632812,111.77049255371094
5,0.95,marginal,2025-05-22 16:06:00,baseline,110.88,163.25358337402344,135.35406494140625
5,0.95,marginal,2025-05-22 17:45:00,baseline,139.04,185.95593017578125,158.05641174316406
5,0.95,marginal,2025-05-22 19:24:00,baseline,155.76,181.97952026367187,154.0800018310547
5,0.95,marginal,2025-05-22 21:03:00,baseline,156.64,196.68510192871094,168.78558349609375
5,0.95,marginal,2025-05-22 22:41:00,baseline,161.04,202.36350769042969,174.4639892578125
5,0.95,marginal,2025-05-23 00:20:00,elevated_risk,179.52,216.3332647705078,188.43374633789062
5,0.95,marginal,2025-05-23 01:59:00,elevated_risk,200.64,220.22025817871094,192.32073974609375
5,0.95,marginal,2025-05-23 03:38:00,elevated_risk,211.2,220.01052612304687,192.1110076904297
5,0.95,marginal,2025-05-23 05:17:00,elevated_risk,212.08,213.74618286132812,185.84666442871094
5,0.95,marginal,2025-05-23 06:56:00,elevated_risk,211.2,179.18221801757812,151.28269958496094
5,0.95,marginal,2025-05-23 08:35:00,elevated_risk,66.88,190.6779150390625,162.7783966064453
5,0.95,marginal,2025-05-23 10:14:00,elevated_risk,62.48,122.7219595336914,94.82244110107422
5,0.95,marginal,2025-05-23 11:53:00,elevated_risk,88.88,123.7571157836914,95.85759735107422
5,0.95,marginal,2025-05-23 13:32:00,elevated_risk,111.76,141.54079193115234,113.64127349853516
5,0.95,marginal,2025-05-23 15:11:00,elevated_risk,113.52,167.1672491455078,139.26773071289062
5,0.95,marginal,2025-05-23 16:50:00,elevated_risk,139.04,181.53185791015625,153.63233947753906
5,0.95,marginal,2025-05-23 18:28:00,elevated_risk,164.56,183.49111694335937,155.5915985107422
5,0.95,marginal,2025-05-23 20:07:00,elevated_risk,167.2,200.62350219726562,172.72398376464844
5,0.95,marginal,2025-05-23 21:46:00,elevated_risk,190.08,208.57699340820312,180.67747497558594
5,0.95,marginal,2025-05-23 23:25:00,elevated_risk,191.84,219.02334350585937,191.1238250732422
5,0.95,marginal,2025-05-24 01:04:00,baseline,193.6,224.16866821289062,196.26914978027344
5,0.95,marginal,2025-05-24 02:43:00,baseline,220.0,211.8740362548828,183.97451782226562
5,0.95,marginal,2025-05-24 04:22:00,baseline,220.0,224.4964727783203,196.59695434570312
5,0.95,marginal,2025-05-24 06:01:00,baseline,220.0,195.80100769042969,167.9014892578125
5,0.95,adaptive,2025-05-19 20:30:00,baseline,141.68,165.77935886927082,149.83889770507812
5,0.95,adaptive,2025-05-19 22:09:00,baseline,150.48,180.90341542595743,160.24847412109375
5,0.95,adaptive,2025-05-19 23:48:00,baseline,161.04,185.70972996697324,166.2244415283203
5,0.95,adaptive,2025-05-20 01:27:00,elevated_risk,190.96,194.9558551512748,181.67071533203125
5,0.95,adaptive,2025-05-20 03:06:00,elevated_risk,203.28,211.107380807024,192.27806091308594
5,0.95,adaptive,2025-05-20 04:45:00,elevated_risk,205.04,237.36229718193923,189.58326721191406
5,0.95,adaptive,2025-05-20 06:24:00,elevated_risk,209.44,208.3730218572369,159.18402099609375
5,0.95,adaptive,2025-05-20 08:03:00,elevated_risk,210.32,219.96379084259087,159.06256103515625
5,0.95,adaptive,2025-05-20 09:41:00,elevated_risk,207.68,221.27784030236532,164.8933868408203
5,0.95,adaptive,2025-05-20 11:20:00,elevated_risk,75.68,211.32377879561534,163.0979766845703
5,0.95,adaptive,2025-05-20 12:59:00,elevated_risk,93.28,133.17347612775595,101.95638275146484
5,0.95,adaptive,2025-05-20 14:38:00,elevated_risk,104.72,131.60451630950453,101.99057006835938
5,0.95,adaptive,2025-05-20 16:17:00,elevated_risk,108.24,146.9771943893389,131.72286987304688
5,0.95,adaptive,2025-05-20 17:56:00,elevated_risk,139.92,156.82795465617176,144.57711791992188
5,0.95,adaptive,2025-05-20 19:35:00,elevated_risk,152.24,155.77598400542007,146.4457244873047
5,0.95,adaptive,2025-05-20 21:14:00,elevated_risk,154.88,167.11993527373215,153.15386962890625
5,0.95,adaptive,2025-05-20 22:53:00,elevated_risk,157.52,180.96980378500515,170.26687622070312
5,0.95,adaptive,2025-05-21 00:32:00,baseline,158.4,191.72006671415357,179.82131958007812
5,0.95,adaptive,2025-05-21 02:11:00,baseline,180.4,190.96145394465614,179.83506774902344
5,0.95,adaptive,2025-05-21 03:50:00,baseline,184.8,197.05992004428757,186.17965698242188
5,0.95,adaptive,2025-05-21 05:28:00,baseline,184.8,182.9553950427186,139.0916748046875
5,0.95,adaptive,2025-05-21 07:07:00,baseline,183.92,167.01597753504723,127.61196899414062
5,0.95,adaptive,2025-05-21 08:46:00,baseline,148.72,200.01418908155964,147.98712158203125
5,0.95,adaptive,2025-05-21 10:25:00,baseline,139.04,156.19974871843874,131.76239013671875
5,0.95,adaptive,2025-05-21 12:04:00,baseline,90.64,137.09964290921636,104.59667205810547
5,0.95,adaptive,2025-05-21 13:43:00,baseline,102.96,141.58429085169064,114.69427490234375
5,0.95,adaptive,2025-05-21 15:22:00,baseline,107.36,130.52852844461123,114.76314544677734
5,0.95,adaptive,2025-05-21 17:01:00,baseline,118.8,148.64833749154204,134.62747192382812
5,0.95,adaptive,2025-05-21 18:40:00,baseline,152.24,153.60438611400664,140.520263671875
5,0.95,adaptive,2025-05-21 20:19:00,baseline,154.88,159.0375312955791,150.22616577148438
5,0.95,adaptive,2025-05-21 21:58:00,baseline,165.44,169.95906613726538,162.499755859375
5,0.95,adaptive,2025-05-21 23:37:00,baseline,190.96,180.6593017243258,173.7343292236328
5,0.95,adaptive,2025-05-22 01:16:00,baseline,217.36,181.4395731003829,178.53741455078125
5,0.95,adaptive,2025-05-22 02:54:00,baseline,220.0,208.99390275785632,196.53378295898438
5,0.95,adaptive,2025-05-22 04:33:00,baseline,220.0,201.9794661547165,185.82704162597656
5,0.95,adaptive,2025-05-22 06:12:00,baseline,220.0,181.90267044941368,149.03871154785156
5,0.95,adaptive,2025-05-22 07:51:00,baseline,194.48,175.0011535008854,133.22703552246094
5,0.95,adaptive,2025-05-22 09:30:00,baseline,192.72,206.02334200350904,151.5955352783203
5,0.95,adaptive,2025-05-22 11:09:00,baseline,60.72,185.00957590822682,147.26763916015625
5,0.95,adaptive,2025-05-22 12:48:00,baseline,62.48,142.65529179140773,112.8529052734375
5,0.95,adaptive,2025-05-22 14:27:00,baseline,110.0,128.0006075816254,111.77049255371094
5,0.95,adaptive,2025-05-22 16:06:00,baseline,110.88,142.50934854558932,135.35406494140625
5,0.95,adaptive,2025-05-22 17:45:00,baseline,139.04,175.53647874149527,158.05641174316406
5,0.95,adaptive,2025-05-22 19:24:00,baseline,155.76,158.75168654440634,154.0800018310547
5,0.95,adaptive,2025-05-22 21:03:00,baseline,156.64,183.14525960300082,168.78558349609375
5,0.95,adaptive,2025-05-22 22:41:00,baseline,161.04,183.1792785825055,174.4639892578125
5,0.95,adaptive,2025-05-23 00:20:00,elevated_risk,179.52,198.79741787373072,188.43374633789062
5,0.95,adaptive,2025-05-23 01:59:00,elevated_risk,200.64,194.8693025385851,192.32073974609375
5,0.95,adaptive,2025-05-23 03:38:00,elevated_risk,211.2,200.34957478771784,192.1110076904297
5,0.95,adaptive,2025-05-23 05:17:00,elevated_risk,212.08,205.8399723962187,185.84666442871094
5,0.95,adaptive,2025-05-23 06:56:00,elevated_risk,211.2,208.49768633696425,151.28269958496094
5,0.95,adaptive,2025-05-23 08:35:00,elevated_risk,66.88,229.46522563098756,162.7783966064453
5,0.95,adaptive,2025-05-23 10:14:00,elevated_risk,62.48,125.68522282186524,94.82244110107422
5,0.95,adaptive,2025-05-23 11:53:00,elevated_risk,88.88,110.15896871062925,95.85759735107422
5,0.95,adaptive,2025-05-23 13:32:00,elevated_risk,111.76,119.88799681237067,113.64127349853516
5,0.95,adaptive,2025-05-23 15:11:00,elevated_risk,113.52,182.44644762464225,139.26773071289062
5,0.95,adaptive,2025-05-23 16:50:00,elevated_risk,139.04,167.5882524360803,153.63233947753906
5,0.95,adaptive,2025-05-23 18:28:00,elevated_risk,164.56,168.22786655154795,155.5915985107422
5,0.95,adaptive,2025-05-23 20:07:00,elevated_risk,167.2,187.6677244094454,172.72398376464844
5,0.95,adaptive,2025-05-23 21:46:00,elevated_risk,190.08,191.5788862036214,180.67747497558594
5,0.95,adaptive,2025-05-23 23:25:00,elevated_risk,191.84,201.47279561185945,191.1238250732422
5,0.95,adaptive,2025-05-24 01:04:00,baseline,193.6,201.56785512976063,196.26914978027344
5,0.95,adaptive,2025-05-24 02:43:00,baseline,220.0,198.04115145732504,183.97451782226562
5,0.95,adaptive,2025-05-24 04:22:00,baseline,220.0,211.64077011421492,196.59695434570312
5,0.95,adaptive,2025-05-24 06:01:00,baseline,220.0,205.66973618250347,167.9014892578125
5,0.95,mondrian,2025-05-19 20:30:00,baseline,141.68,178.42159240722657,149.83889770507812
5,0.95,mondrian,2025-05-19 22:09:00,baseline,150.48,188.8311688232422,160.24847412109375
5,0.95,mondrian,2025-05-19 23:48:00,baseline,161.04,194.80713623046876,166.2244415283203
5,0.95,mondrian,2025-05-20 01:27:00,elevated_risk,190.96,225.6676284790039,181.67071533203125
5,0.95,mondrian,2025-05-20 03:06:00,elevated_risk,203.28,236.27497406005858,192.27806091308594
5,0.95,mondrian,2025-05-20 04:45:00,elevated_risk,205.04,233.5801803588867,189.58326721191406
5,0.95,mondrian,2025-05-20 06:24:00,elevated_risk,209.44,203.1809341430664,159.18402099609375
5,0.95,mondrian,2025-05-20 08:03:00,elevated_risk,210.32,203.0594741821289,159.06256103515625
5,0.95,mondrian,2025-05-20 09:41:00,elevated_risk,207.68,208.89029998779296,164.8933868408203
5,0.95,mondrian,2025-05-20 11:20:00,elevated_risk,75.68,207.09488983154296,163.0979766845703
5,0.95,mondrian,2025-05-20 12:59:00,elevated_risk,93.28,145.9532958984375,101.95638275146484
5,0.95,mondrian,2025-05-20 14:38:00,elevated_risk,104.72,145.98748321533202,101.99057006835938
5,0.95,mondrian,2025-05-20 16:17:00,elevated_risk,108.24,175.71978302001952,131.72286987304688
5,0.95,mondrian,2025-05-20 17:56:00,elevated_risk,139.92,188.57403106689452,144.57711791992188
5,0.95,mondrian,2025-05-20 19:35:00,elevated_risk,152.24,190.44263763427733,146.4457244873047
5,0.95,mondrian,2025-05-20 21:14:00,elevated_risk,154.88,197.1507827758789,153.15386962890625
5,0.95,mondrian,2025-05-20 22:53:00,elevated_risk,157.52,214.26378936767577,170.26687622070312
5,0.95,mondrian,2025-05-21 00:32:00,baseline,158.4,208.40401428222657,179.82131958007812
5,0.95,mondrian,2025-05-21 02:11:00,baseline,180.4,208.41776245117188,179.83506774902344
5,0.95,mondrian,2025-05-21 03:50:00,baseline,184.8,214.76235168457032,186.17965698242188
5,0.95,mondrian,2025-05-21 05:28:00,baseline,184.8,167.67436950683594,139.0916748046875
5,0.95,mondrian,2025-05-21 07:07:00,baseline,183.92,156.19466369628907,127.61196899414062
5,0.95,mondrian,2025-05-21 08:46:00,baseline,148.72,176.5698162841797,147.98712158203125
5,0.95,mondrian,2025-05-21 10:25:00,baseline,139.04,160.3450848388672,131.76239013671875
5,0.95,mondrian,2025-05-21 12:04:00,baseline,90.64,133.1793667602539,104.59667205810547
5,0.95,mondrian,2025-05-21 13:43:00,baseline,102.96,143.2769696044922,114.69427490234375
5,0.95,mondrian,2025-05-21 15:22:00,baseline,107.36,143.3458401489258,114.76314544677734
5,0.95,mondrian,2025-05-21 17:01:00,baseline,118.8,163.21016662597657,134.62747192382812
5,0.95,mondrian,2025-05-21 18:40:00,baseline,152.24,169.10295837402344,140.520263671875
5,0.95,mondrian,2025-05-21 20:19:00,baseline,154.88,178.80886047363282,150.22616577148438
5,0.95,mondrian,2025-05-21 21:58:00,baseline,165.44,191.08245056152344,162.499755859375
5,0.95,mondrian,2025-05-21 23:37:00,baseline,190.96,202.31702392578126,173.7343292236328
5,0.95,mondrian,2025-05-22 01:16:00,baseline,217.36,207.1201092529297,178.53741455078125
5,0.95,mondrian,2025-05-22 02:54:00,baseline,220.0,225.11647766113282,196.53378295898438
5,0.95,mondrian,2025-05-22 04:33:00,baseline,220.0,214.409736328125,185.82704162597656
5,0.95,mondrian,2025-05-22 06:12:00,baseline,220.0,177.62140625,149.03871154785156
5,0.95,mondrian,2025-05-22 07:51:00,baseline,194.48,161.80973022460938,133.22703552246094
5,0.95,mondrian,2025-05-22 09:30:00,baseline,192.72,180.17822998046876,151.5955352783203
5,0.95,mondrian,2025-05-22 11:09:00,baseline,60.72,175.8503338623047,147.26763916015625
5,0.95,mondrian,2025-05-22 12:48:00,baseline,62.48,141.43559997558594,112.8529052734375
5,0.95,mondrian,2025-05-22 14:27:00,baseline,110.0,140.35318725585938,111.77049255371094
5,0.95,mondrian,2025-05-22 16:06:00,baseline,110.88,163.9367596435547,135.35406494140625
5,0.95,mondrian,2025-05-22 17:45:00,baseline,139.04,186.6391064453125,158.05641174316406
5,0.95,mondrian,2025-05-22 19:24:00,baseline,155.76,182.66269653320313,154.0800018310547
5,0.95,mondrian,2025-05-22 21:03:00,baseline,156.64,197.3682781982422,168.78558349609375
5,0.95,mondrian,2025-05-22 22:41:00,baseline,161.04,203.04668395996094,174.4639892578125
5,0.95,mondrian,2025-05-23 00:20:00,elevated_risk,179.52,232.43065948486327,188.43374633789062
5,0.95,mondrian,2025-05-23 01:59:00,elevated_risk,200.64,236.3176528930664,192.32073974609375
5,0.95,mondrian,2025-05-23 03:38:00,elevated_risk,211.2,236.10792083740233,192.1110076904297
5,0.95,mondrian,2025-05-23 05:17:00,elevated_risk,212.08,229.84357757568358,185.84666442871094
5,0.95,mondrian,2025-05-23 06:56:00,elevated_risk,211.2,195.27961273193358,151.28269958496094
5,0.95,mondrian,2025-05-23 08:35:00,elevated_risk,66.88,206.77530975341796,162.7783966064453
5,0.95,mondrian,2025-05-23 10:14:00,elevated_risk,62.48,138.81935424804686,94.82244110107422
5,0.95,mondrian,2025-05-23 11:53:00,elevated_risk,88.88,139.85451049804686,95.85759735107422
5,0.95,mondrian,2025-05-23 13:32:00,elevated_risk,111.76,157.6381866455078,113.64127349853516
5,0.95,mondrian,2025-05-23 15:11:00,elevated_risk,113.52,183.26464385986327,139.26773071289062
5,0.95,mondrian,2025-05-23 16:50:00,elevated_risk,139.04,197.6292526245117,153.63233947753906
5,0.95,mondrian,2025-05-23 18:28:00,elevated_risk,164.56,199.58851165771483,155.5915985107422
5,0.95,mondrian,2025-05-23 20:07:00,elevated_risk,167.2,216.72089691162108,172.72398376464844
5,0.95,mondrian,2025-05-23 21:46:00,elevated_risk,190.08,224.67438812255858,180.67747497558594
5,0.95,mondrian,2025-05-23 23:25:00,elevated_risk,191.84,235.12073822021483,191.1238250732422
5,0.95,mondrian,2025-05-24 01:04:00,baseline,193.6,224.85184448242188,196.26914978027344
5,0.95,mondrian,2025-05-24 02:43:00,baseline,220.0,212.55721252441407,183.97451782226562
5,0.95,mondrian,2025-05-24 04:22:00,baseline,220.0,225.17964904785157,196.59695434570312
5,0.95,mondrian,2025-05-24 06:01:00,baseline,220.0,196.48418395996094,167.9014892578125
6,0.8,marginal,2025-05-24 07:40:00,baseline,179.52,165.3148565673828,149.23553466796875
6,0.8,marginal,2025-05-24 09:19:00,baseline,92.4,163.1035986328125,147.02427673339844
6,0.8,marginal,2025-05-24 10:58:00,baseline,80.96,94.97472290039062,78.89540100097656
6,0.8,marginal,2025-05-24 12:37:00,baseline,91.52,123.89750579833984,107.81818389892578
6,0.8,marginal,2025-05-24 14:16:00,baseline,106.48,132.67533782958984,116.59601593017578
6,0.8,marginal,2025-05-24 15:54:00,baseline,110.88,157.91858581542968,141.83926391601562
6,0.8,marginal,2025-05-24 17:33:00,baseline,126.72,165.56328491210937,149.4839630126953
6,0.8,marginal,2025-05-24 19:12:00,baseline,157.52,165.53049377441405,149.451171875
6,0.8,marginal,2025-05-24 20:51:00,baseline,159.28,189.58449462890624,173.5051727294922
6,0.8,marginal,2025-05-24 22:30:00,baseline,163.68,200.90643981933593,184.82711791992188
6,0.8,marginal,2025-05-25 00:09:00,baseline,164.56,204.23682312011718,188.15750122070312
6,0.8,marginal,2025-05-25 01:48:00,baseline,197.12,197.89653686523437,181.8172149658203
6,0.8,marginal,2025-05-25 03:27:00,baseline,212.08,203.80522827148437,187.7259063720703
6,0.8,marginal,2025-05-25 05:06:00,baseline,212.96,194.70769409179687,178.6283721923828
6,0.8,marginal,2025-05-25 06:45:00,baseline,212.96,171.8884649658203,155.80914306640625
6,0.8,marginal,2025-05-25 08:24:00,baseline,124.96,151.75185302734374,135.6725311279297
6,0.8,marginal,2025-05-25 10:03:00,baseline,58.96,108.38413909912109,92.30481719970703
6,0.8,marginal,2025-05-25 11:41:00,baseline,58.08,94.49421600341796,78.4148941040039
6,0.8,marginal,2025-05-25 13:20:00,baseline,80.96,118.0419073486328,101.96258544921875
6,0.8,marginal,2025-05-25 14:59:00,baseline,106.48,120.47566131591796,104.3963394165039
6,0.8,marginal,2025-05-25 16:38:00,baseline,107.36,151.64284423828124,135.5635223388672
6,0.8,marginal,2025-05-25 18:17:00,baseline,147.84,164.51496032714843,148.43563842773438
6,0.8,marginal,2025-05-25 19:56:00,baseline,149.6,174.10993103027343,158.03060913085938
6,0.8,marginal,2025-05-25 21:35:00,baseline,154.88,177.58901123046874,161.5096893310547
6,0.8,marginal,2025-05-25 23:14:00,baseline,164.56,194.50900939941405,178.4296875
6,0.8,marginal,2025-05-26 00:53:00,baseline,179.52,198.33154968261718,182.25222778320312
6,0.8,marginal,2025-05-26 02:32:00,baseline,205.04,205.07785705566405,188.99853515625
6,0.8,marginal,2025-05-26 04:11:00,baseline,206.8,208.92896179199218,192.84963989257812
6,0.8,marginal,2025-05-26 05:50:00,baseline,205.92,199.05016235351562,182.97084045410156
6,0.8,marginal,2025-05-26 07:28:00,baseline,180.4,176.25701049804687,160.1776885986328
6,0.8,marginal,2025-05-26 09:07:00,baseline,179.52,177.54920104980468,161.46987915039062
6,0.8,marginal,2025-05-26 10:46:00,baseline,56.32,105.37341979980468,89.29409790039062
6,0.8,marginal,2025-05-26 12:25:00,baseline,54.56,101.36561492919921,85.28629302978516
6,0.8,marginal,2025-05-26 14:04:00,baseline,102.96,121.36998657226562,105.29066467285156
6,0.8,marginal,2025-05-26 15:43:00,baseline,105.6,129.0358038330078,112.95648193359375
6,0.8,marginal,2025-05-26 17:22:00,baseline,97.24,161.53552917480468,145.45620727539062
6,0.8,marginal,2025-05-26 19:01:00,baseline,133.76,159.23271850585937,143.1533966064453
6,0.8,marginal,2025-05-26 20:40:00,baseline,154.0,163.49536804199218,147.41604614257812
6,0.8,marginal,2025-05-26 22:19:00,baseline,156.64,176.38123229980468,160.30191040039062
6,0.8,marginal,2025-05-26 23:58:00,baseline,162.8,195.38799194335937,179.3086700439453
6,0.8,marginal,2025-05-27 01:37:00,baseline,166.32,195.64157775878905,179.562255859375
6,0.8,marginal,2025-05-27 03:16:00,baseline,191.84,197.0137548828125,180.93443298339844
6,0.8,marginal,2025-05-27 04:54:00,baseline,192.72,185.60622314453124,169.5269012451172
6,0.8,marginal,2025-05-27 06:33:00,baseline,190.96,158.38600830078124,142.3066864013672
6,0.8,marginal,2025-05-27 08:12:00,baseline,161.04,153.13892272949218,137.05960083007812
6,0.8,marginal,2025-05-27 09:51:00,baseline,74.8,138.5955419921875,122.51622009277344
6,0.8,marginal,2025-05-27 11:30:00,baseline,74.8,105.19745544433593,89.11813354492188
6,0.8,marginal,2025-05-27 13:09:00,baseline,97.68,118.48808197021484,102.40876007080078
6,0.8,marginal,2025-05-27 14:48:00,baseline,98.56,119.62794403076171,103.54862213134766
6,0.8,marginal,2025-05-27 16:27:00,baseline,90.64,142.40492919921874,126.32560729980469
6,0.8,marginal,2025-05-27 18:06:00,baseline,108.24,134.99421600341796,118.9148941040039
6,0.8,marginal,2025-05-27 19:45:00,baseline,143.44,154.50656799316405,138.42724609375
6,0.8,marginal,2025-05-27 21:24:00,baseline,144.32,168.70226196289062,152.62294006347656
6,0.8,marginal,2025-05-27 23:03:00,baseline,152.24,176.4582891845703,160.37896728515625
6,0.8,marginal,2025-05-28 00:41:00,baseline,153.12,191.35570434570312,175.27638244628906
6,0.8,marginal,2025-05-28 02:20:00,baseline,189.2,175.33360961914062,159.25428771972656
6,0.8,marginal,2025-05-28 03:59:00,baseline,190.08,204.20801452636718,188.12869262695312
6,0.8,marginal,2025-05-28 05:38:00,baseline,188.32,179.06565002441405,162.986328125
6,0.8,marginal,2025-05-28 07:17:00,baseline,187.44,169.65683654785155,153.5775146484375
6,0.8,marginal,2025-05-28 08:56:00,baseline,169.84,155.54827026367187,139.4689483642578
6,0.8,marginal,2025-05-28 10:35:00,baseline,62.48,123.2970571899414,107.21773529052734
6,0.8,marginal,2025-05-28 12:14:00,baseline,65.12,92.0878057861328,76.00848388671875
6,0.8,marginal,2025-05-28 13:53:00,baseline,80.96,118.10121063232421,102.02188873291016
6,0.8,marginal,2025-05-28 15:32:00,baseline,99.44,114.63015655517577,98.55083465576172
6,0.8,marginal,2025-05-28 17:11:00,baseline,113.52,128.58962921142577,112.51030731201172
6,0.8,adaptive,2025-05-24 07:40:00,baseline,179.52,169.03021410537747,149.23553466796875
6,0.8,adaptive,2025-05-24 09:19:00,baseline,92.4,169.9619329581779,147.02427673339844
6,0.8,adaptive,2025-05-24 10:58:00,baseline,80.96,99.84762657640741,78.89540100097656
6,0.8,adaptive,2025-05-24 12:37:00,baseline,91.52,122.82860369332593,107.81818389892578
6,0.8,adaptive,2025-05-24 14:16:00,baseline,106.48,137.30667773111776,116.59601593017578
6,0.8,adaptive,2025-05-24 15:54:00,baseline,110.88,155.19559815709948,141.83926391601562
6,0.8,adaptive,2025-05-24 17:33:00,baseline,126.72,163.8607838774443,149.4839630126953
6,0.8,adaptive,2025-05-24 19:12:00,baseline,157.52,168.43294516674288,149.451171875
6,0.8,adaptive,2025-05-24 20:51:00,baseline,159.28,191.2058712848873,173.5051727294922
6,0.8,adaptive,2025-05-24 22:30:00,baseline,163.68,201.97430311140513,184.82711791992188
6,0.8,adaptive,2025-05-25 00:09:00,baseline,164.56,198.25322565141133,188.15750122070312
6,0.8,adaptive,2025-05-25 01:48:00,baseline,197.12,191.76250667909653,181.8172149658203
6,0.8,adaptive,2025-05-25 03:27:00,baseline,212.08,200.66966258361313,187.7259063720703
6,0.8,adaptive,2025-05-25 05:06:00,baseline,212.96,201.49214586841651,178.6283721923828
6,0.8,adaptive,2025-05-25 06:45:00,baseline,212.96,194.87507663001213,155.80914306640625
6,0.8,adaptive,2025-05-25 08:24:00,baseline,124.96,188.89395994502124,135.6725311279297
6,0.8,adaptive,2025-05-25 10:03:00,baseline,58.96,119.70147349271204,92.30481719970703
6,0.8,adaptive,2025-05-25 11:41:00,baseline,58.08,111.01054378107278,78.4148941040039
6,0.8,adaptive,2025-05-25 13:20:00,baseline,80.96,117.63210874206736,101.96258544921875
6,0.8,adaptive,2025-05-25 14:59:00,baseline,106.48,118.29212503581361,104.3963394165039
6,0.8,adaptive,2025-05-25 16:38:00,baseline,107.36,141.6197973074058,135.5635223388672
6,0.8,adaptive,2025-05-25 18:17:00,baseline,147.84,157.6704578918671,148.43563842773438
6,0.8,adaptive,2025-05-25 19:56:00,baseline,149.6,179.29419177892137,158.03060913085938
6,0.8,adaptive,2025-05-25 21:35:00,baseline,154.88,176.8853061847173,161.5096893310547
6,0.8,adaptive,2025-05-25 23:14:00,baseline,164.56,192.4212049732425,178.4296875
6,0.8,adaptive,2025-05-26 00:53:00,baseline,179.52,194.20935445942519,182.25222778320312
6,0.8,adaptive,2025-05-26 02:32:00,baseline,205.04,196.43565518032537,188.99853515625
6,0.8,adaptive,2025-05-26 04:11:00,baseline,206.8,197.7126427093932,192.84963989257812
6,0.8,adaptive,2025-05-26 05:50:00,baseline,205.92,205.52295084066122,182.97084045410156
6,0.8,adaptive,2025-05-26 07:28:00,baseline,180.4,194.7837943317374,160.1776885986328
6,0.8,adaptive,2025-05-26 09:07:00,baseline,179.52,202.90765430344013,161.46987915039062
6,0.8,adaptive,2025-05-26 10:46:00,baseline,56.32,116.63853130065436,89.29409790039062
6,0.8,adaptive,2025-05-26 12:25:00,baseline,54.56,98.0428219769816,85.28629302978516
6,0.8,adaptive,2025-05-26 14:04:00,baseline,102.96,125.14826797366987,105.29066467285156
6,0.8,adaptive,2025-05-26 15:43:00,baseline,105.6,124.56937183720764,112.95648193359375
6,0.8,adaptive,2025-05-26 17:22:00,baseline,97.24,159.43368398888498,145.45620727539062
6,0.8,adaptive,2025-05-26 19:01:00,baseline,133.76,158.64863666864287,143.1533966064453
6,0.8,adaptive,2025-05-26 20:40:00,baseline,154.0,164.3497542234157,147.41604614257812
6,0.8,adaptive,2025-05-26 22:19:00,baseline,156.64,173.51121916464675,160.30191040039062
6,0.8,adaptive,2025-05-26 23:58:00,baseline,162.8,189.8612927781421,179.3086700439453
6,0.8,adaptive,2025-05-27 01:37:00,baseline,166.32,191.28668407261358,179.562255859375
6,0.8,adaptive,2025-05-27 03:16:00,baseline,191.84,195.94117014716645,180.93443298339844
6,0.8,adaptive,2025-05-27 04:54:00,baseline,192.72,200.19382142961734,169.5269012451172
6,0.8,adaptive,2025-05-27 06:33:00,baseline,190.96,184.01146362756836,142.3066864013672
6,0.8,adaptive,2025-05-27 08:12:00,baseline,161.04,172.94317880001503,137.05960083007812
6,0.8,adaptive,2025-05-27 09:51:00,baseline,74.8,145.5471941711989,122.51622009277344
6,0.8,adaptive,2025-05-27 11:30:00,baseline,74.8,105.44287737758987,89.11813354492188
6,0.8,adaptive,2025-05-27 13:09:00,baseline,97.68,118.06906562064248,102.40876007080078
6,0.8,adaptive,2025-05-27 14:48:00,baseline,98.56,118.83996127217428,103.54862213134766
6,0.8,adaptive,2025-05-27 16:27:00,baseline,90.64,137.46375498353376,126.32560729980469
6,0.8,adaptive,2025-05-27 18:06:00,baseline,108.24,129.8860849754233,118.9148941040039
6,0.8,adaptive,2025-05-27 19:45:00,baseline,143.44,153.80866704534532,138.42724609375
6,0.8,adaptive,2025-05-27 21:24:00,baseline,144.32,166.7154463005105,152.62294006347656
6,0.8,adaptive,2025-05-27 23:03:00,baseline,152.24,170.06842622485303,160.37896728515625
6,0.8,adaptive,2025-05-28 00:41:00,baseline,153.12,183.41759276205502,175.27638244628906
6,0.8,adaptive,2025-05-28 02:20:00,baseline,189.2,167.16652887842147,159.25428771972656
6,0.8,adaptive,2025-05-28 03:59:00,baseline,190.08,205.3176377797152,188.12869262695312
6,0.8,adaptive,2025-05-28 05:38:00,baseline,188.32,195.7803518669166,162.986328125
6,0.8,adaptive,2025-05-28 07:17:00,baseline,187.44,180.685129357853,153.5775146484375
6,0.8,adaptive,2025-05-28 08:56:00,baseline,169.84,166.89967558452759,139.4689483642578
6,0.8,adaptive,2025-05-28 10:35:00,baseline,62.48,127.53442624385217,107.21773529052734
6,0.8,adaptive,2025-05-28 12:14:00,baseline,65.12,96.8830473318116,76.00848388671875
6,0.8,adaptive,2025-05-28 13:53:00,baseline,80.96,121.05281928601576,102.02188873291016
6,0.8,adaptive,2025-05-28 15:32:00,baseline,99.44,110.56946749427924,98.55083465576172
6,0.8,adaptive,2025-05-28 17:11:00,baseline,113.52,118.03396745980125,112.51030731201172
6,0.8,mondrian,2025-05-24 07:40:00,baseline,179.52,165.9782730102539,149.23553466796875
6,0.8,mondrian,2025-05-24 09:19:00,baseline,92.4,163.7670150756836,147.02427673339844
6,0.8,mondrian,2025-05-24 10:58:00,baseline,80.96,95.63813934326171,78.89540100097656
6,0.8,mondrian,2025-05-24 12:37:00,baseline,91.52,124.56092224121093,107.81818389892578
6,0.8,mondrian,2025-05-24 14:16:00,baseline,106.48,133.33875427246093,116.59601593017578
6,0.8,mondrian,2025-05-24 15:54:00,baseline,110.88,158.58200225830078,141.83926391601562
6,0.8,mondrian,2025-05-24 17:33:00,baseline,126.72,166.22670135498046,149.4839630126953
6,0.8,mondrian,2025-05-24 19:12:00,baseline,157.52,166.19391021728515,149.451171875
6,0.8,mondrian,2025-05-24 20:51:00,baseline,159.28,190.24791107177734,173.5051727294922
6,0.8,mondrian,2025-05-24 22:30:00,baseline,163.68,201.56985626220703,184.82711791992188
6,0.8,mondrian,2025-05-25 00:09:00,baseline,164.56,204.90023956298828,188.15750122070312
6,0.8,mondrian,2025-05-25 01:48:00,baseline,197.12,198.55995330810546,181.8172149658203
6,0.8,mondrian,2025-05-25 03:27:00,baseline,212.08,204.46864471435546,187.7259063720703
6,0.8,mondrian,2025-05-25 05:06:00,baseline,212.96,195.37111053466796,178.6283721923828
6,0.8,mondrian,2025-05-25 06:45:00,baseline,212.96,172.5518814086914,155.80914306640625
6,0.8,mondrian,2025-05-25 08:24:00,baseline,124.96,152.41526947021484,135.6725311279297
6,0.8,mondrian,2025-05-25 10:03:00,baseline,58.96,109.04755554199218,92.30481719970703
6,0.8,mondrian,2025-05-25 11:41:00,baseline,58.08,95.15763244628906,78.4148941040039
6,0.8,mondrian,2025-05-25 13:20:00,baseline,80.96,118.7053237915039,101.96258544921875
6,0.8,mondrian,2025-05-25 14:59:00,baseline,106.48,121.13907775878906,104.3963394165039
6,0.8,mondrian,2025-05-25 16:38:00,baseline,107.36,152.30626068115234,135.5635223388672
6,0.8,mondrian,2025-05-25 18:17:00,baseline,147.84,165.17837677001953,148.43563842773438
6,0.8,mondrian,2025-05-25 19:56:00,baseline,149.6,174.77334747314453,158.03060913085938
6,0.8,mondrian,2025-05-25 21:35:00,baseline,154.88,178.25242767333984,161.5096893310547
6,0.8,mondrian,2025-05-25 23:14:00,baseline,164.56,195.17242584228515,178.4296875
6,0.8,mondrian,2025-05-26 00:53:00,baseline,179.52,198.99496612548828,182.25222778320312
6,0.8,mondrian,2025-05-26 02:32:00,baseline,205.04,205.74127349853515,188.99853515625
6,0.8,mondrian,2025-05-26 04:11:00,baseline,206.8,209.59237823486328,192.84963989257812
6,0.8,mondrian,2025-05-26 05:50:00,baseline,205.92,199.7135787963867,182.97084045410156
6,0.8,mondrian,2025-05-26 07:28:00,baseline,180.4,176.92042694091796,160.1776885986328
6,0.8,mondrian,2025-05-26 09:07:00,baseline,179.52,178.21261749267578,161.46987915039062
6,0.8,mondrian,2025-05-26 10:46:00,baseline,56.32,106.03683624267578,89.29409790039062
6,0.8,mondrian,2025-05-26 12:25:00,baseline,54.56,102.0290313720703,85.28629302978516
6,0.8,mondrian,2025-05-26 14:04:00,baseline,102.96,122.03340301513671,105.29066467285156
6,0.8,mondrian,2025-05-26 15:43:00,baseline,105.6,129.6992202758789,112.95648193359375
6,0.8,mondrian,2025-05-26 17:22:00,baseline,97.24,162.19894561767578,145.45620727539062
6,0.8,mondrian,2025-05-26 19:01:00,baseline,133.76,159.89613494873046,143.1533966064453
6,0.8,mondrian,2025-05-26 20:40:00,baseline,154.0,164.15878448486328,147.41604614257812
6,0.8,mondrian,2025-05-26 22:19:00,baseline,156.64,177.04464874267578,160.30191040039062
6,0.8,mondrian,2025-05-26 23:58:00,baseline,162.8,196.05140838623046,179.3086700439453
6,0.8,mondrian,2025-05-27 01:37:00,baseline,166.32,196.30499420166015,179.562255859375
6,0.8,mondrian,2025-05-27 03:16:00,baseline,191.84,197.6771713256836,180.93443298339844
6,0.8,mondrian,2025-05-27 04:54:00,baseline,192.72,186.26963958740234,169.5269012451172
6,0.8,mondrian,2025-05-27 06:33:00,baseline,190.96,159.04942474365234,142.3066864013672
6,0.8,mondrian,2025-05-27 08:12:00,baseline,161.04,153.80233917236328,137.05960083007812
6,0.8,mondrian,2025-05-27 09:51:00,baseline,74.8,139.2589584350586,122.51622009277344
6,0.8,mondrian,2025-05-27 11:30:00,baseline,74.8,105.86087188720703,89.11813354492188
6,0.8,mondrian,2025-05-27 13:09:00,baseline,97.68,119.15149841308593,102.40876007080078
6,0.8,mondrian,2025-05-27 14:48:00,baseline,98.56,120.2913604736328,103.54862213134766
6,0.8,mondrian,2025-05-27 16:27:00,baseline,90.64,143.06834564208984,126.32560729980469
6,0.8,mondrian,2025-05-27 18:06:00,baseline,108.24,135.65763244628906,118.9148941040039
6,0.8,mondrian,2025-05-27 19:45:00,baseline,143.44,155.16998443603515,138.42724609375
6,0.8,mondrian,2025-05-27 21:24:00,baseline,144.32,169.3656784057617,152.62294006347656
6,0.8,mondrian,2025-05-27 23:03:00,baseline,152.24,177.1217056274414,160.37896728515625
6,0.8,mondrian,2025-05-28 00:41:00,baseline,153.12,192.0191207885742,175.27638244628906
6,0.8,mondrian,2025-05-28 02:20:00,baseline,189.2,175.9970260620117,159.25428771972656
6,0.8,mondrian,2025-05-28 03:59:00,baseline,190.08,204.87143096923828,188.12869262695312
6,0.8,mondrian,2025-05-28 05:38:00,baseline,188.32,179.72906646728515,162.986328125
6,0.8,mondrian,2025-05-28 07:17:00,baseline,187.44,170.32025299072265,153.5775146484375
6,0.8,mondrian,2025-05-28 08:56:00,baseline,169.84,156.21168670654296,139.4689483642578
6,0.8,mondrian,2025-05-28 10:35:00,baseline,62.48,123.9604736328125,107.21773529052734
6,0.8,mondrian,2025-05-28 12:14:00,baseline,65.12,92.7512222290039,76.00848388671875
6,0.8,mondrian,2025-05-28 13:53:00,baseline,80.96,118.7646270751953,102.02188873291016
6,0.8,mondrian,2025-05-28 15:32:00,baseline,99.44,115.29357299804687,98.55083465576172
6,0.8,mondrian,2025-05-28 17:11:00,baseline,113.52,129.25304565429687,112.51030731201172
6,0.9,marginal,2025-05-24 07:40:00,baseline,179.52,183.47941528320314,149.23553466796875
6,0.9,marginal,2025-05-24 09:19:00,baseline,92.4,181.26815734863283,147.02427673339844
6,0.9,marginal,2025-05-24 10:58:00,baseline,80.96,113.13928161621095,78.89540100097656
6,0.9,marginal,2025-05-24 12:37:00,baseline,91.52,142.06206451416017,107.81818389892578
6,0.9,marginal,2025-05-24 14:16:00,baseline,106.48,150.83989654541017,116.59601593017578
6,0.9,marginal,2025-05-24 15:54:00,baseline,110.88,176.08314453125,141.83926391601562
6,0.9,marginal,2025-05-24 17:33:00,baseline,126.72,183.7278436279297,149.4839630126953
6,0.9,marginal,2025-05-24 19:12:00,baseline,157.52,183.6950524902344,149.451171875
6,0.9,marginal,2025-05-24 20:51:00,baseline,159.28,207.74905334472658,173.5051727294922
6,0.9,marginal,2025-05-24 22:30:00,baseline,163.68,219.07099853515626,184.82711791992188
6,0.9,marginal,2025-05-25 00:09:00,baseline,164.56,222.4013818359375,188.15750122070312
6,0.9,marginal,2025-05-25 01:48:00,baseline,197.12,216.0610955810547,181.8172149658203
6,0.9,marginal,2025-05-25 03:27:00,baseline,212.08,221.9697869873047,187.7259063720703
6,0.9,marginal,2025-05-25 05:06:00,baseline,212.96,212.8722528076172,178.6283721923828
6,0.9,marginal,2025-05-25 06:45:00,baseline,212.96,190.05302368164064,155.80914306640625
6,0.9,marginal,2025-05-25 08:24:00,baseline,124.96,169.91641174316408,135.6725311279297
6,0.9,marginal,2025-05-25 10:03:00,baseline,58.96,126.54869781494142,92.30481719970703
6,0.9,marginal,2025-05-25 11:41:00,baseline,58.08,112.6587747192383,78.4148941040039
6,0.9,marginal,2025-05-25 13:20:00,baseline,80.96,136.20646606445314,101.96258544921875
6,0.9,marginal,2025-05-25 14:59:00,baseline,106.48,138.6402200317383,104.3963394165039
6,0.9,marginal,2025-05-25 16:38:00,baseline,107.36,169.80740295410158,135.5635223388672
6,0.9,marginal,2025-05-25 18:17:00,baseline,147.84,182.67951904296876,148.43563842773438
6,0.9,marginal,2025-05-25 19:56:00,baseline,149.6,192.27448974609376,158.03060913085938
6,0.9,marginal,2025-05-25 21:35:00,baseline,154.88,195.75356994628908,161.5096893310547
6,0.9,marginal,2025-05-25 23:14:00,baseline,164.56,212.6735681152344,178.4296875
6,0.9,marginal,2025-05-26 00:53:00,baseline,179.52,216.4961083984375,182.25222778320312
6,0.9,marginal,2025-05-26 02:32:00,baseline,205.04,223.2424157714844,188.99853515625
6,0.9,marginal,2025-05-26 04:11:00,baseline,206.8,227.0935205078125,192.84963989257812
6,0.9,marginal,2025-05-26 05:50:00,baseline,205.92,217.21472106933595,182.97084045410156
6,0.9,marginal,2025-05-26 07:28:00,baseline,180.4,194.4215692138672,160.1776885986328
6,0.9,marginal,2025-05-26 09:07:00,baseline,179.52,195.713759765625,161.46987915039062
6,0.9,marginal,2025-05-26 10:46:00,baseline,56.32,123.53797851562501,89.29409790039062
6,0.9,marginal,2025-05-26 12:25:00,baseline,54.56,119.53017364501954,85.28629302978516
6,0.9,marginal,2025-05-26 14:04:00,baseline,102.96,139.53454528808595,105.29066467285156
6,0.9,marginal,2025-05-26 15:43:00,baseline,105.6,147.20036254882814,112.95648193359375
6,0.9,marginal,2025-05-26 17:22:00,baseline,97.24,179.700087890625,145.45620727539062
6,0.9,marginal,2025-05-26 19:01:00,baseline,133.76,177.3972772216797,143.1533966064453
6,0.9,marginal,2025-05-26 20:40:00,baseline,154.0,181.6599267578125,147.41604614257812
6,0.9,marginal,2025-05-26 22:19:00,baseline,156.64,194.545791015625,160.30191040039062
6,0.9,marginal,2025-05-26 23:58:00,baseline,162.8,213.5525506591797,179.3086700439453
6,0.9,marginal,2025-05-27 01:37:00,baseline,166.32,213.8061364746094,179.562255859375
6,0.9,marginal,2025-05-27 03:16:00,baseline,191.84,215.17831359863283,180.93443298339844
6,0.9,marginal,2025-05-27 04:54:00,baseline,192.72,203.77078186035158,169.5269012451172
6,0.9,marginal,2025-05-27 06:33:00,baseline,190.96,176.55056701660158,142.3066864013672
6,0.9,marginal,2025-05-27 08:12:00,baseline,161.04,171.3034814453125,137.05960083007812
6,0.9,marginal,2025-05-27 09:51:00,baseline,74.8,156.76010070800783,122.51622009277344
6,0.9,marginal,2025-05-27 11:30:00,baseline,74.8,123.36201416015626,89.11813354492188
6,0.9,marginal,2025-05-27 13:09:00,baseline,97.68,136.65264068603517,102.40876007080078
6,0.9,marginal,2025-05-27 14:48:00,baseline,98.56,137.79250274658204,103.54862213134766
6,0.9,marginal,2025-05-27 16:27:00,baseline,90.64,160.56948791503908,126.32560729980469
6,0.9,marginal,2025-05-27 18:06:00,baseline,108.24,153.1587747192383,118.9148941040039
6,0.9,marginal,2025-05-27 19:45:00,baseline,143.44,172.6711267089844,138.42724609375
6,0.9,marginal,2025-05-27 21:24:00,baseline,144.32,186.86682067871095,152.62294006347656
6,0.9,marginal,2025-05-27 23:03:00,baseline,152.24,194.62284790039064,160.37896728515625
6,0.9,marginal,2025-05-28 00:41:00,baseline,153.12,209.52026306152345,175.27638244628906
6,0.9,marginal,2025-05-28 02:20:00,baseline,189.2,193.49816833496095,159.25428771972656
6,0.9,marginal,2025-05-28 03:59:00,baseline,190.08,222.3725732421875,188.12869262695312
6,0.9,marginal,2025-05-28 05:38:00,baseline,188.32,197.2302087402344,162.986328125
6,0.9,marginal,2025-05-28 07:17:00,baseline,187.44,187.8213952636719,153.5775146484375
6,0.9,marginal,2025-05-28 08:56:00,baseline,169.84,173.7128289794922,139.4689483642578
6,0.9,marginal,2025-05-28 10:35:00,baseline,62.48,141.46161590576173,107.21773529052734
6,0.9,marginal,2025-05-28 12:14:00,baseline,65.12,110.25236450195314,76.00848388671875
6,0.9,marginal,2025-05-28 13:53:00,baseline,80.96,136.26576934814454,102.02188873291016
6,0.9,marginal,2025-05-28 15:32:00,baseline,99.44,132.7947152709961,98.55083465576172
6,0.9,marginal,2025-05-28 17:11:00,baseline,113.52,146.7541879272461,112.51030731201172
6,0.9,adaptive,2025-05-24 07:40:00,baseline,179.52,178.76592992249556,149.23553466796875
6,0.9,adaptive,2025-05-24 09:19:00,baseline,92.4,181.24347470889572,147.02427673339844
6,0.9,adaptive,2025-05-24 10:58:00,baseline,80.96,110.15266407820447,78.89540100097656
6,0.9,adaptive,2025-05-24 12:37:00,baseline,91.52,130.21125325206285,107.81818389892578
6,0.9,adaptive,2025-05-24 14:16:00,baseline,106.48,147.49290571808683,116.59601593017578
6,0.9,adaptive,2025-05-24 15:54:00,baseline,110.88,161.76471057646475,141.83926391601562
6,0.9,adaptive,2025-05-24 17:33:00,baseline,126.72,170.93180731762655,149.4839630126953
6,0.9,adaptive,2025-05-24 19:12:00,baseline,157.52,177.76884530383361,149.451171875
6,0.9,adaptive,2025-05-24 20:51:00,baseline,159.28,199.91169405128815,173.5051727294922
6,0.9,adaptive,2025-05-24 22:30:00,baseline,163.68,210.407888642085,184.82711791992188
6,0.9,adaptive,2025-05-25 00:09:00,baseline,164.56,203.21865610135137,188.15750122070312
6,0.9,adaptive,2025-05-25 01:48:00,baseline,197.12,196.65394905607252,181.8172149658203
6,0.9,adaptive,2025-05-25 03:27:00,baseline,212.08,207.03585469498861,187.7259063720703
6,0.9,adaptive,2025-05-25 05:06:00,baseline,212.96,212.73734959705587,178.6283721923828
6,0.9,adaptive,2025-05-25 06:45:00,baseline,212.96,214.08906938540434,155.80914306640625
6,0.9,adaptive,2025-05-25 08:24:00,baseline,124.96,215.07012046242602,135.6725311279297
6,0.9,adaptive,2025-05-25 10:03:00,baseline,58.96,133.17610746449984,92.30481719970703
6,0.9,adaptive,2025-05-25 11:41:00,baseline,58.08,127.04222457356668,78.4148941040039
6,0.9,adaptive,2025-05-25 13:20:00,baseline,80.96,125.33892845851017,101.96258544921875
6,0.9,adaptive,2025-05-25 14:59:00,baseline,106.48,125.12655851441433,104.3963394165039
6,0.9,adaptive,2025-05-25 16:38:00,baseline,107.36,144.59848520131473,135.5635223388672
6,0.9,adaptive,2025-05-25 18:17:00,baseline,147.84,162.2124651625318,148.43563842773438
6,0.9,adaptive,2025-05-25 19:56:00,baseline,149.6,189.75236558112542,158.03060913085938
6,0.9,adaptive,2025-05-25 21:35:00,baseline,154.88,184.44757243275038,161.5096893310547
6,0.9,adaptive,2025-05-25 23:14:00,baseline,164.56,199.30272272655873,178.4296875
6,0.9,adaptive,2025-05-26 00:53:00,baseline,179.52,200.0902876504412,182.25222778320312
6,0.9,adaptive,2025-05-26 02:32:00,baseline,205.04,200.09349097812876,188.99853515625
6,0.9,adaptive,2025-05-26 04:11:00,baseline,206.8,200.10443761529518,192.84963989257812
6,0.9,adaptive,2025-05-26 05:50:00,baseline,205.92,216.614867660738,182.97084045410156
6,0.9,adaptive,2025-05-26 07:28:00,baseline,180.4,211.80428774361513,160.1776885986328
6,0.9,adaptive,2025-05-26 09:07:00,baseline,179.52,223.2882017257599,161.46987915039062
6,0.9,adaptive,2025-05-26 10:46:00,baseline,56.32,130.08748022689824,89.29409790039062
6,0.9,adaptive,2025-05-26 12:25:00,baseline,54.56,104.3169291700508,85.28629302978516
6,0.9,adaptive,2025-05-26 14:04:00,baseline,102.96,134.91493194805457,105.29066467285156
6,0.9,adaptive,2025-05-26 15:43:00,baseline,105.6,130.28099734114988,112.95648193359375
6,0.9,adaptive,2025-05-26 17:22:00,baseline,97.24,166.30829600537444,145.45620727539062
6,0.9,adaptive,2025-05-26 19:01:00,baseline,133.76,166.26973779536698,143.1533966064453
6,0.9,adaptive,2025-05-26 20:40:00,baseline,154.0,172.6783442430908,147.41604614257812
6,0.9,adaptive,2025-05-26 22:19:00,baseline,156.64,180.00801931117138,160.30191040039062
6,0.9,adaptive,2025-05-26 23:58:00,baseline,162.8,195.05144179723874,179.3086700439453
6,0.9,adaptive,2025-05-27 01:37:00,baseline,166.32,197.05316801913185,179.562255859375
6,0.9,adaptive,2025-05-27 03:16:00,baseline,191.84,203.3220084593304,180.93443298339844
6,0.9,adaptive,2025-05-27 04:54:00,baseline,192.72,215.27688558564998,169.5269012451172
6,0.9,adaptive,2025-05-27 06:33:00,baseline,190.96,204.5233320098969,142.3066864013672
6,0.9,adaptive,2025-05-27 08:12:00,baseline,161.04,190.59197774729608,137.05960083007812
6,0.9,adaptive,2025-05-27 09:51:00,baseline,74.8,156.87463290684312,122.51622009277344
6,0.9,adaptive,2025-05-27 11:30:00,baseline,74.8,113.4719574768487,89.11813354492188
6,0.9,adaptive,2025-05-27 13:09:00,baseline,97.68,125.77135172861365,102.40876007080078
6,0.9,adaptive,2025-05-27 14:48:00,baseline,98.56,126.3607767927792,103.54862213134766
6,0.9,adaptive,2025-05-27 16:27:00,baseline,90.64,142.94188565600876,126.32560729980469
6,0.9,adaptive,2025-05-27 18:06:00,baseline,108.24,135.2821004470172,118.9148941040039
6,0.9,adaptive,2025-05-27 19:45:00,baseline,143.44,161.37378795178427,138.42724609375
6,0.9,adaptive,2025-05-27 21:24:00,baseline,144.32,173.64663386071112,152.62294006347656
6,0.9,adaptive,2025-05-27 23:03:00,baseline,152.24,174.8340410940813,160.37896728515625
6,0.9,adaptive,2025-05-28 00:41:00,baseline,153.12,187.42172479623682,175.27638244628906
6,0.9,adaptive,2025-05-28 02:20:00,baseline,189.2,171.0580458712141,159.25428771972656
6,0.9,adaptive,2025-05-28 03:59:00,baseline,190.08,213.77176232022498,188.12869262695312
6,0.9,adaptive,2025-05-28 05:38:00,baseline,188.32,211.90959996414762,162.986328125
6,0.9,adaptive,2025-05-28 07:17:00,baseline,187.44,194.01760256739882,153.5775146484375
6,0.9,adaptive,2025-05-28 08:56:00,baseline,169.84,180.39106683023456,139.4689483642578
6,0.9,adaptive,2025-05-28 10:35:00,baseline,62.48,137.52688558582963,107.21773529052734
6,0.9,adaptive,2025-05-28 12:14:00,baseline,65.12,107.14988788108343,76.00848388671875
6,0.9,adaptive,2025-05-28 13:53:00,baseline,80.96,130.4128966838946,102.02188873291016
6,0.9,adaptive,2025-05-28 15:32:00,baseline,99.44,116.48065156755905,98.55083465576172
6,0.9,adaptive,2025-05-28 17:11:00,baseline,113.52,120.75069675260252,112.51030731201172
6,0.9,mondrian,2025-05-24 07:40:00,baseline,179.52,183.54610473632812,149.23553466796875
6,0.9,mondrian,2025-05-24 09:19:00,baseline,92.4,181.3348468017578,147.02427673339844
6,0.9,mondrian,2025-05-24 10:58:00,baseline,80.96,113.20597106933593,78.89540100097656
6,0.9,mondrian,2025-05-24 12:37:00,baseline,91.52,142.12875396728515,107.81818389892578
6,0.9,mondrian,2025-05-24 14:16:00,baseline,106.48,150.90658599853515,116.59601593017578
6,0.9,mondrian,2025-05-24 15:54:00,baseline,110.88,176.149833984375,141.83926391601562
6,0.9,mondrian,2025-05-24 17:33:00,baseline,126.72,183.79453308105468,149.4839630126953
6,0.9,mondrian,2025-05-24 19:12:00,baseline,157.52,183.76174194335937,149.451171875
6,0.9,mondrian,2025-05-24 20:51:00,baseline,159.28,207.81574279785156,173.5051727294922
6,0.9,mondrian,2025-05-24 22:30:00,baseline,163.68,219.13768798828124,184.82711791992188
6,0.9,mondrian,2025-05-25 00:09:00,baseline,164.56,222.4680712890625,188.15750122070312
6,0.9,mondrian,2025-05-25 01:48:00,baseline,197.12,216.12778503417968,181.8172149658203
6,0.9,mondrian,2025-05-25 03:27:00,baseline,212.08,222.03647644042968,187.7259063720703
6,0.9,mondrian,2025-05-25 05:06:00,baseline,212.96,212.93894226074218,178.6283721923828
6,0.9,mondrian,2025-05-25 06:45:00,baseline,212.96,190.11971313476562,155.80914306640625
6,0.9,mondrian,2025-05-25 08:24:00,baseline,124.96,169.98310119628906,135.6725311279297
6,0.9,mondrian,2025-05-25 10:03:00,baseline,58.96,126.6153872680664,92.30481719970703
6,0.9,mondrian,2025-05-25 11:41:00,baseline,58.08,112.72546417236327,78.4148941040039
6,0.9,mondrian,2025-05-25 13:20:00,baseline,80.96,136.27315551757812,101.96258544921875
6,0.9,mondrian,2025-05-25 14:59:00,baseline,106.48,138.70690948486327,104.3963394165039
6,0.9,mondrian,2025-05-25 16:38:00,baseline,107.36,169.87409240722656,135.5635223388672
6,0.9,mondrian,2025-05-25 18:17:00,baseline,147.84,182.74620849609374,148.43563842773438
6,0.9,mondrian,2025-05-25 19:56:00,baseline,149.6,192.34117919921874,158.03060913085938
6,0.9,mondrian,2025-05-25 21:35:00,baseline,154.88,195.82025939941406,161.5096893310547
6,0.9,mondrian,2025-05-25 23:14:00,baseline,164.56,212.74025756835937,178.4296875
6,0.9,mondrian,2025-05-26 00:53:00,baseline,179.52,216.5627978515625,182.25222778320312
6,0.9,mondrian,2025-05-26 02:32:00,baseline,205.04,223.30910522460937,188.99853515625
6,0.9,mondrian,2025-05-26 04:11:00,baseline,206.8,227.1602099609375,192.84963989257812
6,0.9,mondrian,2025-05-26 05:50:00,baseline,205.92,217.28141052246093,182.97084045410156
6,0.9,mondrian,2025-05-26 07:28:00,baseline,180.4,194.48825866699218,160.1776885986328
6,0.9,mondrian,2025-05-26 09:07:00,baseline,179.52,195.78044921875,161.46987915039062
6,0.9,mondrian,2025-05-26 10:46:00,baseline,56.32,123.60466796875,89.29409790039062
6,0.9,mondrian,2025-05-26 12:25:00,baseline,54.56,119.59686309814452,85.28629302978516
6,0.9,mondrian,2025-05-26 14:04:00,baseline,102.96,139.60123474121093,105.29066467285156
6,0.9,mondrian,2025-05-26 15:43:00,baseline,105.6,147.26705200195312,112.95648193359375
6,0.9,mondrian,2025-05-26 17:22:00,baseline,97.24,179.76677734375,145.45620727539062
6,0.9,mondrian,2025-05-26 19:01:00,baseline,133.76,177.46396667480468,143.1533966064453
6,0.9,mondrian,2025-05-26 20:40:00,baseline,154.0,181.7266162109375,147.41604614257812
6,0.9,mondrian,2025-05-26 22:19:00,baseline,156.64,194.61248046875,160.30191040039062
6,0.9,mondrian,2025-05-26 23:58:00,baseline,162.8,213.61924011230468,179.3086700439453
6,0.9,mondrian,2025-05-27 01:37:00,baseline,166.32,213.87282592773437,179.562255859375
6,0.9,mondrian,2025-05-27 03:16:00,baseline,191.84,215.2450030517578,180.93443298339844
6,0.9,mondrian,2025-05-27 04:54:00,baseline,192.72,203.83747131347656,169.5269012451172
6,0.9,mondrian,2025-05-27 06:33:00,baseline,190.96,176.61725646972656,142.3066864013672
6,0.9,mondrian,2025-05-27 08:12:00,baseline,161.04,171.3701708984375,137.05960083007812
6,0.9,mondrian,2025-05-27 09:51:00,baseline,74.8,156.8267901611328,122.51622009277344
6,0.9,mondrian,2025-05-27 11:30:00,baseline,74.8,123.42870361328124,89.11813354492188
6,0.9,mondrian,2025-05-27 13:09:00,baseline,97.68,136.71933013916015,102.40876007080078
6,0.9,mondrian,2025-05-27 14:48:00,baseline,98.56,137.85919219970702,103.54862213134766
6,0.9,mondrian,2025-05-27 16:27:00,baseline,90.64,160.63617736816406,126.32560729980469
6,0.9,mondrian,2025-05-27 18:06:00,baseline,108.24,153.22546417236327,118.9148941040039
6,0.9,mondrian,2025-05-27 19:45:00,baseline,143.44,172.73781616210937,138.42724609375
6,0.9,mondrian,2025-05-27 21:24:00,baseline,144.32,186.93351013183593,152.62294006347656
6,0.9,mondrian,2025-05-27 23:03:00,baseline,152.24,194.68953735351562,160.37896728515625
6,0.9,mondrian,2025-05-28 00:41:00,baseline,153.12,209.58695251464843,175.27638244628906
6,0.9,mondrian,2025-05-28 02:20:00,baseline,189.2,193.56485778808593,159.25428771972656
6,0.9,mondrian,2025-05-28 03:59:00,baseline,190.08,222.4392626953125,188.12869262695312
6,0.9,mondrian,2025-05-28 05:38:00,baseline,188.32,197.29689819335937,162.986328125
6,0.9,mondrian,2025-05-28 07:17:00,baseline,187.44,187.88808471679687,153.5775146484375
6,0.9,mondrian,2025-05-28 08:56:00,baseline,169.84,173.77951843261718,139.4689483642578
6,0.9,mondrian,2025-05-28 10:35:00,baseline,62.48,141.5283053588867,107.21773529052734
6,0.9,mondrian,2025-05-28 12:14:00,baseline,65.12,110.31905395507812,76.00848388671875
6,0.9,mondrian,2025-05-28 13:53:00,baseline,80.96,136.33245880126952,102.02188873291016
6,0.9,mondrian,2025-05-28 15:32:00,baseline,99.44,132.8614047241211,98.55083465576172
6,0.9,mondrian,2025-05-28 17:11:00,baseline,113.52,146.8208773803711,112.51030731201172
6,0.95,marginal,2025-05-24 07:40:00,baseline,179.52,194.0368731689453,149.23553466796875
6,0.95,marginal,2025-05-24 09:19:00,baseline,92.4,191.825615234375,147.02427673339844
6,0.95,marginal,2025-05-24 10:58:00,baseline,80.96,123.69673950195312,78.89540100097656
6,0.95,marginal,2025-05-24 12:37:00,baseline,91.52,152.61952239990234,107.81818389892578
6,0.95,marginal,2025-05-24 14:16:00,baseline,106.48,161.39735443115234,116.59601593017578
6,0.95,marginal,2025-05-24 15:54:00,baseline,110.88,186.64060241699218,141.83926391601562
6,0.95,marginal,2025-05-24 17:33:00,baseline,126.72,194.28530151367187,149.4839630126953
6,0.95,marginal,2025-05-24 19:12:00,baseline,157.52,194.25251037597656,149.451171875
6,0.95,marginal,2025-05-24 20:51:00,baseline,159.28,218.30651123046874,173.5051727294922
6,0.95,marginal,2025-05-24 22:30:00,baseline,163.68,229.62845642089843,184.82711791992188
6,0.95,marginal,2025-05-25 00:09:00,baseline,164.56,232.95883972167968,188.15750122070312
6,0.95,marginal,2025-05-25 01:48:00,baseline,197.12,226.61855346679687,181.8172149658203
6,0.95,marginal,2025-05-25 03:27:00,baseline,212.08,232.52724487304687,187.7259063720703
6,0.95,marginal,2025-05-25 05:06:00,baseline,212.96,223.42971069335937,178.6283721923828
6,0.95,marginal,2025-05-25 06:45:00,baseline,212.96,200.6104815673828,155.80914306640625
6,0.95,marginal,2025-05-25 08:24:00,baseline,124.96,180.47386962890624,135.6725311279297
6,0.95,marginal,2025-05-25 10:03:00,baseline,58.96,137.1061557006836,92.30481719970703
6,0.95,marginal,2025-05-25 11:41:00,baseline,58.08,123.21623260498046,78.4148941040039
6,0.95,marginal,2025-05-25 13:20:00,baseline,80.96,146.7639239501953,101.96258544921875
6,0.95,marginal,2025-05-25 14:59:00,baseline,106.48,149.19767791748046,104.3963394165039
6,0.95,marginal,2025-05-25 16:38:00,baseline,107.36,180.36486083984374,135.5635223388672
6,0.95,marginal,2025-05-25 18:17:00,baseline,147.84,193.23697692871093,148.43563842773438
6,0.95,marginal,2025-05-25 19:56:00,baseline,149.6,202.83194763183593,158.03060913085938
6,0.95,marginal,2025-05-25 21:35:00,baseline,154.88,206.31102783203124,161.5096893310547
6,0.95,marginal,2025-05-25 23:14:00,baseline,164.56,223.23102600097656,178.4296875
6,0.95,marginal,2025-05-26 00:53:00,baseline,179.52,227.05356628417968,182.25222778320312
6,0.95,marginal,2025-05-26 02:32:00,baseline,205.04,233.79987365722656,188.99853515625
6,0.95,marginal,2025-05-26 04:11:00,baseline,206.8,237.65097839355468,192.84963989257812
6,0.95,marginal,2025-05-26 05:50:00,baseline,205.92,227.77217895507812,182.97084045410156
6,0.95,marginal,2025-05-26 07:28:00,baseline,180.4,204.97902709960937,160.1776885986328
6,0.95,marginal,2025-05-26 09:07:00,baseline,179.52,206.27121765136718,161.46987915039062
6,0.95,marginal,2025-05-26 10:46:00,baseline,56.32,134.09543640136718,89.29409790039062
6,0.95,marginal,2025-05-26 12:25:00,baseline,54.56,130.0876315307617,85.28629302978516
6,0.95,marginal,2025-05-26 14:04:00,baseline,102.96,150.09200317382812,105.29066467285156
6,0.95,marginal,2025-05-26 15:43:00,baseline,105.6,157.7578204345703,112.95648193359375
6,0.95,marginal,2025-05-26 17:22:00,baseline,97.24,190.25754577636718,145.45620727539062
6,0.95,marginal,2025-05-26 19:01:00,baseline,133.76,187.95473510742187,143.1533966064453
6,0.95,marginal,2025-05-26 20:40:00,baseline,154.0,192.21738464355468,147.41604614257812
6,0.95,marginal,2025-05-26 22:19:00,baseline,156.64,205.10324890136718,160.30191040039062
6,0.95,marginal,2025-05-26 23:58:00,baseline,162.8,224.11000854492187,179.3086700439453
6,0.95,marginal,2025-05-27 01:37:00,baseline,166.32,224.36359436035156,179.562255859375
6,0.95,marginal,2025-05-27 03:16:00,baseline,191.84,225.735771484375,180.93443298339844
6,0.95,marginal,2025-05-27 04:54:00,baseline,192.72,214.32823974609374,169.5269012451172
6,0.95,marginal,2025-05-27 06:33:00,baseline,190.96,187.10802490234374,142.3066864013672
6,0.95,marginal,2025-05-27 08:12:00,baseline,161.04,181.86093933105468,137.05960083007812
6,0.95,marginal,2025-05-27 09:51:00,baseline,74.8,167.31755859375,122.51622009277344
6,0.95,marginal,2025-05-27 11:30:00,baseline,74.8,133.91947204589843,89.11813354492188
6,0.95,marginal,2025-05-27 13:09:00,baseline,97.68,147.21009857177734,102.40876007080078
6,0.95,marginal,2025-05-27 14:48:00,baseline,98.56,148.3499606323242,103.54862213134766
6,0.95,marginal,2025-05-27 16:27:00,baseline,90.64,171.12694580078124,126.32560729980469
6,0.95,marginal,2025-05-27 18:06:00,baseline,108.24,163.71623260498046,118.9148941040039
6,0.95,marginal,2025-05-27 19:45:00,baseline,143.44,183.22858459472656,138.42724609375
6,0.95,marginal,2025-05-27 21:24:00,baseline,144.32,197.42427856445312,152.62294006347656
6,0.95,marginal,2025-05-27 23:03:00,baseline,152.24,205.1803057861328,160.37896728515625
6,0.95,marginal,2025-05-28 00:41:00,baseline,153.12,220.07772094726562,175.27638244628906
6,0.95,marginal,2025-05-28 02:20:00,baseline,189.2,204.05562622070312,159.25428771972656
6,0.95,marginal,2025-05-28 03:59:00,baseline,190.08,232.93003112792968,188.12869262695312
6,0.95,marginal,2025-05-28 05:38:00,baseline,188.32,207.78766662597656,162.986328125
6,0.95,marginal,2025-05-28 07:17:00,baseline,187.44,198.37885314941406,153.5775146484375
6,0.95,marginal,2025-05-28 08:56:00,baseline,169.84,184.27028686523437,139.4689483642578
6,0.95,marginal,2025-05-28 10:35:00,baseline,62.48,152.0190737915039,107.21773529052734
6,0.95,marginal,2025-05-28 12:14:00,baseline,65.12,120.8098223876953,76.00848388671875
6,0.95,marginal,2025-05-28 13:53:00,baseline,80.96,146.8232272338867,102.02188873291016
6,0.95,marginal,2025-05-28 15:32:00,baseline,99.44,143.35217315673827,98.55083465576172
6,0.95,marginal,2025-05-28 17:11:00,baseline,113.52,157.31164581298827,112.51030731201172
6,0.95,adaptive,2025-05-24 07:40:00,baseline,179.52,197.9834532418422,149.23553466796875
6,0.95,adaptive,2025-05-24 09:19:00,baseline,92.4,203.51233462070644,147.02427673339844
6,0.95,adaptive,2025-05-24 10:58:00,baseline,80.96,130.49398280787838,78.89540100097656
6,0.95,adaptive,2025-05-24 12:37:00,baseline,91.52,144.78401222723062,107.81818389892578
6,0.95,adaptive,2025-05-24 14:16:00,baseline,106.48,167.59970398058024,116.59601593017578
6,0.95,adaptive,2025-05-24 15:54:00,baseline,110.88,174.7316123922093,141.83926391601562
6,0.95,adaptive,2025-05-24 17:33:00,baseline,126.72,184.88944129194826,149.4839630126953
6,0.95,adaptive,2025-05-24 19:12:00,baseline,157.52,196.19716449081878,149.451171875
6,0.95,adaptive,2025-05-24 20:51:00,baseline,159.28,217.09629096949726,173.5051727294922
6,0.95,adaptive,2025-05-24 22:30:00,baseline,163.68,227.05511105962682,184.82711791992188
6,0.95,adaptive,2025-05-25 00:09:00,baseline,164.56,213.02001814342495,188.15750122070312
6,0.95,adaptive,2025-05-25 01:48:00,baseline,197.12,206.30926456759312,181.8172149658203
6,0.95,adaptive,2025-05-25 03:27:00,baseline,212.08,219.60220807402695,187.7259063720703
6,0.95,adaptive,2025-05-25 05:06:00,baseline,212.96,234.93448116348455,178.6283721923828
6,0.95,adaptive,2025-05-25 06:45:00,baseline,212.96,252.0159522947505,155.80914306640625
6,0.95,adaptive,2025-05-25 08:24:00,baseline,124.96,266.7397649553047,135.6725311279297
6,0.95,adaptive,2025-05-25 10:03:00,baseline,58.96,159.77395578266743,92.30481719970703
6,0.95,adaptive,2025-05-25 11:41:00,baseline,58.08,158.6874785297644,78.4148941040039
6,0.95,adaptive,2025-05-25 13:20:00,baseline,80.96,140.5515733631949,101.96258544921875
6,0.95,adaptive,2025-05-25 14:59:00,baseline,106.48,138.6171828523391,104.3963394165039
6,0.95,adaptive,2025-05-25 16:38:00,baseline,107.36,150.4781765499058,135.5635223388672
6,0.95,adaptive,2025-05-25 18:17:00,baseline,147.84,171.17802375938064,148.43563842773438
6,0.95,adaptive,2025-05-25 19:56:00,baseline,149.6,210.39596310358567,158.03060913085938
6,0.95,adaptive,2025-05-25 21:35:00,baseline,154.88,199.37488036763864,161.5096893310547
6,0.95,adaptive,2025-05-25 23:14:00,baseline,164.56,212.88628765193658,178.4296875
6,0.95,adaptive,2025-05-26 00:53:00,baseline,179.52,211.69877878358983,182.25222778320312
6,0.95,adaptive,2025-05-26 02:32:00,baseline,205.04,207.3137658981331,188.99853515625
6,0.95,adaptive,2025-05-26 04:11:00,baseline,206.8,204.82564920802136,192.84963989257812
6,0.95,adaptive,2025-05-26 05:50:00,baseline,205.92,238.50942314594292,182.97084045410156
6,0.95,adaptive,2025-05-26 07:28:00,baseline,180.4,245.4013786195041,160.1776885986328
6,0.95,adaptive,2025-05-26 09:07:00,baseline,179.52,263.51777012183277,161.46987915039062
6,0.95,adaptive,2025-05-26 10:46:00,baseline,56.32,156.63462832219875,89.29409790039062
6,0.95,adaptive,2025-05-26 12:25:00,baseline,54.56,116.70151429515145,85.28629302978516
6,0.95,adaptive,2025-05-26 14:04:00,baseline,102.96,154.1935444513024,105.29066467285156
6,0.95,adaptive,2025-05-26 15:43:00,baseline,105.6,141.55528865934866,112.95648193359375
6,0.95,adaptive,2025-05-26 17:22:00,baseline,97.24,179.87822955931563,145.45620727539062
6,0.95,adaptive,2025-05-26 19:01:00,baseline,133.76,181.3131810688862,143.1533966064453
6,0.95,adaptive,2025-05-26 20:40:00,baseline,154.0,189.11831393067797,147.41604614257812
6,0.95,adaptive,2025-05-26 22:19:00,baseline,156.64,192.83218249159685,160.30191040039062
6,0.95,adaptive,2025-05-26 23:58:00,baseline,162.8,205.2963802978059,179.3086700439453
6,0.95,adaptive,2025-05-27 01:37:00,baseline,166.32,208.43574550953113,179.562255859375
6,0.95,adaptive,2025-05-27 03:16:00,baseline,191.84,217.89119217882035,180.93443298339844
6,0.95,adaptive,2025-05-27 04:54:00,baseline,192.72,245.04964627327257,169.5269012451172
6,0.95,adaptive,2025-05-27 06:33:00,baseline,190.96,245.0121174639338,142.3066864013672
6,0.95,adaptive,2025-05-27 08:12:00,baseline,161.04,225.42929343100633,137.05960083007812
6,0.95,adaptive,2025-05-27 09:51:00,baseline,74.8,179.23408979114964,122.51622009277344
6,0.95,adaptive,2025-05-27 11:30:00,baseline,74.8,129.3207185683658,89.11813354492188
6,0.95,adaptive,2025-05-27 13:09:00,baseline,97.68,140.9750476532582,102.40876007080078
6,0.95,adaptive,2025-05-27 14:48:00,baseline,98.56,141.20626431138598,103.54862213134766
6,0.95,adaptive,2025-05-27 16:27:00,baseline,90.64,153.75527687677666,126.32560729980469
6,0.95,adaptive,2025-05-27 18:06:00,baseline,108.24,145.93340283760068,118.9148941040039
6,0.95,adaptive,2025-05-27 19:45:00,baseline,143.44,176.30673075374486,138.42724609375
6,0.95,adaptive,2025-05-27 21:24:00,baseline,144.32,187.32824300697627,152.62294006347656
6,0.95,adaptive,2025-05-27 23:03:00,baseline,152.24,184.24098318244737,160.37896728515625
6,0.95,adaptive,2025-05-28 00:41:00,baseline,153.12,195.3255607530478,175.27638244628906
6,0.95,adaptive,2025-05-28 02:20:00,baseline,189.2,178.73958875531642,159.25428771972656
6,0.95,adaptive,2025-05-28 03:59:00,baseline,190.08,230.45952709826466,188.12869262695312
6,0.95,adaptive,2025-05-28 05:38:00,baseline,188.32,243.74744396603006,162.986328125
6,0.95,adaptive,2025-05-28 07:17:00,baseline,187.44,220.3348369261206,153.5775146484375
6,0.95,adaptive,2025-05-28 08:56:00,baseline,169.84,207.02199266507995,139.4689483642578
6,0.95,adaptive,2025-05-28 10:35:00,baseline,62.48,157.2512000614466,107.21773529052734
6,0.95,adaptive,2025-05-28 12:14:00,baseline,65.12,127.41580888554941,76.00848388671875
6,0.95,adaptive,2025-05-28 13:53:00,baseline,80.96,148.88893984739275,102.02188873291016
6,0.95,adaptive,2025-05-28 15:32:00,baseline,99.44,128.14885551959594,98.55083465576172
6,0.95,adaptive,2025-05-28 17:11:00,baseline,113.52,126.11330280206866,112.51030731201172
6,0.95,mondrian,2025-05-24 07:40:00,baseline,179.52,191.79070617675782,149.23553466796875
6,0.95,mondrian,2025-05-24 09:19:00,baseline,92.4,189.5794482421875,147.02427673339844
6,0.95,mondrian,2025-05-24 10:58:00,baseline,80.96,121.45057250976564,78.89540100097656
6,0.95,mondrian,2025-05-24 12:37:00,baseline,91.52,150.37335540771485,107.81818389892578
6,0.95,mondrian,2025-05-24 14:16:00,baseline,106.48,159.15118743896485,116.59601593017578
6,0.95,mondrian,2025-05-24 15:54:00,baseline,110.88,184.3944354248047,141.83926391601562
6,0.95,mondrian,2025-05-24 17:33:00,baseline,126.72,192.03913452148439,149.4839630126953
6,0.95,mondrian,2025-05-24 19:12:00,baseline,157.52,192.00634338378907,149.451171875
6,0.95,mondrian,2025-05-24 20:51:00,baseline,159.28,216.06034423828126,173.5051727294922
6,0.95,mondrian,2025-05-24 22:30:00,baseline,163.68,227.38228942871095,184.82711791992188
6,0.95,mondrian,2025-05-25 00:09:00,baseline,164.56,230.7126727294922,188.15750122070312
6,0.95,mondrian,2025-05-25 01:48:00,baseline,197.12,224.37238647460939,181.8172149658203
6,0.95,mondrian,2025-05-25 03:27:00,baseline,212.08,230.28107788085939,187.7259063720703
6,0.95,mondrian,2025-05-25 05:06:00,baseline,212.96,221.18354370117189,178.6283721923828
6,0.95,mondrian,2025-05-25 06:45:00,baseline,212.96,198.36431457519532,155.80914306640625
6,0.95,mondrian,2025-05-25 08:24:00,baseline,124.96,178.22770263671876,135.6725311279297
6,0.95,mondrian,2025-05-25 10:03:00,baseline,58.96,134.8599887084961,92.30481719970703
6,0.95,mondrian,2025-05-25 11:41:00,baseline,58.08,120.97006561279298,78.4148941040039
6,0.95,mondrian,2025-05-25 13:20:00,baseline,80.96,144.51775695800782,101.96258544921875
6,0.95,mondrian,2025-05-25 14:59:00,baseline,106.48,146.95151092529298,104.3963394165039
6,0.95,mondrian,2025-05-25 16:38:00,baseline,107.36,178.11869384765626,135.5635223388672
6,0.95,mondrian,2025-05-25 18:17:00,baseline,147.84,190.99080993652345,148.43563842773438
6,0.95,mondrian,2025-05-25 19:56:00,baseline,149.6,200.58578063964845,158.03060913085938
6,0.95,mondrian,2025-05-25 21:35:00,baseline,154.88,204.06486083984376,161.5096893310547
6,0.95,mondrian,2025-05-25 23:14:00,baseline,164.56,220.98485900878907,178.4296875
6,0.95,mondrian,2025-05-26 00:53:00,baseline,179.52,224.8073992919922,182.25222778320312
6,0.95,mondrian,2025-05-26 02:32:00,baseline,205.04,231.55370666503907,188.99853515625
6,0.95,mondrian,2025-05-26 04:11:00,baseline,206.8,235.4048114013672,192.84963989257812
6,0.95,mondrian,2025-05-26 05:50:00,baseline,205.92,225.52601196289064,182.97084045410156
6,0.95,mondrian,2025-05-26 07:28:00,baseline,180.4,202.73286010742189,160.1776885986328
6,0.95,mondrian,2025-05-26 09:07:00,baseline,179.52,204.0250506591797,161.46987915039062
6,0.95,mondrian,2025-05-26 10:46:00,baseline,56.32,131.8492694091797,89.29409790039062
6,0.95,mondrian,2025-05-26 12:25:00,baseline,54.56,127.84146453857423,85.28629302978516
6,0.95,mondrian,2025-05-26 14:04:00,baseline,102.96,147.84583618164064,105.29066467285156
6,0.95,mondrian,2025-05-26 15:43:00,baseline,105.6,155.51165344238282,112.95648193359375
6,0.95,mondrian,2025-05-26 17:22:00,baseline,97.24,188.0113787841797,145.45620727539062
6,0.95,mondrian,2025-05-26 19:01:00,baseline,133.76,185.70856811523439,143.1533966064453
6,0.95,mondrian,2025-05-26 20:40:00,baseline,154.0,189.9712176513672,147.41604614257812
6,0.95,mondrian,2025-05-26 22:19:00,baseline,156.64,202.8570819091797,160.30191040039062
6,0.95,mondrian,2025-05-26 23:58:00,baseline,162.8,221.86384155273439,179.3086700439453
6,0.95,mondrian,2025-05-27 01:37:00,baseline,166.32,222.11742736816407,179.562255859375
6,0.95,mondrian,2025-05-27 03:16:00,baseline,191.84,223.4896044921875,180.93443298339844
6,0.95,mondrian,2025-05-27 04:54:00,baseline,192.72,212.08207275390626,169.5269012451172
6,0.95,mondrian,2025-05-27 06:33:00,baseline,190.96,184.86185791015626,142.3066864013672
6,0.95,mondrian,2025-05-27 08:12:00,baseline,161.04,179.6147723388672,137.05960083007812
6,0.95,mondrian,2025-05-27 09:51:00,baseline,74.8,165.0713916015625,122.51622009277344
6,0.95,mondrian,2025-05-27 11:30:00,baseline,74.8,131.67330505371095,89.11813354492188
6,0.95,mondrian,2025-05-27 13:09:00,baseline,97.68,144.96393157958985,102.40876007080078
6,0.95,mondrian,2025-05-27 14:48:00,baseline,98.56,146.10379364013673,103.54862213134766
6,0.95,mondrian,2025-05-27 16:27:00,baseline,90.64,168.88077880859376,126.32560729980469
6,0.95,mondrian,2025-05-27 18:06:00,baseline,108.24,161.47006561279298,118.9148941040039
6,0.95,mondrian,2025-05-27 19:45:00,baseline,143.44,180.98241760253907,138.42724609375
6,0.95,mondrian,2025-05-27 21:24:00,baseline,144.32,195.17811157226564,152.62294006347656
6,0.95,mondrian,2025-05-27 23:03:00,baseline,152.24,202.93413879394532,160.37896728515625
6,0.95,mondrian,2025-05-28 00:41:00,baseline,153.12,217.83155395507814,175.27638244628906
6,0.95,mondrian,2025-05-28 02:20:00,baseline,189.2,201.80945922851564,159.25428771972656
6,0.95,mondrian,2025-05-28 03:59:00,baseline,190.08,230.6838641357422,188.12869262695312
6,0.95,mondrian,2025-05-28 05:38:00,baseline,188.32,205.54149963378907,162.986328125
6,0.95,mondrian,2025-05-28 07:17:00,baseline,187.44,196.13268615722657,153.5775146484375
6,0.95,mondrian,2025-05-28 08:56:00,baseline,169.84,182.02411987304689,139.4689483642578
6,0.95,mondrian,2025-05-28 10:35:00,baseline,62.48,149.77290679931642,107.21773529052734
6,0.95,mondrian,2025-05-28 12:14:00,baseline,65.12,118.56365539550782,76.00848388671875
6,0.95,mondrian,2025-05-28 13:53:00,baseline,80.96,144.57706024169923,102.02188873291016
6,0.95,mondrian,2025-05-28 15:32:00,baseline,99.44,141.1060061645508,98.55083465576172
6,0.95,mondrian,2025-05-28 17:11:00,baseline,113.52,155.0654788208008,112.51030731201172
7,0.8,marginal,2025-05-28 18:50:00,baseline,144.32,152.02141479492187,133.65447998046875
7,0.8,marginal,2025-05-28 20:28:00,baseline,145.2,160.6067724609375,142.23983764648438
7,0.8,marginal,2025-05-28 22:07:00,baseline,148.72,168.83464721679687,150.46771240234375
7,0.8,marginal,2025-05-28 23:46:00,baseline,149.6,185.90013793945312,167.533203125
7,0.8,marginal,2025-05-29 01:25:00,baseline,162.8,180.1427374267578,161.7758026123047
7,0.8,marginal,2025-05-29 03:04:00,baseline,189.2,191.57689575195312,173.2099609375
7,0.8,marginal,2025-05-29 04:43:00,baseline,190.08,200.25575927734374,181.88882446289062
7,0.8,marginal,2025-05-29 06:22:00,baseline,189.2,160.25670532226562,141.8897705078125
7,0.8,marginal,2025-05-29 08:01:00,baseline,188.32,148.52878479003905,130.16184997558594
7,0.8,marginal,2025-05-29 09:40:00,baseline,187.44,148.81957153320312,130.45263671875
7,0.8,marginal,2025-05-29 11:19:00,baseline,80.08,123.75863555908202,105.3917007446289
7,0.8,marginal,2025-05-29 12:58:00,baseline,84.48,111.80437377929687,93.43743896484375
7,0.8,marginal,2025-05-29 14:37:00,baseline,109.12,116.97549346923827,98.60855865478516
7,0.8,marginal,2025-05-29 16:16:00,baseline,107.36,148.95476440429687,130.58782958984375
7,0.8,marginal,2025-05-29 17:54:00,baseline,158.4,167.38986877441405,149.02293395996094
7,0.8,marginal,2025-05-29 19:33:00,baseline,159.28,174.09296325683593,155.7260284423828
7,0.8,marginal,2025-05-29 21:12:00,baseline,162.36,178.55878356933593,160.1918487548828
7,0.8,marginal,2025-05-29 22:51:00,baseline,167.2,194.75836853027343,176.3914337158203
7,0.8,marginal,2025-05-30 00:30:00,baseline,168.08,201.66734985351562,183.3004150390625
7,0.8,marginal,2025-05-30 02:09:00,baseline,176.0,185.0906134033203,166.7236785888672
7,0.8,marginal,2025-05-30 03:48:00,baseline,183.92,201.15221313476562,182.7852783203125
7,0.8,marginal,2025-05-30 05:27:00,baseline,183.92,172.54674438476562,154.1798095703125
7,0.8,marginal,2025-05-30 07:06:00,baseline,183.04,157.53357604980468,139.16664123535156
7,0.8,marginal,2025-05-30 08:45:00,baseline,133.76,149.29552368164062,130.9285888671875
7,0.8,marginal,2025-05-30 10:24:00,baseline,58.96,127.36050323486327,108.99356842041016
7,0.8,marginal,2025-05-30 12:03:00,baseline,51.04,91.98904327392577,73.62210845947266
7,0.8,marginal,2025-05-30 13:41:00,baseline,70.4,109.06130889892577,90.69437408447266
7,0.8,marginal,2025-05-30 15:20:00,baseline,75.68,126.14728454589843,107.78034973144531
7,0.8,marginal,2025-05-30 16:59:00,baseline,79.2,132.56151489257812,114.194580078125
7,0.8,marginal,2025-05-30 18:38:00,baseline,80.08,145.21169952392577,126.84476470947266
7,0.8,marginal,2025-05-30 20:17:00,baseline,119.68,137.36587432861327,118.99893951416016
7,0.8,marginal,2025-05-30 21:56:00,baseline,117.92,169.34795288085937,150.98101806640625
7,0.8,marginal,2025-05-30 23:35:00,baseline,155.76,173.79018310546874,155.42324829101562
7,0.8,marginal,2025-05-31 01:14:00,baseline,185.68,178.29360107421874,159.92666625976562
7,0.8,marginal,2025-05-31 02:53:00,baseline,206.8,200.72534851074218,182.35841369628906
7,0.8,marginal,2025-05-31 04:32:00,baseline,207.68,203.29503540039062,184.9281005859375
7,0.8,marginal,2025-05-31 06:11:00,baseline,207.68,191.4981298828125,173.13119506835938
7,0.8,marginal,2025-05-31 07:50:00,baseline,196.24,144.48249725341796,126.11556243896484
7,0.8,marginal,2025-05-31 09:28:00,baseline,119.68,151.93588928222655,133.56895446777344
7,0.8,marginal,2025-05-31 11:07:00,baseline,58.08,106.6226187133789,88.25568389892578
7,0.8,marginal,2025-05-31 12:46:00,baseline,82.72,101.62394622802734,83.25701141357422
7,0.8,marginal,2025-05-31 14:25:00,baseline,89.76,123.4463491821289,105.07941436767578
7,0.8,marginal,2025-05-31 16:04:00,baseline,97.24,127.06046966552734,108.69353485107422
7,0.8,marginal,2025-05-31 17:43:00,baseline,119.68,149.0163946533203,130.6494598388672
7,0.8,marginal,2025-05-31 19:22:00,baseline,157.52,151.85034851074218,133.48341369628906
7,0.8,marginal,2025-05-31 21:01:00,baseline,159.28,171.06151489257812,152.694580078125
7,0.8,marginal,2025-05-31 22:40:00,baseline,169.84,181.43218139648437,163.06524658203125
7,0.8,marginal,2025-06-01 00:19:00,baseline,164.56,200.05255798339843,181.6856231689453
7,0.8,marginal,2025-06-01 01:58:00,baseline,192.72,196.2855596923828,177.9186248779297
7,0.8,marginal,2025-06-01 03:37:00,baseline,193.6,202.86266235351562,184.4957275390625
7,0.8,marginal,2025-06-01 05:16:00,baseline,193.6,192.5502081298828,174.1832733154297
7,0.8,marginal,2025-06-01 06:54:00,baseline,192.72,169.66619018554687,151.29925537109375
7,0.8,marginal,2025-06-01 08:33:00,baseline,176.88,147.18788818359374,128.82095336914062
7,0.8,marginal,2025-06-01 10:12:00,baseline,176.0,117.99337677001952,99.6264419555664
7,0.8,marginal,2025-06-01 11:51:00,baseline,77.44,96.91911224365234,78.55217742919922
7,0.8,marginal,2025-06-01 13:30:00,baseline,75.68,107.84911254882812,89.482177734375
7,0.8,marginal,2025-06-01 15:09:00,baseline,105.6,113.32988647460937,94.96295166015625
7,0.8,marginal,2025-06-01 16:48:00,baseline,107.36,142.06005004882812,123.693115234375
7,0.8,marginal,2025-06-01 18:27:00,baseline,118.8,166.84076599121093,148.4738311767578
7,0.8,marginal,2025-06-01 20:06:00,baseline,146.96,165.78708557128905,147.42015075683594
7,0.8,marginal,2025-06-01 21:45:00,baseline,168.08,181.97385314941405,163.60691833496094
7,0.8,marginal,2025-06-01 23:24:00,baseline,168.96,199.73210815429687,181.36517333984375
7,0.8,marginal,2025-06-02 01:03:00,baseline,215.6,200.7600469970703,182.3931121826172
7,0.8,marginal,2025-06-02 02:41:00,baseline,215.6,223.79749206542968,205.43055725097656
7,0.8,marginal,2025-06-02 04:20:00,baseline,216.48,219.08501342773437,200.71807861328125
7,0.8,marginal,2025-06-02 05:59:00,baseline,220.0,190.32819274902343,171.9612579345703
7,0.8,marginal,2025-06-02 07:38:00,baseline,220.0,171.18852905273437,152.82159423828125
7,0.8,marginal,2025-06-02 09:17:00,baseline,220.0,157.00270751953124,138.63577270507812
7,0.8,marginal,2025-06-02 10:56:00,baseline,78.32,168.5406103515625,150.17367553710938
7,0.8,adaptive,2025-05-28 18:50:00,baseline,144.32,146.51766431032925,133.65447998046875
7,0.8,adaptive,2025-05-28 20:28:00,baseline,145.2,152.32214311869515,142.23983764648438
7,0.8,adaptive,2025-05-28 22:07:00,baseline,148.72,162.11817410119687,150.46771240234375
7,0.8,adaptive,2025-05-28 23:46:00,baseline,149.6,172.20431872151835,167.533203125
7,0.8,adaptive,2025-05-29 01:25:00,baseline,162.8,169.62622809185643,161.7758026123047
7,0.8,adaptive,2025-05-29 03:04:00,baseline,189.2,179.94805671833282,173.2099609375
7,0.8,adaptive,2025-05-29 04:43:00,baseline,190.08,193.79385454638677,181.88882446289062
7,0.8,adaptive,2025-05-29 06:22:00,baseline,189.2,183.42893640319784,141.8897705078125
7,0.8,adaptive,2025-05-29 08:01:00,baseline,188.32,166.75979348206232,130.16184997558594
7,0.8,adaptive,2025-05-29 09:40:00,baseline,187.44,164.76787684257494,130.45263671875
7,0.8,adaptive,2025-05-29 11:19:00,baseline,80.08,131.11141032921074,105.3917007446289
7,0.8,adaptive,2025-05-29 12:58:00,baseline,84.48,118.69795116446299,93.43743896484375
7,0.8,adaptive,2025-05-29 14:37:00,baseline,109.12,115.45049874169175,98.60855865478516
7,0.8,adaptive,2025-05-29 16:16:00,baseline,107.36,150.14424724919866,130.58782958984375
7,0.8,adaptive,2025-05-29 17:54:00,baseline,158.4,158.5653745851827,149.02293395996094
7,0.8,adaptive,2025-05-29 19:33:00,baseline,159.28,170.10723341858065,155.7260284423828
7,0.8,adaptive,2025-05-29 21:12:00,baseline,162.36,175.31411143664346,160.1918487548828
7,0.8,adaptive,2025-05-29 22:51:00,baseline,167.2,189.0904132609948,176.3914337158203
7,0.8,adaptive,2025-05-30 00:30:00,baseline,168.08,195.1333619154621,183.3004150390625
7,0.8,adaptive,2025-05-30 02:09:00,baseline,176.0,175.7318768347944,166.7236785888672
7,0.8,adaptive,2025-05-30 03:48:00,baseline,183.92,195.9279721607838,182.7852783203125
7,0.8,adaptive,2025-05-30 05:27:00,baseline,183.92,191.00216965546275,154.1798095703125
7,0.8,adaptive,2025-05-30 07:06:00,baseline,183.04,180.75314915514866,139.16664123535156
7,0.8,adaptive,2025-05-30 08:45:00,baseline,133.76,168.84474425223584,130.9285888671875
7,0.8,adaptive,2025-05-30 10:24:00,baseline,58.96,134.3498274229786,108.99356842041016
7,0.8,adaptive,2025-05-30 12:03:00,baseline,51.04,96.1355357104018,73.62210845947266
7,0.8,adaptive,2025-05-30 13:41:00,baseline,70.4,111.85012629655165,90.69437408447266
7,0.8,adaptive,2025-05-30 15:20:00,baseline,75.68,127.89180606121637,107.78034973144531
7,0.8,adaptive,2025-05-30 16:59:00,baseline,79.2,122.93391750820942,114.194580078125
7,0.8,adaptive,2025-05-30 18:38:00,baseline,80.08,143.40515782335905,126.84476470947266
7,0.8,adaptive,2025-05-30 20:17:00,baseline,119.68,147.01828820781336,118.99893951416016
7,0.8,adaptive,2025-05-30 21:56:00,baseline,117.92,168.7043251387366,150.98101806640625
7,0.8,adaptive,2025-05-30 23:35:00,baseline,155.76,170.87393560851376,155.42324829101562
7,0.8,adaptive,2025-05-31 01:14:00,baseline,185.68,172.3961488305431,159.92666625976562
7,0.8,adaptive,2025-05-31 02:53:00,baseline,206.8,193.15985651259774,182.35841369628906
7,0.8,adaptive,2025-05-31 04:32:00,baseline,207.68,197.53482832475072,184.9281005859375
7,0.8,adaptive,2025-05-31 06:11:00,baseline,207.68,200.86987555940956,173.13119506835938
7,0.8,adaptive,2025-05-31 07:50:00,baseline,196.24,178.97263508605545,126.11556243896484
7,0.8,adaptive,2025-05-31 09:28:00,baseline,119.68,166.52119143639388,133.56895446777344
7,0.8,adaptive,2025-05-31 11:07:00,baseline,58.08,111.36873412121774,88.25568389892578
7,0.8,adaptive,2025-05-31 12:46:00,baseline,82.72,100.91348995196392,83.25701141357422
7,0.8,adaptive,2025-05-31 14:25:00,baseline,89.76,121.83003370203167,105.07941436767578
7,0.8,adaptive,2025-05-31 16:04:00,baseline,97.24,111.58088043722759,108.69353485107422
7,0.8,adaptive,2025-05-31 17:43:00,baseline,119.68,135.72068930927423,130.6494598388672
7,0.8,adaptive,2025-05-31 19:22:00,baseline,157.52,148.7331977190947,133.48341369628906
7,0.8,adaptive,2025-05-31 21:01:00,baseline,159.28,183.7119014286768,152.694580078125
7,0.8,adaptive,2025-05-31 22:40:00,baseline,169.84,178.72547308114804,163.06524658203125
7,0.8,adaptive,2025-06-01 00:19:00,baseline,164.56,194.78795873992414,181.6856231689453
7,0.8,adaptive,2025-06-01 01:58:00,baseline,192.72,187.64879831518883,177.9186248779297
7,0.8,adaptive,2025-06-01 03:37:00,baseline,193.6,202.32679740016084,184.4957275390625
7,0.8,adaptive,2025-06-01 05:16:00,baseline,193.6,200.3051699957424,174.1832733154297
7,0.8,adaptive,2025-06-01 06:54:00,baseline,192.72,199.096734687774,151.29925537109375
7,0.8,adaptive,2025-06-01 08:33:00,baseline,176.88,179.25519908086642,128.82095336914062
7,0.8,adaptive,2025-06-01 10:12:00,baseline,176.0,132.42609935214801,99.6264419555664
7,0.8,adaptive,2025-06-01 11:51:00,baseline,77.44,110.44889090782462,78.55217742919922
7,0.8,adaptive,2025-06-01 13:30:00,baseline,75.68,114.73071131290959,89.482177734375
7,0.8,adaptive,2025-06-01 15:09:00,baseline,105.6,117.96900102901948,94.96295166015625
7,0.8,adaptive,2025-06-01 16:48:00,baseline,107.36,136.73166943472557,123.693115234375
7,0.8,adaptive,2025-06-01 18:27:00,baseline,118.8,165.04639788087587,148.4738311767578
7,0.8,adaptive,2025-06-01 20:06:00,baseline,146.96,175.7713780687037,147.42015075683594
7,0.8,adaptive,2025-06-01 21:45:00,baseline,168.08,178.9994592083485,163.60691833496094
7,0.8,adaptive,2025-06-01 23:24:00,baseline,168.96,193.05169497311817,181.36517333984375
7,0.8,adaptive,2025-06-02 01:03:00,baseline,215.6,192.02008341004571,182.3931121826172
7,0.8,adaptive,2025-06-02 02:41:00,baseline,215.6,220.54642727245516,205.43055725097656
7,0.8,adaptive,2025-06-02 04:20:00,baseline,216.48,224.98030007817582,200.71807861328125
7,0.8,adaptive,2025-06-02 05:59:00,baseline,220.0,192.38426520036623,171.9612579345703
7,0.8,adaptive,2025-06-02 07:38:00,baseline,220.0,186.7182453652461,152.82159423828125
7,0.8,adaptive,2025-06-02 09:17:00,baseline,220.0,165.78752796431903,138.63577270507812
7,0.8,adaptive,2025-06-02 10:56:00,baseline,78.32,169.02667595749605,150.17367553710938
7,0.8,mondrian,2025-05-28 18:50:00,baseline,144.32,152.00229553222655,133.65447998046875
7,0.8,mondrian,2025-05-28 20:28:00,baseline,145.2,160.58765319824218,142.23983764648438
7,0.8,mondrian,2025-05-28 22:07:00,baseline,148.72,168.81552795410155,150.46771240234375
7,0.8,mondrian,2025-05-28 23:46:00,baseline,149.6,185.8810186767578,167.533203125
7,0.8,mondrian,2025-05-29 01:25:00,baseline,162.8,180.1236181640625,161.7758026123047
7,0.8,mondrian,2025-05-29 03:04:00,baseline,189.2,191.5577764892578,173.2099609375
7,0.8,mondrian,2025-05-29 04:43:00,baseline,190.08,200.23664001464843,181.88882446289062
7,0.8,mondrian,2025-05-29 06:22:00,baseline,189.2,160.2375860595703,141.8897705078125
7,0.8,mondrian,2025-05-29 08:01:00,baseline,188.32,148.50966552734374,130.16184997558594
7,0.8,mondrian,2025-05-29 09:40:00,baseline,187.44,148.8004522705078,130.45263671875
7,0.8,mondrian,2025-05-29 11:19:00,baseline,80.08,123.73951629638671,105.3917007446289
7,0.8,mondrian,2025-05-29 12:58:00,baseline,84.48,111.78525451660155,93.43743896484375
7,0.8,mondrian,2025-05-29 14:37:00,baseline,109.12,116.95637420654296,98.60855865478516
7,0.8,mondrian,2025-05-29 16:16:00,baseline,107.36,148.93564514160155,130.58782958984375
7,0.8,mondrian,2025-05-29 17:54:00,baseline,158.4,167.37074951171874,149.02293395996094
7,0.8,mondrian,2025-05-29 19:33:00,baseline,159.28,174.07384399414062,155.7260284423828
7,0.8,mondrian,2025-05-29 21:12:00,baseline,162.36,178.53966430664062,160.1918487548828
7,0.8,mondrian,2025-05-29 22:51:00,baseline,167.2,194.73924926757812,176.3914337158203
7,0.8,mondrian,2025-05-30 00:30:00,baseline,168.08,201.6482305908203,183.3004150390625
7,0.8,mondrian,2025-05-30 02:09:00,baseline,176.0,185.071494140625,166.7236785888672
7,0.8,mondrian,2025-05-30 03:48:00,baseline,183.92,201.1330938720703,182.7852783203125
7,0.8,mondrian,2025-05-30 05:27:00,baseline,183.92,172.5276251220703,154.1798095703125
7,0.8,mondrian,2025-05-30 07:06:00,baseline,183.04,157.51445678710937,139.16664123535156
7,0.8,mondrian,2025-05-30 08:45:00,baseline,133.76,149.2764044189453,130.9285888671875
7,0.8,mondrian,2025-05-30 10:24:00,baseline,58.96,127.34138397216796,108.99356842041016
7,0.8,mondrian,2025-05-30 12:03:00,baseline,51.04,91.96992401123046,73.62210845947266
7,0.8,mondrian,2025-05-30 13:41:00,baseline,70.4,109.04218963623046,90.69437408447266
7,0.8,mondrian,2025-05-30 15:20:00,baseline,75.68,126.12816528320312,107.78034973144531
7,0.8,mondrian,2025-05-30 16:59:00,baseline,79.2,132.5423956298828,114.194580078125
7,0.8,mondrian,2025-05-30 18:38:00,baseline,80.08,145.19258026123046,126.84476470947266
7,0.8,mondrian,2025-05-30 20:17:00,baseline,119.68,137.34675506591796,118.99893951416016
7,0.8,mondrian,2025-05-30 21:56:00,baseline,117.92,169.32883361816405,150.98101806640625
7,0.8,mondrian,2025-05-30 23:35:00,baseline,155.76,173.77106384277343,155.42324829101562
7,0.8,mondrian,2025-05-31 01:14:00,baseline,185.68,178.27448181152343,159.92666625976562
7,0.8,mondrian,2025-05-31 02:53:00,baseline,206.8,200.70622924804687,182.35841369628906
7,0.8,mondrian,2025-05-31 04:32:00,baseline,207.68,203.2759161376953,184.9281005859375
7,0.8,mondrian,2025-05-31 06:11:00,baseline,207.68,191.47901062011718,173.13119506835938
7,0.8,mondrian,2025-05-31 07:50:00,baseline,196.24,144.46337799072265,126.11556243896484
7,0.8,mondrian,2025-05-31 09:28:00,baseline,119.68,151.91677001953124,133.56895446777344
7,0.8,mondrian,2025-05-31 11:07:00,baseline,58.08,106.60349945068359,88.25568389892578
7,0.8,mondrian,2025-05-31 12:46:00,baseline,82.72,101.60482696533202,83.25701141357422
7,0.8,mondrian,2025-05-31 14:25:00,baseline,89.76,123.42722991943359,105.07941436767578
7,0.8,mondrian,2025-05-31 16:04:00,baseline,97.24,127.04135040283202,108.69353485107422
7,0.8,mondrian,2025-05-31 17:43:00,baseline,119.68,148.997275390625,130.6494598388672
7,0.8,mondrian,2025-05-31 19:22:00,baseline,157.52,151.83122924804687,133.48341369628906
7,0.8,mondrian,2025-05-31 21:01:00,baseline,159.28,171.0423956298828,152.694580078125
7,0.8,mondrian,2025-05-31 22:40:00,baseline,169.84,181.41306213378905,163.06524658203125
7,0.8,mondrian,2025-06-01 00:19:00,baseline,164.56,200.03343872070312,181.6856231689453
7,0.8,mondrian,2025-06-01 01:58:00,baseline,192.72,196.2664404296875,177.9186248779297
7,0.8,mondrian,2025-06-01 03:37:00,baseline,193.6,202.8435430908203,184.4957275390625
7,0.8,mondrian,2025-06-01 05:16:00,baseline,193.6,192.5310888671875,174.1832733154297
7,0.8,mondrian,2025-06-01 06:54:00,baseline,192.72,169.64707092285155,151.29925537109375
7,0.8,mondrian,2025-06-01 08:33:00,baseline,176.88,147.16876892089843,128.82095336914062
7,0.8,mondrian,2025-06-01 10:12:00,baseline,176.0,117.97425750732421,99.6264419555664
7,0.8,mondrian,2025-06-01 11:51:00,baseline,77.44,96.89999298095702,78.55217742919922
7,0.8,mondrian,2025-06-01 13:30:00,baseline,75.68,107.8299932861328,89.482177734375
7,0.8,mondrian,2025-06-01 15:09:00,baseline,105.6,113.31076721191405,94.96295166015625
7,0.8,mondrian,2025-06-01 16:48:00,baseline,107.36,142.0409307861328,123.693115234375
7,0.8,mondrian,2025-06-01 18:27:00,baseline,118.8,166.82164672851562,148.4738311767578
7,0.8,mondrian,2025-06-01 20:06:00,baseline,146.96,165.76796630859374,147.42015075683594
7,0.8,mondrian,2025-06-01 21:45:00,baseline,168.08,181.95473388671874,163.60691833496094
7,0.8,mondrian,2025-06-01 23:24:00,baseline,168.96,199.71298889160155,181.36517333984375
7,0.8,mondrian,2025-06-02 01:03:00,baseline,215.6,200.740927734375,182.3931121826172
7,0.8,mondrian,2025-06-02 02:41:00,baseline,215.6,223.77837280273437,205.43055725097656
7,0.8,mondrian,2025-06-02 04:20:00,baseline,216.48,219.06589416503905,200.71807861328125
7,0.8,mondrian,2025-06-02 05:59:00,baseline,220.0,190.30907348632812,171.9612579345703
7,0.8,mondrian,2025-06-02 07:38:00,baseline,220.0,171.16940979003905,152.82159423828125
7,0.8,mondrian,2025-06-02 09:17:00,baseline,220.0,156.98358825683593,138.63577270507812
7,0.8,mondrian,2025-06-02 10:56:00,baseline,78.32,168.52149108886718,150.17367553710938
7,0.9,marginal,2025-05-28 18:50:00,baseline,144.32,165.32267700195314,133.65447998046875
7,0.9,marginal,2025-05-28 20:28:00,baseline,145.2,173.90803466796876,142.23983764648438
7,0.9,marginal,2025-05-28 22:07:00,baseline,148.72,182.13590942382814,150.46771240234375
7,0.9,marginal,2025-05-28 23:46:00,baseline,149.6,199.2014001464844,167.533203125
7,0.9,marginal,2025-05-29 01:25:00,baseline,162.8,193.44399963378908,161.7758026123047
7,0.9,marginal,2025-05-29 03:04:00,baseline,189.2,204.8781579589844,173.2099609375
7,0.9,marginal,2025-05-29 04:43:00,baseline,190.08,213.557021484375,181.88882446289062
7,0.9,marginal,2025-05-29 06:22:00,baseline,189.2,173.5579675292969,141.8897705078125
7,0.9,marginal,2025-05-29 08:01:00,baseline,188.32,161.83004699707033,130.16184997558594
7,0.9,marginal,2025-05-29 09:40:00,baseline,187.44,162.1208337402344,130.45263671875
7,0.9,marginal,2025-05-29 11:19:00,baseline,80.08,137.0598977661133,105.3917007446289
7,0.9,marginal,2025-05-29 12:58:00,baseline,84.48,125.10563598632814,93.43743896484375
7,0.9,marginal,2025-05-29 14:37:00,baseline,109.12,130.27675567626954,98.60855865478516
7,0.9,marginal,2025-05-29 16:16:00,baseline,107.36,162.25602661132814,130.58782958984375
7,0.9,marginal,2025-05-29 17:54:00,baseline,158.4,180.69113098144533,149.02293395996094
7,0.9,marginal,2025-05-29 19:33:00,baseline,159.28,187.3942254638672,155.7260284423828
7,0.9,marginal,2025-05-29 21:12:00,baseline,162.36,191.8600457763672,160.1918487548828
7,0.9,marginal,2025-05-29 22:51:00,baseline,167.2,208.0596307373047,176.3914337158203
7,0.9,marginal,2025-05-30 00:30:00,baseline,168.08,214.9686120605469,183.3004150390625
7,0.9,marginal,2025-05-30 02:09:00,baseline,176.0,198.39187561035158,166.7236785888672
7,0.9,marginal,2025-05-30 03:48:00,baseline,183.92,214.4534753417969,182.7852783203125
7,0.9,marginal,2025-05-30 05:27:00,baseline,183.92,185.8480065917969,154.1798095703125
7,0.9,marginal,2025-05-30 07:06:00,baseline,183.04,170.83483825683595,139.16664123535156
7,0.9,marginal,2025-05-30 08:45:00,baseline,133.76,162.5967858886719,130.9285888671875
7,0.9,marginal,2025-05-30 10:24:00,baseline,58.96,140.66176544189454,108.99356842041016
7,0.9,marginal,2025-05-30 12:03:00,baseline,51.04,105.29030548095704,73.62210845947266
7,0.9,marginal,2025-05-30 13:41:00,baseline,70.4,122.36257110595704,90.69437408447266
7,0.9,marginal,2025-05-30 15:20:00,baseline,75.68,139.4485467529297,107.78034973144531
7,0.9,marginal,2025-05-30 16:59:00,baseline,79.2,145.8627770996094,114.194580078125
7,0.9,marginal,2025-05-30 18:38:00,baseline,80.08,158.51296173095704,126.84476470947266
7,0.9,marginal,2025-05-30 20:17:00,baseline,119.68,150.66713653564454,118.99893951416016
7,0.9,marginal,2025-05-30 21:56:00,baseline,117.92,182.64921508789064,150.98101806640625
7,0.9,marginal,2025-05-30 23:35:00,baseline,155.76,187.0914453125,155.42324829101562
7,0.9,marginal,2025-05-31 01:14:00,baseline,185.68,191.59486328125,159.92666625976562
7,0.9,marginal,2025-05-31 02:53:00,baseline,206.8,214.02661071777345,182.35841369628906
7,0.9,marginal,2025-05-31 04:32:00,baseline,207.68,216.5962976074219,184.9281005859375
7,0.9,marginal,2025-05-31 06:11:00,baseline,207.68,204.79939208984376,173.13119506835938
7,0.9,marginal,2025-05-31 07:50:00,baseline,196.24,157.78375946044923,126.11556243896484
7,0.9,marginal,2025-05-31 09:28:00,baseline,119.68,165.23715148925783,133.56895446777344
7,0.9,marginal,2025-05-31 11:07:00,baseline,58.08,119.92388092041017,88.25568389892578
7,0.9,marginal,2025-05-31 12:46:00,baseline,82.72,114.92520843505861,83.25701141357422
7,0.9,marginal,2025-05-31 14:25:00,baseline,89.76,136.74761138916017,105.07941436767578
7,0.9,marginal,2025-05-31 16:04:00,baseline,97.24,140.3617318725586,108.69353485107422
7,0.9,marginal,2025-05-31 17:43:00,baseline,119.68,162.31765686035158,130.6494598388672
7,0.9,marginal,2025-05-31 19:22:00,baseline,157.52,165.15161071777345,133.48341369628906
7,0.9,marginal,2025-05-31 21:01:00,baseline,159.28,184.3627770996094,152.694580078125
7,0.9,marginal,2025-05-31 22:40:00,baseline,169.84,194.73344360351564,163.06524658203125
7,0.9,marginal,2025-06-01 00:19:00,baseline,164.56,213.3538201904297,181.6856231689453
7,0.9,marginal,2025-06-01 01:58:00,baseline,192.72,209.58682189941408,177.9186248779297
7,0.9,marginal,2025-06-01 03:37:00,baseline,193.6,216.1639245605469,184.4957275390625
7,0.9,marginal,2025-06-01 05:16:00,baseline,193.6,205.85147033691408,174.1832733154297
7,0.9,marginal,2025-06-01 06:54:00,baseline,192.72,182.96745239257814,151.29925537109375
7,0.9,marginal,2025-06-01 08:33:00,baseline,176.88,160.489150390625,128.82095336914062
7,0.9,marginal,2025-06-01 10:12:00,baseline,176.0,131.2946389770508,99.6264419555664
7,0.9,marginal,2025-06-01 11:51:00,baseline,77.44,110.22037445068361,78.55217742919922
7,0.9,marginal,2025-06-01 13:30:00,baseline,75.68,121.15037475585939,89.482177734375
7,0.9,marginal,2025-06-01 15:09:00,baseline,105.6,126.63114868164064,94.96295166015625
7,0.9,marginal,2025-06-01 16:48:00,baseline,107.36,155.3613122558594,123.693115234375
7,0.9,marginal,2025-06-01 18:27:00,baseline,118.8,180.1420281982422,148.4738311767578
7,0.9,marginal,2025-06-01 20:06:00,baseline,146.96,179.08834777832033,147.42015075683594
7,0.9,marginal,2025-06-01 21:45:00,baseline,168.08,195.27511535644533,163.60691833496094
7,0.9,marginal,2025-06-01 23:24:00,baseline,168.96,213.03337036132814,181.36517333984375
7,0.9,marginal,2025-06-02 01:03:00,baseline,215.6,214.06130920410158,182.3931121826172
7,0.9,marginal,2025-06-02 02:41:00,baseline,215.6,237.09875427246095,205.43055725097656
7,0.9,marginal,2025-06-02 04:20:00,baseline,216.48,232.38627563476564,200.71807861328125
7,0.9,marginal,2025-06-02 05:59:00,baseline,220.0,203.6294549560547,171.9612579345703
7,0.9,marginal,2025-06-02 07:38:00,baseline,220.0,184.48979125976564,152.82159423828125
7,0.9,marginal,2025-06-02 09:17:00,baseline,220.0,170.3039697265625,138.63577270507812
7,0.9,marginal,2025-06-02 10:56:00,baseline,78.32,181.84187255859376,150.17367553710938
7,0.9,adaptive,2025-05-28 18:50:00,baseline,144.32,153.80905347174263,133.65447998046875
7,0.9,adaptive,2025-05-28 20:28:00,baseline,145.2,158.03721420505758,142.23983764648438
7,0.9,adaptive,2025-05-28 22:07:00,baseline,148.72,168.7221415153372,150.46771240234375
7,0.9,adaptive,2025-05-28 23:46:00,baseline,149.6,174.85210178664155,167.533203125
7,0.9,adaptive,2025-05-29 01:25:00,baseline,162.8,174.07617654833695,161.7758026123047
7,0.9,adaptive,2025-05-29 03:04:00,baseline,189.2,183.76749032707613,173.2099609375
7,0.9,adaptive,2025-05-29 04:43:00,baseline,190.08,200.54212193423697,181.88882446289062
7,0.9,adaptive,2025-05-29 06:22:00,baseline,189.2,206.97506745572926,141.8897705078125
7,0.9,adaptive,2025-05-29 08:01:00,baseline,188.32,187.50503367843245,130.16184997558594
7,0.9,adaptive,2025-05-29 09:40:00,baseline,187.44,184.21918559272075,130.45263671875
7,0.9,adaptive,2025-05-29 11:19:00,baseline,80.08,145.6904140106229,105.3917007446289
7,0.9,adaptive,2025-05-29 12:58:00,baseline,84.48,133.01666262352916,93.43743896484375
7,0.9,adaptive,2025-05-29 14:37:00,baseline,109.12,124.99721254581367,98.60855865478516
7,0.9,adaptive,2025-05-29 16:16:00,baseline,107.36,161.22964011156148,130.58782958984375
7,0.9,adaptive,2025-05-29 17:54:00,baseline,158.4,163.9744277685889,149.02293395996094
7,0.9,adaptive,2025-05-29 19:33:00,baseline,159.28,178.25909997063604,155.7260284423828
7,0.9,adaptive,2025-05-29 21:12:00,baseline,162.36,183.88604039189235,160.1918487548828
7,0.9,adaptive,2025-05-29 22:51:00,baseline,167.2,196.28872430453245,176.3914337158203
7,0.9,adaptive,2025-05-30 00:30:00,baseline,168.08,201.84076953628534,183.3004150390625
7,0.9,adaptive,2025-05-30 02:09:00,baseline,176.0,180.83809916434168,166.7236785888672
7,0.9,adaptive,2025-05-30 03:48:00,baseline,183.92,203.3777989659343,182.7852783203125
7,0.9,adaptive,2025-05-30 05:27:00,baseline,183.92,211.8746185248506,154.1798095703125
7,0.9,adaptive,2025-05-30 07:06:00,baseline,183.04,204.32611564086864,139.16664123535156
7,0.9,adaptive,2025-05-30 08:45:00,baseline,133.76,190.3372018993855,130.9285888671875
7,0.9,adaptive,2025-05-30 10:24:00,baseline,58.96,148.72281216176782,108.99356842041016
7,0.9,adaptive,2025-05-30 12:03:00,baseline,51.04,108.89708489092834,73.62210845947266
7,0.9,adaptive,2025-05-30 13:41:00,baseline,70.4,123.84208866178133,90.69437408447266
7,0.9,adaptive,2025-05-30 15:20:00,baseline,75.68,139.29181798227083,107.78034973144531
7,0.9,adaptive,2025-05-30 16:59:00,baseline,79.2,127.88773831817232,114.194580078125
7,0.9,adaptive,2025-05-30 18:38:00,baseline,80.08,152.79227906510565,126.84476470947266
7,0.9,adaptive,2025-05-30 20:17:00,baseline,119.68,162.90082321125755,118.99893951416016
7,0.9,adaptive,2025-05-30 21:56:00,baseline,117.92,178.75063449555756,150.98101806640625
7,0.9,adaptive,2025-05-30 23:35:00,baseline,155.76,179.63202933975816,155.42324829101562
7,0.9,adaptive,2025-05-31 01:14:00,baseline,185.68,179.46437142095866,159.92666625976562
7,0.9,adaptive,2025-05-31 02:53:00,baseline,206.8,199.2825646273864,182.35841369628906
7,0.9,adaptive,2025-05-31 04:32:00,baseline,207.68,204.6808471983424,184.9281005859375
7,0.9,adaptive,2025-05-31 06:11:00,baseline,207.68,216.59331612418805,173.13119506835938
7,0.9,adaptive,2025-05-31 07:50:00,baseline,196.24,208.93422754402613,126.11556243896484
7,0.9,adaptive,2025-05-31 09:28:00,baseline,119.68,185.19989317275696,133.56895446777344
7,0.9,adaptive,2025-05-31 11:07:00,baseline,58.08,124.47017460099121,88.25568389892578
7,0.9,adaptive,2025-05-31 12:46:00,baseline,82.72,110.92191810957694,83.25701141357422
7,0.9,adaptive,2025-05-31 14:25:00,baseline,89.76,131.32498309632433,105.07941436767578
7,0.9,adaptive,2025-05-31 16:04:00,baseline,97.24,113.21754829273375,108.69353485107422
7,0.9,adaptive,2025-05-31 17:43:00,baseline,119.68,138.59527359939668,130.6494598388672
7,0.9,adaptive,2025-05-31 19:22:00,baseline,157.52,157.37741108698208,133.48341369628906
7,0.9,adaptive,2025-05-31 21:01:00,baseline,159.28,201.29381232351517,152.694580078125
7,0.9,adaptive,2025-05-31 22:40:00,baseline,169.84,187.60234235650086,163.06524658203125
7,0.9,adaptive,2025-06-01 00:19:00,baseline,164.56,202.2149087953364,181.6856231689453
7,0.9,adaptive,2025-06-01 01:58:00,baseline,192.72,193.1642662832882,177.9186248779297
7,0.9,adaptive,2025-06-01 03:37:00,baseline,193.6,212.4341911984294,184.4957275390625
7,0.9,adaptive,2025-06-01 05:16:00,baseline,193.6,215.11215009072927,174.1832733154297
7,0.9,adaptive,2025-06-01 06:54:00,baseline,192.72,226.1903387048985,151.29925537109375
7,0.9,adaptive,2025-06-01 08:33:00,baseline,176.88,207.8434322209977,128.82095336914062
7,0.9,adaptive,2025-06-01 10:12:00,baseline,176.0,151.01831262583437,99.6264419555664
7,0.9,adaptive,2025-06-01 11:51:00,baseline,77.44,128.52927792388152,78.55217742919922
7,0.9,adaptive,2025-06-01 13:30:00,baseline,75.68,129.04263279014032,89.482177734375
7,0.9,adaptive,2025-06-01 15:09:00,baseline,105.6,131.00978896406178,94.96295166015625
7,0.9,adaptive,2025-06-01 16:48:00,baseline,107.36,144.12246555013567,123.693115234375
7,0.9,adaptive,2025-06-01 18:27:00,baseline,118.8,174.44041962109895,148.4738311767578
7,0.9,adaptive,2025-06-01 20:06:00,baseline,146.96,191.84203570941258,147.42015075683594
7,0.9,adaptive,2025-06-01 21:45:00,baseline,168.08,187.7245931108685,163.60691833496094
7,0.9,adaptive,2025-06-01 23:24:00,baseline,168.96,199.67610266147506,181.36517333984375
7,0.9,adaptive,2025-06-02 01:03:00,baseline,215.6,197.47705206297584,182.3931121826172
7,0.9,adaptive,2025-06-02 02:41:00,baseline,215.6,229.1147326013377,205.43055725097656
7,0.9,adaptive,2025-06-02 04:20:00,baseline,216.48,238.73313872873268,200.71807861328125
7,0.9,adaptive,2025-06-02 05:59:00,baseline,220.0,203.96087718093213,171.9612579345703
7,0.9,adaptive,2025-06-02 07:38:00,baseline,220.0,205.93228042044012,152.82159423828125
7,0.9,adaptive,2025-06-02 09:17:00,baseline,220.0,181.17827483801514,138.63577270507812
7,0.9,adaptive,2025-06-02 10:56:00,baseline,78.32,179.71334260241227,150.17367553710938
7,0.9,mondrian,2025-05-28 18:50:00,baseline,144.32,165.15021606445313,133.65447998046875
7,0.9,mondrian,2025-05-28 20:28:00,baseline,145.2,173.73557373046876,142.23983764648438
7,0.9,mondrian,2025-05-28 22:07:00,baseline,148.72,181.96344848632813,150.46771240234375
7,0.9,mondrian,2025-05-28 23:46:00,baseline,149.6,199.02893920898438,167.533203125
7,0.9,mondrian,2025-05-29 01:25:00,baseline,162.8,193.27153869628907,161.7758026123047
7,0.9,mondrian,2025-05-29 03:04:00,baseline,189.2,204.70569702148438,173.2099609375
7,0.9,mondrian,2025-05-29 04:43:00,baseline,190.08,213.384560546875,181.88882446289062
7,0.9,mondrian,2025-05-29 06:22:00,baseline,189.2,173.38550659179688,141.8897705078125
7,0.9,mondrian,2025-05-29 08:01:00,baseline,188.32,161.65758605957032,130.16184997558594
7,0.9,mondrian,2025-05-29 09:40:00,baseline,187.44,161.94837280273438,130.45263671875
7,0.9,mondrian,2025-05-29 11:19:00,baseline,80.08,136.8874368286133,105.3917007446289
7,0.9,mondrian,2025-05-29 12:58:00,baseline,84.48,124.93317504882813,93.43743896484375
7,0.9,mondrian,2025-05-29 14:37:00,baseline,109.12,130.10429473876954,98.60855865478516
7,0.9,mondrian,2025-05-29 16:16:00,baseline,107.36,162.08356567382813,130.58782958984375
7,0.9,mondrian,2025-05-29 17:54:00,baseline,158.4,180.51867004394532,149.02293395996094
7,0.9,mondrian,2025-05-29 19:33:00,baseline,159.28,187.2217645263672,155.7260284423828
7,0.9,mondrian,2025-05-29 21:12:00,baseline,162.36,191.6875848388672,160.1918487548828
7,0.9,mondrian,2025-05-29 22:51:00,baseline,167.2,207.8871697998047,176.3914337158203
7,0.9,mondrian,2025-05-30 00:30:00,baseline,168.08,214.79615112304688,183.3004150390625
7,0.9,mondrian,2025-05-30 02:09:00,baseline,176.0,198.21941467285157,166.7236785888672
7,0.9,mondrian,2025-05-30 03:48:00,baseline,183.92,214.28101440429688,182.7852783203125
7,0.9,mondrian,2025-05-30 05:27:00,baseline,183.92,185.67554565429688,154.1798095703125
7,0.9,mondrian,2025-05-30 07:06:00,baseline,183.04,170.66237731933595,139.16664123535156
7,0.9,mondrian,2025-05-30 08:45:00,baseline,133.76,162.42432495117188,130.9285888671875
7,0.9,mondrian,2025-05-30 10:24:00,baseline,58.96,140.48930450439454,108.99356842041016
7,0.9,mondrian,2025-05-30 12:03:00,baseline,51.04,105.11784454345704,73.62210845947266
7,0.9,mondrian,2025-05-30 13:41:00,baseline,70.4,122.19011016845704,90.69437408447266
7,0.9,mondrian,2025-05-30 15:20:00,baseline,75.68,139.2760858154297,107.78034973144531
7,0.9,mondrian,2025-05-30 16:59:00,baseline,79.2,145.69031616210938,114.194580078125
7,0.9,mondrian,2025-05-30 18:38:00,baseline,80.08,158.34050079345704,126.84476470947266
7,0.9,mondrian,2025-05-30 20:17:00,baseline,119.68,150.49467559814454,118.99893951416016
7,0.9,mondrian,2025-05-30 21:56:00,baseline,117.92,182.47675415039063,150.98101806640625
7,0.9,mondrian,2025-05-30 23:35:00,baseline,155.76,186.918984375,155.42324829101562
7,0.9,mondrian,2025-05-31 01:14:00,baseline,185.68,191.42240234375,159.92666625976562
7,0.9,mondrian,2025-05-31 02:53:00,baseline,206.8,213.85414978027345,182.35841369628906
7,0.9,mondrian,2025-05-31 04:32:00,baseline,207.68,216.42383666992188,184.9281005859375
7,0.9,mondrian,2025-05-31 06:11:00,baseline,207.68,204.62693115234376,173.13119506835938
7,0.9,mondrian,2025-05-31 07:50:00,baseline,196.24,157.61129852294923,126.11556243896484
7,0.9,mondrian,2025-05-31 09:28:00,baseline,119.68,165.06469055175782,133.56895446777344
7,0.9,mondrian,2025-05-31 11:07:00,baseline,58.08,119.75141998291016,88.25568389892578
7,0.9,mondrian,2025-05-31 12:46:00,baseline,82.72,114.7527474975586,83.25701141357422
7,0.9,mondrian,2025-05-31 14:25:00,baseline,89.76,136.57515045166016,105.07941436767578
7,0.9,mondrian,2025-05-31 16:04:00,baseline,97.24,140.1892709350586,108.69353485107422
7,0.9,mondrian,2025-05-31 17:43:00,baseline,119.68,162.14519592285157,130.6494598388672
7,0.9,mondrian,2025-05-31 19:22:00,baseline,157.52,164.97914978027345,133.48341369628906
7,0.9,mondrian,2025-05-31 21:01:00,baseline,159.28,184.19031616210938,152.694580078125
7,0.9,mondrian,2025-05-31 22:40:00,baseline,169.84,194.56098266601563,163.06524658203125
7,0.9,mondrian,2025-06-01 00:19:00,baseline,164.56,213.1813592529297,181.6856231689453
7,0.9,mondrian,2025-06-01 01:58:00,baseline,192.72,209.41436096191407,177.9186248779297
7,0.9,mondrian,2025-06-01 03:37:00,baseline,193.6,215.99146362304688,184.4957275390625
7,0.9,mondrian,2025-06-01 05:16:00,baseline,193.6,205.67900939941407,174.1832733154297
7,0.9,mondrian,2025-06-01 06:54:00,baseline,192.72,182.79499145507813,151.29925537109375
7,0.9,mondrian,2025-06-01 08:33:00,baseline,176.88,160.316689453125,128.82095336914062
7,0.9,mondrian,2025-06-01 10:12:00,baseline,176.0,131.1221780395508,99.6264419555664
7,0.9,mondrian,2025-06-01 11:51:00,baseline,77.44,110.0479135131836,78.55217742919922
7,0.9,mondrian,2025-06-01 13:30:00,baseline,75.68,120.97791381835938,89.482177734375
7,0.9,mondrian,2025-06-01 15:09:00,baseline,105.6,126.45868774414063,94.96295166015625
7,0.9,mondrian,2025-06-01 16:48:00,baseline,107.36,155.18885131835938,123.693115234375
7,0.9,mondrian,2025-06-01 18:27:00,baseline,118.8,179.9695672607422,148.4738311767578
7,0.9,mondrian,2025-06-01 20:06:00,baseline,146.96,178.91588684082032,147.42015075683594
7,0.9,mondrian,2025-06-01 21:45:00,baseline,168.08,195.10265441894532,163.60691833496094
7,0.9,mondrian,2025-06-01 23:24:00,baseline,168.96,212.86090942382813,181.36517333984375
7,0.9,mondrian,2025-06-02 01:03:00,baseline,215.6,213.88884826660157,182.3931121826172
7,0.9,mondrian,2025-06-02 02:41:00,baseline,215.6,236.92629333496095,205.43055725097656
7,0.9,mondrian,2025-06-02 04:20:00,baseline,216.48,232.21381469726563,200.71807861328125
7,0.9,mondrian,2025-06-02 05:59:00,baseline,220.0,203.4569940185547,171.9612579345703
7,0.9,mondrian,2025-06-02 07:38:00,baseline,220.0,184.31733032226563,152.82159423828125
7,0.9,mondrian,2025-06-02 09:17:00,baseline,220.0,170.1315087890625,138.63577270507812
7,0.9,mondrian,2025-06-02 10:56:00,baseline,78.32,181.66941162109376,150.17367553710938
7,0.95,marginal,2025-05-28 18:50:00,baseline,144.32,180.32322021484376,133.65447998046875
7,0.95,marginal,2025-05-28 20:28:00,baseline,145.2,188.90857788085938,142.23983764648438
7,0.95,marginal,2025-05-28 22:07:00,baseline,148.72,197.13645263671876,150.46771240234375
7,0.95,marginal,2025-05-28 23:46:00,baseline,149.6,214.201943359375,167.533203125
7,0.95,marginal,2025-05-29 01:25:00,baseline,162.8,208.4445428466797,161.7758026123047
7,0.95,marginal,2025-05-29 03:04:00,baseline,189.2,219.878701171875,173.2099609375
7,0.95,marginal,2025-05-29 04:43:00,baseline,190.08,228.55756469726563,181.88882446289062
7,0.95,marginal,2025-05-29 06:22:00,baseline,189.2,188.5585107421875,141.8897705078125
7,0.95,marginal,2025-05-29 08:01:00,baseline,188.32,176.83059020996095,130.16184997558594
7,0.95,marginal,2025-05-29 09:40:00,baseline,187.44,177.121376953125,130.45263671875
7,0.95,marginal,2025-05-29 11:19:00,baseline,80.08,152.0604409790039,105.3917007446289
7,0.95,marginal,2025-05-29 12:58:00,baseline,84.48,140.10617919921876,93.43743896484375
7,0.95,marginal,2025-05-29 14:37:00,baseline,109.12,145.27729888916016,98.60855865478516
7,0.95,marginal,2025-05-29 16:16:00,baseline,107.36,177.25656982421876,130.58782958984375
7,0.95,marginal,2025-05-29 17:54:00,baseline,158.4,195.69167419433595,149.02293395996094
7,0.95,marginal,2025-05-29 19:33:00,baseline,159.28,202.39476867675782,155.7260284423828
7,0.95,marginal,2025-05-29 21:12:00,baseline,162.36,206.86058898925782,160.1918487548828
7,0.95,marginal,2025-05-29 22:51:00,baseline,167.2,223.06017395019532,176.3914337158203
7,0.95,marginal,2025-05-30 00:30:00,baseline,168.08,229.9691552734375,183.3004150390625
7,0.95,marginal,2025-05-30 02:09:00,baseline,176.0,213.3924188232422,166.7236785888672
7,0.95,marginal,2025-05-30 03:48:00,baseline,183.92,229.4540185546875,182.7852783203125
7,0.95,marginal,2025-05-30 05:27:00,baseline,183.92,200.8485498046875,154.1798095703125
7,0.95,marginal,2025-05-30 07:06:00,baseline,183.04,185.83538146972657,139.16664123535156
7,0.95,marginal,2025-05-30 08:45:00,baseline,133.76,177.5973291015625,130.9285888671875
7,0.95,marginal,2025-05-30 10:24:00,baseline,58.96,155.66230865478516,108.99356842041016
7,0.95,marginal,2025-05-30 12:03:00,baseline,51.04,120.29084869384766,73.62210845947266
7,0.95,marginal,2025-05-30 13:41:00,baseline,70.4,137.36311431884766,90.69437408447266
7,0.95,marginal,2025-05-30 15:20:00,baseline,75.68,154.44908996582032,107.78034973144531
7,0.95,marginal,2025-05-30 16:59:00,baseline,79.2,160.8633203125,114.194580078125
7,0.95,marginal,2025-05-30 18:38:00,baseline,80.08,173.51350494384766,126.84476470947266
7,0.95,marginal,2025-05-30 20:17:00,baseline,119.68,165.66767974853516,118.99893951416016
7,0.95,marginal,2025-05-30 21:56:00,baseline,117.92,197.64975830078126,150.98101806640625
7,0.95,marginal,2025-05-30 23:35:00,baseline,155.76,202.09198852539063,155.42324829101562
7,0.95,marginal,2025-05-31 01:14:00,baseline,185.68,206.59540649414063,159.92666625976562
7,0.95,marginal,2025-05-31 02:53:00,baseline,206.8,229.02715393066407,182.35841369628906
7,0.95,marginal,2025-05-31 04:32:00,baseline,207.68,231.5968408203125,184.9281005859375
7,0.95,marginal,2025-05-31 06:11:00,baseline,207.68,219.79993530273438,173.13119506835938
7,0.95,marginal,2025-05-31 07:50:00,baseline,196.24,172.78430267333985,126.11556243896484
7,0.95,marginal,2025-05-31 09:28:00,baseline,119.68,180.23769470214845,133.56895446777344
7,0.95,marginal,2025-05-31 11:07:00,baseline,58.08,134.9244241333008,88.25568389892578
7,0.95,marginal,2025-05-31 12:46:00,baseline,82.72,129.92575164794923,83.25701141357422
7,0.95,marginal,2025-05-31 14:25:00,baseline,89.76,151.7481546020508,105.07941436767578
7,0.95,marginal,2025-05-31 16:04:00,baseline,97.24,155.36227508544923,108.69353485107422
7,0.95,marginal,2025-05-31 17:43:00,baseline,119.68,177.3182000732422,130.6494598388672
7,0.95,marginal,2025-05-31 19:22:00,baseline,157.52,180.15215393066407,133.48341369628906
7,0.95,marginal,2025-05-31 21:01:00,baseline,159.28,199.3633203125,152.694580078125
7,0.95,marginal,2025-05-31 22:40:00,baseline,169.84,209.73398681640626,163.06524658203125
7,0.95,marginal,2025-06-01 00:19:00,baseline,164.56,228.35436340332032,181.6856231689453
7,0.95,marginal,2025-06-01 01:58:00,baseline,192.72,224.5873651123047,177.9186248779297
7,0.95,marginal,2025-06-01 03:37:00,baseline,193.6,231.1644677734375,184.4957275390625
7,0.95,marginal,2025-06-01 05:16:00,baseline,193.6,220.8520135498047,174.1832733154297
7,0.95,marginal,2025-06-01 06:54:00,baseline,192.72,197.96799560546876,151.29925537109375
7,0.95,marginal,2025-06-01 08:33:00,baseline,176.88,175.48969360351563,128.82095336914062
7,0.95,marginal,2025-06-01 10:12:00,baseline,176.0,146.2951821899414,99.6264419555664
7,0.95,marginal,2025-06-01 11:51:00,baseline,77.44,125.22091766357423,78.55217742919922
7,0.95,marginal,2025-06-01 13:30:00,baseline,75.68,136.15091796875,89.482177734375
7,0.95,marginal,2025-06-01 15:09:00,baseline,105.6,141.63169189453126,94.96295166015625
7,0.95,marginal,2025-06-01 16:48:00,baseline,107.36,170.36185546875,123.693115234375
7,0.95,marginal,2025-06-01 18:27:00,baseline,118.8,195.14257141113282,148.4738311767578
7,0.95,marginal,2025-06-01 20:06:00,baseline,146.96,194.08889099121095,147.42015075683594
7,0.95,marginal,2025-06-01 21:45:00,baseline,168.08,210.27565856933595,163.60691833496094
7,0.95,marginal,2025-06-01 23:24:00,baseline,168.96,228.03391357421876,181.36517333984375
7,0.95,marginal,2025-06-02 01:03:00,baseline,215.6,229.0618524169922,182.3931121826172
7,0.95,marginal,2025-06-02 02:41:00,baseline,215.6,252.09929748535157,205.43055725097656
7,0.95,marginal,2025-06-02 04:20:00,baseline,216.48,247.38681884765626,200.71807861328125
7,0.95,marginal,2025-06-02 05:59:00,baseline,220.0,218.62999816894532,171.9612579345703
7,0.95,marginal,2025-06-02 07:38:00,baseline,220.0,199.49033447265626,152.82159423828125
7,0.95,marginal,2025-06-02 09:17:00,baseline,220.0,185.30451293945313,138.63577270507812
7,0.95,marginal,2025-06-02 10:56:00,baseline,78.32,196.84241577148438,150.17367553710938
7,0.95,adaptive,2025-05-28 18:50:00,baseline,144.32,162.7425435066917,133.65447998046875
7,0.95,adaptive,2025-05-28 20:28:00,baseline,145.2,165.03938203190114,142.23983764648438
7,0.95,adaptive,2025-05-28 22:07:00,baseline,148.72,176.8133948799999,150.46771240234375
7,0.95,adaptive,2025-05-28 23:46:00,baseline,149.6,178.09619466158557,167.533203125
7,0.95,adaptive,2025-05-29 01:25:00,baseline,162.8,179.5283022423521,161.7758026123047
7,0.95,adaptive,2025-05-29 03:04:00,baseline,189.2,188.44710230875836,173.2099609375
7,0.95,adaptive,2025-05-29 04:43:00,baseline,190.08,208.81017321060668,181.88882446289062
7,0.95,adaptive,2025-05-29 06:22:00,baseline,189.2,235.82404567685887,141.8897705078125
7,0.95,adaptive,2025-05-29 08:01:00,baseline,188.32,212.92232967844097,130.16184997558594
7,0.95,adaptive,2025-05-29 09:40:00,baseline,187.44,208.05114258189644,130.45263671875
7,0.95,adaptive,2025-05-29 11:19:00,baseline,80.08,163.55276934842735,105.3917007446289
7,0.95,adaptive,2025-05-29 12:58:00,baseline,84.48,150.56010507340153,93.43743896484375
7,0.95,adaptive,2025-05-29 14:37:00,baseline,109.12,136.6939510887201,98.60855865478516
7,0.95,adaptive,2025-05-29 16:16:00,baseline,107.36,174.81158512603085,130.58782958984375
7,0.95,adaptive,2025-05-29 17:54:00,baseline,158.4,170.60165910170593,149.02293395996094
7,0.95,adaptive,2025-05-29 19:33:00,baseline,159.28,188.24685634968316,155.7260284423828
7,0.95,adaptive,2025-05-29 21:12:00,baseline,162.36,194.3884618381732,160.1918487548828
7,0.95,adaptive,2025-05-29 22:51:00,baseline,167.2,205.10817400778245,176.3914337158203
7,0.95,adaptive,2025-05-30 00:30:00,baseline,168.08,210.05875897759378,183.3004150390625
7,0.95,adaptive,2025-05-30 02:09:00,baseline,176.0,187.0942988112692,166.7236785888672
7,0.95,adaptive,2025-05-30 03:48:00,baseline,183.92,212.50540854109073,182.7852783203125
7,0.95,adaptive,2025-05-30 05:27:00,baseline,183.92,237.44777198735437,154.1798095703125
7,0.95,adaptive,2025-05-30 07:06:00,baseline,183.04,233.2079729293016,139.16664123535156
7,0.95,adaptive,2025-05-30 08:45:00,baseline,133.76,216.66999692196785,130.9285888671875
7,0.95,adaptive,2025-05-30 10:24:00,baseline,58.96,166.33275082969092,108.99356842041016
7,0.95,adaptive,2025-05-30 12:03:00,baseline,51.04,124.53267502484563,73.62210845947266
7,0.95,adaptive,2025-05-30 13:41:00,baseline,70.4,138.53477258217953,90.69437408447266
7,0.95,adaptive,2025-05-30 15:20:00,baseline,75.68,153.25923772088478,107.78034973144531
7,0.95,adaptive,2025-05-30 16:59:00,baseline,79.2,133.9572139504603,114.194580078125
7,0.95,adaptive,2025-05-30 18:38:00,baseline,80.08,164.2934830488122,126.84476470947266
7,0.95,adaptive,2025-05-30 20:17:00,baseline,119.68,182.36027943310808,118.99893951416016
7,0.95,adaptive,2025-05-30 21:56:00,baseline,117.92,191.05948299347244,150.98101806640625
7,0.95,adaptive,2025-05-30 23:35:00,baseline,155.76,190.36254191303794,155.42324829101562
7,0.95,adaptive,2025-05-31 01:14:00,baseline,185.68,188.12443532351952,159.92666625976562
7,0.95,adaptive,2025-05-31 02:53:00,baseline,206.8,206.7841738159109,182.35841369628906
7,0.95,adaptive,2025-05-31 04:32:00,baseline,207.68,213.43622796098637,184.9281005859375
7,0.95,adaptive,2025-05-31 06:11:00,baseline,207.68,235.85784809347535,173.13119506835938
7,0.95,adaptive,2025-05-31 07:50:00,baseline,196.24,245.64349949880997,126.11556243896484
7,0.95,adaptive,2025-05-31 09:28:00,baseline,119.68,208.08524356807726,133.56895446777344
7,0.95,adaptive,2025-05-31 11:07:00,baseline,58.08,140.52220328558383,88.25568389892578
7,0.95,adaptive,2025-05-31 12:46:00,baseline,82.72,123.18435414641691,83.25701141357422
7,0.95,adaptive,2025-05-31 14:25:00,baseline,89.76,142.9582993161127,105.07941436767578
7,0.95,adaptive,2025-05-31 16:04:00,baseline,97.24,115.22281171428615,108.69353485107422
7,0.95,adaptive,2025-05-31 17:43:00,baseline,119.68,142.11724582470742,130.6494598388672
7,0.95,adaptive,2025-05-31 19:22:00,baseline,157.52,167.96839618906193,133.48341369628906
7,0.95,adaptive,2025-05-31 21:01:00,baseline,159.28,222.83536254080673,152.694580078125
7,0.95,adaptive,2025-05-31 22:40:00,baseline,169.84,198.47838003016938,163.06524658203125
7,0.95,adaptive,2025-06-01 00:19:00,baseline,164.56,211.31448952560552,181.6856231689453
7,0.95,adaptive,2025-06-01 01:58:00,baseline,192.72,199.92187817867983,177.9186248779297
7,0.95,adaptive,2025-06-01 03:37:00,baseline,193.6,224.81788102450298,184.4957275390625
7,0.95,adaptive,2025-06-01 05:16:00,baseline,193.6,233.2538246328427,174.1832733154297
7,0.95,adaptive,2025-06-01 06:54:00,baseline,192.72,259.38571974130457,151.29925537109375
7,0.95,adaptive,2025-06-01 08:33:00,baseline,176.88,242.87004926480097,128.82095336914062
7,0.95,adaptive,2025-06-01 10:12:00,baseline,176.0,173.79769640733718,99.6264419555664
7,0.95,adaptive,2025-06-01 11:51:00,baseline,77.44,150.6815665564441,78.55217742919922
7,0.95,adaptive,2025-06-01 13:30:00,baseline,75.68,146.5777560797373,89.482177734375
7,0.95,adaptive,2025-06-01 15:09:00,baseline,105.6,146.98750548509332,94.96295166015625
7,0.95,adaptive,2025-06-01 16:48:00,baseline,107.36,153.17775007626815,123.693115234375
7,0.95,adaptive,2025-06-01 18:27:00,baseline,118.8,185.9500781712826,148.4738311767578
7,0.95,adaptive,2025-06-01 20:06:00,baseline,146.96,211.53198185137956,147.42015075683594
7,0.95,adaptive,2025-06-01 21:45:00,baseline,168.08,198.41472294020957,163.60691833496094
7,0.95,adaptive,2025-06-01 23:24:00,baseline,168.96,207.79239967447185,181.36517333984375
7,0.95,adaptive,2025-06-02 01:03:00,baseline,215.6,204.16298995530073,182.3931121826172
7,0.95,adaptive,2025-06-02 02:41:00,baseline,215.6,239.6127143408195,205.43055725097656
7,0.95,adaptive,2025-06-02 04:20:00,baseline,216.48,255.58326760228152,200.71807861328125
7,0.95,adaptive,2025-06-02 05:59:00,baseline,220.0,218.14466925092097,171.9612579345703
7,0.95,adaptive,2025-06-02 07:38:00,baseline,220.0,229.47352707411142,152.82159423828125
7,0.95,adaptive,2025-06-02 09:17:00,baseline,220.0,200.0351868451554,138.63577270507812
7,0.95,adaptive,2025-06-02 10:56:00,baseline,78.32,192.80676387862292,150.17367553710938
7,0.95,mondrian,2025-05-28 18:50:00,baseline,144.32,173.50420715332032,133.65447998046875
7,0.95,mondrian,2025-05-28 20:28:00,baseline,145.2,182.08956481933595,142.23983764648438
7,0.95,mondrian,2025-05-28 22:07:00,baseline,148.72,190.31743957519532,150.46771240234375
7,0.95,mondrian,2025-05-28 23:46:00,baseline,149.6,207.38293029785157,167.533203125
7,0.95,mondrian,2025-05-29 01:25:00,baseline,162.8,201.62552978515626,161.7758026123047
7,0.95,mondrian,2025-05-29 03:04:00,baseline,189.2,213.05968811035157,173.2099609375
7,0.95,mondrian,2025-05-29 04:43:00,baseline,190.08,221.7385516357422,181.88882446289062
7,0.95,mondrian,2025-05-29 06:22:00,baseline,189.2,181.73949768066407,141.8897705078125
7,0.95,mondrian,2025-05-29 08:01:00,baseline,188.32,170.0115771484375,130.16184997558594
7,0.95,mondrian,2025-05-29 09:40:00,baseline,187.44,170.30236389160157,130.45263671875
7,0.95,mondrian,2025-05-29 11:19:00,baseline,80.08,145.24142791748048,105.3917007446289
7,0.95,mondrian,2025-05-29 12:58:00,baseline,84.48,133.28716613769532,93.43743896484375
7,0.95,mondrian,2025-05-29 14:37:00,baseline,109.12,138.45828582763673,98.60855865478516
7,0.95,mondrian,2025-05-29 16:16:00,baseline,107.36,170.43755676269532,130.58782958984375
7,0.95,mondrian,2025-05-29 17:54:00,baseline,158.4,188.8726611328125,149.02293395996094
7,0.95,mondrian,2025-05-29 19:33:00,baseline,159.28,195.57575561523439,155.7260284423828
7,0.95,mondrian,2025-05-29 21:12:00,baseline,162.36,200.04157592773439,160.1918487548828
7,0.95,mondrian,2025-05-29 22:51:00,baseline,167.2,216.24116088867189,176.3914337158203
7,0.95,mondrian,2025-05-30 00:30:00,baseline,168.08,223.15014221191407,183.3004150390625
7,0.95,mondrian,2025-05-30 02:09:00,baseline,176.0,206.57340576171876,166.7236785888672
7,0.95,mondrian,2025-05-30 03:48:00,baseline,183.92,222.63500549316407,182.7852783203125
7,0.95,mondrian,2025-05-30 05:27:00,baseline,183.92,194.02953674316407,154.1798095703125
7,0.95,mondrian,2025-05-30 07:06:00,baseline,183.04,179.01636840820314,139.16664123535156
7,0.95,mondrian,2025-05-30 08:45:00,baseline,133.76,170.77831604003907,130.9285888671875
7,0.95,mondrian,2025-05-30 10:24:00,baseline,58.96,148.84329559326173,108.99356842041016
7,0.95,mondrian,2025-05-30 12:03:00,baseline,51.04,113.47183563232423,73.62210845947266
7,0.95,mondrian,2025-05-30 13:41:00,baseline,70.4,130.54410125732423,90.69437408447266
7,0.95,mondrian,2025-05-30 15:20:00,baseline,75.68,147.63007690429689,107.78034973144531
7,0.95,mondrian,2025-05-30 16:59:00,baseline,79.2,154.04430725097657,114.194580078125
7,0.95,mondrian,2025-05-30 18:38:00,baseline,80.08,166.69449188232423,126.84476470947266
7,0.95,mondrian,2025-05-30 20:17:00,baseline,119.68,158.84866668701173,118.99893951416016
7,0.95,mondrian,2025-05-30 21:56:00,baseline,117.92,190.83074523925782,150.98101806640625
7,0.95,mondrian,2025-05-30 23:35:00,baseline,155.76,195.2729754638672,155.42324829101562
7,0.95,mondrian,2025-05-31 01:14:00,baseline,185.68,199.7763934326172,159.92666625976562
7,0.95,mondrian,2025-05-31 02:53:00,baseline,206.8,222.20814086914064,182.35841369628906
7,0.95,mondrian,2025-05-31 04:32:00,baseline,207.68,224.77782775878907,184.9281005859375
7,0.95,mondrian,2025-05-31 06:11:00,baseline,207.68,212.98092224121095,173.13119506835938
7,0.95,mondrian,2025-05-31 07:50:00,baseline,196.24,165.96528961181642,126.11556243896484
7,0.95,mondrian,2025-05-31 09:28:00,baseline,119.68,173.418681640625,133.56895446777344
7,0.95,mondrian,2025-05-31 11:07:00,baseline,58.08,128.10541107177735,88.25568389892578
7,0.95,mondrian,2025-05-31 12:46:00,baseline,82.72,123.10673858642579,83.25701141357422
7,0.95,mondrian,2025-05-31 14:25:00,baseline,89.76,144.92914154052735,105.07941436767578
7,0.95,mondrian,2025-05-31 16:04:00,baseline,97.24,148.5432620239258,108.69353485107422
7,0.95,mondrian,2025-05-31 17:43:00,baseline,119.68,170.49918701171876,130.6494598388672
7,0.95,mondrian,2025-05-31 19:22:00,baseline,157.52,173.33314086914064,133.48341369628906
7,0.95,mondrian,2025-05-31 21:01:00,baseline,159.28,192.54430725097657,152.694580078125
7,0.95,mondrian,2025-05-31 22:40:00,baseline,169.84,202.91497375488282,163.06524658203125
7,0.95,mondrian,2025-06-01 00:19:00,baseline,164.56,221.53535034179689,181.6856231689453
7,0.95,mondrian,2025-06-01 01:58:00,baseline,192.72,217.76835205078126,177.9186248779297
7,0.95,mondrian,2025-06-01 03:37:00,baseline,193.6,224.34545471191407,184.4957275390625
7,0.95,mondrian,2025-06-01 05:16:00,baseline,193.6,214.03300048828126,174.1832733154297
7,0.95,mondrian,2025-06-01 06:54:00,baseline,192.72,191.14898254394532,151.29925537109375
7,0.95,mondrian,2025-06-01 08:33:00,baseline,176.88,168.6706805419922,128.82095336914062
7,0.95,mondrian,2025-06-01 10:12:00,baseline,176.0,139.47616912841798,99.6264419555664
7,0.95,mondrian,2025-06-01 11:51:00,baseline,77.44,118.40190460205079,78.55217742919922
7,0.95,mondrian,2025-06-01 13:30:00,baseline,75.68,129.33190490722657,89.482177734375
7,0.95,mondrian,2025-06-01 15:09:00,baseline,105.6,134.81267883300782,94.96295166015625
7,0.95,mondrian,2025-06-01 16:48:00,baseline,107.36,163.54284240722657,123.693115234375
7,0.95,mondrian,2025-06-01 18:27:00,baseline,118.8,188.32355834960939,148.4738311767578
7,0.95,mondrian,2025-06-01 20:06:00,baseline,146.96,187.2698779296875,147.42015075683594
7,0.95,mondrian,2025-06-01 21:45:00,baseline,168.08,203.4566455078125,163.60691833496094
7,0.95,mondrian,2025-06-01 23:24:00,baseline,168.96,221.21490051269532,181.36517333984375
7,0.95,mondrian,2025-06-02 01:03:00,baseline,215.6,222.24283935546876,182.3931121826172
7,0.95,mondrian,2025-06-02 02:41:00,baseline,215.6,245.28028442382814,205.43055725097656
7,0.95,mondrian,2025-06-02 04:20:00,baseline,216.48,240.56780578613282,200.71807861328125
7,0.95,mondrian,2025-06-02 05:59:00,baseline,220.0,211.81098510742189,171.9612579345703
7,0.95,mondrian,2025-06-02 07:38:00,baseline,220.0,192.67132141113282,152.82159423828125
7,0.95,mondrian,2025-06-02 09:17:00,baseline,220.0,178.4854998779297,138.63577270507812
7,0.95,mondrian,2025-06-02 10:56:00,baseline,78.32,190.02340270996095,150.17367553710938
