fold,tau,method,timestamp,group,y_true,allocation,point_forecast
0,0.8,marginal,2025-04-26 23:00:00,baseline,112.0,112.24238931398438,105.90873718261719
0,0.8,marginal,2025-04-27 00:25:00,baseline,112.0,116.94943582277344,110.61578369140625
0,0.8,marginal,2025-04-27 01:51:00,baseline,111.5483871,111.3680530713086,105.0344009399414
0,0.8,marginal,2025-04-27 03:17:00,baseline,111.0967742,107.93770181398438,101.60404968261719
0,0.8,marginal,2025-04-27 04:42:00,baseline,92.12903226,110.6034809277539,104.26982879638672
0,0.8,marginal,2025-04-27 06:08:00,baseline,58.70967742,86.87129556398438,80.53764343261719
0,0.8,marginal,2025-04-27 07:33:00,baseline,59.61290323,66.48445092897461,60.15079879760742
0,0.8,marginal,2025-04-27 08:59:00,baseline,59.61290323,79.1520878003125,72.81843566894531
0,0.8,marginal,2025-04-27 10:25:00,baseline,80.83870968,92.34086190919922,86.00720977783203
0,0.8,marginal,2025-04-27 11:50:00,baseline,81.74193548,92.7295795605664,86.39592742919922
0,0.8,marginal,2025-04-27 13:16:00,baseline,86.70967742,93.18313943605469,86.8494873046875
0,0.8,marginal,2025-04-27 14:42:00,baseline,87.61290323,93.9638324902539,87.63018035888672
0,0.8,marginal,2025-04-27 16:07:00,baseline,87.61290323,90.7830463574414,84.44939422607422
0,0.8,marginal,2025-04-27 17:33:00,baseline,105.6774194,93.774280183125,87.44062805175781
0,0.8,marginal,2025-04-27 18:58:00,baseline,106.1290323,104.66894876222656,98.33529663085938
0,0.8,marginal,2025-04-27 20:24:00,baseline,106.1290323,112.3383899853711,106.0047378540039
0,0.8,marginal,2025-04-27 21:50:00,baseline,106.1290323,104.73351632814453,98.39986419677734
0,0.8,marginal,2025-04-27 23:15:00,baseline,104.3225806,111.88144265871094,105.54779052734375
0,0.8,marginal,2025-04-28 00:41:00,baseline,88.96774194,105.5633655713086,99.2297134399414
0,0.8,marginal,2025-04-28 02:06:00,baseline,88.51612903,96.92438852052734,90.59073638916016
0,0.8,marginal,2025-04-28 03:32:00,baseline,87.61290323,89.21203195314453,82.87837982177734
0,0.8,marginal,2025-04-28 04:58:00,baseline,57.80645161,76.6554828808789,70.32183074951172
0,0.8,marginal,2025-04-28 06:23:00,baseline,58.25806452,66.68886148195313,60.35520935058594
0,0.8,marginal,2025-04-28 07:49:00,baseline,79.93548387,84.9566761181836,78.6230239868164
0,0.8,marginal,2025-04-28 09:15:00,baseline,81.74193548,95.38064157228516,89.04698944091797
0,0.8,marginal,2025-04-28 10:40:00,baseline,81.74193548,94.30871927003906,87.97506713867188
0,0.8,marginal,2025-04-28 12:06:00,baseline,87.16129032,90.51191293458984,84.17826080322266
0,0.8,marginal,2025-04-28 13:31:00,baseline,87.61290323,93.35029947023438,87.01664733886719
0,0.8,marginal,2025-04-28 14:57:00,baseline,87.61290323,89.21966134767578,82.8860092163086
0,0.8,marginal,2025-04-28 16:23:00,baseline,107.483871,91.6888080761914,85.35515594482422
0,0.8,marginal,2025-04-28 17:48:00,baseline,108.3870968,107.41035043458984,101.07669830322266
0,0.8,marginal,2025-04-28 19:14:00,baseline,108.3870968,115.90517770509766,109.57152557373047
0,0.8,marginal,2025-04-28 20:39:00,baseline,108.3870968,109.13335000734375,102.79969787597656
0,0.8,marginal,2025-04-28 22:05:00,baseline,107.9354839,115.74906503419922,109.41541290283203
0,0.8,marginal,2025-04-28 23:31:00,baseline,87.61290323,112.47114145021484,106.13748931884766
0,0.8,marginal,2025-04-29 00:56:00,baseline,60.06451613,85.61465036134766,79.28099822998047
0,0.8,marginal,2025-04-29 02:22:00,baseline,61.87096774,72.16818582277344,65.83453369140625
0,0.8,marginal,2025-04-29 03:48:00,baseline,61.87096774,85.46449624757813,79.13084411621094
0,0.8,marginal,2025-04-29 05:13:00,baseline,82.19354839,87.46106302003906,81.12741088867188
0,0.8,marginal,2025-04-29 06:39:00,baseline,83.09677419,89.94379007082031,83.61013793945312
0,0.8,marginal,2025-04-29 08:04:00,baseline,87.16129032,93.6157337353711,87.2820816040039
0,0.8,marginal,2025-04-29 09:30:00,baseline,87.16129032,95.09765969972656,88.76400756835938
0,0.8,marginal,2025-04-29 10:56:00,baseline,87.16129032,87.45879708986328,81.1251449584961
0,0.8,marginal,2025-04-29 12:21:00,baseline,107.9354839,90.87255441408203,84.53890228271484
0,0.8,marginal,2025-04-29 13:47:00,baseline,108.3870968,111.4950824902539,105.16143035888672
0,0.8,marginal,2025-04-29 15:12:00,baseline,108.3870968,114.05517160158203,107.72151947021484
0,0.8,marginal,2025-04-29 16:38:00,baseline,108.3870968,110.36319314699219,104.029541015625
0,0.8,marginal,2025-04-29 18:04:00,baseline,107.9354839,110.48489724855469,104.1512451171875
0,0.8,marginal,2025-04-29 19:29:00,baseline,98.4516129,112.63598214845703,106.30233001708984
0,0.8,marginal,2025-04-29 20:55:00,baseline,97.5483871,103.25583230714844,96.92218017578125
0,0.8,marginal,2025-04-29 22:20:00,baseline,97.09677419,101.70206033449219,95.368408203125
0,0.8,marginal,2025-04-29 23:46:00,baseline,65.48387097,100.1572376416211,93.8235855102539
0,0.8,marginal,2025-04-30 01:12:00,baseline,65.93548387,81.57394754152344,75.24029541015625
0,0.8,marginal,2025-04-30 02:37:00,baseline,88.96774194,88.71540414552734,82.38175201416016
0,0.8,marginal,2025-04-30 04:03:00,baseline,89.41935484,100.13936197023438,93.80570983886719
0,0.8,marginal,2025-04-30 05:29:00,baseline,91.22580645,98.79973184328125,92.46607971191406
0,0.8,marginal,2025-04-30 06:54:00,baseline,92.58064516,85.84817849855469,79.5145263671875
0,0.8,marginal,2025-04-30 08:20:00,baseline,92.58064516,94.76182138185547,88.42816925048828
0,0.8,marginal,2025-04-30 09:45:00,baseline,92.58064516,96.20220529298828,89.8685531616211
0,0.8,marginal,2025-04-30 11:11:00,baseline,112.9032258,107.46984445314453,101.13619232177734
0,0.8,marginal,2025-04-30 12:37:00,baseline,112.4516129,116.89789163332031,110.56423950195312
0,0.8,marginal,2025-04-30 14:02:00,baseline,112.0,120.77563821535156,114.44198608398438
0,0.8,marginal,2025-04-30 15:28:00,baseline,111.0967742,105.92946969728516,99.59581756591797
0,0.8,marginal,2025-04-30 16:53:00,baseline,91.67741935,108.4836536572461,102.1500015258789
0,0.8,marginal,2025-04-30 18:19:00,baseline,89.41935484,97.30472909669922,90.97107696533203
0,0.8,marginal,2025-04-30 19:45:00,baseline,63.22580645,93.42730294923828,87.0936508178711
0,0.8,adaptive,2025-04-26 23:00:00,baseline,112.0,109.10080835373083,105.90873718261719
0,0.8,adaptive,2025-04-27 00:25:00,baseline,112.0,113.70936309442129,110.61578369140625
0,0.8,adaptive,2025-04-27 01:51:00,baseline,111.5483871,111.12704009958624,105.0344009399414
0,0.8,adaptive,2025-04-27 03:17:00,baseline,111.0967742,108.54284822668104,101.60404968261719
0,0.8,adaptive,2025-04-27 04:42:00,baseline,92.12903226,109.86666032413429,104.26982879638672
0,0.8,adaptive,2025-04-27 06:08:00,baseline,58.70967742,92.11138998701522,80.53764343261719
0,0.8,adaptive,2025-04-27 07:33:00,baseline,59.61290323,79.44962766973548,60.15079879760742
0,0.8,adaptive,2025-04-27 08:59:00,baseline,59.61290323,94.12480719047795,72.81843566894531
0,0.8,adaptive,2025-04-27 10:25:00,baseline,80.83870968,90.86611048612922,86.00720977783203
0,0.8,adaptive,2025-04-27 11:50:00,baseline,81.74193548,91.17626870850887,86.39592742919922
0,0.8,adaptive,2025-04-27 13:16:00,baseline,86.70967742,90.77527731896473,86.8494873046875
0,0.8,adaptive,2025-04-27 14:42:00,baseline,87.61290323,91.80758064771575,87.63018035888672
0,0.8,adaptive,2025-04-27 16:07:00,baseline,87.61290323,90.3353951462237,84.44939422607422
0,0.8,adaptive,2025-04-27 17:33:00,baseline,105.6774194,94.70815761448623,87.44062805175781
0,0.8,adaptive,2025-04-27 18:58:00,baseline,106.1290323,100.32486454284717,98.33529663085938
0,0.8,adaptive,2025-04-27 20:24:00,baseline,106.1290323,109.70494433297668,106.0047378540039
0,0.8,adaptive,2025-04-27 21:50:00,baseline,106.1290323,103.55968612341695,98.39986419677734
0,0.8,adaptive,2025-04-27 23:15:00,baseline,104.3225806,111.76054988331067,105.54779052734375
0,0.8,adaptive,2025-04-28 00:41:00,baseline,88.96774194,105.88584316047023,99.2297134399414
0,0.8,adaptive,2025-04-28 02:06:00,baseline,88.51612903,96.28952584303633,90.59073638916016
0,0.8,adaptive,2025-04-28 03:32:00,baseline,87.61290323,92.37286470060796,82.87837982177734
0,0.8,adaptive,2025-04-28 04:58:00,baseline,57.80645161,85.48039052544314,70.32183074951172
0,0.8,adaptive,2025-04-28 06:23:00,baseline,58.25806452,86.07802733622123,60.35520935058594
0,0.8,adaptive,2025-04-28 07:49:00,baseline,79.93548387,85.295769986724,78.6230239868164
0,0.8,adaptive,2025-04-28 09:15:00,baseline,81.74193548,93.65628762737353,89.04698944091797
0,0.8,adaptive,2025-04-28 10:40:00,baseline,81.74193548,92.48688593933663,87.97506713867188
0,0.8,adaptive,2025-04-28 12:06:00,baseline,87.16129032,98.6541875944814,84.17826080322266
0,0.8,adaptive,2025-04-28 13:31:00,baseline,87.61290323,92.43196272772528,87.01664733886719
0,0.8,adaptive,2025-04-28 14:57:00,baseline,87.61290323,88.02712729634479,82.8860092163086
0,0.8,adaptive,2025-04-28 16:23:00,baseline,107.483871,93.17923834719426,85.35515594482422
0,0.8,adaptive,2025-04-28 17:48:00,baseline,108.3870968,106.47646469395066,101.07669830322266
0,0.8,adaptive,2025-04-28 19:14:00,baseline,108.3870968,110.29264151695178,109.57152557373047
0,0.8,adaptive,2025-04-28 20:39:00,baseline,108.3870968,108.42959504631379,102.79969787597656
0,0.8,adaptive,2025-04-28 22:05:00,baseline,107.9354839,113.80329213494763,109.41541290283203
0,0.8,adaptive,2025-04-28 23:31:00,baseline,87.61290323,110.13105522227912,106.13748931884766
0,0.8,adaptive,2025-04-29 00:56:00,baseline,60.06451613,92.42310074011795,79.28099822998047
0,0.8,adaptive,2025-04-29 02:22:00,baseline,61.87096774,88.2987820970285,65.83453369140625
0,0.8,adaptive,2025-04-29 03:48:00,baseline,61.87096774,86.19679785171533,79.13084411621094
0,0.8,adaptive,2025-04-29 05:13:00,baseline,82.19354839,84.13857666301573,81.12741088867188
0,0.8,adaptive,2025-04-29 06:39:00,baseline,83.09677419,86.30037366989697,83.61013793945312
0,0.8,adaptive,2025-04-29 08:04:00,baseline,87.16129032,91.27635233701596,87.2820816040039
0,0.8,adaptive,2025-04-29 09:30:00,baseline,87.16129032,92.00626318366062,88.76400756835938
0,0.8,adaptive,2025-04-29 10:56:00,baseline,87.16129032,85.65007553799562,81.1251449584961
0,0.8,adaptive,2025-04-29 12:21:00,baseline,107.9354839,91.75629541295679,84.53890228271484
0,0.8,adaptive,2025-04-29 13:47:00,baseline,108.3870968,107.39873093491137,105.16143035888672
0,0.8,adaptive,2025-04-29 15:12:00,baseline,108.3870968,109.87198765330928,107.72151947021484
0,0.8,adaptive,2025-04-29 16:38:00,baseline,108.3870968,107.4150496042589,104.029541015625
0,0.8,adaptive,2025-04-29 18:04:00,baseline,107.9354839,110.11776117681521,104.1512451171875
0,0.8,adaptive,2025-04-29 19:29:00,baseline,98.4516129,109.11445429512,106.30233001708984
0,0.8,adaptive,2025-04-29 20:55:00,baseline,97.5483871,106.57899500522745,96.92218017578125
0,0.8,adaptive,2025-04-29 22:20:00,baseline,97.09677419,99.88711205491661,95.368408203125
0,0.8,adaptive,2025-04-29 23:46:00,baseline,65.48387097,98.83318580751134,93.8235855102539
0,0.8,adaptive,2025-04-30 01:12:00,baseline,65.93548387,87.35653873979635,75.24029541015625
0,0.8,adaptive,2025-04-30 02:37:00,baseline,88.96774194,96.59383773940883,82.38175201416016
0,0.8,adaptive,2025-04-30 04:03:00,baseline,89.41935484,97.34518925085429,93.80570983886719
0,0.8,adaptive,2025-04-30 05:29:00,baseline,91.22580645,94.01414413789085,92.46607971191406
0,0.8,adaptive,2025-04-30 06:54:00,baseline,92.58064516,86.78356880769435,79.5145263671875
0,0.8,adaptive,2025-04-30 08:20:00,baseline,92.58064516,95.65129508311722,88.42816925048828
0,0.8,adaptive,2025-04-30 09:45:00,baseline,92.58064516,96.21034257656777,89.8685531616211
0,0.8,adaptive,2025-04-30 11:11:00,baseline,112.9032258,106.1285194584843,101.13619232177734
0,0.8,adaptive,2025-04-30 12:37:00,baseline,112.4516129,111.56766839332083,110.56423950195312
0,0.8,adaptive,2025-04-30 14:02:00,baseline,112.0,115.16310202720568,114.44198608398438
0,0.8,adaptive,2025-04-30 15:28:00,baseline,111.0967742,103.52716783342115,99.59581756591797
0,0.8,adaptive,2025-04-30 16:53:00,baseline,91.67741935,105.80044157588469,102.1500015258789
0,0.8,adaptive,2025-04-30 18:19:00,baseline,89.41935484,97.78202188474059,90.97107696533203
0,0.8,adaptive,2025-04-30 19:45:00,baseline,63.22580645,93.21335842525642,87.0936508178711
0,0.8,mondrian,2025-04-26 23:00:00,baseline,112.0,112.24238931398438,105.90873718261719
0,0.8,mondrian,2025-04-27 00:25:00,baseline,112.0,116.94943582277344,110.61578369140625
0,0.8,mondrian,2025-04-27 01:51:00,baseline,111.5483871,111.3680530713086,105.0344009399414
0,0.8,mondrian,2025-04-27 03:17:00,baseline,111.0967742,107.93770181398438,101.60404968261719
0,0.8,mondrian,2025-04-27 04:42:00,baseline,92.12903226,110.6034809277539,104.26982879638672
0,0.8,mondrian,2025-04-27 06:08:00,baseline,58.70967742,86.87129556398438,80.53764343261719
0,0.8,mondrian,2025-04-27 07:33:00,baseline,59.61290323,66.48445092897461,60.15079879760742
0,0.8,mondrian,2025-04-27 08:59:00,baseline,59.61290323,79.1520878003125,72.81843566894531
0,0.8,mondrian,2025-04-27 10:25:00,baseline,80.83870968,92.34086190919922,86.00720977783203
0,0.8,mondrian,2025-04-27 11:50:00,baseline,81.74193548,92.7295795605664,86.39592742919922
0,0.8,mondrian,2025-04-27 13:16:00,baseline,86.70967742,93.18313943605469,86.8494873046875
0,0.8,mondrian,2025-04-27 14:42:00,baseline,87.61290323,93.9638324902539,87.63018035888672
0,0.8,mondrian,2025-04-27 16:07:00,baseline,87.61290323,90.7830463574414,84.44939422607422
0,0.8,mondrian,2025-04-27 17:33:00,baseline,105.6774194,93.774280183125,87.44062805175781
0,0.8,mondrian,2025-04-27 18:58:00,baseline,106.1290323,104.66894876222656,98.33529663085938
0,0.8,mondrian,2025-04-27 20:24:00,baseline,106.1290323,112.3383899853711,106.0047378540039
0,0.8,mondrian,2025-04-27 21:50:00,baseline,106.1290323,104.73351632814453,98.39986419677734
0,0.8,mondrian,2025-04-27 23:15:00,baseline,104.3225806,111.88144265871094,105.54779052734375
0,0.8,mondrian,2025-04-28 00:41:00,baseline,88.96774194,105.5633655713086,99.2297134399414
0,0.8,mondrian,2025-04-28 02:06:00,baseline,88.51612903,96.92438852052734,90.59073638916016
0,0.8,mondrian,2025-04-28 03:32:00,baseline,87.61290323,89.21203195314453,82.87837982177734
0,0.8,mondrian,2025-04-28 04:58:00,baseline,57.80645161,76.6554828808789,70.32183074951172
0,0.8,mondrian,2025-04-28 06:23:00,baseline,58.25806452,66.68886148195313,60.35520935058594
0,0.8,mondrian,2025-04-28 07:49:00,baseline,79.93548387,84.9566761181836,78.6230239868164
0,0.8,mondrian,2025-04-28 09:15:00,baseline,81.74193548,95.38064157228516,89.04698944091797
0,0.8,mondrian,2025-04-28 10:40:00,baseline,81.74193548,94.30871927003906,87.97506713867188
0,0.8,mondrian,2025-04-28 12:06:00,baseline,87.16129032,90.51191293458984,84.17826080322266
0,0.8,mondrian,2025-04-28 13:31:00,baseline,87.61290323,93.35029947023438,87.01664733886719
0,0.8,mondrian,2025-04-28 14:57:00,baseline,87.61290323,89.21966134767578,82.8860092163086
0,0.8,mondrian,2025-04-28 16:23:00,baseline,107.483871,91.6888080761914,85.35515594482422
0,0.8,mondrian,2025-04-28 17:48:00,baseline,108.3870968,107.41035043458984,101.07669830322266
0,0.8,mondrian,2025-04-28 19:14:00,baseline,108.3870968,115.90517770509766,109.57152557373047
0,0.8,mondrian,2025-04-28 20:39:00,baseline,108.3870968,109.13335000734375,102.79969787597656
0,0.8,mondrian,2025-04-28 22:05:00,baseline,107.9354839,115.74906503419922,109.41541290283203
0,0.8,mondrian,2025-04-28 23:31:00,baseline,87.61290323,112.47114145021484,106.13748931884766
0,0.8,mondrian,2025-04-29 00:56:00,baseline,60.06451613,85.61465036134766,79.28099822998047
0,0.8,mondrian,2025-04-29 02:22:00,baseline,61.87096774,72.16818582277344,65.83453369140625
0,0.8,mondrian,2025-04-29 03:48:00,baseline,61.87096774,85.46449624757813,79.13084411621094
0,0.8,mondrian,2025-04-29 05:13:00,baseline,82.19354839,87.46106302003906,81.12741088867188
0,0.8,mondrian,2025-04-29 06:39:00,baseline,83.09677419,89.94379007082031,83.61013793945312
0,0.8,mondrian,2025-04-29 08:04:00,baseline,87.16129032,93.6157337353711,87.2820816040039
0,0.8,mondrian,2025-04-29 09:30:00,baseline,87.16129032,95.09765969972656,88.76400756835938
0,0.8,mondrian,2025-04-29 10:56:00,baseline,87.16129032,87.45879708986328,81.1251449584961
0,0.8,mondrian,2025-04-29 12:21:00,baseline,107.9354839,90.87255441408203,84.53890228271484
0,0.8,mondrian,2025-04-29 13:47:00,baseline,108.3870968,111.4950824902539,105.16143035888672
0,0.8,mondrian,2025-04-29 15:12:00,baseline,108.3870968,114.05517160158203,107.72151947021484
0,0.8,mondrian,2025-04-29 16:38:00,baseline,108.3870968,110.36319314699219,104.029541015625
0,0.8,mondrian,2025-04-29 18:04:00,baseline,107.9354839,110.48489724855469,104.1512451171875
0,0.8,mondrian,2025-04-29 19:29:00,baseline,98.4516129,112.63598214845703,106.30233001708984
0,0.8,mondrian,2025-04-29 20:55:00,baseline,97.5483871,103.25583230714844,96.92218017578125
0,0.8,mondrian,2025-04-29 22:20:00,baseline,97.09677419,101.70206033449219,95.368408203125
0,0.8,mondrian,2025-04-29 23:46:00,baseline,65.48387097,100.1572376416211,93.8235855102539
0,0.8,mondrian,2025-04-30 01:12:00,baseline,65.93548387,81.57394754152344,75.24029541015625
0,0.8,mondrian,2025-04-30 02:37:00,baseline,88.96774194,88.71540414552734,82.38175201416016
0,0.8,mondrian,2025-04-30 04:03:00,baseline,89.41935484,100.13936197023438,93.80570983886719
0,0.8,mondrian,2025-04-30 05:29:00,baseline,91.22580645,98.79973184328125,92.46607971191406
0,0.8,mondrian,2025-04-30 06:54:00,baseline,92.58064516,85.84817849855469,79.5145263671875
0,0.8,mondrian,2025-04-30 08:20:00,baseline,92.58064516,94.76182138185547,88.42816925048828
0,0.8,mondrian,2025-04-30 09:45:00,baseline,92.58064516,96.20220529298828,89.8685531616211
0,0.8,mondrian,2025-04-30 11:11:00,baseline,112.9032258,107.46984445314453,101.13619232177734
0,0.8,mondrian,2025-04-30 12:37:00,baseline,112.4516129,116.89789163332031,110.56423950195312
0,0.8,mondrian,2025-04-30 14:02:00,baseline,112.0,120.77563821535156,114.44198608398438
0,0.8,mondrian,2025-04-30 15:28:00,baseline,111.0967742,105.92946969728516,99.59581756591797
0,0.8,mondrian,2025-04-30 16:53:00,baseline,91.67741935,108.4836536572461,102.1500015258789
0,0.8,mondrian,2025-04-30 18:19:00,baseline,89.41935484,97.30472909669922,90.97107696533203
0,0.8,mondrian,2025-04-30 19:45:00,baseline,63.22580645,93.42730294923828,87.0936508178711
0,0.8,aci,2025-04-26 23:00:00,baseline,112.0,112.24238931398438,105.90873718261719
0,0.8,aci,2025-04-27 00:25:00,baseline,112.0,116.79665818720703,110.61578369140625
0,0.8,aci,2025-04-27 01:51:00,baseline,111.5483871,111.16962998816406,105.0344009399414
0,0.8,aci,2025-04-27 03:17:00,baseline,111.0967742,108.11803584267578,101.60404968261719
0,0.8,aci,2025-04-27 04:42:00,baseline,92.12903226,111.7227074359375,104.26982879638672
0,0.8,aci,2025-04-27 06:08:00,baseline,58.70967742,87.39112808007812,80.53764343261719
0,0.8,aci,2025-04-27 07:33:00,baseline,59.61290323,66.82365257993165,60.15079879760742
0,0.8,aci,2025-04-27 08:59:00,baseline,59.61290323,79.45100994785156,72.81843566894531
0,0.8,aci,2025-04-27 10:25:00,baseline,80.83870968,92.52119593789062,86.00720977783203
0,0.8,aci,2025-04-27 11:50:00,baseline,81.74193548,92.74262191552734,86.39592742919922
0,0.8,aci,2025-04-27 13:16:00,baseline,86.70967742,93.18313943605469,86.8494873046875
0,0.8,aci,2025-04-27 14:42:00,baseline,87.61290323,93.8110548546875,87.63018035888672
0,0.8,aci,2025-04-27 16:07:00,baseline,87.61290323,90.54065704345703,84.44939422607422
0,0.8,aci,2025-04-27 17:33:00,baseline,105.6774194,92.87900612207031,87.44062805175781
0,0.8,aci,2025-04-27 18:58:00,baseline,106.1290323,104.68421862041015,98.33529663085938
0,0.8,aci,2025-04-27 20:24:00,baseline,106.1290323,112.85822250146484,106.0047378540039
0,0.8,aci,2025-04-27 21:50:00,baseline,106.1290323,105.24514576523437,98.39986419677734
0,0.8,aci,2025-04-27 23:15:00,baseline,104.3225806,114.02587792632812,105.54779052734375
0,0.8,aci,2025-04-28 00:41:00,baseline,88.96774194,107.02344910908204,99.2297134399414
0,0.8,aci,2025-04-28 02:06:00,baseline,88.51612903,98.31990449238282,90.59073638916016
0,0.8,aci,2025-04-28 03:32:00,baseline,87.61290323,89.73186446923827,82.87837982177734
0,0.8,aci,2025-04-28 04:58:00,baseline,57.80645161,77.16711231796874,70.32183074951172
0,0.8,aci,2025-04-28 06:23:00,baseline,58.25806452,67.02806313291016,60.35520935058594
0,0.8,aci,2025-04-28 07:49:00,baseline,79.93548387,85.137010146875,78.6230239868164
0,0.8,aci,2025-04-28 09:15:00,baseline,81.74193548,95.39591143046874,89.04698944091797
0,0.8,aci,2025-04-28 10:40:00,baseline,81.74193548,94.30871927003906,87.97506713867188
0,0.8,aci,2025-04-28 12:06:00,baseline,87.16129032,90.35913529902344,84.17826080322266
0,0.8,aci,2025-04-28 13:31:00,baseline,87.61290323,93.10791015625,87.01664733886719
0,0.8,aci,2025-04-28 14:57:00,baseline,87.61290323,88.06942158070312,82.8860092163086
0,0.8,aci,2025-04-28 16:23:00,baseline,107.483871,90.08967935304688,85.35515594482422
0,0.8,aci,2025-04-28 17:48:00,baseline,108.3870968,107.41035043458984,101.07669830322266
0,0.8,aci,2025-04-28 19:14:00,baseline,108.3870968,116.4168071421875,109.57152557373047
0,0.8,aci,2025-04-28 20:39:00,baseline,108.3870968,109.47255165830079,102.79969787597656
0,0.8,aci,2025-04-28 22:05:00,baseline,107.9354839,115.92939906289062,109.41541290283203
0,0.8,aci,2025-04-28 23:31:00,baseline,87.61290323,112.48641130839843,106.13748931884766
0,0.8,aci,2025-04-29 00:56:00,baseline,60.06451613,85.61465036134766,79.28099822998047
0,0.8,aci,2025-04-29 02:22:00,baseline,61.87096774,71.9697627396289,65.83453369140625
0,0.8,aci,2025-04-29 03:48:00,baseline,61.87096774,85.22210693359375,79.13084411621094
0,0.8,aci,2025-04-29 05:13:00,baseline,82.19354839,86.56578895898437,81.12741088867188
0,0.8,aci,2025-04-29 06:39:00,baseline,83.09677419,88.34466134767578,83.61013793945312
0,0.8,aci,2025-04-29 08:04:00,baseline,87.16129032,92.00897561769531,87.2820816040039
0,0.8,aci,2025-04-29 09:30:00,baseline,87.16129032,93.22895910980469,88.76400756835938
0,0.8,aci,2025-04-29 10:56:00,baseline,87.16129032,85.1311153246875,81.1251449584961
0,0.8,aci,2025-04-29 12:21:00,baseline,107.9354839,89.97728035302734,84.53890228271484
0,0.8,aci,2025-04-29 13:47:00,baseline,108.3870968,111.50812484521484,105.16143035888672
0,0.8,aci,2025-04-29 15:12:00,baseline,108.3870968,113.90239396601562,107.72151947021484
0,0.8,aci,2025-04-29 16:38:00,baseline,108.3870968,110.12080383300781,104.029541015625
0,0.8,aci,2025-04-29 18:04:00,baseline,107.9354839,110.18739047869141,104.1512451171875
0,0.8,aci,2025-04-29 19:29:00,baseline,98.4516129,111.74070808740234,106.30233001708984
0,0.8,aci,2025-04-29 20:55:00,baseline,97.5483871,101.6567035840039,96.92218017578125
0,0.8,aci,2025-04-29 22:20:00,baseline,97.09677419,99.97210943339844,95.368408203125
0,0.8,aci,2025-04-29 23:46:00,baseline,65.48387097,98.1811412946289,93.8235855102539
0,0.8,aci,2025-04-30 01:12:00,baseline,65.93548387,79.57256957087891,75.24029541015625
0,0.8,aci,2025-04-30 02:37:00,baseline,88.96774194,86.33480880957032,82.38175201416016
0,0.8,aci,2025-04-30 04:03:00,baseline,89.41935484,98.54023324708984,93.80570983886719
0,0.8,aci,2025-04-30 05:29:00,baseline,91.22580645,97.0697809421875,92.46607971191406
0,0.8,aci,2025-04-30 06:54:00,baseline,92.58064516,83.8720821515625,79.5145263671875
0,0.8,aci,2025-04-30 08:20:00,baseline,92.58064516,94.01556817451171,88.42816925048828
0,0.8,aci,2025-04-30 09:45:00,baseline,92.58064516,95.30693123193359,89.8685531616211
0,0.8,aci,2025-04-30 11:11:00,baseline,112.9032258,105.87071573,101.13619232177734
0,0.8,aci,2025-04-30 12:37:00,baseline,112.4516129,116.7451139977539,110.56423950195312
0,0.8,aci,2025-04-30 14:02:00,baseline,112.0,120.53324890136719,114.44198608398438
0,0.8,aci,2025-04-30 15:28:00,baseline,111.0967742,105.1832164899414,99.59581756591797
0,0.8,aci,2025-04-30 16:53:00,baseline,91.67741935,108.6639876859375,102.1500015258789
0,0.8,aci,2025-04-30 18:19:00,baseline,89.41935484,97.31777145166015,90.97107696533203
0,0.8,aci,2025-04-30 19:45:00,baseline,63.22580645,93.27452531367187,87.0936508178711
0,0.9,marginal,2025-04-26 23:00:00,baseline,112.0,116.1490360125,105.90873718261719
0,0.9,marginal,2025-04-27 00:25:00,baseline,112.0,120.85608252128907,110.61578369140625
0,0.9,marginal,2025-04-27 01:51:00,baseline,111.5483871,115.27469976982422,105.0344009399414
0,0.9,marginal,2025-04-27 03:17:00,baseline,111.0967742,111.8443485125,101.60404968261719
0,0.9,marginal,2025-04-27 04:42:00,baseline,92.12903226,114.51012762626954,104.26982879638672
0,0.9,marginal,2025-04-27 06:08:00,baseline,58.70967742,90.7779422625,80.53764343261719
0,0.9,marginal,2025-04-27 07:33:00,baseline,59.61290323,70.39109762749024,60.15079879760742
0,0.9,marginal,2025-04-27 08:59:00,baseline,59.61290323,83.05873449882813,72.81843566894531
0,0.9,marginal,2025-04-27 10:25:00,baseline,80.83870968,96.24750860771485,86.00720977783203
0,0.9,marginal,2025-04-27 11:50:00,baseline,81.74193548,96.63622625908204,86.39592742919922
0,0.9,marginal,2025-04-27 13:16:00,baseline,86.70967742,97.08978613457032,86.8494873046875
0,0.9,marginal,2025-04-27 14:42:00,baseline,87.61290323,97.87047918876954,87.63018035888672
0,0.9,marginal,2025-04-27 16:07:00,baseline,87.61290323,94.68969305595704,84.44939422607422
0,0.9,marginal,2025-04-27 17:33:00,baseline,105.6774194,97.68092688164063,87.44062805175781
0,0.9,marginal,2025-04-27 18:58:00,baseline,106.1290323,108.57559546074219,98.33529663085938
0,0.9,marginal,2025-04-27 20:24:00,baseline,106.1290323,116.24503668388672,106.0047378540039
0,0.9,marginal,2025-04-27 21:50:00,baseline,106.1290323,108.64016302666016,98.39986419677734
0,0.9,marginal,2025-04-27 23:15:00,baseline,104.3225806,115.78808935722657,105.54779052734375
0,0.9,marginal,2025-04-28 00:41:00,baseline,88.96774194,109.47001226982422,99.2297134399414
0,0.9,marginal,2025-04-28 02:06:00,baseline,88.51612903,100.83103521904297,90.59073638916016
0,0.9,marginal,2025-04-28 03:32:00,baseline,87.61290323,93.11867865166016,82.87837982177734
0,0.9,marginal,2025-04-28 04:58:00,baseline,57.80645161,80.56212957939454,70.32183074951172
0,0.9,marginal,2025-04-28 06:23:00,baseline,58.25806452,70.59550818046876,60.35520935058594
0,0.9,marginal,2025-04-28 07:49:00,baseline,79.93548387,88.86332281669922,78.6230239868164
0,0.9,marginal,2025-04-28 09:15:00,baseline,81.74193548,99.28728827080079,89.04698944091797
0,0.9,marginal,2025-04-28 10:40:00,baseline,81.74193548,98.21536596855469,87.97506713867188
0,0.9,marginal,2025-04-28 12:06:00,baseline,87.16129032,94.41855963310547,84.17826080322266
0,0.9,marginal,2025-04-28 13:31:00,baseline,87.61290323,97.25694616875,87.01664733886719
0,0.9,marginal,2025-04-28 14:57:00,baseline,87.61290323,93.12630804619141,82.8860092163086
0,0.9,marginal,2025-04-28 16:23:00,baseline,107.483871,95.59545477470704,85.35515594482422
0,0.9,marginal,2025-04-28 17:48:00,baseline,108.3870968,111.31699713310547,101.07669830322266
0,0.9,marginal,2025-04-28 19:14:00,baseline,108.3870968,119.81182440361329,109.57152557373047
0,0.9,marginal,2025-04-28 20:39:00,baseline,108.3870968,113.03999670585938,102.79969787597656
0,0.9,marginal,2025-04-28 22:05:00,baseline,107.9354839,119.65571173271485,109.41541290283203
0,0.9,marginal,2025-04-28 23:31:00,baseline,87.61290323,116.37778814873047,106.13748931884766
0,0.9,marginal,2025-04-29 00:56:00,baseline,60.06451613,89.52129705986329,79.28099822998047
0,0.9,marginal,2025-04-29 02:22:00,baseline,61.87096774,76.07483252128907,65.83453369140625
0,0.9,marginal,2025-04-29 03:48:00,baseline,61.87096774,89.37114294609376,79.13084411621094
0,0.9,marginal,2025-04-29 05:13:00,baseline,82.19354839,91.36770971855469,81.12741088867188
0,0.9,marginal,2025-04-29 06:39:00,baseline,83.09677419,93.85043676933594,83.61013793945312
0,0.9,marginal,2025-04-29 08:04:00,baseline,87.16129032,97.52238043388672,87.2820816040039
0,0.9,marginal,2025-04-29 09:30:00,baseline,87.16129032,99.00430639824219,88.76400756835938
0,0.9,marginal,2025-04-29 10:56:00,baseline,87.16129032,91.36544378837891,81.1251449584961
0,0.9,marginal,2025-04-29 12:21:00,baseline,107.9354839,94.77920111259766,84.53890228271484
0,0.9,marginal,2025-04-29 13:47:00,baseline,108.3870968,115.40172918876954,105.16143035888672
0,0.9,marginal,2025-04-29 15:12:00,baseline,108.3870968,117.96181830009766,107.72151947021484
0,0.9,marginal,2025-04-29 16:38:00,baseline,108.3870968,114.26983984550782,104.029541015625
0,0.9,marginal,2025-04-29 18:04:00,baseline,107.9354839,114.39154394707032,104.1512451171875
0,0.9,marginal,2025-04-29 19:29:00,baseline,98.4516129,116.54262884697266,106.30233001708984
0,0.9,marginal,2025-04-29 20:55:00,baseline,97.5483871,107.16247900566407,96.92218017578125
0,0.9,marginal,2025-04-29 22:20:00,baseline,97.09677419,105.60870703300782,95.368408203125
0,0.9,marginal,2025-04-29 23:46:00,baseline,65.48387097,104.06388434013672,93.8235855102539
0,0.9,marginal,2025-04-30 01:12:00,baseline,65.93548387,85.48059424003907,75.24029541015625
0,0.9,marginal,2025-04-30 02:37:00,baseline,88.96774194,92.62205084404297,82.38175201416016
0,0.9,marginal,2025-04-30 04:03:00,baseline,89.41935484,104.04600866875,93.80570983886719
0,0.9,marginal,2025-04-30 05:29:00,baseline,91.22580645,102.70637854179688,92.46607971191406
0,0.9,marginal,2025-04-30 06:54:00,baseline,92.58064516,89.75482519707032,79.5145263671875
0,0.9,marginal,2025-04-30 08:20:00,baseline,92.58064516,98.6684680803711,88.42816925048828
0,0.9,marginal,2025-04-30 09:45:00,baseline,92.58064516,100.10885199150391,89.8685531616211
0,0.9,marginal,2025-04-30 11:11:00,baseline,112.9032258,111.37649115166016,101.13619232177734
0,0.9,marginal,2025-04-30 12:37:00,baseline,112.4516129,120.80453833183594,110.56423950195312
0,0.9,marginal,2025-04-30 14:02:00,baseline,112.0,124.68228491386719,114.44198608398438
0,0.9,marginal,2025-04-30 15:28:00,baseline,111.0967742,109.83611639580079,99.59581756591797
0,0.9,marginal,2025-04-30 16:53:00,baseline,91.67741935,112.39030035576172,102.1500015258789
0,0.9,marginal,2025-04-30 18:19:00,baseline,89.41935484,101.21137579521485,90.97107696533203
0,0.9,marginal,2025-04-30 19:45:00,baseline,63.22580645,97.33394964775391,87.0936508178711
0,0.9,adaptive,2025-04-26 23:00:00,baseline,112.0,111.45065704455672,105.90873718261719
0,0.9,adaptive,2025-04-27 00:25:00,baseline,112.0,115.98670690051338,110.61578369140625
0,0.9,adaptive,2025-04-27 01:51:00,baseline,111.5483871,115.61214691127776,105.0344009399414
0,0.9,adaptive,2025-04-27 03:17:00,baseline,111.0967742,113.65085672668717,101.60404968261719
0,0.9,adaptive,2025-04-27 04:42:00,baseline,92.12903226,113.98677749359649,104.26982879638672
0,0.9,adaptive,2025-04-27 06:08:00,baseline,58.70967742,100.63142344833508,80.53764343261719
0,0.9,adaptive,2025-04-27 07:33:00,baseline,59.61290323,93.65649378538711,60.15079879760742
0,0.9,adaptive,2025-04-27 08:59:00,baseline,59.61290323,109.80952928539796,72.81843566894531
0,0.9,adaptive,2025-04-27 10:25:00,baseline,80.83870968,94.44299861179772,86.00720977783203
0,0.9,adaptive,2025-04-27 11:50:00,baseline,81.74193548,94.69532517521282,86.39592742919922
0,0.9,adaptive,2025-04-27 13:16:00,baseline,86.70967742,93.66525439998586,86.8494873046875
0,0.9,adaptive,2025-04-27 14:42:00,baseline,87.61290323,94.88278106573648,87.63018035888672
0,0.9,adaptive,2025-04-27 16:07:00,baseline,87.61290323,94.6683848619849,84.44939422607422
0,0.9,adaptive,2025-04-27 17:33:00,baseline,105.6774194,100.05816202010786,87.44062805175781
0,0.9,adaptive,2025-04-27 18:58:00,baseline,106.1290323,101.78948838820541,98.33529663085938
0,0.9,adaptive,2025-04-27 20:24:00,baseline,106.1290323,112.42885770592511,106.0047378540039
0,0.9,adaptive,2025-04-27 21:50:00,baseline,106.1290323,107.35809792229257,98.39986419677734
0,0.9,adaptive,2025-04-27 23:15:00,baseline,104.3225806,116.33408338442678,105.54779052734375
0,0.9,adaptive,2025-04-28 00:41:00,baseline,88.96774194,110.78576451914567,99.2297134399414
0,0.9,adaptive,2025-04-28 02:06:00,baseline,88.51612903,100.4846995154364,90.59073638916016
0,0.9,adaptive,2025-04-28 03:32:00,baseline,87.61290323,99.36224609801666,82.87837982177734
0,0.9,adaptive,2025-04-28 04:58:00,baseline,57.80645161,96.63939041448735,70.32183074951172
0,0.9,adaptive,2025-04-28 06:23:00,baseline,58.25806452,105.01392410283677,60.35520935058594
0,0.9,adaptive,2025-04-28 07:49:00,baseline,79.93548387,90.20792344808498,78.6230239868164
0,0.9,adaptive,2025-04-28 09:15:00,baseline,81.74193548,97.04943042665829,89.04698944091797
0,0.9,adaptive,2025-04-28 10:40:00,baseline,81.74193548,95.80826912086727,87.97506713867188
0,0.9,adaptive,2025-04-28 12:06:00,baseline,87.16129032,109.31066603605171,84.17826080322266
0,0.9,adaptive,2025-04-28 13:31:00,baseline,87.61290323,96.41845647888995,87.01664733886719
0,0.9,adaptive,2025-04-28 14:57:00,baseline,87.61290323,91.8117702263267,82.8860092163086
0,0.9,adaptive,2025-04-28 16:23:00,baseline,107.483871,98.93895008435732,85.35515594482422
0,0.9,adaptive,2025-04-28 17:48:00,baseline,108.3870968,110.45151202335936,101.07669830322266
0,0.9,adaptive,2025-04-28 19:14:00,baseline,108.3870968,110.82349226064655,109.57152557373047
0,0.9,adaptive,2025-04-28 20:39:00,baseline,108.3870968,112.57405354552259,102.79969787597656
0,0.9,adaptive,2025-04-28 22:05:00,baseline,107.9354839,117.03343698961002,109.41541290283203
0,0.9,adaptive,2025-04-28 23:31:00,baseline,87.61290323,113.07092564084229,106.13748931884766
0,0.9,adaptive,2025-04-29 00:56:00,baseline,60.06451613,102.0976821396837,79.28099822998047
0,0.9,adaptive,2025-04-29 02:22:00,baseline,61.87096774,104.8358772545661,65.83453369140625
0,0.9,adaptive,2025-04-29 03:48:00,baseline,61.87096774,91.39841186491998,79.13084411621094
0,0.9,adaptive,2025-04-29 05:13:00,baseline,82.19354839,86.35525153440747,81.12741088867188
0,0.9,adaptive,2025-04-29 06:39:00,baseline,83.09677419,88.28079533668298,83.61013793945312
0,0.9,adaptive,2025-04-29 08:04:00,baseline,87.16129032,94.21674161708894,87.2820816040039
0,0.9,adaptive,2025-04-29 09:30:00,baseline,87.16129032,94.39305523951583,88.76400756835938
0,0.9,adaptive,2025-04-29 10:56:00,baseline,87.16129032,88.98111097809998,81.1251449584961
0,0.9,adaptive,2025-04-29 12:21:00,baseline,107.9354839,97.06939179744555,84.53890228271484
0,0.9,adaptive,2025-04-29 13:47:00,baseline,108.3870968,109.04572360760963,105.16143035888672
0,0.9,adaptive,2025-04-29 15:12:00,baseline,108.3870968,111.45505851038675,107.72151947021484
0,0.9,adaptive,2025-04-29 16:38:00,baseline,108.3870968,109.90729758318027,104.029541015625
0,0.9,adaptive,2025-04-29 18:04:00,baseline,107.9354839,114.5100222511873,104.1512451171875
0,0.9,adaptive,2025-04-29 19:29:00,baseline,98.4516129,111.18460442615965,106.30233001708984
0,0.9,adaptive,2025-04-29 20:55:00,baseline,97.5483871,113.68787587538844,96.92218017578125
0,0.9,adaptive,2025-04-29 22:20:00,baseline,97.09677419,103.2135636786935,95.368408203125
0,0.9,adaptive,2025-04-29 23:46:00,baseline,65.48387097,102.52101169516672,93.8235855102539
0,0.9,adaptive,2025-04-30 01:12:00,baseline,65.93548387,96.27593213663893,75.24029541015625
0,0.9,adaptive,2025-04-30 02:37:00,baseline,88.96774194,107.0560891257805,82.38175201416016
0,0.9,adaptive,2025-04-30 04:03:00,baseline,89.41935484,99.95078311659549,93.80570983886719
0,0.9,adaptive,2025-04-30 05:29:00,baseline,91.22580645,95.15375443155062,92.46607971191406
0,0.9,adaptive,2025-04-30 06:54:00,baseline,92.58064516,92.13468692089845,79.5145263671875
0,0.9,adaptive,2025-04-30 08:20:00,baseline,92.58064516,100.96861160634252,88.42816925048828
0,0.9,adaptive,2025-04-30 09:45:00,baseline,92.58064516,100.87886177785076,89.8685531616211
0,0.9,adaptive,2025-04-30 11:11:00,baseline,112.9032258,109.80362967924816,101.13619232177734
0,0.9,adaptive,2025-04-30 12:37:00,baseline,112.4516129,112.30634430006593,110.56423950195312
0,0.9,adaptive,2025-04-30 14:02:00,baseline,112.0,115.69395277090045,114.44198608398438
0,0.9,adaptive,2025-04-30 15:28:00,baseline,111.0967742,106.42123810443185,99.59581756591797
0,0.9,adaptive,2025-04-30 16:53:00,baseline,91.67741935,108.48771930642845,102.1500015258789
0,0.9,adaptive,2025-04-30 18:19:00,baseline,89.41935484,102.79591071873412,90.97107696533203
0,0.9,adaptive,2025-04-30 19:45:00,baseline,63.22580645,97.71839172137636,87.0936508178711
0,0.9,mondrian,2025-04-26 23:00:00,baseline,112.0,116.1490360125,105.90873718261719
0,0.9,mondrian,2025-04-27 00:25:00,baseline,112.0,120.85608252128907,110.61578369140625
0,0.9,mondrian,2025-04-27 01:51:00,baseline,111.5483871,115.27469976982422,105.0344009399414
0,0.9,mondrian,2025-04-27 03:17:00,baseline,111.0967742,111.8443485125,101.60404968261719
0,0.9,mondrian,2025-04-27 04:42:00,baseline,92.12903226,114.51012762626954,104.26982879638672
0,0.9,mondrian,2025-04-27 06:08:00,baseline,58.70967742,90.7779422625,80.53764343261719
0,0.9,mondrian,2025-04-27 07:33:00,baseline,59.61290323,70.39109762749024,60.15079879760742
0,0.9,mondrian,2025-04-27 08:59:00,baseline,59.61290323,83.05873449882813,72.81843566894531
0,0.9,mondrian,2025-04-27 10:25:00,baseline,80.83870968,96.24750860771485,86.00720977783203
0,0.9,mondrian,2025-04-27 11:50:00,baseline,81.74193548,96.63622625908204,86.39592742919922
0,0.9,mondrian,2025-04-27 13:16:00,baseline,86.70967742,97.08978613457032,86.8494873046875
0,0.9,mondrian,2025-04-27 14:42:00,baseline,87.61290323,97.87047918876954,87.63018035888672
0,0.9,mondrian,2025-04-27 16:07:00,baseline,87.61290323,94.68969305595704,84.44939422607422
0,0.9,mondrian,2025-04-27 17:33:00,baseline,105.6774194,97.68092688164063,87.44062805175781
0,0.9,mondrian,2025-04-27 18:58:00,baseline,106.1290323,108.57559546074219,98.33529663085938
0,0.9,mondrian,2025-04-27 20:24:00,baseline,106.1290323,116.24503668388672,106.0047378540039
0,0.9,mondrian,2025-04-27 21:50:00,baseline,106.1290323,108.64016302666016,98.39986419677734
0,0.9,mondrian,2025-04-27 23:15:00,baseline,104.3225806,115.78808935722657,105.54779052734375
0,0.9,mondrian,2025-04-28 00:41:00,baseline,88.96774194,109.47001226982422,99.2297134399414
0,0.9,mondrian,2025-04-28 02:06:00,baseline,88.51612903,100.83103521904297,90.59073638916016
0,0.9,mondrian,2025-04-28 03:32:00,baseline,87.61290323,93.11867865166016,82.87837982177734
0,0.9,mondrian,2025-04-28 04:58:00,baseline,57.80645161,80.56212957939454,70.32183074951172
0,0.9,mondrian,2025-04-28 06:23:00,baseline,58.25806452,70.59550818046876,60.35520935058594
0,0.9,mondrian,2025-04-28 07:49:00,baseline,79.93548387,88.86332281669922,78.6230239868164
0,0.9,mondrian,2025-04-28 09:15:00,baseline,81.74193548,99.28728827080079,89.04698944091797
0,0.9,mondrian,2025-04-28 10:40:00,baseline,81.74193548,98.21536596855469,87.97506713867188
0,0.9,mondrian,2025-04-28 12:06:00,baseline,87.16129032,94.41855963310547,84.17826080322266
0,0.9,mondrian,2025-04-28 13:31:00,baseline,87.61290323,97.25694616875,87.01664733886719
0,0.9,mondrian,2025-04-28 14:57:00,baseline,87.61290323,93.12630804619141,82.8860092163086
0,0.9,mondrian,2025-04-28 16:23:00,baseline,107.483871,95.59545477470704,85.35515594482422
0,0.9,mondrian,2025-04-28 17:48:00,baseline,108.3870968,111.31699713310547,101.07669830322266
0,0.9,mondrian,2025-04-28 19:14:00,baseline,108.3870968,119.81182440361329,109.57152557373047
0,0.9,mondrian,2025-04-28 20:39:00,baseline,108.3870968,113.03999670585938,102.79969787597656
0,0.9,mondrian,2025-04-28 22:05:00,baseline,107.9354839,119.65571173271485,109.41541290283203
0,0.9,mondrian,2025-04-28 23:31:00,baseline,87.61290323,116.37778814873047,106.13748931884766
0,0.9,mondrian,2025-04-29 00:56:00,baseline,60.06451613,89.52129705986329,79.28099822998047
0,0.9,mondrian,2025-04-29 02:22:00,baseline,61.87096774,76.07483252128907,65.83453369140625
0,0.9,mondrian,2025-04-29 03:48:00,baseline,61.87096774,89.37114294609376,79.13084411621094
0,0.9,mondrian,2025-04-29 05:13:00,baseline,82.19354839,91.36770971855469,81.12741088867188
0,0.9,mondrian,2025-04-29 06:39:00,baseline,83.09677419,93.85043676933594,83.61013793945312
0,0.9,mondrian,2025-04-29 08:04:00,baseline,87.16129032,97.52238043388672,87.2820816040039
0,0.9,mondrian,2025-04-29 09:30:00,baseline,87.16129032,99.00430639824219,88.76400756835938
0,0.9,mondrian,2025-04-29 10:56:00,baseline,87.16129032,91.36544378837891,81.1251449584961
0,0.9,mondrian,2025-04-29 12:21:00,baseline,107.9354839,94.77920111259766,84.53890228271484
0,0.9,mondrian,2025-04-29 13:47:00,baseline,108.3870968,115.40172918876954,105.16143035888672
0,0.9,mondrian,2025-04-29 15:12:00,baseline,108.3870968,117.96181830009766,107.72151947021484
0,0.9,mondrian,2025-04-29 16:38:00,baseline,108.3870968,114.26983984550782,104.029541015625
0,0.9,mondrian,2025-04-29 18:04:00,baseline,107.9354839,114.39154394707032,104.1512451171875
0,0.9,mondrian,2025-04-29 19:29:00,baseline,98.4516129,116.54262884697266,106.30233001708984
0,0.9,mondrian,2025-04-29 20:55:00,baseline,97.5483871,107.16247900566407,96.92218017578125
0,0.9,mondrian,2025-04-29 22:20:00,baseline,97.09677419,105.60870703300782,95.368408203125
0,0.9,mondrian,2025-04-29 23:46:00,baseline,65.48387097,104.06388434013672,93.8235855102539
0,0.9,mondrian,2025-04-30 01:12:00,baseline,65.93548387,85.48059424003907,75.24029541015625
0,0.9,mondrian,2025-04-30 02:37:00,baseline,88.96774194,92.62205084404297,82.38175201416016
0,0.9,mondrian,2025-04-30 04:03:00,baseline,89.41935484,104.04600866875,93.80570983886719
0,0.9,mondrian,2025-04-30 05:29:00,baseline,91.22580645,102.70637854179688,92.46607971191406
0,0.9,mondrian,2025-04-30 06:54:00,baseline,92.58064516,89.75482519707032,79.5145263671875
0,0.9,mondrian,2025-04-30 08:20:00,baseline,92.58064516,98.6684680803711,88.42816925048828
0,0.9,mondrian,2025-04-30 09:45:00,baseline,92.58064516,100.10885199150391,89.8685531616211
0,0.9,mondrian,2025-04-30 11:11:00,baseline,112.9032258,111.37649115166016,101.13619232177734
0,0.9,mondrian,2025-04-30 12:37:00,baseline,112.4516129,120.80453833183594,110.56423950195312
0,0.9,mondrian,2025-04-30 14:02:00,baseline,112.0,124.68228491386719,114.44198608398438
0,0.9,mondrian,2025-04-30 15:28:00,baseline,111.0967742,109.83611639580079,99.59581756591797
0,0.9,mondrian,2025-04-30 16:53:00,baseline,91.67741935,112.39030035576172,102.1500015258789
0,0.9,mondrian,2025-04-30 18:19:00,baseline,89.41935484,101.21137579521485,90.97107696533203
0,0.9,mondrian,2025-04-30 19:45:00,baseline,63.22580645,97.33394964775391,87.0936508178711
0,0.9,aci,2025-04-26 23:00:00,baseline,112.0,116.1490360125,105.90873718261719
0,0.9,aci,2025-04-27 00:25:00,baseline,112.0,119.4732500928711,110.61578369140625
0,0.9,aci,2025-04-27 01:51:00,baseline,111.5483871,113.89186734140625,105.0344009399414
0,0.9,aci,2025-04-27 03:17:00,baseline,111.0967742,110.08213708160156,101.60404968261719
0,0.9,aci,2025-04-27 04:42:00,baseline,92.12903226,116.21885727148438,104.26982879638672
0,0.9,aci,2025-04-27 06:08:00,baseline,58.70967742,92.17829576044922,80.53764343261719
0,0.9,aci,2025-04-27 07:33:00,baseline,59.61290323,70.75306640165039,60.15079879760742
0,0.9,aci,2025-04-27 08:59:00,baseline,59.61290323,83.42070327298828,72.81843566894531
0,0.9,aci,2025-04-27 10:25:00,baseline,80.83870968,96.24750860771485,86.00720977783203
0,0.9,aci,2025-04-27 11:50:00,baseline,81.74193548,95.88865194658203,86.39592742919922
0,0.9,aci,2025-04-27 13:16:00,baseline,86.70967742,96.34221182207031,86.8494873046875
0,0.9,aci,2025-04-27 14:42:00,baseline,87.61290323,96.48764676035157,87.63018035888672
0,0.9,aci,2025-04-27 16:07:00,baseline,87.61290323,92.92748162505859,84.44939422607422
0,0.9,aci,2025-04-27 17:33:00,baseline,105.6774194,95.91871545074218,87.44062805175781
0,0.9,aci,2025-04-27 18:58:00,baseline,106.1290323,110.28432510595704,98.33529663085938
0,0.9,aci,2025-04-27 20:24:00,baseline,106.1290323,117.64539018183594,106.0047378540039
0,0.9,aci,2025-04-27 21:50:00,baseline,106.1290323,110.04051652460937,98.39986419677734
0,0.9,aci,2025-04-27 23:15:00,baseline,104.3225806,116.15005813138671,105.54779052734375
0,0.9,aci,2025-04-28 00:41:00,baseline,88.96774194,109.47001226982422,99.2297134399414
0,0.9,aci,2025-04-28 02:06:00,baseline,88.51612903,100.83103521904297,90.59073638916016
0,0.9,aci,2025-04-28 03:32:00,baseline,87.61290323,92.37110433916015,82.87837982177734
0,0.9,aci,2025-04-28 04:58:00,baseline,57.80645161,79.17929715097657,70.32183074951172
0,0.9,aci,2025-04-28 06:23:00,baseline,58.25806452,68.83329674957031,60.35520935058594
0,0.9,aci,2025-04-28 07:49:00,baseline,79.93548387,87.10111138580078,78.6230239868164
0,0.9,aci,2025-04-28 09:15:00,baseline,81.74193548,97.15268388300781,89.04698944091797
0,0.9,aci,2025-04-28 10:40:00,baseline,81.74193548,95.7688028078125,87.97506713867188
0,0.9,aci,2025-04-28 12:06:00,baseline,87.16129032,91.90742890644532,84.17826080322266
0,0.9,aci,2025-04-28 13:31:00,baseline,87.61290323,94.46952597841796,87.01664733886719
0,0.9,aci,2025-04-28 14:57:00,baseline,87.61290323,90.33888785585937,82.8860092163086
0,0.9,aci,2025-04-28 16:23:00,baseline,107.483871,92.20864059228515,85.35515594482422
0,0.9,aci,2025-04-28 17:48:00,baseline,108.3870968,110.56942282060547,101.07669830322266
0,0.9,aci,2025-04-28 19:14:00,baseline,108.3870968,118.42899197519532,109.57152557373047
0,0.9,aci,2025-04-28 20:39:00,baseline,108.3870968,111.27778527496093,102.79969787597656
0,0.9,aci,2025-04-28 22:05:00,baseline,107.9354839,117.52110734492187,109.41541290283203
0,0.9,aci,2025-04-28 23:31:00,baseline,87.61290323,114.2431837609375,106.13748931884766
0,0.9,aci,2025-04-29 00:56:00,baseline,60.06451613,87.0747338991211,79.28099822998047
0,0.9,aci,2025-04-29 02:22:00,baseline,61.87096774,73.56370179462891,65.83453369140625
0,0.9,aci,2025-04-29 03:48:00,baseline,61.87096774,86.58372275576171,79.13084411621094
0,0.9,aci,2025-04-29 05:13:00,baseline,82.19354839,88.43780938544921,81.12741088867188
0,0.9,aci,2025-04-29 06:39:00,baseline,83.09677419,90.46362258691406,83.61013793945312
0,0.9,aci,2025-04-29 08:04:00,baseline,87.16129032,94.12736317246093,87.2820816040039
0,0.9,aci,2025-04-29 09:30:00,baseline,87.16129032,95.6092891368164,88.76400756835938
0,0.9,aci,2025-04-29 10:56:00,baseline,87.16129032,87.79799874082032,81.1251449584961
0,0.9,aci,2025-04-29 12:21:00,baseline,107.9354839,91.17147656162109,84.53890228271484
0,0.9,aci,2025-04-29 13:47:00,baseline,108.3870968,112.95516602802735,105.16143035888672
0,0.9,aci,2025-04-29 15:12:00,baseline,108.3870968,115.4506875734375,107.72151947021484
0,0.9,aci,2025-04-29 16:38:00,baseline,108.3870968,111.75870911884766,104.029541015625
0,0.9,aci,2025-04-29 18:04:00,baseline,107.9354839,111.60412375673828,104.1512451171875
0,0.9,aci,2025-04-29 19:29:00,baseline,98.4516129,113.61272851386718,106.30233001708984
0,0.9,aci,2025-04-29 20:55:00,baseline,97.5483871,103.77566482324218,96.92218017578125
0,0.9,aci,2025-04-29 22:20:00,baseline,97.09677419,102.21368977158203,95.368408203125
0,0.9,aci,2025-04-29 23:46:00,baseline,65.48387097,100.49643929257813,93.8235855102539
0,0.9,aci,2025-04-30 01:12:00,baseline,65.93548387,81.8728696890625,75.24029541015625
0,0.9,aci,2025-04-30 02:37:00,baseline,88.96774194,88.89573817421875,82.38175201416016
0,0.9,aci,2025-04-30 04:03:00,baseline,89.41935484,101.53487794208985,93.80570983886719
0,0.9,aci,2025-04-30 05:29:00,baseline,91.22580645,99.91895835146484,92.46607971191406
0,0.9,aci,2025-04-30 06:54:00,baseline,92.58064516,86.82492486396484,79.5145263671875
0,0.9,aci,2025-04-30 08:20:00,baseline,92.58064516,99.03043685453125,88.42816925048828
0,0.9,aci,2025-04-30 09:45:00,baseline,92.58064516,100.10885199150391,89.8685531616211
0,0.9,aci,2025-04-30 11:11:00,baseline,112.9032258,110.62891683916015,101.13619232177734
0,0.9,aci,2025-04-30 12:37:00,baseline,112.4516129,128.80103085019533,110.56423950195312
0,0.9,aci,2025-04-30 14:02:00,baseline,112.0,129.32164866396485,114.44198608398438
0,0.9,aci,2025-04-30 15:28:00,baseline,111.0967742,112.66193635873047,99.59581756591797
0,0.9,aci,2025-04-30 16:53:00,baseline,91.67741935,114.09903000097657,102.1500015258789
0,0.9,aci,2025-04-30 18:19:00,baseline,89.41935484,102.9201054404297,90.97107696533203
0,0.9,aci,2025-04-30 19:45:00,baseline,63.22580645,98.86068429609375,87.0936508178711
0,0.95,marginal,2025-04-26 23:00:00,baseline,112.0,124.36432094249024,105.90873718261719
0,0.95,marginal,2025-04-27 00:25:00,baseline,112.0,129.0713674512793,110.61578369140625
0,0.95,marginal,2025-04-27 01:51:00,baseline,111.5483871,123.48998469981446,105.0344009399414
0,0.95,marginal,2025-04-27 03:17:00,baseline,111.0967742,120.05963344249024,101.60404968261719
0,0.95,marginal,2025-04-27 04:42:00,baseline,92.12903226,122.72541255625977,104.26982879638672
0,0.95,marginal,2025-04-27 06:08:00,baseline,58.70967742,98.99322719249024,80.53764343261719
0,0.95,marginal,2025-04-27 07:33:00,baseline,59.61290323,78.60638255748047,60.15079879760742
0,0.95,marginal,2025-04-27 08:59:00,baseline,59.61290323,91.27401942881836,72.81843566894531
0,0.95,marginal,2025-04-27 10:25:00,baseline,80.83870968,104.46279353770508,86.00720977783203
0,0.95,marginal,2025-04-27 11:50:00,baseline,81.74193548,104.85151118907227,86.39592742919922
0,0.95,marginal,2025-04-27 13:16:00,baseline,86.70967742,105.30507106456055,86.8494873046875
0,0.95,marginal,2025-04-27 14:42:00,baseline,87.61290323,106.08576411875977,87.63018035888672
0,0.95,marginal,2025-04-27 16:07:00,baseline,87.61290323,102.90497798594727,84.44939422607422
0,0.95,marginal,2025-04-27 17:33:00,baseline,105.6774194,105.89621181163086,87.44062805175781
0,0.95,marginal,2025-04-27 18:58:00,baseline,106.1290323,116.79088039073243,98.33529663085938
0,0.95,marginal,2025-04-27 20:24:00,baseline,106.1290323,124.46032161387696,106.0047378540039
0,0.95,marginal,2025-04-27 21:50:00,baseline,106.1290323,116.8554479566504,98.39986419677734
0,0.95,marginal,2025-04-27 23:15:00,baseline,104.3225806,124.0033742872168,105.54779052734375
0,0.95,marginal,2025-04-28 00:41:00,baseline,88.96774194,117.68529719981446,99.2297134399414
0,0.95,marginal,2025-04-28 02:06:00,baseline,88.51612903,109.0463201490332,90.59073638916016
0,0.95,marginal,2025-04-28 03:32:00,baseline,87.61290323,101.3339635816504,82.87837982177734
0,0.95,marginal,2025-04-28 04:58:00,baseline,57.80645161,88.77741450938477,70.32183074951172
0,0.95,marginal,2025-04-28 06:23:00,baseline,58.25806452,78.81079311045899,60.35520935058594
0,0.95,marginal,2025-04-28 07:49:00,baseline,79.93548387,97.07860774668946,78.6230239868164
0,0.95,marginal,2025-04-28 09:15:00,baseline,81.74193548,107.50257320079102,89.04698944091797
0,0.95,marginal,2025-04-28 10:40:00,baseline,81.74193548,106.43065089854493,87.97506713867188
0,0.95,marginal,2025-04-28 12:06:00,baseline,87.16129032,102.6338445630957,84.17826080322266
0,0.95,marginal,2025-04-28 13:31:00,baseline,87.61290323,105.47223109874024,87.01664733886719
0,0.95,marginal,2025-04-28 14:57:00,baseline,87.61290323,101.34159297618164,82.8860092163086
0,0.95,marginal,2025-04-28 16:23:00,baseline,107.483871,103.81073970469727,85.35515594482422
0,0.95,marginal,2025-04-28 17:48:00,baseline,108.3870968,119.5322820630957,101.07669830322266
0,0.95,marginal,2025-04-28 19:14:00,baseline,108.3870968,128.0271093336035,109.57152557373047
0,0.95,marginal,2025-04-28 20:39:00,baseline,108.3870968,121.25528163584961,102.79969787597656
0,0.95,marginal,2025-04-28 22:05:00,baseline,107.9354839,127.87099666270508,109.41541290283203
0,0.95,marginal,2025-04-28 23:31:00,baseline,87.61290323,124.5930730787207,106.13748931884766
0,0.95,marginal,2025-04-29 00:56:00,baseline,60.06451613,97.73658198985352,79.28099822998047
0,0.95,marginal,2025-04-29 02:22:00,baseline,61.87096774,84.2901174512793,65.83453369140625
0,0.95,marginal,2025-04-29 03:48:00,baseline,61.87096774,97.58642787608399,79.13084411621094
0,0.95,marginal,2025-04-29 05:13:00,baseline,82.19354839,99.58299464854493,81.12741088867188
0,0.95,marginal,2025-04-29 06:39:00,baseline,83.09677419,102.06572169932618,83.61013793945312
0,0.95,marginal,2025-04-29 08:04:00,baseline,87.16129032,105.73766536387696,87.2820816040039
0,0.95,marginal,2025-04-29 09:30:00,baseline,87.16129032,107.21959132823243,88.76400756835938
0,0.95,marginal,2025-04-29 10:56:00,baseline,87.16129032,99.58072871836914,81.1251449584961
0,0.95,marginal,2025-04-29 12:21:00,baseline,107.9354839,102.9944860425879,84.53890228271484
0,0.95,marginal,2025-04-29 13:47:00,baseline,108.3870968,123.61701411875977,105.16143035888672
0,0.95,marginal,2025-04-29 15:12:00,baseline,108.3870968,126.1771032300879,107.72151947021484
0,0.95,marginal,2025-04-29 16:38:00,baseline,108.3870968,122.48512477549805,104.029541015625
0,0.95,marginal,2025-04-29 18:04:00,baseline,107.9354839,122.60682887706055,104.1512451171875
0,0.95,marginal,2025-04-29 19:29:00,baseline,98.4516129,124.7579137769629,106.30233001708984
0,0.95,marginal,2025-04-29 20:55:00,baseline,97.5483871,115.3777639356543,96.92218017578125
0,0.95,marginal,2025-04-29 22:20:00,baseline,97.09677419,113.82399196299805,95.368408203125
0,0.95,marginal,2025-04-29 23:46:00,baseline,65.48387097,112.27916927012696,93.8235855102539
0,0.95,marginal,2025-04-30 01:12:00,baseline,65.93548387,93.6958791700293,75.24029541015625
0,0.95,marginal,2025-04-30 02:37:00,baseline,88.96774194,100.8373357740332,82.38175201416016
0,0.95,marginal,2025-04-30 04:03:00,baseline,89.41935484,112.26129359874024,93.80570983886719
0,0.95,marginal,2025-04-30 05:29:00,baseline,91.22580645,110.92166347178711,92.46607971191406
0,0.95,marginal,2025-04-30 06:54:00,baseline,92.58064516,97.97011012706055,79.5145263671875
0,0.95,marginal,2025-04-30 08:20:00,baseline,92.58064516,106.88375301036133,88.42816925048828
0,0.95,marginal,2025-04-30 09:45:00,baseline,92.58064516,108.32413692149414,89.8685531616211
0,0.95,marginal,2025-04-30 11:11:00,baseline,112.9032258,119.5917760816504,101.13619232177734
0,0.95,marginal,2025-04-30 12:37:00,baseline,112.4516129,129.01982326182616,110.56423950195312
0,0.95,marginal,2025-04-30 14:02:00,baseline,112.0,132.8975698438574,114.44198608398438
0,0.95,marginal,2025-04-30 15:28:00,baseline,111.0967742,118.05140132579102,99.59581756591797
0,0.95,marginal,2025-04-30 16:53:00,baseline,91.67741935,120.60558528575196,102.1500015258789
0,0.95,marginal,2025-04-30 18:19:00,baseline,89.41935484,109.42666072520508,90.97107696533203
0,0.95,marginal,2025-04-30 19:45:00,baseline,63.22580645,105.54923457774414,87.0936508178711
0,0.95,adaptive,2025-04-26 23:00:00,baseline,112.0,112.05111239013347,105.90873718261719
0,0.95,adaptive,2025-04-27 00:25:00,baseline,112.0,116.56863511888028,110.61578369140625
0,0.95,adaptive,2025-04-27 01:51:00,baseline,111.5483871,116.75822341019325,105.0344009399414
0,0.95,adaptive,2025-04-27 03:17:00,baseline,111.0967742,114.9561028989427,101.60404968261719
0,0.95,adaptive,2025-04-27 04:42:00,baseline,92.12903226,115.03958842072757,104.26982879638672
0,0.95,adaptive,2025-04-27 06:08:00,baseline,58.70967742,102.80854219488054,80.53764343261719
0,0.95,adaptive,2025-04-27 07:33:00,baseline,59.61290323,97.28676527322409,60.15079879760742
0,0.95,adaptive,2025-04-27 08:59:00,baseline,59.61290323,113.81743637428819,72.81843566894531
0,0.95,adaptive,2025-04-27 10:25:00,baseline,80.83870968,95.35699856591084,86.00720977783203
0,0.95,adaptive,2025-04-27 11:50:00,baseline,81.74193548,95.59454744219043,86.39592742919922
0,0.95,adaptive,2025-04-27 13:16:00,baseline,86.70967742,94.40372841053312,86.8494873046875
0,0.95,adaptive,2025-04-27 14:42:00,baseline,87.61290323,95.66858507810947,87.63018035888672
0,0.95,adaptive,2025-04-27 16:07:00,baseline,87.61290323,95.77559097585748,84.44939422607422
0,0.95,adaptive,2025-04-27 17:33:00,baseline,105.6774194,101.42524525263957,87.44062805175781
0,0.95,adaptive,2025-04-27 18:58:00,baseline,106.1290323,102.16374279047311,98.33529663085938
0,0.95,adaptive,2025-04-27 20:24:00,baseline,106.1290323,113.12489756247436,106.0047378540039
0,0.95,adaptive,2025-04-27 21:50:00,baseline,106.1290323,108.32870368011908,98.39986419677734
0,0.95,adaptive,2025-04-27 23:15:00,baseline,104.3225806,117.50275549920636,105.54779052734375
0,0.95,adaptive,2025-04-28 00:41:00,baseline,88.96774194,112.03783831615611,99.2297134399414
0,0.95,adaptive,2025-04-28 02:06:00,baseline,88.51612903,101.55668958315866,90.59073638916016
0,0.95,adaptive,2025-04-28 03:32:00,baseline,87.61290323,101.14823829348595,82.87837982177734
0,0.95,adaptive,2025-04-28 04:58:00,baseline,57.80645161,99.49084257854648,70.32183074951172
0,0.95,adaptive,2025-04-28 06:23:00,baseline,58.25806452,109.85260179352998,60.35520935058594
0,0.95,adaptive,2025-04-28 07:49:00,baseline,79.93548387,91.46312290653646,78.6230239868164
0,0.95,adaptive,2025-04-28 09:15:00,baseline,81.74193548,97.91647805406093,89.04698944091797
0,0.95,adaptive,2025-04-28 10:40:00,baseline,81.74193548,96.65698005865869,87.97506713867188
0,0.95,adaptive,2025-04-28 12:06:00,baseline,87.16129032,112.03370921336175,84.17826080322266
0,0.95,adaptive,2025-04-28 13:31:00,baseline,87.61290323,97.43712269869403,87.01664733886719
0,0.95,adaptive,2025-04-28 14:57:00,baseline,87.61290323,92.7788576338177,82.8860092163086
0,0.95,adaptive,2025-04-28 16:23:00,baseline,107.483871,100.4107255714612,85.35515594482422
0,0.95,adaptive,2025-04-28 17:48:00,baseline,108.3870968,111.467253346272,101.07669830322266
0,0.95,adaptive,2025-04-28 19:14:00,baseline,108.3870968,110.95914021449113,109.57152557373047
0,0.95,adaptive,2025-04-28 20:39:00,baseline,108.3870968,113.63308439720532,102.79969787597656
0,0.95,adaptive,2025-04-28 22:05:00,baseline,107.9354839,117.85883385560466,109.41541290283203
0,0.95,adaptive,2025-04-28 23:31:00,baseline,87.61290323,113.82214886428686,106.13748931884766
0,0.95,adaptive,2025-04-29 00:56:00,baseline,60.06451613,104.56982178861784,79.28099822998047
0,0.95,adaptive,2025-04-29 02:22:00,baseline,61.87096774,109.06159069152996,65.83453369140625
0,0.95,adaptive,2025-04-29 03:48:00,baseline,61.87096774,92.72757699459389,79.13084411621094
0,0.95,adaptive,2025-04-29 05:13:00,baseline,82.19354839,86.92167705836962,81.12741088867188
0,0.95,adaptive,2025-04-29 06:39:00,baseline,83.09677419,88.78685122911567,83.61013793945312
0,0.95,adaptive,2025-04-29 08:04:00,baseline,87.16129032,94.96809742488601,87.2820816040039
0,0.95,adaptive,2025-04-29 09:30:00,baseline,87.16129032,95.00295069972722,88.76400756835938
0,0.95,adaptive,2025-04-29 10:56:00,baseline,87.16129032,89.83228835140281,81.1251449584961
0,0.95,adaptive,2025-04-29 12:21:00,baseline,107.9354839,98.42704394674608,84.53890228271484
0,0.95,adaptive,2025-04-29 13:47:00,baseline,108.3870968,109.4665786006602,105.16143035888672
0,0.95,adaptive,2025-04-29 15:12:00,baseline,108.3870968,111.8595796024341,107.72151947021484
0,0.95,adaptive,2025-04-29 16:38:00,baseline,108.3870968,110.5441401285274,104.029541015625
0,0.95,adaptive,2025-04-29 18:04:00,baseline,107.9354839,115.6323739377329,104.1512451171875
0,0.95,adaptive,2025-04-29 19:29:00,baseline,98.4516129,111.71358857615286,106.30233001708984
0,0.95,adaptive,2025-04-29 20:55:00,baseline,97.5483871,115.50440369533766,96.92218017578125
0,0.95,adaptive,2025-04-29 22:20:00,baseline,97.09677419,104.06356975231745,95.368408203125
0,0.95,adaptive,2025-04-29 23:46:00,baseline,65.48387097,103.46335950523815,93.8235855102539
0,0.95,adaptive,2025-04-30 01:12:00,baseline,65.93548387,98.55509907421472,75.24029541015625
0,0.95,adaptive,2025-04-30 02:37:00,baseline,88.96774194,109.729501586864,82.38175201416016
0,0.95,adaptive,2025-04-30 04:03:00,baseline,89.41935484,100.61658886451214,93.80570983886719
0,0.95,adaptive,2025-04-30 05:29:00,baseline,91.22580645,95.44495832709242,92.46607971191406
0,0.95,adaptive,2025-04-30 06:54:00,baseline,92.58064516,93.50205473842234,79.5145263671875
0,0.95,adaptive,2025-04-30 08:20:00,baseline,92.58064516,102.32734212501778,88.42816925048828
0,0.95,adaptive,2025-04-30 09:45:00,baseline,92.58064516,102.07180552834936,89.8685531616211
0,0.95,adaptive,2025-04-30 11:11:00,baseline,112.9032258,110.74272826302371,101.13619232177734
0,0.95,adaptive,2025-04-30 12:37:00,baseline,112.4516129,112.49509768601179,110.56423950195312
0,0.95,adaptive,2025-04-30 14:02:00,baseline,112.0,115.82960072474503,114.44198608398438
0,0.95,adaptive,2025-04-30 15:28:00,baseline,111.0967742,107.16075804522106,99.59581756591797
0,0.95,adaptive,2025-04-30 16:53:00,baseline,91.67741935,109.17439768051017,102.1500015258789
0,0.95,adaptive,2025-04-30 18:19:00,baseline,89.41935484,104.0771065524288,90.97107696533203
0,0.95,adaptive,2025-04-30 19:45:00,baseline,63.22580645,98.8695600222195,87.0936508178711
0,0.95,mondrian,2025-04-26 23:00:00,baseline,112.0,124.36432094249024,105.90873718261719
0,0.95,mondrian,2025-04-27 00:25:00,baseline,112.0,129.0713674512793,110.61578369140625
0,0.95,mondrian,2025-04-27 01:51:00,baseline,111.5483871,123.48998469981446,105.0344009399414
0,0.95,mondrian,2025-04-27 03:17:00,baseline,111.0967742,120.05963344249024,101.60404968261719
0,0.95,mondrian,2025-04-27 04:42:00,baseline,92.12903226,122.72541255625977,104.26982879638672
0,0.95,mondrian,2025-04-27 06:08:00,baseline,58.70967742,98.99322719249024,80.53764343261719
0,0.95,mondrian,2025-04-27 07:33:00,baseline,59.61290323,78.60638255748047,60.15079879760742
0,0.95,mondrian,2025-04-27 08:59:00,baseline,59.61290323,91.27401942881836,72.81843566894531
0,0.95,mondrian,2025-04-27 10:25:00,baseline,80.83870968,104.46279353770508,86.00720977783203
0,0.95,mondrian,2025-04-27 11:50:00,baseline,81.74193548,104.85151118907227,86.39592742919922
0,0.95,mondrian,2025-04-27 13:16:00,baseline,86.70967742,105.30507106456055,86.8494873046875
0,0.95,mondrian,2025-04-27 14:42:00,baseline,87.61290323,106.08576411875977,87.63018035888672
0,0.95,mondrian,2025-04-27 16:07:00,baseline,87.61290323,102.90497798594727,84.44939422607422
0,0.95,mondrian,2025-04-27 17:33:00,baseline,105.6774194,105.89621181163086,87.44062805175781
0,0.95,mondrian,2025-04-27 18:58:00,baseline,106.1290323,116.79088039073243,98.33529663085938
0,0.95,mondrian,2025-04-27 20:24:00,baseline,106.1290323,124.46032161387696,106.0047378540039
0,0.95,mondrian,2025-04-27 21:50:00,baseline,106.1290323,116.8554479566504,98.39986419677734
0,0.95,mondrian,2025-04-27 23:15:00,baseline,104.3225806,124.0033742872168,105.54779052734375
0,0.95,mondrian,2025-04-28 00:41:00,baseline,88.96774194,117.68529719981446,99.2297134399414
0,0.95,mondrian,2025-04-28 02:06:00,baseline,88.51612903,109.0463201490332,90.59073638916016
0,0.95,mondrian,2025-04-28 03:32:00,baseline,87.61290323,101.3339635816504,82.87837982177734
0,0.95,mondrian,2025-04-28 04:58:00,baseline,57.80645161,88.77741450938477,70.32183074951172
0,0.95,mondrian,2025-04-28 06:23:00,baseline,58.25806452,78.81079311045899,60.35520935058594
0,0.95,mondrian,2025-04-28 07:49:00,baseline,79.93548387,97.07860774668946,78.6230239868164
0,0.95,mondrian,2025-04-28 09:15:00,baseline,81.74193548,107.50257320079102,89.04698944091797
0,0.95,mondrian,2025-04-28 10:40:00,baseline,81.74193548,106.43065089854493,87.97506713867188
0,0.95,mondrian,2025-04-28 12:06:00,baseline,87.16129032,102.6338445630957,84.17826080322266
0,0.95,mondrian,2025-04-28 13:31:00,baseline,87.61290323,105.47223109874024,87.01664733886719
0,0.95,mondrian,2025-04-28 14:57:00,baseline,87.61290323,101.34159297618164,82.8860092163086
0,0.95,mondrian,2025-04-28 16:23:00,baseline,107.483871,103.81073970469727,85.35515594482422
0,0.95,mondrian,2025-04-28 17:48:00,baseline,108.3870968,119.5322820630957,101.07669830322266
0,0.95,mondrian,2025-04-28 19:14:00,baseline,108.3870968,128.0271093336035,109.57152557373047
0,0.95,mondrian,2025-04-28 20:39:00,baseline,108.3870968,121.25528163584961,102.79969787597656
0,0.95,mondrian,2025-04-28 22:05:00,baseline,107.9354839,127.87099666270508,109.41541290283203
0,0.95,mondrian,2025-04-28 23:31:00,baseline,87.61290323,124.5930730787207,106.13748931884766
0,0.95,mondrian,2025-04-29 00:56:00,baseline,60.06451613,97.73658198985352,79.28099822998047
0,0.95,mondrian,2025-04-29 02:22:00,baseline,61.87096774,84.2901174512793,65.83453369140625
0,0.95,mondrian,2025-04-29 03:48:00,baseline,61.87096774,97.58642787608399,79.13084411621094
0,0.95,mondrian,2025-04-29 05:13:00,baseline,82.19354839,99.58299464854493,81.12741088867188
0,0.95,mondrian,2025-04-29 06:39:00,baseline,83.09677419,102.06572169932618,83.61013793945312
0,0.95,mondrian,2025-04-29 08:04:00,baseline,87.16129032,105.73766536387696,87.2820816040039
0,0.95,mondrian,2025-04-29 09:30:00,baseline,87.16129032,107.21959132823243,88.76400756835938
0,0.95,mondrian,2025-04-29 10:56:00,baseline,87.16129032,99.58072871836914,81.1251449584961
0,0.95,mondrian,2025-04-29 12:21:00,baseline,107.9354839,102.9944860425879,84.53890228271484
0,0.95,mondrian,2025-04-29 13:47:00,baseline,108.3870968,123.61701411875977,105.16143035888672
0,0.95,mondrian,2025-04-29 15:12:00,baseline,108.3870968,126.1771032300879,107.72151947021484
0,0.95,mondrian,2025-04-29 16:38:00,baseline,108.3870968,122.48512477549805,104.029541015625
0,0.95,mondrian,2025-04-29 18:04:00,baseline,107.9354839,122.60682887706055,104.1512451171875
0,0.95,mondrian,2025-04-29 19:29:00,baseline,98.4516129,124.7579137769629,106.30233001708984
0,0.95,mondrian,2025-04-29 20:55:00,baseline,97.5483871,115.3777639356543,96.92218017578125
0,0.95,mondrian,2025-04-29 22:20:00,baseline,97.09677419,113.82399196299805,95.368408203125
0,0.95,mondrian,2025-04-29 23:46:00,baseline,65.48387097,112.27916927012696,93.8235855102539
0,0.95,mondrian,2025-04-30 01:12:00,baseline,65.93548387,93.6958791700293,75.24029541015625
0,0.95,mondrian,2025-04-30 02:37:00,baseline,88.96774194,100.8373357740332,82.38175201416016
0,0.95,mondrian,2025-04-30 04:03:00,baseline,89.41935484,112.26129359874024,93.80570983886719
0,0.95,mondrian,2025-04-30 05:29:00,baseline,91.22580645,110.92166347178711,92.46607971191406
0,0.95,mondrian,2025-04-30 06:54:00,baseline,92.58064516,97.97011012706055,79.5145263671875
0,0.95,mondrian,2025-04-30 08:20:00,baseline,92.58064516,106.88375301036133,88.42816925048828
0,0.95,mondrian,2025-04-30 09:45:00,baseline,92.58064516,108.32413692149414,89.8685531616211
0,0.95,mondrian,2025-04-30 11:11:00,baseline,112.9032258,119.5917760816504,101.13619232177734
0,0.95,mondrian,2025-04-30 12:37:00,baseline,112.4516129,129.01982326182616,110.56423950195312
0,0.95,mondrian,2025-04-30 14:02:00,baseline,112.0,132.8975698438574,114.44198608398438
0,0.95,mondrian,2025-04-30 15:28:00,baseline,111.0967742,118.05140132579102,99.59581756591797
0,0.95,mondrian,2025-04-30 16:53:00,baseline,91.67741935,120.60558528575196,102.1500015258789
0,0.95,mondrian,2025-04-30 18:19:00,baseline,89.41935484,109.42666072520508,90.97107696533203
0,0.95,mondrian,2025-04-30 19:45:00,baseline,63.22580645,105.54923457774414,87.0936508178711
0,0.95,aci,2025-04-26 23:00:00,baseline,112.0,124.36432094249024,105.90873718261719
0,0.95,aci,2025-04-27 00:25:00,baseline,112.0,129.0713674512793,110.61578369140625
0,0.95,aci,2025-04-27 01:51:00,baseline,111.5483871,123.48998469981446,105.0344009399414
0,0.95,aci,2025-04-27 03:17:00,baseline,111.0967742,116.48371226259766,101.60404968261719
0,0.95,aci,2025-04-27 04:42:00,baseline,92.12903226,119.1494913763672,104.26982879638672
0,0.95,aci,2025-04-27 06:08:00,baseline,58.70967742,92.48667190771485,80.53764343261719
0,0.95,aci,2025-04-27 07:33:00,baseline,59.61290323,72.09982727270508,60.15079879760742
0,0.95,aci,2025-04-27 08:59:00,baseline,59.61290323,84.76746414404298,72.81843566894531
0,0.95,aci,2025-04-27 10:25:00,baseline,80.83870968,97.64786210566406,86.00720977783203
0,0.95,aci,2025-04-27 11:50:00,baseline,81.74193548,98.03657975703125,86.39592742919922
0,0.95,aci,2025-04-27 13:16:00,baseline,86.70967742,98.49013963251953,86.8494873046875
0,0.95,aci,2025-04-27 14:42:00,baseline,87.61290323,98.23244796292968,87.63018035888672
0,0.95,aci,2025-04-27 16:07:00,baseline,87.61290323,95.05166183011718,84.44939422607422
0,0.95,aci,2025-04-27 17:33:00,baseline,105.6774194,98.04289565580078,87.44062805175781
0,0.95,aci,2025-04-27 18:58:00,baseline,106.1290323,116.81571345498047,98.33529663085938
0,0.95,aci,2025-04-27 20:24:00,baseline,106.1290323,124.485154678125,106.0047378540039
0,0.95,aci,2025-04-27 21:50:00,baseline,106.1290323,116.88028102089844,98.39986419677734
0,0.95,aci,2025-04-27 23:15:00,baseline,104.3225806,124.0033742872168,105.54779052734375
0,0.95,aci,2025-04-28 00:41:00,baseline,88.96774194,117.68529719981446,99.2297134399414
0,0.95,aci,2025-04-28 02:06:00,baseline,88.51612903,109.0463201490332,90.59073638916016
0,0.95,aci,2025-04-28 03:32:00,baseline,87.61290323,101.11517117001954,82.87837982177734
0,0.95,aci,2025-04-28 04:58:00,baseline,57.80645161,88.55862209775391,70.32183074951172
0,0.95,aci,2025-04-28 06:23:00,baseline,58.25806452,75.23487193056641,60.35520935058594
0,0.95,aci,2025-04-28 07:49:00,baseline,79.93548387,93.50268656679688,78.6230239868164
0,0.95,aci,2025-04-28 09:15:00,baseline,81.74193548,103.92665202089844,89.04698944091797
0,0.95,aci,2025-04-28 10:40:00,baseline,81.74193548,99.92409561376954,87.97506713867188
0,0.95,aci,2025-04-28 12:06:00,baseline,87.16129032,96.12728927832032,84.17826080322266
0,0.95,aci,2025-04-28 13:31:00,baseline,87.61290323,98.65729966669922,87.01664733886719
0,0.95,aci,2025-04-28 14:57:00,baseline,87.61290323,94.52666154414062,82.8860092163086
0,0.95,aci,2025-04-28 16:23:00,baseline,107.483871,96.99580827265625,85.35515594482422
0,0.95,aci,2025-04-28 17:48:00,baseline,108.3870968,120.12367077548828,101.07669830322266
0,0.95,aci,2025-04-28 19:14:00,baseline,108.3870968,128.6184980459961,109.57152557373047
0,0.95,aci,2025-04-28 20:39:00,baseline,108.3870968,121.83783060976563,102.79969787597656
0,0.95,aci,2025-04-28 22:05:00,baseline,107.9354839,128.4535456366211,109.41541290283203
0,0.95,aci,2025-04-28 23:31:00,baseline,87.61290323,125.17562205263673,106.13748931884766
0,0.95,aci,2025-04-29 00:56:00,baseline,60.06451613,97.76141505410156,79.28099822998047
0,0.95,aci,2025-04-29 02:22:00,baseline,61.87096774,84.31495051552734,65.83453369140625
0,0.95,aci,2025-04-29 03:48:00,baseline,61.87096774,97.58642787608399,79.13084411621094
0,0.95,aci,2025-04-29 05:13:00,baseline,82.19354839,99.58299464854493,81.12741088867188
0,0.95,aci,2025-04-29 06:39:00,baseline,83.09677419,102.06572169932618,83.61013793945312
0,0.95,aci,2025-04-29 08:04:00,baseline,87.16129032,105.5188729522461,87.2820816040039
0,0.95,aci,2025-04-29 09:30:00,baseline,87.16129032,107.00079891660157,88.76400756835938
0,0.95,aci,2025-04-29 10:56:00,baseline,87.16129032,96.00480753847657,81.1251449584961
0,0.95,aci,2025-04-29 12:21:00,baseline,107.9354839,99.41856486269532,84.53890228271484
0,0.95,aci,2025-04-29 13:47:00,baseline,108.3870968,135.1166250946289,105.16143035888672
0,0.95,aci,2025-04-29 15:12:00,baseline,108.3870968,137.676714205957,107.72151947021484
0,0.95,aci,2025-04-29 16:38:00,baseline,108.3870968,127.42612263291015,104.029541015625
0,0.95,aci,2025-04-29 18:04:00,baseline,107.9354839,127.54782673447265,104.1512451171875
0,0.95,aci,2025-04-29 19:29:00,baseline,98.4516129,128.43104507226562,106.30233001708984
0,0.95,aci,2025-04-29 20:55:00,baseline,97.5483871,119.05089523095702,96.92218017578125
0,0.95,aci,2025-04-29 22:20:00,baseline,97.09677419,117.49712325830077,95.368408203125
0,0.95,aci,2025-04-29 23:46:00,baseline,65.48387097,112.87055798251953,93.8235855102539
0,0.95,aci,2025-04-30 01:12:00,baseline,65.93548387,94.28726788242187,75.24029541015625
0,0.95,aci,2025-04-30 02:37:00,baseline,88.96774194,101.41988474794923,82.38175201416016
0,0.95,aci,2025-04-30 04:03:00,baseline,89.41935484,112.84384257265626,93.80570983886719
0,0.95,aci,2025-04-30 05:29:00,baseline,91.22580645,110.94649653603516,92.46607971191406
0,0.95,aci,2025-04-30 06:54:00,baseline,92.58064516,97.9949431913086,79.5145263671875
0,0.95,aci,2025-04-30 08:20:00,baseline,92.58064516,106.90858607460937,88.42816925048828
0,0.95,aci,2025-04-30 09:45:00,baseline,92.58064516,108.32413692149414,89.8685531616211
0,0.95,aci,2025-04-30 11:11:00,baseline,112.9032258,119.5917760816504,101.13619232177734
0,0.95,aci,2025-04-30 12:37:00,baseline,112.4516129,128.80103085019533,110.56423950195312
0,0.95,aci,2025-04-30 14:02:00,baseline,112.0,132.67877743222658,114.44198608398438
0,0.95,aci,2025-04-30 15:28:00,baseline,111.0967742,114.47548014589844,99.59581756591797
0,0.95,aci,2025-04-30 16:53:00,baseline,91.67741935,117.02966410585938,102.1500015258789
0,0.95,aci,2025-04-30 18:19:00,baseline,89.41935484,104.03719575814453,90.97107696533203
0,0.95,aci,2025-04-30 19:45:00,baseline,63.22580645,100.1597696106836,87.0936508178711
1,0.8,marginal,2025-04-30 21:10:00,baseline,65.03225806,73.9802285890625,67.38970184326172
1,0.8,marginal,2025-04-30 22:36:00,baseline,65.03225806,84.50458161640626,77.91405487060547
1,0.8,marginal,2025-05-01 00:02:00,baseline,88.96774194,98.10467927265626,91.51415252685547
1,0.8,marginal,2025-05-01 01:27:00,baseline,89.41935484,97.62395875263672,91.03343200683594
1,0.8,marginal,2025-05-01 02:53:00,baseline,94.38709677,98.21046845722657,91.61994171142578
1,0.8,marginal,2025-05-01 04:18:00,baseline,95.29032258,97.57362000751954,90.98309326171875
1,0.8,marginal,2025-05-01 05:44:00,baseline,95.29032258,105.87039582539063,99.27986907958984
1,0.8,marginal,2025-05-01 07:10:00,baseline,112.9032258,104.65845887470704,98.06793212890625
1,0.8,marginal,2025-05-01 08:35:00,baseline,112.9032258,111.94724671650391,105.35671997070312
1,0.8,marginal,2025-05-01 10:01:00,baseline,112.9032258,116.83979432392579,110.249267578125
1,0.8,marginal,2025-05-01 11:26:00,baseline,112.9032258,113.61698548603516,107.02645874023438
1,0.8,marginal,2025-05-01 12:52:00,baseline,112.0,110.23787324238282,103.64734649658203
1,0.8,marginal,2025-05-01 14:18:00,baseline,97.5483871,109.39109437275391,102.80056762695312
1,0.8,marginal,2025-05-01 15:43:00,baseline,96.64516129,100.82948701191407,94.23896026611328
1,0.8,marginal,2025-05-01 17:09:00,baseline,95.74193548,91.86096589375,85.27043914794922
1,0.8,marginal,2025-05-01 18:35:00,baseline,61.87096774,96.52593629169922,89.93540954589844
1,0.8,marginal,2025-05-01 20:00:00,baseline,62.32258065,74.11998383808594,67.52945709228516
1,0.8,marginal,2025-05-01 21:26:00,baseline,85.35483871,88.7480966310547,82.1575698852539
1,0.8,marginal,2025-05-01 22:51:00,baseline,87.16129032,96.6329614381836,90.04243469238281
1,0.8,marginal,2025-05-02 00:17:00,baseline,87.16129032,100.25351350117188,93.6629867553711
1,0.8,marginal,2025-05-02 01:43:00,baseline,87.16129032,96.1509286623047,89.5604019165039
1,0.8,marginal,2025-05-02 03:08:00,baseline,87.16129032,99.41546265888672,92.82493591308594
1,0.8,marginal,2025-05-02 04:34:00,baseline,87.16129032,100.1174356203125,93.52690887451172
1,0.8,marginal,2025-05-02 05:59:00,baseline,109.2903226,100.1811792116211,93.59065246582031
1,0.8,marginal,2025-05-02 07:25:00,baseline,107.483871,110.22350709248047,103.63298034667969
1,0.8,marginal,2025-05-02 08:51:00,baseline,107.483871,112.59188477802735,106.00135803222656
1,0.8,marginal,2025-05-02 10:16:00,baseline,106.1290323,107.93931977558594,101.34879302978516
1,0.8,marginal,2025-05-02 11:42:00,baseline,96.19354839,107.42079560566407,100.83026885986328
1,0.8,marginal,2025-05-02 13:08:00,baseline,94.83870968,102.51517121601563,95.92464447021484
1,0.8,marginal,2025-05-02 14:33:00,baseline,60.06451613,92.13449494648438,85.5439682006836
1,0.8,marginal,2025-05-02 15:59:00,baseline,60.06451613,68.88683335590821,62.29630661010742
1,0.8,marginal,2025-05-02 17:24:00,baseline,60.51612903,75.94999329853516,69.35946655273438
1,0.8,marginal,2025-05-02 18:50:00,baseline,82.19354839,91.97029511738282,85.37976837158203
1,0.8,marginal,2025-05-02 20:16:00,baseline,82.64516129,93.20686738300782,86.61634063720703
1,0.8,marginal,2025-05-02 21:41:00,baseline,91.67741935,94.26239411640626,87.67186737060547
1,0.8,marginal,2025-05-02 23:07:00,baseline,92.58064516,97.04166047382813,90.45113372802734
1,0.8,marginal,2025-05-03 00:32:00,elevated_risk,92.58064516,98.44376771259766,91.85324096679688
1,0.8,marginal,2025-05-03 01:58:00,elevated_risk,116.0645161,103.37878052998047,96.78825378417969
1,0.8,marginal,2025-05-03 03:24:00,elevated_risk,116.516129,109.89743439960938,103.3069076538086
1,0.8,marginal,2025-05-03 04:49:00,elevated_risk,116.516129,113.90730683613282,107.31678009033203
1,0.8,marginal,2025-05-03 06:15:00,elevated_risk,116.516129,110.08540742207032,103.49488067626953
1,0.8,marginal,2025-05-03 07:40:00,elevated_risk,116.516129,114.30700318623047,107.71647644042969
1,0.8,marginal,2025-05-03 09:06:00,elevated_risk,94.38709677,115.47214906025391,108.88162231445312
1,0.8,marginal,2025-05-03 10:32:00,elevated_risk,93.48387097,95.9991723756836,89.40864562988281
1,0.8,marginal,2025-05-03 11:57:00,elevated_risk,92.12903226,86.56654755878907,79.97602081298828
1,0.8,marginal,2025-05-03 13:23:00,elevated_risk,60.06451613,90.31720368671876,83.72667694091797
1,0.8,marginal,2025-05-03 14:49:00,elevated_risk,60.51612903,74.01012055683594,67.41959381103516
1,0.8,marginal,2025-05-03 16:14:00,elevated_risk,81.29032258,85.18654267597657,78.59601593017578
1,0.8,marginal,2025-05-03 17:40:00,elevated_risk,82.19354839,95.97590272236329,89.3853759765625
1,0.8,marginal,2025-05-03 19:05:00,elevated_risk,82.64516129,94.82218568134766,88.23165893554688
1,0.8,marginal,2025-05-03 20:31:00,elevated_risk,84.0,98.03281800556641,91.44229125976562
1,0.8,marginal,2025-05-03 21:57:00,elevated_risk,104.3225806,93.54457490253907,86.95404815673828
1,0.8,marginal,2025-05-03 23:22:00,elevated_risk,104.3225806,110.7320825319336,104.14155578613281
1,0.8,marginal,2025-05-04 00:48:00,baseline,104.7741935,112.12537782001954,105.53485107421875
1,0.8,marginal,2025-05-04 02:13:00,baseline,104.7741935,110.82004945087891,104.22952270507812
1,0.8,marginal,2025-05-04 03:39:00,baseline,104.3225806,109.56585328388672,102.97532653808594
1,0.8,marginal,2025-05-04 05:05:00,baseline,102.0645161,102.38315217304688,95.7926254272461
1,0.8,marginal,2025-05-04 06:30:00,baseline,89.87096774,99.14129273701172,92.55076599121094
1,0.8,marginal,2025-05-04 07:56:00,baseline,88.96774194,92.909549878125,86.31902313232422
1,0.8,marginal,2025-05-04 09:22:00,baseline,60.06451613,89.20928590107422,82.61875915527344
1,0.8,marginal,2025-05-04 10:47:00,baseline,61.87096774,68.45675294208985,61.86622619628906
1,0.8,marginal,2025-05-04 12:13:00,baseline,61.87096774,74.01350037861329,67.4229736328125
1,0.8,marginal,2025-05-04 13:38:00,baseline,82.64516129,93.13966004658204,86.54913330078125
1,0.8,marginal,2025-05-04 15:04:00,baseline,83.5483871,94.44977967548829,87.8592529296875
1,0.8,marginal,2025-05-04 16:30:00,baseline,88.51612903,94.35545747089844,87.76493072509766
1,0.8,marginal,2025-05-04 17:55:00,baseline,89.41935484,93.16839234638672,86.57786560058594
1,0.8,adaptive,2025-04-30 21:10:00,baseline,65.03225806,73.24894164969214,67.38970184326172
1,0.8,adaptive,2025-04-30 22:36:00,baseline,65.03225806,84.29374831982207,77.91405487060547
1,0.8,adaptive,2025-05-01 00:02:00,baseline,88.96774194,96.88289163864448,91.51415252685547
1,0.8,adaptive,2025-05-01 01:27:00,baseline,89.41935484,95.49555304956986,91.03343200683594
1,0.8,adaptive,2025-05-01 02:53:00,baseline,94.38709677,95.55439450038328,91.61994171142578
1,0.8,adaptive,2025-05-01 04:18:00,baseline,95.29032258,96.62682422731623,90.98309326171875
1,0.8,adaptive,2025-05-01 05:44:00,baseline,95.29032258,103.9925383384423,99.27986907958984
1,0.8,adaptive,2025-05-01 07:10:00,baseline,112.9032258,104.52185869207581,98.06793212890625
1,0.8,adaptive,2025-05-01 08:35:00,baseline,112.9032258,112.96339689144466,105.35671997070312
1,0.8,adaptive,2025-05-01 10:01:00,baseline,112.9032258,119.6056997409851,110.249267578125
1,0.8,adaptive,2025-05-01 11:26:00,baseline,112.9032258,117.04072137229426,107.02645874023438
1,0.8,adaptive,2025-05-01 12:52:00,baseline,112.0,113.64030562153926,103.64734649658203
1,0.8,adaptive,2025-05-01 14:18:00,baseline,97.5483871,112.87526876543508,102.80056762695312
1,0.8,adaptive,2025-05-01 15:43:00,baseline,96.64516129,104.32040778182866,94.23896026611328
1,0.8,adaptive,2025-05-01 17:09:00,baseline,95.74193548,90.35498325094983,85.27043914794922
1,0.8,adaptive,2025-05-01 18:35:00,baseline,61.87096774,95.2246966978021,89.93540954589844
1,0.8,adaptive,2025-05-01 20:00:00,baseline,62.32258065,71.40937685446855,67.52945709228516
1,0.8,adaptive,2025-05-01 21:26:00,baseline,85.35483871,87.71482831741777,82.1575698852539
1,0.8,adaptive,2025-05-01 22:51:00,baseline,87.16129032,92.63346931658367,90.04243469238281
1,0.8,adaptive,2025-05-02 00:17:00,baseline,87.16129032,96.02850987103112,93.6629867553711
1,0.8,adaptive,2025-05-02 01:43:00,baseline,87.16129032,100.91826439704347,89.5604019165039
1,0.8,adaptive,2025-05-02 03:08:00,baseline,87.16129032,101.2774911672204,92.82493591308594
1,0.8,adaptive,2025-05-02 04:34:00,baseline,87.16129032,102.41395938950748,93.52690887451172
1,0.8,adaptive,2025-05-02 05:59:00,baseline,109.2903226,102.05428777210948,93.59065246582031
1,0.8,adaptive,2025-05-02 07:25:00,baseline,107.483871,105.16242830138306,103.63298034667969
1,0.8,adaptive,2025-05-02 08:51:00,baseline,107.483871,107.6491625676496,106.00135803222656
1,0.8,adaptive,2025-05-02 10:16:00,baseline,106.1290323,107.6854055409211,101.34879302978516
1,0.8,adaptive,2025-05-02 11:42:00,baseline,96.19354839,109.48555004763583,100.83026885986328
1,0.8,adaptive,2025-05-02 13:08:00,baseline,94.83870968,103.03674095281812,95.92464447021484
1,0.8,adaptive,2025-05-02 14:33:00,baseline,60.06451613,93.66798610961273,85.5439682006836
1,0.8,adaptive,2025-05-02 15:59:00,baseline,60.06451613,75.35762986951714,62.29630661010742
1,0.8,adaptive,2025-05-02 17:24:00,baseline,60.51612903,79.06997670085194,69.35946655273438
1,0.8,adaptive,2025-05-02 18:50:00,baseline,82.19354839,93.9744926074453,85.37976837158203
1,0.8,adaptive,2025-05-02 20:16:00,baseline,82.64516129,91.71214369487109,86.61634063720703
1,0.8,adaptive,2025-05-02 21:41:00,baseline,91.67741935,90.75980129060659,87.67186737060547
1,0.8,adaptive,2025-05-02 23:07:00,baseline,92.58064516,94.0719342169637,90.45113372802734
1,0.8,adaptive,2025-05-03 00:32:00,elevated_risk,92.58064516,96.27071579056727,91.85324096679688
1,0.8,adaptive,2025-05-03 01:58:00,elevated_risk,116.0645161,107.34809725543748,96.78825378417969
1,0.8,adaptive,2025-05-03 03:24:00,elevated_risk,116.516129,109.37873165768772,103.3069076538086
1,0.8,adaptive,2025-05-03 04:49:00,elevated_risk,116.516129,117.75443750977101,107.31678009033203
1,0.8,adaptive,2025-05-03 06:15:00,elevated_risk,116.516129,114.01107430923656,103.49488067626953
1,0.8,adaptive,2025-05-03 07:40:00,elevated_risk,116.516129,120.49133049839071,107.71647644042969
1,0.8,adaptive,2025-05-03 09:06:00,elevated_risk,94.38709677,126.18093622163491,108.88162231445312
1,0.8,adaptive,2025-05-03 10:32:00,elevated_risk,93.48387097,101.68424977773279,89.40864562988281
1,0.8,adaptive,2025-05-03 11:57:00,elevated_risk,92.12903226,98.2462824216429,79.97602081298828
1,0.8,adaptive,2025-05-03 13:23:00,elevated_risk,60.06451613,91.72027073835729,83.72667694091797
1,0.8,adaptive,2025-05-03 14:49:00,elevated_risk,60.51612903,73.80488648039066,67.41959381103516
1,0.8,adaptive,2025-05-03 16:14:00,elevated_risk,81.29032258,86.70325842219398,78.59601593017578
1,0.8,adaptive,2025-05-03 17:40:00,elevated_risk,82.19354839,95.39003456056984,89.3853759765625
1,0.8,adaptive,2025-05-03 19:05:00,elevated_risk,82.64516129,90.03020507658607,88.23165893554688
1,0.8,adaptive,2025-05-03 20:31:00,elevated_risk,84.0,102.08233064286665,91.44229125976562
1,0.8,adaptive,2025-05-03 21:57:00,elevated_risk,104.3225806,99.34386773285588,86.95404815673828
1,0.8,adaptive,2025-05-03 23:22:00,elevated_risk,104.3225806,106.67322410468469,104.14155578613281
1,0.8,adaptive,2025-05-04 00:48:00,baseline,104.7741935,107.7693360057963,105.53485107421875
1,0.8,adaptive,2025-05-04 02:13:00,baseline,104.7741935,109.98020701391582,104.22952270507812
1,0.8,adaptive,2025-05-04 03:39:00,baseline,104.3225806,107.92973232530768,102.97532653808594
1,0.8,adaptive,2025-05-04 05:05:00,baseline,102.0645161,99.31184122724008,95.7926254272461
1,0.8,adaptive,2025-05-04 06:30:00,baseline,89.87096774,101.58740119296783,92.55076599121094
1,0.8,adaptive,2025-05-04 07:56:00,baseline,88.96774194,91.67377093394298,86.31902313232422
1,0.8,adaptive,2025-05-04 09:22:00,baseline,60.06451613,89.96080488810809,82.61875915527344
1,0.8,adaptive,2025-05-04 10:47:00,baseline,61.87096774,75.27858755854986,61.86622619628906
1,0.8,adaptive,2025-05-04 12:13:00,baseline,61.87096774,80.24597701842629,67.4229736328125
1,0.8,adaptive,2025-05-04 13:38:00,baseline,82.64516129,100.86622662011129,86.54913330078125
1,0.8,adaptive,2025-05-04 15:04:00,baseline,83.5483871,91.70644143990074,87.8592529296875
1,0.8,adaptive,2025-05-04 16:30:00,baseline,88.51612903,90.67638408692301,87.76493072509766
1,0.8,adaptive,2025-05-04 17:55:00,baseline,89.41935484,90.02880954300525,86.57786560058594
1,0.8,mondrian,2025-04-30 21:10:00,baseline,65.03225806,73.9802285890625,67.38970184326172
1,0.8,mondrian,2025-04-30 22:36:00,baseline,65.03225806,84.50458161640626,77.91405487060547
1,0.8,mondrian,2025-05-01 00:02:00,baseline,88.96774194,98.10467927265626,91.51415252685547
1,0.8,mondrian,2025-05-01 01:27:00,baseline,89.41935484,97.62395875263672,91.03343200683594
1,0.8,mondrian,2025-05-01 02:53:00,baseline,94.38709677,98.21046845722657,91.61994171142578
1,0.8,mondrian,2025-05-01 04:18:00,baseline,95.29032258,97.57362000751954,90.98309326171875
1,0.8,mondrian,2025-05-01 05:44:00,baseline,95.29032258,105.87039582539063,99.27986907958984
1,0.8,mondrian,2025-05-01 07:10:00,baseline,112.9032258,104.65845887470704,98.06793212890625
1,0.8,mondrian,2025-05-01 08:35:00,baseline,112.9032258,111.94724671650391,105.35671997070312
1,0.8,mondrian,2025-05-01 10:01:00,baseline,112.9032258,116.83979432392579,110.249267578125
1,0.8,mondrian,2025-05-01 11:26:00,baseline,112.9032258,113.61698548603516,107.02645874023438
1,0.8,mondrian,2025-05-01 12:52:00,baseline,112.0,110.23787324238282,103.64734649658203
1,0.8,mondrian,2025-05-01 14:18:00,baseline,97.5483871,109.39109437275391,102.80056762695312
1,0.8,mondrian,2025-05-01 15:43:00,baseline,96.64516129,100.82948701191407,94.23896026611328
1,0.8,mondrian,2025-05-01 17:09:00,baseline,95.74193548,91.86096589375,85.27043914794922
1,0.8,mondrian,2025-05-01 18:35:00,baseline,61.87096774,96.52593629169922,89.93540954589844
1,0.8,mondrian,2025-05-01 20:00:00,baseline,62.32258065,74.11998383808594,67.52945709228516
1,0.8,mondrian,2025-05-01 21:26:00,baseline,85.35483871,88.7480966310547,82.1575698852539
1,0.8,mondrian,2025-05-01 22:51:00,baseline,87.16129032,96.6329614381836,90.04243469238281
1,0.8,mondrian,2025-05-02 00:17:00,baseline,87.16129032,100.25351350117188,93.6629867553711
1,0.8,mondrian,2025-05-02 01:43:00,baseline,87.16129032,96.1509286623047,89.5604019165039
1,0.8,mondrian,2025-05-02 03:08:00,baseline,87.16129032,99.41546265888672,92.82493591308594
1,0.8,mondrian,2025-05-02 04:34:00,baseline,87.16129032,100.1174356203125,93.52690887451172
1,0.8,mondrian,2025-05-02 05:59:00,baseline,109.2903226,100.1811792116211,93.59065246582031
1,0.8,mondrian,2025-05-02 07:25:00,baseline,107.483871,110.22350709248047,103.63298034667969
1,0.8,mondrian,2025-05-02 08:51:00,baseline,107.483871,112.59188477802735,106.00135803222656
1,0.8,mondrian,2025-05-02 10:16:00,baseline,106.1290323,107.93931977558594,101.34879302978516
1,0.8,mondrian,2025-05-02 11:42:00,baseline,96.19354839,107.42079560566407,100.83026885986328
1,0.8,mondrian,2025-05-02 13:08:00,baseline,94.83870968,102.51517121601563,95.92464447021484
1,0.8,mondrian,2025-05-02 14:33:00,baseline,60.06451613,92.13449494648438,85.5439682006836
1,0.8,mondrian,2025-05-02 15:59:00,baseline,60.06451613,68.88683335590821,62.29630661010742
1,0.8,mondrian,2025-05-02 17:24:00,baseline,60.51612903,75.94999329853516,69.35946655273438
1,0.8,mondrian,2025-05-02 18:50:00,baseline,82.19354839,91.97029511738282,85.37976837158203
1,0.8,mondrian,2025-05-02 20:16:00,baseline,82.64516129,93.20686738300782,86.61634063720703
1,0.8,mondrian,2025-05-02 21:41:00,baseline,91.67741935,94.26239411640626,87.67186737060547
1,0.8,mondrian,2025-05-02 23:07:00,baseline,92.58064516,97.04166047382813,90.45113372802734
1,0.8,mondrian,2025-05-03 00:32:00,elevated_risk,92.58064516,98.44376771259766,91.85324096679688
1,0.8,mondrian,2025-05-03 01:58:00,elevated_risk,116.0645161,103.37878052998047,96.78825378417969
1,0.8,mondrian,2025-05-03 03:24:00,elevated_risk,116.516129,109.89743439960938,103.3069076538086
1,0.8,mondrian,2025-05-03 04:49:00,elevated_risk,116.516129,113.90730683613282,107.31678009033203
1,0.8,mondrian,2025-05-03 06:15:00,elevated_risk,116.516129,110.08540742207032,103.49488067626953
1,0.8,mondrian,2025-05-03 07:40:00,elevated_risk,116.516129,114.30700318623047,107.71647644042969
1,0.8,mondrian,2025-05-03 09:06:00,elevated_risk,94.38709677,115.47214906025391,108.88162231445312
1,0.8,mondrian,2025-05-03 10:32:00,elevated_risk,93.48387097,95.9991723756836,89.40864562988281
1,0.8,mondrian,2025-05-03 11:57:00,elevated_risk,92.12903226,86.56654755878907,79.97602081298828
1,0.8,mondrian,2025-05-03 13:23:00,elevated_risk,60.06451613,90.31720368671876,83.72667694091797
1,0.8,mondrian,2025-05-03 14:49:00,elevated_risk,60.51612903,74.01012055683594,67.41959381103516
1,0.8,mondrian,2025-05-03 16:14:00,elevated_risk,81.29032258,85.18654267597657,78.59601593017578
1,0.8,mondrian,2025-05-03 17:40:00,elevated_risk,82.19354839,95.97590272236329,89.3853759765625
1,0.8,mondrian,2025-05-03 19:05:00,elevated_risk,82.64516129,94.82218568134766,88.23165893554688
1,0.8,mondrian,2025-05-03 20:31:00,elevated_risk,84.0,98.03281800556641,91.44229125976562
1,0.8,mondrian,2025-05-03 21:57:00,elevated_risk,104.3225806,93.54457490253907,86.95404815673828
1,0.8,mondrian,2025-05-03 23:22:00,elevated_risk,104.3225806,110.7320825319336,104.14155578613281
1,0.8,mondrian,2025-05-04 00:48:00,baseline,104.7741935,112.12537782001954,105.53485107421875
1,0.8,mondrian,2025-05-04 02:13:00,baseline,104.7741935,110.82004945087891,104.22952270507812
1,0.8,mondrian,2025-05-04 03:39:00,baseline,104.3225806,109.56585328388672,102.97532653808594
1,0.8,mondrian,2025-05-04 05:05:00,baseline,102.0645161,102.38315217304688,95.7926254272461
1,0.8,mondrian,2025-05-04 06:30:00,baseline,89.87096774,99.14129273701172,92.55076599121094
1,0.8,mondrian,2025-05-04 07:56:00,baseline,88.96774194,92.909549878125,86.31902313232422
1,0.8,mondrian,2025-05-04 09:22:00,baseline,60.06451613,89.20928590107422,82.61875915527344
1,0.8,mondrian,2025-05-04 10:47:00,baseline,61.87096774,68.45675294208985,61.86622619628906
1,0.8,mondrian,2025-05-04 12:13:00,baseline,61.87096774,74.01350037861329,67.4229736328125
1,0.8,mondrian,2025-05-04 13:38:00,baseline,82.64516129,93.13966004658204,86.54913330078125
1,0.8,mondrian,2025-05-04 15:04:00,baseline,83.5483871,94.44977967548829,87.8592529296875
1,0.8,mondrian,2025-05-04 16:30:00,baseline,88.51612903,94.35545747089844,87.76493072509766
1,0.8,mondrian,2025-05-04 17:55:00,baseline,89.41935484,93.16839234638672,86.57786560058594
1,0.8,aci,2025-04-30 21:10:00,baseline,65.03225806,73.9802285890625,67.38970184326172
1,0.8,aci,2025-04-30 22:36:00,baseline,65.03225806,84.42815301177734,77.91405487060547
1,0.8,aci,2025-05-01 00:02:00,baseline,88.96774194,97.86125900048827,91.51415252685547
1,0.8,aci,2025-05-01 01:27:00,baseline,89.41935484,97.19576361419922,91.03343200683594
1,0.8,aci,2025-05-01 02:53:00,baseline,94.38709677,97.65875662107422,91.61994171142578
1,0.8,aci,2025-05-01 04:18:00,baseline,95.29032258,96.33573495607422,90.98309326171875
1,0.8,aci,2025-05-01 05:44:00,baseline,95.29032258,103.99937438964844,99.27986907958984
1,0.8,aci,2025-05-01 07:10:00,baseline,112.9032258,102.59785905390625,98.06793212890625
1,0.8,aci,2025-05-01 08:35:00,baseline,112.9032258,111.39712672402344,105.35671997070312
1,0.8,aci,2025-05-01 10:01:00,baseline,112.9032258,117.73370782294921,110.249267578125
1,0.8,aci,2025-05-01 11:26:00,baseline,112.9032258,113.61698548603516,107.02645874023438
1,0.8,aci,2025-05-01 12:52:00,baseline,112.0,110.1614446377539,103.64734649658203
1,0.8,aci,2025-05-01 14:18:00,baseline,97.5483871,110.79096762880859,102.80056762695312
1,0.8,aci,2025-05-01 15:43:00,baseline,96.64516129,101.78546609541016,94.23896026611328
1,0.8,aci,2025-05-01 17:09:00,baseline,95.74193548,92.75487939277343,85.27043914794922
1,0.8,aci,2025-05-01 18:35:00,baseline,61.87096774,99.1623330872461,89.93540954589844
1,0.8,aci,2025-05-01 20:00:00,baseline,62.32258065,75.88211059570312,67.52945709228516
1,0.8,aci,2025-05-01 21:26:00,baseline,85.35483871,90.14796988710937,82.1575698852539
1,0.8,aci,2025-05-01 22:51:00,baseline,87.16129032,97.58894052167969,90.04243469238281
1,0.8,aci,2025-05-02 00:17:00,baseline,87.16129032,101.14742700019531,93.6629867553711
1,0.8,aci,2025-05-02 01:43:00,baseline,87.16129032,96.1509286623047,89.5604019165039
1,0.8,aci,2025-05-02 03:08:00,baseline,87.16129032,99.28416248886718,92.82493591308594
1,0.8,aci,2025-05-02 04:34:00,baseline,87.16129032,99.87401534814452,93.52690887451172
1,0.8,aci,2025-05-02 05:59:00,baseline,109.2903226,99.63105921914062,93.59065246582031
1,0.8,aci,2025-05-02 07:25:00,baseline,107.483871,111.1174205915039,103.63298034667969
1,0.8,aci,2025-05-02 08:51:00,baseline,107.483871,112.59188477802735,106.00135803222656
1,0.8,aci,2025-05-02 10:16:00,baseline,106.1290323,107.8080196055664,101.34879302978516
1,0.8,aci,2025-05-02 11:42:00,baseline,96.19354839,107.17737533349609,100.83026885986328
1,0.8,aci,2025-05-02 13:08:00,baseline,94.83870968,101.96505122353516,95.92464447021484
1,0.8,aci,2025-05-02 14:33:00,baseline,60.06451613,91.42073526044922,85.5439682006836
1,0.8,aci,2025-05-02 15:59:00,baseline,60.06451613,67.64894830446289,62.29630661010742
1,0.8,aci,2025-05-02 17:24:00,baseline,60.51612903,74.07897186279297,69.35946655273438
1,0.8,aci,2025-05-02 18:50:00,baseline,82.19354839,90.0613154740039,85.37976837158203
1,0.8,aci,2025-05-02 20:16:00,baseline,82.64516129,91.01324097919922,86.61634063720703
1,0.8,aci,2025-05-02 21:41:00,baseline,91.67741935,91.97909668888671,87.67186737060547
1,0.8,aci,2025-05-02 23:07:00,baseline,92.58064516,94.71671861121094,90.45113372802734
1,0.8,aci,2025-05-03 00:32:00,elevated_risk,92.58064516,95.8587929461914,91.85324096679688
1,0.8,aci,2025-05-03 01:58:00,elevated_risk,116.0645161,100.34821171591797,96.78825378417969
1,0.8,aci,2025-05-03 03:24:00,elevated_risk,116.516129,107.61781732001953,103.3069076538086
1,0.8,aci,2025-05-03 04:49:00,elevated_risk,116.516129,113.19354715009766,107.31678009033203
1,0.8,aci,2025-05-03 06:15:00,elevated_risk,116.516129,110.08540742207032,103.49488067626953
1,0.8,aci,2025-05-03 07:40:00,elevated_risk,116.516129,116.91582535009766,107.71647644042969
1,0.8,aci,2025-05-03 09:06:00,elevated_risk,94.38709677,117.2342758178711,108.88162231445312
1,0.8,aci,2025-05-03 10:32:00,elevated_risk,93.48387097,97.39904563173828,89.40864562988281
1,0.8,aci,2025-05-03 11:57:00,elevated_risk,92.12903226,87.52252664228516,79.97602081298828
1,0.8,aci,2025-05-03 13:23:00,elevated_risk,60.06451613,93.19918550263672,83.72667694091797
1,0.8,aci,2025-05-03 14:49:00,elevated_risk,60.51612903,76.61894272070313,67.41959381103516
1,0.8,aci,2025-05-03 16:14:00,elevated_risk,81.29032258,86.94866943359375,78.59601593017578
1,0.8,aci,2025-05-03 17:40:00,elevated_risk,82.19354839,97.37577597841796,89.3853759765625
1,0.8,aci,2025-05-03 19:05:00,elevated_risk,82.64516129,95.77816476484375,88.23165893554688
1,0.8,aci,2025-05-03 20:31:00,elevated_risk,84.0,98.77182154824219,91.44229125976562
1,0.8,aci,2025-05-03 21:57:00,elevated_risk,104.3225806,93.46814629791015,86.95404815673828
1,0.8,aci,2025-05-03 23:22:00,elevated_risk,104.3225806,112.49420928955078,104.14155578613281
1,0.8,aci,2025-05-04 00:48:00,baseline,104.7741935,113.52525107607421,105.53485107421875
1,0.8,aci,2025-05-04 02:13:00,baseline,104.7741935,111.776028534375,104.22952270507812
1,0.8,aci,2025-05-04 03:39:00,baseline,104.3225806,110.3048568265625,102.97532653808594
1,0.8,aci,2025-05-04 05:05:00,baseline,102.0645161,102.30672356841796,95.7926254272461
1,0.8,aci,2025-05-04 06:30:00,baseline,89.87096774,98.89787246484374,92.55076599121094
1,0.8,aci,2025-05-04 07:56:00,baseline,88.96774194,92.4813547396875,86.31902313232422
1,0.8,aci,2025-05-04 09:22:00,baseline,60.06451613,88.65757406492187,82.61875915527344
1,0.8,aci,2025-05-04 10:47:00,baseline,61.87096774,67.34986040507812,61.86622619628906
1,0.8,aci,2025-05-04 12:13:00,baseline,61.87096774,72.20321290302735,67.4229736328125
1,0.8,aci,2025-05-04 13:38:00,baseline,82.64516129,91.07906022578125,86.54913330078125
1,0.8,aci,2025-05-04 15:04:00,baseline,83.5483871,92.17016259589843,87.8592529296875
1,0.8,aci,2025-05-04 16:30:00,baseline,88.51612903,92.05618115146484,87.76493072509766
1,0.8,aci,2025-05-04 17:55:00,baseline,89.41935484,90.75532236761718,86.57786560058594
1,0.9,marginal,2025-04-30 21:10:00,baseline,65.03225806,78.5352066959961,67.38970184326172
1,0.9,marginal,2025-04-30 22:36:00,baseline,65.03225806,89.05955972333985,77.91405487060547
1,0.9,marginal,2025-05-01 00:02:00,baseline,88.96774194,102.65965737958985,91.51415252685547
1,0.9,marginal,2025-05-01 01:27:00,baseline,89.41935484,102.17893685957031,91.03343200683594
1,0.9,marginal,2025-05-01 02:53:00,baseline,94.38709677,102.76544656416016,91.61994171142578
1,0.9,marginal,2025-05-01 04:18:00,baseline,95.29032258,102.12859811445313,90.98309326171875
1,0.9,marginal,2025-05-01 05:44:00,baseline,95.29032258,110.42537393232422,99.27986907958984
1,0.9,marginal,2025-05-01 07:10:00,baseline,112.9032258,109.21343698164063,98.06793212890625
1,0.9,marginal,2025-05-01 08:35:00,baseline,112.9032258,116.5022248234375,105.35671997070312
1,0.9,marginal,2025-05-01 10:01:00,baseline,112.9032258,121.39477243085938,110.249267578125
1,0.9,marginal,2025-05-01 11:26:00,baseline,112.9032258,118.17196359296875,107.02645874023438
1,0.9,marginal,2025-05-01 12:52:00,baseline,112.0,114.79285134931641,103.64734649658203
1,0.9,marginal,2025-05-01 14:18:00,baseline,97.5483871,113.9460724796875,102.80056762695312
1,0.9,marginal,2025-05-01 15:43:00,baseline,96.64516129,105.38446511884766,94.23896026611328
1,0.9,marginal,2025-05-01 17:09:00,baseline,95.74193548,96.4159440006836,85.27043914794922
1,0.9,marginal,2025-05-01 18:35:00,baseline,61.87096774,101.08091439863281,89.93540954589844
1,0.9,marginal,2025-05-01 20:00:00,baseline,62.32258065,78.67496194501953,67.52945709228516
1,0.9,marginal,2025-05-01 21:26:00,baseline,85.35483871,93.30307473798828,82.1575698852539
1,0.9,marginal,2025-05-01 22:51:00,baseline,87.16129032,101.18793954511719,90.04243469238281
1,0.9,marginal,2025-05-02 00:17:00,baseline,87.16129032,104.80849160810547,93.6629867553711
1,0.9,marginal,2025-05-02 01:43:00,baseline,87.16129032,100.70590676923828,89.5604019165039
1,0.9,marginal,2025-05-02 03:08:00,baseline,87.16129032,103.97044076582031,92.82493591308594
1,0.9,marginal,2025-05-02 04:34:00,baseline,87.16129032,104.6724137272461,93.52690887451172
1,0.9,marginal,2025-05-02 05:59:00,baseline,109.2903226,104.73615731855469,93.59065246582031
1,0.9,marginal,2025-05-02 07:25:00,baseline,107.483871,114.77848519941406,103.63298034667969
1,0.9,marginal,2025-05-02 08:51:00,baseline,107.483871,117.14686288496094,106.00135803222656
1,0.9,marginal,2025-05-02 10:16:00,baseline,106.1290323,112.49429788251953,101.34879302978516
1,0.9,marginal,2025-05-02 11:42:00,baseline,96.19354839,111.97577371259766,100.83026885986328
1,0.9,marginal,2025-05-02 13:08:00,baseline,94.83870968,107.07014932294922,95.92464447021484
1,0.9,marginal,2025-05-02 14:33:00,baseline,60.06451613,96.68947305341797,85.5439682006836
1,0.9,marginal,2025-05-02 15:59:00,baseline,60.06451613,73.4418114628418,62.29630661010742
1,0.9,marginal,2025-05-02 17:24:00,baseline,60.51612903,80.50497140546875,69.35946655273438
1,0.9,marginal,2025-05-02 18:50:00,baseline,82.19354839,96.52527322431641,85.37976837158203
1,0.9,marginal,2025-05-02 20:16:00,baseline,82.64516129,97.76184548994141,86.61634063720703
1,0.9,marginal,2025-05-02 21:41:00,baseline,91.67741935,98.81737222333985,87.67186737060547
1,0.9,marginal,2025-05-02 23:07:00,baseline,92.58064516,101.59663858076172,90.45113372802734
1,0.9,marginal,2025-05-03 00:32:00,elevated_risk,92.58064516,102.99874581953125,91.85324096679688
1,0.9,marginal,2025-05-03 01:58:00,elevated_risk,116.0645161,107.93375863691406,96.78825378417969
1,0.9,marginal,2025-05-03 03:24:00,elevated_risk,116.516129,114.45241250654297,103.3069076538086
1,0.9,marginal,2025-05-03 04:49:00,elevated_risk,116.516129,118.46228494306641,107.31678009033203
1,0.9,marginal,2025-05-03 06:15:00,elevated_risk,116.516129,114.64038552900391,103.49488067626953
1,0.9,marginal,2025-05-03 07:40:00,elevated_risk,116.516129,118.86198129316406,107.71647644042969
1,0.9,marginal,2025-05-03 09:06:00,elevated_risk,94.38709677,120.0271271671875,108.88162231445312
1,0.9,marginal,2025-05-03 10:32:00,elevated_risk,93.48387097,100.55415048261719,89.40864562988281
1,0.9,marginal,2025-05-03 11:57:00,elevated_risk,92.12903226,91.12152566572266,79.97602081298828
1,0.9,marginal,2025-05-03 13:23:00,elevated_risk,60.06451613,94.87218179365235,83.72667694091797
1,0.9,marginal,2025-05-03 14:49:00,elevated_risk,60.51612903,78.56509866376953,67.41959381103516
1,0.9,marginal,2025-05-03 16:14:00,elevated_risk,81.29032258,89.74152078291016,78.59601593017578
1,0.9,marginal,2025-05-03 17:40:00,elevated_risk,82.19354839,100.53088082929688,89.3853759765625
1,0.9,marginal,2025-05-03 19:05:00,elevated_risk,82.64516129,99.37716378828125,88.23165893554688
1,0.9,marginal,2025-05-03 20:31:00,elevated_risk,84.0,102.5877961125,91.44229125976562
1,0.9,marginal,2025-05-03 21:57:00,elevated_risk,104.3225806,98.09955300947266,86.95404815673828
1,0.9,marginal,2025-05-03 23:22:00,elevated_risk,104.3225806,115.28706063886719,104.14155578613281
1,0.9,marginal,2025-05-04 00:48:00,baseline,104.7741935,116.68035592695313,105.53485107421875
1,0.9,marginal,2025-05-04 02:13:00,baseline,104.7741935,115.3750275578125,104.22952270507812
1,0.9,marginal,2025-05-04 03:39:00,baseline,104.3225806,114.12083139082031,102.97532653808594
1,0.9,marginal,2025-05-04 05:05:00,baseline,102.0645161,106.93813027998047,95.7926254272461
1,0.9,marginal,2025-05-04 06:30:00,baseline,89.87096774,103.69627084394531,92.55076599121094
1,0.9,marginal,2025-05-04 07:56:00,baseline,88.96774194,97.4645279850586,86.31902313232422
1,0.9,marginal,2025-05-04 09:22:00,baseline,60.06451613,93.76426400800781,82.61875915527344
1,0.9,marginal,2025-05-04 10:47:00,baseline,61.87096774,73.01173104902344,61.86622619628906
1,0.9,marginal,2025-05-04 12:13:00,baseline,61.87096774,78.56847848554688,67.4229736328125
1,0.9,marginal,2025-05-04 13:38:00,baseline,82.64516129,97.69463815351563,86.54913330078125
1,0.9,marginal,2025-05-04 15:04:00,baseline,83.5483871,99.00475778242188,87.8592529296875
1,0.9,marginal,2025-05-04 16:30:00,baseline,88.51612903,98.91043557783203,87.76493072509766
1,0.9,marginal,2025-05-04 17:55:00,baseline,89.41935484,97.72337045332031,86.57786560058594
1,0.9,adaptive,2025-04-30 21:10:00,baseline,65.03225806,75.80389732672162,67.38970184326172
1,0.9,adaptive,2025-04-30 22:36:00,baseline,65.03225806,87.0756508420392,77.91405487060547
1,0.9,adaptive,2025-05-01 00:02:00,baseline,88.96774194,99.22396162815087,91.51415252685547
1,0.9,adaptive,2025-05-01 01:27:00,baseline,89.41935484,97.441286944471,91.03343200683594
1,0.9,adaptive,2025-05-01 02:53:00,baseline,94.38709677,97.27003557691323,91.61994171142578
1,0.9,adaptive,2025-05-01 04:18:00,baseline,95.29032258,99.08780601788149,90.98309326171875
1,0.9,adaptive,2025-05-01 05:44:00,baseline,95.29032258,106.04752524368092,99.27986907958984
1,0.9,adaptive,2025-05-01 07:10:00,baseline,112.9032258,107.33613099641201,98.06793212890625
1,0.9,adaptive,2025-05-01 08:35:00,baseline,112.9032258,116.28033270974798,105.35671997070312
1,0.9,adaptive,2025-05-01 10:01:00,baseline,112.9032258,123.68562653370742,110.249267578125
1,0.9,adaptive,2025-05-01 11:26:00,baseline,112.9032258,121.40749897627033,107.02645874023438
1,0.9,adaptive,2025-05-01 12:52:00,baseline,112.0,117.99779370704354,103.64734649658203
1,0.9,adaptive,2025-05-01 14:18:00,baseline,97.5483871,117.2684009324937,102.80056762695312
1,0.9,adaptive,2025-05-01 15:43:00,baseline,96.64516129,108.71648174601137,94.23896026611328
1,0.9,adaptive,2025-05-01 17:09:00,baseline,95.74193548,92.57212835001387,85.27043914794922
1,0.9,adaptive,2025-05-01 18:35:00,baseline,61.87096774,97.53112119699465,89.93540954589844
1,0.9,adaptive,2025-05-01 20:00:00,baseline,62.32258065,73.10123848674547,67.52945709228516
1,0.9,adaptive,2025-05-01 21:26:00,baseline,85.35483871,90.13810325564341,82.1575698852539
1,0.9,adaptive,2025-05-01 22:51:00,baseline,87.16129032,93.76330507022811,90.04243469238281
1,0.9,adaptive,2025-05-02 00:17:00,baseline,87.16129032,97.06001001664166,93.6629867553711
1,0.9,adaptive,2025-05-02 01:43:00,baseline,87.16129032,105.8709265481517,89.5604019165039
1,0.9,adaptive,2025-05-02 03:08:00,baseline,87.16129032,104.96327716428013,92.82493591308594
1,0.9,adaptive,2025-05-02 04:34:00,baseline,87.16129032,106.28920957817814,93.52690887451172
1,0.9,adaptive,2025-05-02 05:59:00,baseline,109.2903226,105.74490529050809,93.59065246582031
1,0.9,adaptive,2025-05-02 07:25:00,baseline,107.483871,105.82935299873064,103.63298034667969
1,0.9,adaptive,2025-05-02 08:51:00,baseline,107.483871,108.36769734204022,106.00135803222656
1,0.9,adaptive,2025-05-02 10:16:00,baseline,106.1290323,110.44852236892578,101.34879302978516
1,0.9,adaptive,2025-05-02 11:42:00,baseline,96.19354839,113.25973586995296,100.83026885986328
1,0.9,adaptive,2025-05-02 13:08:00,baseline,94.83870968,106.13801208766161,95.92464447021484
1,0.9,adaptive,2025-05-02 14:33:00,baseline,60.06451613,97.21051148191917,85.5439682006836
1,0.9,adaptive,2025-05-02 15:59:00,baseline,60.06451613,81.05309602444764,62.29630661010742
1,0.9,adaptive,2025-05-02 17:24:00,baseline,60.51612903,83.30430126332449,69.35946655273438
1,0.9,adaptive,2025-05-02 18:50:00,baseline,82.19354839,97.72227221783467,85.37976837158203
1,0.9,adaptive,2025-05-02 20:16:00,baseline,82.64516129,93.93419832675596,86.61634063720703
1,0.9,adaptive,2025-05-02 21:41:00,baseline,91.67741935,92.10631287911337,87.67186737060547
1,0.9,adaptive,2025-05-02 23:07:00,baseline,92.58064516,95.6508053794729,90.45113372802734
1,0.9,adaptive,2025-05-03 00:32:00,elevated_risk,92.58064516,98.1969814414014,91.85324096679688
1,0.9,adaptive,2025-05-03 01:58:00,elevated_risk,116.0645161,111.95277856508838,96.78825378417969
1,0.9,adaptive,2025-05-03 03:24:00,elevated_risk,116.516129,112.02638591338302,103.3069076538086
1,0.9,adaptive,2025-05-03 04:49:00,elevated_risk,116.516129,122.30583887918021,107.31678009033203
1,0.9,adaptive,2025-05-03 06:15:00,elevated_risk,116.516129,118.59672185242171,103.49488067626953
1,0.9,adaptive,2025-05-03 07:40:00,elevated_risk,116.516129,126.06188008791077,107.71647644042969
1,0.9,adaptive,2025-05-03 09:06:00,elevated_risk,94.38709677,133.72440290606065,108.88162231445312
1,0.9,adaptive,2025-05-03 10:32:00,elevated_risk,93.48387097,107.0370985333162,89.40864562988281
1,0.9,adaptive,2025-05-03 11:57:00,elevated_risk,92.12903226,106.21313651193216,79.97602081298828
1,0.9,adaptive,2025-05-03 13:23:00,elevated_risk,60.06451613,95.20592391647452,83.72667694091797
1,0.9,adaptive,2025-05-03 14:49:00,elevated_risk,60.51612903,76.58923057519287,67.41959381103516
1,0.9,adaptive,2025-05-03 16:14:00,elevated_risk,81.29032258,90.23846877615554,78.59601593017578
1,0.9,adaptive,2025-05-03 17:40:00,elevated_risk,82.19354839,98.00840094335489,89.3853759765625
1,0.9,adaptive,2025-05-03 19:05:00,elevated_risk,82.64516129,90.81447160693091,88.23165893554688
1,0.9,adaptive,2025-05-03 20:31:00,elevated_risk,84.0,106.72198184741988,91.44229125976562
1,0.9,adaptive,2025-05-03 21:57:00,elevated_risk,104.3225806,104.74652079181266,86.95404815673828
1,0.9,adaptive,2025-05-03 23:22:00,elevated_risk,104.3225806,107.77717283464466,104.14155578613281
1,0.9,adaptive,2025-05-04 00:48:00,baseline,104.7741935,108.74369618728356,105.53485107421875
1,0.9,adaptive,2025-05-04 02:13:00,baseline,104.7741935,112.48782643334017,104.22952270507812
1,0.9,adaptive,2025-05-04 03:39:00,baseline,104.3225806,110.09012985306846,102.97532653808594
1,0.9,adaptive,2025-05-04 05:05:00,baseline,102.0645161,100.84641579389607,95.7926254272461
1,0.9,adaptive,2025-05-04 06:30:00,baseline,89.87096774,105.52787865638113,92.55076599121094
1,0.9,adaptive,2025-05-04 07:56:00,baseline,88.96774194,94.00873993108014,86.31902313232422
1,0.9,adaptive,2025-05-04 09:22:00,baseline,60.06451613,93.16234673412174,82.61875915527344
1,0.9,adaptive,2025-05-04 10:47:00,baseline,61.87096774,81.12712592478475,61.86622619628906
1,0.9,adaptive,2025-05-04 12:13:00,baseline,61.87096774,85.83752240298047,67.4229736328125
1,0.9,adaptive,2025-05-04 13:38:00,baseline,82.64516129,107.10927863082394,86.54913330078125
1,0.9,adaptive,2025-05-04 15:04:00,baseline,83.5483871,93.38403041893251,87.8592529296875
1,0.9,adaptive,2025-05-04 16:30:00,baseline,88.51612903,91.94594029915356,87.76493072509766
1,0.9,adaptive,2025-05-04 17:55:00,baseline,89.41935484,91.5336137681401,86.57786560058594
1,0.9,mondrian,2025-04-30 21:10:00,baseline,65.03225806,78.5352066959961,67.38970184326172
1,0.9,mondrian,2025-04-30 22:36:00,baseline,65.03225806,89.05955972333985,77.91405487060547
1,0.9,mondrian,2025-05-01 00:02:00,baseline,88.96774194,102.65965737958985,91.51415252685547
1,0.9,mondrian,2025-05-01 01:27:00,baseline,89.41935484,102.17893685957031,91.03343200683594
1,0.9,mondrian,2025-05-01 02:53:00,baseline,94.38709677,102.76544656416016,91.61994171142578
1,0.9,mondrian,2025-05-01 04:18:00,baseline,95.29032258,102.12859811445313,90.98309326171875
1,0.9,mondrian,2025-05-01 05:44:00,baseline,95.29032258,110.42537393232422,99.27986907958984
1,0.9,mondrian,2025-05-01 07:10:00,baseline,112.9032258,109.21343698164063,98.06793212890625
1,0.9,mondrian,2025-05-01 08:35:00,baseline,112.9032258,116.5022248234375,105.35671997070312
1,0.9,mondrian,2025-05-01 10:01:00,baseline,112.9032258,121.39477243085938,110.249267578125
1,0.9,mondrian,2025-05-01 11:26:00,baseline,112.9032258,118.17196359296875,107.02645874023438
1,0.9,mondrian,2025-05-01 12:52:00,baseline,112.0,114.79285134931641,103.64734649658203
1,0.9,mondrian,2025-05-01 14:18:00,baseline,97.5483871,113.9460724796875,102.80056762695312
1,0.9,mondrian,2025-05-01 15:43:00,baseline,96.64516129,105.38446511884766,94.23896026611328
1,0.9,mondrian,2025-05-01 17:09:00,baseline,95.74193548,96.4159440006836,85.27043914794922
1,0.9,mondrian,2025-05-01 18:35:00,baseline,61.87096774,101.08091439863281,89.93540954589844
1,0.9,mondrian,2025-05-01 20:00:00,baseline,62.32258065,78.67496194501953,67.52945709228516
1,0.9,mondrian,2025-05-01 21:26:00,baseline,85.35483871,93.30307473798828,82.1575698852539
1,0.9,mondrian,2025-05-01 22:51:00,baseline,87.16129032,101.18793954511719,90.04243469238281
1,0.9,mondrian,2025-05-02 00:17:00,baseline,87.16129032,104.80849160810547,93.6629867553711
1,0.9,mondrian,2025-05-02 01:43:00,baseline,87.16129032,100.70590676923828,89.5604019165039
1,0.9,mondrian,2025-05-02 03:08:00,baseline,87.16129032,103.97044076582031,92.82493591308594
1,0.9,mondrian,2025-05-02 04:34:00,baseline,87.16129032,104.6724137272461,93.52690887451172
1,0.9,mondrian,2025-05-02 05:59:00,baseline,109.2903226,104.73615731855469,93.59065246582031
1,0.9,mondrian,2025-05-02 07:25:00,baseline,107.483871,114.77848519941406,103.63298034667969
1,0.9,mondrian,2025-05-02 08:51:00,baseline,107.483871,117.14686288496094,106.00135803222656
1,0.9,mondrian,2025-05-02 10:16:00,baseline,106.1290323,112.49429788251953,101.34879302978516
1,0.9,mondrian,2025-05-02 11:42:00,baseline,96.19354839,111.97577371259766,100.83026885986328
1,0.9,mondrian,2025-05-02 13:08:00,baseline,94.83870968,107.07014932294922,95.92464447021484
1,0.9,mondrian,2025-05-02 14:33:00,baseline,60.06451613,96.68947305341797,85.5439682006836
1,0.9,mondrian,2025-05-02 15:59:00,baseline,60.06451613,73.4418114628418,62.29630661010742
1,0.9,mondrian,2025-05-02 17:24:00,baseline,60.51612903,80.50497140546875,69.35946655273438
1,0.9,mondrian,2025-05-02 18:50:00,baseline,82.19354839,96.52527322431641,85.37976837158203
1,0.9,mondrian,2025-05-02 20:16:00,baseline,82.64516129,97.76184548994141,86.61634063720703
1,0.9,mondrian,2025-05-02 21:41:00,baseline,91.67741935,98.81737222333985,87.67186737060547
1,0.9,mondrian,2025-05-02 23:07:00,baseline,92.58064516,101.59663858076172,90.45113372802734
1,0.9,mondrian,2025-05-03 00:32:00,elevated_risk,92.58064516,102.99874581953125,91.85324096679688
1,0.9,mondrian,2025-05-03 01:58:00,elevated_risk,116.0645161,107.93375863691406,96.78825378417969
1,0.9,mondrian,2025-05-03 03:24:00,elevated_risk,116.516129,114.45241250654297,103.3069076538086
1,0.9,mondrian,2025-05-03 04:49:00,elevated_risk,116.516129,118.46228494306641,107.31678009033203
1,0.9,mondrian,2025-05-03 06:15:00,elevated_risk,116.516129,114.64038552900391,103.49488067626953
1,0.9,mondrian,2025-05-03 07:40:00,elevated_risk,116.516129,118.86198129316406,107.71647644042969
1,0.9,mondrian,2025-05-03 09:06:00,elevated_risk,94.38709677,120.0271271671875,108.88162231445312
1,0.9,mondrian,2025-05-03 10:32:00,elevated_risk,93.48387097,100.55415048261719,89.40864562988281
1,0.9,mondrian,2025-05-03 11:57:00,elevated_risk,92.12903226,91.12152566572266,79.97602081298828
1,0.9,mondrian,2025-05-03 13:23:00,elevated_risk,60.06451613,94.87218179365235,83.72667694091797
1,0.9,mondrian,2025-05-03 14:49:00,elevated_risk,60.51612903,78.56509866376953,67.41959381103516
1,0.9,mondrian,2025-05-03 16:14:00,elevated_risk,81.29032258,89.74152078291016,78.59601593017578
1,0.9,mondrian,2025-05-03 17:40:00,elevated_risk,82.19354839,100.53088082929688,89.3853759765625
1,0.9,mondrian,2025-05-03 19:05:00,elevated_risk,82.64516129,99.37716378828125,88.23165893554688
1,0.9,mondrian,2025-05-03 20:31:00,elevated_risk,84.0,102.5877961125,91.44229125976562
1,0.9,mondrian,2025-05-03 21:57:00,elevated_risk,104.3225806,98.09955300947266,86.95404815673828
1,0.9,mondrian,2025-05-03 23:22:00,elevated_risk,104.3225806,115.28706063886719,104.14155578613281
1,0.9,mondrian,2025-05-04 00:48:00,baseline,104.7741935,116.68035592695313,105.53485107421875
1,0.9,mondrian,2025-05-04 02:13:00,baseline,104.7741935,115.3750275578125,104.22952270507812
1,0.9,mondrian,2025-05-04 03:39:00,baseline,104.3225806,114.12083139082031,102.97532653808594
1,0.9,mondrian,2025-05-04 05:05:00,baseline,102.0645161,106.93813027998047,95.7926254272461
1,0.9,mondrian,2025-05-04 06:30:00,baseline,89.87096774,103.69627084394531,92.55076599121094
1,0.9,mondrian,2025-05-04 07:56:00,baseline,88.96774194,97.4645279850586,86.31902313232422
1,0.9,mondrian,2025-05-04 09:22:00,baseline,60.06451613,93.76426400800781,82.61875915527344
1,0.9,mondrian,2025-05-04 10:47:00,baseline,61.87096774,73.01173104902344,61.86622619628906
1,0.9,mondrian,2025-05-04 12:13:00,baseline,61.87096774,78.56847848554688,67.4229736328125
1,0.9,mondrian,2025-05-04 13:38:00,baseline,82.64516129,97.69463815351563,86.54913330078125
1,0.9,mondrian,2025-05-04 15:04:00,baseline,83.5483871,99.00475778242188,87.8592529296875
1,0.9,mondrian,2025-05-04 16:30:00,baseline,88.51612903,98.91043557783203,87.76493072509766
1,0.9,mondrian,2025-05-04 17:55:00,baseline,89.41935484,97.72337045332031,86.57786560058594
1,0.9,aci,2025-04-30 21:10:00,baseline,65.03225806,78.5352066959961,67.38970184326172
1,0.9,aci,2025-04-30 22:36:00,baseline,65.03225806,89.05698815742187,77.91405487060547
1,0.9,aci,2025-05-01 00:02:00,baseline,88.96774194,102.36985459833984,91.51415252685547
1,0.9,aci,2025-05-01 01:27:00,baseline,89.41935484,101.88913407832031,91.03343200683594
1,0.9,aci,2025-05-01 02:53:00,baseline,94.38709677,102.12728983828126,91.61994171142578
1,0.9,aci,2025-05-01 04:18:00,baseline,95.29032258,101.24059591630859,90.98309326171875
1,0.9,aci,2025-05-01 05:44:00,baseline,95.29032258,109.23361752011719,99.27986907958984
1,0.9,aci,2025-05-01 07:10:00,baseline,112.9032258,107.540440690625,98.06793212890625
1,0.9,aci,2025-05-01 08:35:00,baseline,112.9032258,118.20586641244141,105.35671997070312
1,0.9,aci,2025-05-01 10:01:00,baseline,112.9032258,123.09841401986328,110.249267578125
1,0.9,aci,2025-05-01 11:26:00,baseline,112.9032258,118.17196359296875,107.02645874023438
1,0.9,aci,2025-05-01 12:52:00,baseline,112.0,114.79027978339843,103.64734649658203
1,0.9,aci,2025-05-01 14:18:00,baseline,97.5483871,113.6562696984375,102.80056762695312
1,0.9,aci,2025-05-01 15:43:00,baseline,96.64516129,104.74630839296876,94.23896026611328
1,0.9,aci,2025-05-01 17:09:00,baseline,95.74193548,95.7777872748047,85.27043914794922
1,0.9,aci,2025-05-01 18:35:00,baseline,61.87096774,100.40690587794921,89.93540954589844
1,0.9,aci,2025-05-01 20:00:00,baseline,62.32258065,77.786959746875,67.52945709228516
1,0.9,aci,2025-05-01 21:26:00,baseline,85.35483871,92.11131832578126,82.1575698852539
1,0.9,aci,2025-05-01 22:51:00,baseline,87.16129032,99.51494325410157,90.04243469238281
1,0.9,aci,2025-05-02 00:17:00,baseline,87.16129032,102.88991029671875,93.6629867553711
1,0.9,aci,2025-05-02 01:43:00,baseline,87.16129032,97.91305541992188,89.5604019165039
1,0.9,aci,2025-05-02 03:08:00,baseline,87.16129032,101.1775894165039,92.82493591308594
1,0.9,aci,2025-05-02 04:34:00,baseline,87.16129032,101.67674209375,93.52690887451172
1,0.9,aci,2025-05-02 05:59:00,baseline,109.2903226,101.58105246767578,93.59065246582031
1,0.9,aci,2025-05-02 07:25:00,baseline,107.483871,114.10447667873046,103.63298034667969
1,0.9,aci,2025-05-02 08:51:00,baseline,107.483871,116.2588606868164,106.00135803222656
1,0.9,aci,2025-05-02 10:16:00,baseline,106.1290323,111.606295684375,101.34879302978516
1,0.9,aci,2025-05-02 11:42:00,baseline,96.19354839,110.78401730039063,100.83026885986328
1,0.9,aci,2025-05-02 13:08:00,baseline,94.83870968,105.3971530319336,95.92464447021484
1,0.9,aci,2025-05-02 14:33:00,baseline,60.06451613,94.77089174203125,85.5439682006836
1,0.9,aci,2025-05-02 15:59:00,baseline,60.06451613,70.64896011352539,62.29630661010742
1,0.9,aci,2025-05-02 17:24:00,baseline,60.51612903,77.50929977197265,69.35946655273438
1,0.9,aci,2025-05-02 18:50:00,baseline,82.19354839,93.3701683734375,85.37976837158203
1,0.9,aci,2025-05-02 20:16:00,baseline,82.64516129,94.56897416621094,86.61634063720703
1,0.9,aci,2025-05-02 21:41:00,baseline,91.67741935,95.21837319990235,87.67186737060547
1,0.9,aci,2025-05-02 23:07:00,baseline,92.58064516,97.93557397285156,90.45113372802734
1,0.9,aci,2025-05-03 00:32:00,elevated_risk,92.58064516,99.18277125527344,91.85324096679688
1,0.9,aci,2025-05-03 01:58:00,elevated_risk,116.0645161,103.37878052998047,96.78825378417969
1,0.9,aci,2025-05-03 03:24:00,elevated_risk,116.516129,112.53383119515625,103.3069076538086
1,0.9,aci,2025-05-03 04:49:00,elevated_risk,116.516129,120.16592653207032,107.31678009033203
1,0.9,aci,2025-05-03 06:15:00,elevated_risk,116.516129,114.64038552900391,103.49488067626953
1,0.9,aci,2025-05-03 07:40:00,elevated_risk,116.516129,122.55177011152344,107.71647644042969
1,0.9,aci,2025-05-03 09:06:00,elevated_risk,94.38709677,123.56103811601562,108.88162231445312
1,0.9,aci,2025-05-03 10:32:00,elevated_risk,93.48387097,102.87770326546875,89.40864562988281
1,0.9,aci,2025-05-03 11:57:00,elevated_risk,92.12903226,93.44507844857422,79.97602081298828
1,0.9,aci,2025-05-03 13:23:00,elevated_risk,60.06451613,97.15193768222656,83.72667694091797
1,0.9,aci,2025-05-03 14:49:00,elevated_risk,60.51612903,80.62881515722657,67.41959381103516
1,0.9,aci,2025-05-03 16:14:00,elevated_risk,81.29032258,91.61726425390626,78.59601593017578
1,0.9,aci,2025-05-03 17:40:00,elevated_risk,82.19354839,102.30034539458984,89.3853759765625
1,0.9,aci,2025-05-03 19:05:00,elevated_risk,82.64516129,101.08080537728516,88.23165893554688
1,0.9,aci,2025-05-03 20:31:00,elevated_risk,84.0,103.59530270677735,91.44229125976562
1,0.9,aci,2025-05-03 21:57:00,elevated_risk,104.3225806,98.09955300947266,86.95404815673828
1,0.9,aci,2025-05-03 23:22:00,elevated_risk,104.3225806,118.97684945722656,104.14155578613281
1,0.9,aci,2025-05-04 00:48:00,baseline,104.7741935,120.21426687578125,105.53485107421875
1,0.9,aci,2025-05-04 02:13:00,baseline,104.7741935,117.69858034066407,104.22952270507812
1,0.9,aci,2025-05-04 03:39:00,baseline,104.3225806,116.40058727939453,102.97532653808594
1,0.9,aci,2025-05-04 05:05:00,baseline,102.0645161,109.0018467734375,95.7926254272461
1,0.9,aci,2025-05-04 06:30:00,baseline,89.87096774,105.57201431494141,92.55076599121094
1,0.9,aci,2025-05-04 07:56:00,baseline,88.96774194,99.23399255035156,86.31902313232422
1,0.9,aci,2025-05-04 09:22:00,baseline,60.06451613,95.46790559701172,82.61875915527344
1,0.9,aci,2025-05-04 10:47:00,baseline,61.87096774,74.01923764330078,61.86622619628906
1,0.9,aci,2025-05-04 12:13:00,baseline,61.87096774,78.56847848554688,67.4229736328125
1,0.9,aci,2025-05-04 13:38:00,baseline,82.64516129,97.69206658759765,86.54913330078125
1,0.9,aci,2025-05-04 15:04:00,baseline,83.5483871,98.71495500117187,87.8592529296875
1,0.9,aci,2025-05-04 16:30:00,baseline,88.51612903,98.27227885195313,87.76493072509766
1,0.9,aci,2025-05-04 17:55:00,baseline,89.41935484,96.83536825517578,86.57786560058594
1,0.95,marginal,2025-04-30 21:10:00,baseline,65.03225806,83.58979751367187,67.38970184326172
1,0.95,marginal,2025-04-30 22:36:00,baseline,65.03225806,94.11415054101562,77.91405487060547
1,0.95,marginal,2025-05-01 00:02:00,baseline,88.96774194,107.71424819726562,91.51415252685547
1,0.95,marginal,2025-05-01 01:27:00,baseline,89.41935484,107.23352767724609,91.03343200683594
1,0.95,marginal,2025-05-01 02:53:00,baseline,94.38709677,107.82003738183593,91.61994171142578
1,0.95,marginal,2025-05-01 04:18:00,baseline,95.29032258,107.1831889321289,90.98309326171875
1,0.95,marginal,2025-05-01 05:44:00,baseline,95.29032258,115.47996475,99.27986907958984
1,0.95,marginal,2025-05-01 07:10:00,baseline,112.9032258,114.2680277993164,98.06793212890625
1,0.95,marginal,2025-05-01 08:35:00,baseline,112.9032258,121.55681564111327,105.35671997070312
1,0.95,marginal,2025-05-01 10:01:00,baseline,112.9032258,126.44936324853515,110.249267578125
1,0.95,marginal,2025-05-01 11:26:00,baseline,112.9032258,123.22655441064452,107.02645874023438
1,0.95,marginal,2025-05-01 12:52:00,baseline,112.0,119.84744216699218,103.64734649658203
1,0.95,marginal,2025-05-01 14:18:00,baseline,97.5483871,119.00066329736327,102.80056762695312
1,0.95,marginal,2025-05-01 15:43:00,baseline,96.64516129,110.43905593652343,94.23896026611328
1,0.95,marginal,2025-05-01 17:09:00,baseline,95.74193548,101.47053481835937,85.27043914794922
1,0.95,marginal,2025-05-01 18:35:00,baseline,61.87096774,106.13550521630859,89.93540954589844
1,0.95,marginal,2025-05-01 20:00:00,baseline,62.32258065,83.7295527626953,67.52945709228516
1,0.95,marginal,2025-05-01 21:26:00,baseline,85.35483871,98.35766555566406,82.1575698852539
1,0.95,marginal,2025-05-01 22:51:00,baseline,87.16129032,106.24253036279296,90.04243469238281
1,0.95,marginal,2025-05-02 00:17:00,baseline,87.16129032,109.86308242578124,93.6629867553711
1,0.95,marginal,2025-05-02 01:43:00,baseline,87.16129032,105.76049758691406,89.5604019165039
1,0.95,marginal,2025-05-02 03:08:00,baseline,87.16129032,109.02503158349609,92.82493591308594
1,0.95,marginal,2025-05-02 04:34:00,baseline,87.16129032,109.72700454492187,93.52690887451172
1,0.95,marginal,2025-05-02 05:59:00,baseline,109.2903226,109.79074813623046,93.59065246582031
1,0.95,marginal,2025-05-02 07:25:00,baseline,107.483871,119.83307601708984,103.63298034667969
1,0.95,marginal,2025-05-02 08:51:00,baseline,107.483871,122.20145370263671,106.00135803222656
1,0.95,marginal,2025-05-02 10:16:00,baseline,106.1290323,117.5488887001953,101.34879302978516
1,0.95,marginal,2025-05-02 11:42:00,baseline,96.19354839,117.03036453027343,100.83026885986328
1,0.95,marginal,2025-05-02 13:08:00,baseline,94.83870968,112.124740140625,95.92464447021484
1,0.95,marginal,2025-05-02 14:33:00,baseline,60.06451613,101.74406387109374,85.5439682006836
1,0.95,marginal,2025-05-02 15:59:00,baseline,60.06451613,78.49640228051757,62.29630661010742
1,0.95,marginal,2025-05-02 17:24:00,baseline,60.51612903,85.55956222314452,69.35946655273438
1,0.95,marginal,2025-05-02 18:50:00,baseline,82.19354839,101.57986404199218,85.37976837158203
1,0.95,marginal,2025-05-02 20:16:00,baseline,82.64516129,102.81643630761718,86.61634063720703
1,0.95,marginal,2025-05-02 21:41:00,baseline,91.67741935,103.87196304101562,87.67186737060547
1,0.95,marginal,2025-05-02 23:07:00,baseline,92.58064516,106.6512293984375,90.45113372802734
1,0.95,marginal,2025-05-03 00:32:00,elevated_risk,92.58064516,108.05333663720702,91.85324096679688
1,0.95,marginal,2025-05-03 01:58:00,elevated_risk,116.0645161,112.98834945458984,96.78825378417969
1,0.95,marginal,2025-05-03 03:24:00,elevated_risk,116.516129,119.50700332421874,103.3069076538086
1,0.95,marginal,2025-05-03 04:49:00,elevated_risk,116.516129,123.51687576074218,107.31678009033203
1,0.95,marginal,2025-05-03 06:15:00,elevated_risk,116.516129,119.69497634667968,103.49488067626953
1,0.95,marginal,2025-05-03 07:40:00,elevated_risk,116.516129,123.91657211083984,107.71647644042969
1,0.95,marginal,2025-05-03 09:06:00,elevated_risk,94.38709677,125.08171798486327,108.88162231445312
1,0.95,marginal,2025-05-03 10:32:00,elevated_risk,93.48387097,105.60874130029296,89.40864562988281
1,0.95,marginal,2025-05-03 11:57:00,elevated_risk,92.12903226,96.17611648339843,79.97602081298828
1,0.95,marginal,2025-05-03 13:23:00,elevated_risk,60.06451613,99.92677261132812,83.72667694091797
1,0.95,marginal,2025-05-03 14:49:00,elevated_risk,60.51612903,83.6196894814453,67.41959381103516
1,0.95,marginal,2025-05-03 16:14:00,elevated_risk,81.29032258,94.79611160058593,78.59601593017578
1,0.95,marginal,2025-05-03 17:40:00,elevated_risk,82.19354839,105.58547164697265,89.3853759765625
1,0.95,marginal,2025-05-03 19:05:00,elevated_risk,82.64516129,104.43175460595702,88.23165893554688
1,0.95,marginal,2025-05-03 20:31:00,elevated_risk,84.0,107.64238693017577,91.44229125976562
1,0.95,marginal,2025-05-03 21:57:00,elevated_risk,104.3225806,103.15414382714843,86.95404815673828
1,0.95,marginal,2025-05-03 23:22:00,elevated_risk,104.3225806,120.34165145654296,104.14155578613281
1,0.95,marginal,2025-05-04 00:48:00,baseline,104.7741935,121.7349467446289,105.53485107421875
1,0.95,marginal,2025-05-04 02:13:00,baseline,104.7741935,120.42961837548827,104.22952270507812
1,0.95,marginal,2025-05-04 03:39:00,baseline,104.3225806,119.17542220849609,102.97532653808594
1,0.95,marginal,2025-05-04 05:05:00,baseline,102.0645161,111.99272109765624,95.7926254272461
1,0.95,marginal,2025-05-04 06:30:00,baseline,89.87096774,108.75086166162109,92.55076599121094
1,0.95,marginal,2025-05-04 07:56:00,baseline,88.96774194,102.51911880273437,86.31902313232422
1,0.95,marginal,2025-05-04 09:22:00,baseline,60.06451613,98.81885482568359,82.61875915527344
1,0.95,marginal,2025-05-04 10:47:00,baseline,61.87096774,78.06632186669921,61.86622619628906
1,0.95,marginal,2025-05-04 12:13:00,baseline,61.87096774,83.62306930322265,67.4229736328125
1,0.95,marginal,2025-05-04 13:38:00,baseline,82.64516129,102.7492289711914,86.54913330078125
1,0.95,marginal,2025-05-04 15:04:00,baseline,83.5483871,104.05934860009765,87.8592529296875
1,0.95,marginal,2025-05-04 16:30:00,baseline,88.51612903,103.9650263955078,87.76493072509766
1,0.95,marginal,2025-05-04 17:55:00,baseline,89.41935484,102.77796127099609,86.57786560058594
1,0.95,adaptive,2025-04-30 21:10:00,baseline,65.03225806,80.5764854645028,67.38970184326172
1,0.95,adaptive,2025-04-30 22:36:00,baseline,65.03225806,92.272169551684,77.91405487060547
1,0.95,adaptive,2025-05-01 00:02:00,baseline,88.96774194,103.59701708350967,91.51415252685547
1,0.95,adaptive,2025-05-01 01:27:00,baseline,89.41935484,101.0758652620411,91.03343200683594
1,0.95,adaptive,2025-05-01 02:53:00,baseline,94.38709677,100.47480672975638,91.61994171142578
1,0.95,adaptive,2025-05-01 04:18:00,baseline,95.29032258,103.68485347609916,90.98309326171875
1,0.95,adaptive,2025-05-01 05:44:00,baseline,95.29032258,109.8861852311764,99.27986907958984
1,0.95,adaptive,2025-05-01 07:10:00,baseline,112.9032258,112.59311558401826,98.06793212890625
1,0.95,adaptive,2025-05-01 08:35:00,baseline,112.9032258,122.47627915317946,105.35671997070312
1,0.95,adaptive,2025-05-01 10:01:00,baseline,112.9032258,131.306819491779,110.249267578125
1,0.95,adaptive,2025-05-01 11:26:00,baseline,112.9032258,129.56452149546146,107.02645874023438
1,0.95,adaptive,2025-05-01 12:52:00,baseline,112.0,126.13746365684852,103.64734649658203
1,0.95,adaptive,2025-05-01 14:18:00,baseline,97.5483871,125.47465306309257,102.80056762695312
1,0.95,adaptive,2025-05-01 15:43:00,baseline,96.64516129,116.92822907411382,94.23896026611328
1,0.95,adaptive,2025-05-01 17:09:00,baseline,95.74193548,96.71369546002937,85.27043914794922
1,0.95,adaptive,2025-05-01 18:35:00,baseline,61.87096774,101.83945981300235,89.93540954589844
1,0.95,adaptive,2025-05-01 20:00:00,baseline,62.32258065,76.26159028054246,67.52945709228516
1,0.95,adaptive,2025-05-01 21:26:00,baseline,85.35483871,94.66471533300225,82.1575698852539
1,0.95,adaptive,2025-05-01 22:51:00,baseline,87.16129032,95.87380771571975,90.04243469238281
1,0.95,adaptive,2025-05-02 00:17:00,baseline,87.16129032,98.98682440458596,93.6629867553711
1,0.95,adaptive,2025-05-02 01:43:00,baseline,87.16129032,115.1223655634455,89.5604019165039
1,0.95,adaptive,2025-05-02 03:08:00,baseline,87.16129032,111.84822577067592,92.82493591308594
1,0.95,adaptive,2025-05-02 04:34:00,baseline,87.16129032,113.52807217280719,93.52690887451172
1,0.95,adaptive,2025-05-02 05:59:00,baseline,109.2903226,112.63887904815668,93.59065246582031
1,0.95,adaptive,2025-05-02 07:25:00,baseline,107.483871,107.07515030471563,103.63298034667969
1,0.95,adaptive,2025-05-02 08:51:00,baseline,107.483871,109.70990087679074,106.00135803222656
1,0.95,adaptive,2025-05-02 10:16:00,baseline,106.1290323,115.60994990960656,101.34879302978516
1,0.95,adaptive,2025-05-02 11:42:00,baseline,96.19354839,120.3098129602589,100.83026885986328
1,0.95,adaptive,2025-05-02 13:08:00,baseline,94.83870968,111.93110273235163,95.92464447021484
1,0.95,adaptive,2025-05-02 14:33:00,baseline,60.06451613,103.82785311397262,85.5439682006836
1,0.95,adaptive,2025-05-02 15:59:00,baseline,60.06451613,91.69207283901169,62.29630661010742
1,0.95,adaptive,2025-05-02 17:24:00,baseline,60.51612903,91.21390508152756,69.35946655273438
1,0.95,adaptive,2025-05-02 18:50:00,baseline,82.19354839,104.72302321808618,85.37976837158203
1,0.95,adaptive,2025-05-02 20:16:00,baseline,82.64516129,98.08493631136369,86.61634063720703
1,0.95,adaptive,2025-05-02 21:41:00,baseline,91.67741935,94.62156012683232,87.67186737060547
1,0.95,adaptive,2025-05-02 23:07:00,baseline,92.58064516,98.60009403016178,90.45113372802734
1,0.95,adaptive,2025-05-03 00:32:00,elevated_risk,92.58064516,101.79519360533016,91.85324096679688
1,0.95,adaptive,2025-05-03 01:58:00,elevated_risk,116.0645161,120.55419877534159,96.78825378417969
1,0.95,adaptive,2025-05-03 03:24:00,elevated_risk,116.516129,116.97213249023505,103.3069076538086
1,0.95,adaptive,2025-05-03 04:49:00,elevated_risk,116.516129,130.80773360135342,107.31678009033203
1,0.95,adaptive,2025-05-03 06:15:00,elevated_risk,116.516129,127.16258750144772,103.49488067626953
1,0.95,adaptive,2025-05-03 07:40:00,elevated_risk,116.516129,136.4675161350986,107.71647644042969
1,0.95,adaptive,2025-05-03 09:06:00,elevated_risk,94.38709677,147.81539475359648,108.88162231445312
1,0.95,adaptive,2025-05-03 10:32:00,elevated_risk,93.48387097,117.03607530771417,89.40864562988281
1,0.95,adaptive,2025-05-03 11:57:00,elevated_risk,92.12903226,121.09500458838926,79.97602081298828
1,0.95,adaptive,2025-05-03 13:23:00,elevated_risk,60.06451613,101.7170298271817,83.72667694091797
1,0.95,adaptive,2025-05-03 14:49:00,elevated_risk,60.51612903,81.79031007642475,67.41959381103516
1,0.95,adaptive,2025-05-03 16:14:00,elevated_risk,81.29032258,96.84214615168419,78.59601593017578
1,0.95,adaptive,2025-05-03 17:40:00,elevated_risk,82.19354839,102.89943856533577,89.3853759765625
1,0.95,adaptive,2025-05-03 19:05:00,elevated_risk,82.64516129,92.27946028490842,88.23165893554688
1,0.95,adaptive,2025-05-03 20:31:00,elevated_risk,84.0,115.388724876026,91.44229125976562
1,0.95,adaptive,2025-05-03 21:57:00,elevated_risk,104.3225806,114.83853065857589,86.95404815673828
1,0.95,adaptive,2025-05-03 23:22:00,elevated_risk,104.3225806,109.83931921968535,104.14155578613281
1,0.95,adaptive,2025-05-04 00:48:00,baseline,104.7741935,110.56377466688323,105.53485107421875
1,0.95,adaptive,2025-05-04 02:13:00,baseline,104.7741935,117.17199172153367,104.22952270507812
1,0.95,adaptive,2025-05-04 03:39:00,baseline,104.3225806,114.12569403391977,102.97532653808594
1,0.95,adaptive,2025-05-04 05:05:00,baseline,102.0645161,103.7129596009801,95.7926254272461
1,0.95,adaptive,2025-05-04 06:30:00,baseline,89.87096774,112.88858403697131,92.55076599121094
1,0.95,adaptive,2025-05-04 07:56:00,baseline,88.96774194,98.37039889761846,86.31902313232422
1,0.95,adaptive,2025-05-04 09:22:00,baseline,60.06451613,99.14274035670687,82.61875915527344
1,0.95,adaptive,2025-05-04 10:47:00,baseline,61.87096774,92.0520374921366,61.86622619628906
1,0.95,adaptive,2025-05-04 12:13:00,baseline,61.87096774,96.28237802772264,67.4229736328125
1,0.95,adaptive,2025-05-04 13:38:00,baseline,82.64516129,118.77113102135927,86.54913330078125
1,0.95,adaptive,2025-05-04 15:04:00,baseline,83.5483871,96.51772128229345,87.8592529296875
1,0.95,adaptive,2025-05-04 16:30:00,baseline,88.51612903,94.31743698428686,87.76493072509766
1,0.95,adaptive,2025-05-04 17:55:00,baseline,89.41935484,94.34454738203019,86.57786560058594
1,0.95,mondrian,2025-04-30 21:10:00,baseline,65.03225806,83.58979751367187,67.38970184326172
1,0.95,mondrian,2025-04-30 22:36:00,baseline,65.03225806,94.11415054101562,77.91405487060547
1,0.95,mondrian,2025-05-01 00:02:00,baseline,88.96774194,107.71424819726562,91.51415252685547
1,0.95,mondrian,2025-05-01 01:27:00,baseline,89.41935484,107.23352767724609,91.03343200683594
1,0.95,mondrian,2025-05-01 02:53:00,baseline,94.38709677,107.82003738183593,91.61994171142578
1,0.95,mondrian,2025-05-01 04:18:00,baseline,95.29032258,107.1831889321289,90.98309326171875
1,0.95,mondrian,2025-05-01 05:44:00,baseline,95.29032258,115.47996475,99.27986907958984
1,0.95,mondrian,2025-05-01 07:10:00,baseline,112.9032258,114.2680277993164,98.06793212890625
1,0.95,mondrian,2025-05-01 08:35:00,baseline,112.9032258,121.55681564111327,105.35671997070312
1,0.95,mondrian,2025-05-01 10:01:00,baseline,112.9032258,126.44936324853515,110.249267578125
1,0.95,mondrian,2025-05-01 11:26:00,baseline,112.9032258,123.22655441064452,107.02645874023438
1,0.95,mondrian,2025-05-01 12:52:00,baseline,112.0,119.84744216699218,103.64734649658203
1,0.95,mondrian,2025-05-01 14:18:00,baseline,97.5483871,119.00066329736327,102.80056762695312
1,0.95,mondrian,2025-05-01 15:43:00,baseline,96.64516129,110.43905593652343,94.23896026611328
1,0.95,mondrian,2025-05-01 17:09:00,baseline,95.74193548,101.47053481835937,85.27043914794922
1,0.95,mondrian,2025-05-01 18:35:00,baseline,61.87096774,106.13550521630859,89.93540954589844
1,0.95,mondrian,2025-05-01 20:00:00,baseline,62.32258065,83.7295527626953,67.52945709228516
1,0.95,mondrian,2025-05-01 21:26:00,baseline,85.35483871,98.35766555566406,82.1575698852539
1,0.95,mondrian,2025-05-01 22:51:00,baseline,87.16129032,106.24253036279296,90.04243469238281
1,0.95,mondrian,2025-05-02 00:17:00,baseline,87.16129032,109.86308242578124,93.6629867553711
1,0.95,mondrian,2025-05-02 01:43:00,baseline,87.16129032,105.76049758691406,89.5604019165039
1,0.95,mondrian,2025-05-02 03:08:00,baseline,87.16129032,109.02503158349609,92.82493591308594
1,0.95,mondrian,2025-05-02 04:34:00,baseline,87.16129032,109.72700454492187,93.52690887451172
1,0.95,mondrian,2025-05-02 05:59:00,baseline,109.2903226,109.79074813623046,93.59065246582031
1,0.95,mondrian,2025-05-02 07:25:00,baseline,107.483871,119.83307601708984,103.63298034667969
1,0.95,mondrian,2025-05-02 08:51:00,baseline,107.483871,122.20145370263671,106.00135803222656
1,0.95,mondrian,2025-05-02 10:16:00,baseline,106.1290323,117.5488887001953,101.34879302978516
1,0.95,mondrian,2025-05-02 11:42:00,baseline,96.19354839,117.03036453027343,100.83026885986328
1,0.95,mondrian,2025-05-02 13:08:00,baseline,94.83870968,112.124740140625,95.92464447021484
1,0.95,mondrian,2025-05-02 14:33:00,baseline,60.06451613,101.74406387109374,85.5439682006836
1,0.95,mondrian,2025-05-02 15:59:00,baseline,60.06451613,78.49640228051757,62.29630661010742
1,0.95,mondrian,2025-05-02 17:24:00,baseline,60.51612903,85.55956222314452,69.35946655273438
1,0.95,mondrian,2025-05-02 18:50:00,baseline,82.19354839,101.57986404199218,85.37976837158203
1,0.95,mondrian,2025-05-02 20:16:00,baseline,82.64516129,102.81643630761718,86.61634063720703
1,0.95,mondrian,2025-05-02 21:41:00,baseline,91.67741935,103.87196304101562,87.67186737060547
1,0.95,mondrian,2025-05-02 23:07:00,baseline,92.58064516,106.6512293984375,90.45113372802734
1,0.95,mondrian,2025-05-03 00:32:00,elevated_risk,92.58064516,108.05333663720702,91.85324096679688
1,0.95,mondrian,2025-05-03 01:58:00,elevated_risk,116.0645161,112.98834945458984,96.78825378417969
1,0.95,mondrian,2025-05-03 03:24:00,elevated_risk,116.516129,119.50700332421874,103.3069076538086
1,0.95,mondrian,2025-05-03 04:49:00,elevated_risk,116.516129,123.51687576074218,107.31678009033203
1,0.95,mondrian,2025-05-03 06:15:00,elevated_risk,116.516129,119.69497634667968,103.49488067626953
1,0.95,mondrian,2025-05-03 07:40:00,elevated_risk,116.516129,123.91657211083984,107.71647644042969
1,0.95,mondrian,2025-05-03 09:06:00,elevated_risk,94.38709677,125.08171798486327,108.88162231445312
1,0.95,mondrian,2025-05-03 10:32:00,elevated_risk,93.48387097,105.60874130029296,89.40864562988281
1,0.95,mondrian,2025-05-03 11:57:00,elevated_risk,92.12903226,96.17611648339843,79.97602081298828
1,0.95,mondrian,2025-05-03 13:23:00,elevated_risk,60.06451613,99.92677261132812,83.72667694091797
1,0.95,mondrian,2025-05-03 14:49:00,elevated_risk,60.51612903,83.6196894814453,67.41959381103516
1,0.95,mondrian,2025-05-03 16:14:00,elevated_risk,81.29032258,94.79611160058593,78.59601593017578
1,0.95,mondrian,2025-05-03 17:40:00,elevated_risk,82.19354839,105.58547164697265,89.3853759765625
1,0.95,mondrian,2025-05-03 19:05:00,elevated_risk,82.64516129,104.43175460595702,88.23165893554688
1,0.95,mondrian,2025-05-03 20:31:00,elevated_risk,84.0,107.64238693017577,91.44229125976562
1,0.95,mondrian,2025-05-03 21:57:00,elevated_risk,104.3225806,103.15414382714843,86.95404815673828
1,0.95,mondrian,2025-05-03 23:22:00,elevated_risk,104.3225806,120.34165145654296,104.14155578613281
1,0.95,mondrian,2025-05-04 00:48:00,baseline,104.7741935,121.7349467446289,105.53485107421875
1,0.95,mondrian,2025-05-04 02:13:00,baseline,104.7741935,120.42961837548827,104.22952270507812
1,0.95,mondrian,2025-05-04 03:39:00,baseline,104.3225806,119.17542220849609,102.97532653808594
1,0.95,mondrian,2025-05-04 05:05:00,baseline,102.0645161,111.99272109765624,95.7926254272461
1,0.95,mondrian,2025-05-04 06:30:00,baseline,89.87096774,108.75086166162109,92.55076599121094
1,0.95,mondrian,2025-05-04 07:56:00,baseline,88.96774194,102.51911880273437,86.31902313232422
1,0.95,mondrian,2025-05-04 09:22:00,baseline,60.06451613,98.81885482568359,82.61875915527344
1,0.95,mondrian,2025-05-04 10:47:00,baseline,61.87096774,78.06632186669921,61.86622619628906
1,0.95,mondrian,2025-05-04 12:13:00,baseline,61.87096774,83.62306930322265,67.4229736328125
1,0.95,mondrian,2025-05-04 13:38:00,baseline,82.64516129,102.7492289711914,86.54913330078125
1,0.95,mondrian,2025-05-04 15:04:00,baseline,83.5483871,104.05934860009765,87.8592529296875
1,0.95,mondrian,2025-05-04 16:30:00,baseline,88.51612903,103.9650263955078,87.76493072509766
1,0.95,mondrian,2025-05-04 17:55:00,baseline,89.41935484,102.77796127099609,86.57786560058594
1,0.95,aci,2025-04-30 21:10:00,baseline,65.03225806,83.58979751367187,67.38970184326172
1,0.95,aci,2025-04-30 22:36:00,baseline,65.03225806,94.11415054101562,77.91405487060547
1,0.95,aci,2025-05-01 00:02:00,baseline,88.96774194,106.19356832841797,91.51415252685547
1,0.95,aci,2025-05-01 01:27:00,baseline,89.41935484,105.71284780839844,91.03343200683594
1,0.95,aci,2025-05-01 02:53:00,baseline,94.38709677,106.29935751298828,91.61994171142578
1,0.95,aci,2025-05-01 04:18:00,baseline,95.29032258,104.45215089730469,90.98309326171875
1,0.95,aci,2025-05-01 05:44:00,baseline,95.29032258,112.74892671517578,99.27986907958984
1,0.95,aci,2025-05-01 07:10:00,baseline,112.9032258,111.49319287021484,98.06793212890625
1,0.95,aci,2025-05-01 08:35:00,baseline,112.9032258,124.55662684609375,105.35671997070312
1,0.95,aci,2025-05-01 10:01:00,baseline,112.9032258,128.26048847763673,110.249267578125
1,0.95,aci,2025-05-01 11:26:00,baseline,112.9032258,125.03767963974609,107.02645874023438
1,0.95,aci,2025-05-01 12:52:00,baseline,112.0,121.65856739609374,103.64734649658203
1,0.95,aci,2025-05-01 14:18:00,baseline,97.5483871,119.50535685488282,102.80056762695312
1,0.95,aci,2025-05-01 15:43:00,baseline,96.64516129,110.94374949404298,94.23896026611328
1,0.95,aci,2025-05-01 17:09:00,baseline,95.74193548,101.97522837587891,85.27043914794922
1,0.95,aci,2025-05-01 18:35:00,baseline,61.87096774,106.50718246,89.93540954589844
1,0.95,aci,2025-05-01 20:00:00,baseline,62.32258065,84.10123000638671,67.52945709228516
1,0.95,aci,2025-05-01 21:26:00,baseline,85.35483871,98.35766555566406,82.1575698852539
1,0.95,aci,2025-05-01 22:51:00,baseline,87.16129032,106.24253036279296,90.04243469238281
1,0.95,aci,2025-05-02 00:17:00,baseline,87.16129032,109.86308242578124,93.6629867553711
1,0.95,aci,2025-05-02 01:43:00,baseline,87.16129032,104.39569558759766,89.5604019165039
1,0.95,aci,2025-05-02 03:08:00,baseline,87.16129032,107.66022958417969,92.82493591308594
1,0.95,aci,2025-05-02 04:34:00,baseline,87.16129032,108.20632467607422,93.52690887451172
1,0.95,aci,2025-05-02 05:59:00,baseline,109.2903226,108.27006826738281,93.59065246582031
1,0.95,aci,2025-05-02 07:25:00,baseline,107.483871,123.08905238780274,103.63298034667969
1,0.95,aci,2025-05-02 08:51:00,baseline,107.483871,125.45743007334961,106.00135803222656
1,0.95,aci,2025-05-02 10:16:00,baseline,106.1290323,120.54869990517578,101.34879302978516
1,0.95,aci,2025-05-02 11:42:00,baseline,96.19354839,120.0301757352539,100.83026885986328
1,0.95,aci,2025-05-02 13:08:00,baseline,94.83870968,113.93586536972656,95.92464447021484
1,0.95,aci,2025-05-02 14:33:00,baseline,60.06451613,103.5551891001953,85.5439682006836
1,0.95,aci,2025-05-02 15:59:00,baseline,60.06451613,80.30752750961913,62.29630661010742
1,0.95,aci,2025-05-02 17:24:00,baseline,60.51612903,86.06425578066407,69.35946655273438
1,0.95,aci,2025-05-02 18:50:00,baseline,82.19354839,102.08455759951173,85.37976837158203
1,0.95,aci,2025-05-02 20:16:00,baseline,82.64516129,103.18811355130859,86.61634063720703
1,0.95,aci,2025-05-02 21:41:00,baseline,91.67741935,104.24364028470703,87.67186737060547
1,0.95,aci,2025-05-02 23:07:00,baseline,92.58064516,106.6512293984375,90.45113372802734
1,0.95,aci,2025-05-03 00:32:00,elevated_risk,92.58064516,108.05333663720702,91.85324096679688
1,0.95,aci,2025-05-03 01:58:00,elevated_risk,116.0645161,112.98834945458984,96.78825378417969
1,0.95,aci,2025-05-03 03:24:00,elevated_risk,116.516129,122.76297969493164,103.3069076538086
1,0.95,aci,2025-05-03 04:49:00,elevated_risk,116.516129,126.77285213145508,107.31678009033203
1,0.95,aci,2025-05-03 06:15:00,elevated_risk,116.516129,122.95095271739258,103.49488067626953
1,0.95,aci,2025-05-03 07:40:00,elevated_risk,116.516129,127.17254848155274,107.71647644042969
1,0.95,aci,2025-05-03 09:06:00,elevated_risk,94.38709677,128.33769435557616,108.88162231445312
1,0.95,aci,2025-05-03 10:32:00,elevated_risk,93.48387097,108.86471767100586,89.40864562988281
1,0.95,aci,2025-05-03 11:57:00,elevated_risk,92.12903226,99.43209285411133,79.97602081298828
1,0.95,aci,2025-05-03 13:23:00,elevated_risk,60.06451613,103.00293925673829,83.72667694091797
1,0.95,aci,2025-05-03 14:49:00,elevated_risk,60.51612903,86.69585612685547,67.41959381103516
1,0.95,aci,2025-05-03 16:14:00,elevated_risk,81.29032258,97.7959228055664,78.59601593017578
1,0.95,aci,2025-05-03 17:40:00,elevated_risk,82.19354839,108.58528285195312,89.3853759765625
1,0.95,aci,2025-05-03 19:05:00,elevated_risk,82.64516129,107.4315658109375,88.23165893554688
1,0.95,aci,2025-05-03 20:31:00,elevated_risk,84.0,109.45351215927734,91.44229125976562
1,0.95,aci,2025-05-03 21:57:00,elevated_risk,104.3225806,104.96526905625,86.95404815673828
1,0.95,aci,2025-05-03 23:22:00,elevated_risk,104.3225806,121.51008822939453,104.14155578613281
1,0.95,aci,2025-05-04 00:48:00,baseline,104.7741935,122.90338351748046,105.53485107421875
1,0.95,aci,2025-05-04 02:13:00,baseline,104.7741935,120.93431193300782,104.22952270507812
1,0.95,aci,2025-05-04 03:39:00,baseline,104.3225806,119.68011576601563,102.97532653808594
1,0.95,aci,2025-05-04 05:05:00,baseline,102.0645161,112.36439834134765,95.7926254272461
1,0.95,aci,2025-05-04 06:30:00,baseline,89.87096774,109.1225389053125,92.55076599121094
1,0.95,aci,2025-05-04 07:56:00,baseline,88.96774194,102.51911880273437,86.31902313232422
1,0.95,aci,2025-05-04 09:22:00,baseline,60.06451613,98.81885482568359,82.61875915527344
1,0.95,aci,2025-05-04 10:47:00,baseline,61.87096774,77.56589633046875,61.86622619628906
1,0.95,aci,2025-05-04 12:13:00,baseline,61.87096774,83.12264376699218,67.4229736328125
1,0.95,aci,2025-05-04 13:38:00,baseline,82.64516129,101.384426971875,86.54913330078125
1,0.95,aci,2025-05-04 15:04:00,baseline,83.5483871,102.69454660078125,87.8592529296875
1,0.95,aci,2025-05-04 16:30:00,baseline,88.51612903,102.44434652666015,87.76493072509766
1,0.95,aci,2025-05-04 17:55:00,baseline,89.41935484,100.04692323617188,86.57786560058594
2,0.8,marginal,2025-05-04 19:21:00,baseline,89.41935484,95.58253876972657,87.77920532226562
2,0.8,marginal,2025-05-04 20:46:00,baseline,109.2903226,101.90425507832032,94.10092163085938
2,0.8,marginal,2025-05-04 22:12:00,baseline,109.2903226,110.50989930439454,102.7065658569336
2,0.8,marginal,2025-05-04 23:38:00,baseline,109.2903226,116.80016724873047,108.99683380126953
2,0.8,marginal,2025-05-05 01:03:00,baseline,109.7419355,114.75666444111329,106.95333099365234
2,0.8,marginal,2025-05-05 02:29:00,baseline,108.8387097,107.8238794069336,100.02054595947266
2,0.8,marginal,2025-05-05 03:55:00,baseline,51.93548387,113.46944062519532,105.66610717773438
2,0.8,marginal,2025-05-05 05:20:00,baseline,51.93548387,73.61895386982422,65.81562042236328
2,0.8,marginal,2025-05-05 06:46:00,baseline,51.48387097,78.0186807375,70.21534729003906
2,0.8,marginal,2025-05-05 08:11:00,baseline,60.06451613,93.77609650898438,85.97276306152344
2,0.8,marginal,2025-05-05 09:37:00,baseline,62.32258065,86.6264917116211,78.82315826416016
2,0.8,marginal,2025-05-05 11:03:00,baseline,83.5483871,87.37621705341797,79.57288360595703
2,0.8,marginal,2025-05-05 12:28:00,baseline,84.4516129,92.44791047382813,84.64457702636719
2,0.8,marginal,2025-05-05 13:54:00,baseline,84.90322581,95.38238160419922,87.57904815673828
2,0.8,marginal,2025-05-05 15:19:00,baseline,87.61290323,92.83226411152344,85.0289306640625
2,0.8,marginal,2025-05-05 16:45:00,baseline,107.483871,94.22850434589844,86.4251708984375
2,0.8,marginal,2025-05-05 18:11:00,baseline,107.9354839,110.37596528339844,102.5726318359375
2,0.8,marginal,2025-05-05 19:36:00,baseline,108.3870968,114.9480249147461,107.14469146728516
2,0.8,marginal,2025-05-05 21:02:00,baseline,108.3870968,110.3451425294922,102.54180908203125
2,0.8,marginal,2025-05-05 22:28:00,baseline,107.9354839,109.5291024904297,101.72576904296875
2,0.8,marginal,2025-05-05 23:53:00,baseline,98.0,112.25409333515626,104.45075988769531
2,0.8,marginal,2025-05-06 01:19:00,baseline,97.5483871,104.53442017841797,96.73108673095703
2,0.8,marginal,2025-05-06 02:44:00,baseline,96.64516129,102.29505555439454,94.4917221069336
2,0.8,marginal,2025-05-06 04:10:00,baseline,62.77419355,98.12907044697266,90.32573699951172
2,0.8,marginal,2025-05-06 05:36:00,baseline,63.67741935,72.04372041035157,64.24038696289062
2,0.8,marginal,2025-05-06 07:01:00,baseline,63.67741935,79.1268808107422,71.32354736328125
2,0.8,marginal,2025-05-06 08:27:00,baseline,83.5483871,95.63809602070313,87.83476257324219
2,0.8,marginal,2025-05-06 09:52:00,baseline,84.4516129,95.31692902851563,87.51359558105469
2,0.8,marginal,2025-05-06 11:18:00,baseline,87.61290323,94.6216088991211,86.81827545166016
2,0.8,marginal,2025-05-06 12:44:00,baseline,87.61290323,92.0561792116211,84.25284576416016
2,0.8,marginal,2025-05-06 14:09:00,baseline,87.61290323,96.54986207294922,88.74652862548828
2,0.8,marginal,2025-05-06 15:35:00,baseline,105.6774194,105.1162378053711,97.31290435791016
2,0.8,marginal,2025-05-06 17:00:00,baseline,106.1290323,109.48003785419922,101.67670440673828
2,0.8,marginal,2025-05-06 18:26:00,baseline,106.1290323,113.46787659931641,105.66454315185547
2,0.8,marginal,2025-05-06 19:52:00,baseline,106.1290323,108.94395844746094,101.140625
2,0.8,marginal,2025-05-06 21:17:00,baseline,105.6774194,110.71951691914063,102.91618347167969
2,0.8,marginal,2025-05-06 22:43:00,baseline,91.67741935,110.86973206806641,103.06639862060547
2,0.8,marginal,2025-05-07 00:09:00,baseline,91.22580645,92.97126405048829,85.16793060302734
2,0.8,marginal,2025-05-07 01:34:00,baseline,89.41935484,87.56975953388672,79.76642608642578
2,0.8,marginal,2025-05-07 03:00:00,baseline,65.48387097,89.42384736347657,81.62051391601562
2,0.8,marginal,2025-05-07 04:25:00,baseline,65.93548387,79.00416962910157,71.20083618164062
2,0.8,marginal,2025-05-07 05:51:00,baseline,87.61290323,91.04305665302735,83.2397232055664
2,0.8,marginal,2025-05-07 07:17:00,baseline,88.51612903,94.78497712421876,86.98164367675781
2,0.8,marginal,2025-05-07 08:42:00,baseline,94.38709677,96.15100495625,88.34767150878906
2,0.8,marginal,2025-05-07 10:08:00,baseline,94.83870968,98.5366479616211,90.73331451416016
2,0.8,marginal,2025-05-07 11:33:00,baseline,103.8709677,106.18455903339844,98.3812255859375
2,0.8,marginal,2025-05-07 12:59:00,baseline,104.3225806,105.17432801533204,97.3709945678711
2,0.8,marginal,2025-05-07 14:25:00,baseline,104.3225806,115.27775208759766,107.47441864013672
2,0.8,marginal,2025-05-07 15:50:00,baseline,104.3225806,108.13319794941407,100.32986450195312
2,0.8,marginal,2025-05-07 17:16:00,baseline,103.8709677,110.51410310078126,102.71076965332031
2,0.8,marginal,2025-05-07 18:42:00,baseline,89.41935484,104.97751252460938,97.17417907714844
2,0.8,marginal,2025-05-07 20:07:00,baseline,89.41935484,92.18334595966797,84.38001251220703
2,0.8,marginal,2025-05-07 21:33:00,baseline,88.51612903,87.41159455585938,79.60826110839844
2,0.8,marginal,2025-05-07 22:58:00,baseline,61.87096774,100.19154755878907,92.38821411132812
2,0.8,marginal,2025-05-08 00:24:00,baseline,62.32258065,74.14064423847657,66.33731079101562
2,0.8,marginal,2025-05-08 01:50:00,baseline,62.32258065,79.72906892109376,71.92573547363281
2,0.8,marginal,2025-05-08 03:15:00,baseline,88.51612903,94.03757111835938,86.23423767089844
2,0.8,marginal,2025-05-08 04:41:00,baseline,88.96774194,98.6436807375,90.84034729003906
2,0.8,marginal,2025-05-08 06:06:00,baseline,88.96774194,97.53863923359376,89.73530578613281
2,0.8,marginal,2025-05-08 07:32:00,baseline,88.96774194,101.41107575703126,93.60774230957031
2,0.8,marginal,2025-05-08 08:58:00,baseline,88.96774194,103.98601929951172,96.18268585205078
2,0.8,marginal,2025-05-08 10:23:00,baseline,100.7096774,104.50143830585938,96.69810485839844
2,0.8,marginal,2025-05-08 11:49:00,baseline,101.1612903,106.84466187763672,99.04132843017578
2,0.8,marginal,2025-05-08 13:15:00,baseline,101.1612903,111.75279633808594,103.949462890625
2,0.8,marginal,2025-05-08 14:40:00,baseline,100.2580645,105.18124024677735,97.3779067993164
2,0.8,marginal,2025-05-08 16:06:00,baseline,98.0,103.72324006367188,95.91990661621094
2,0.8,adaptive,2025-05-04 19:21:00,baseline,89.41935484,90.92897105161961,87.77920532226562
2,0.8,adaptive,2025-05-04 20:46:00,baseline,109.2903226,113.24017597513735,94.10092163085938
2,0.8,adaptive,2025-05-04 22:12:00,baseline,109.2903226,106.69007680339506,102.7065658569336
2,0.8,adaptive,2025-05-04 23:38:00,baseline,109.2903226,117.15756172588016,108.99683380126953
2,0.8,adaptive,2025-05-05 01:03:00,baseline,109.7419355,112.28546186447606,106.95333099365234
2,0.8,adaptive,2025-05-05 02:29:00,baseline,108.8387097,107.35090126169968,100.02054595947266
2,0.8,adaptive,2025-05-05 03:55:00,baseline,51.93548387,111.65555627829634,105.66610717773438
2,0.8,adaptive,2025-05-05 05:20:00,baseline,51.93548387,75.99736825140944,65.81562042236328
2,0.8,adaptive,2025-05-05 06:46:00,baseline,51.48387097,82.80102750577555,70.21534729003906
2,0.8,adaptive,2025-05-05 08:11:00,baseline,60.06451613,97.8654585995209,85.97276306152344
2,0.8,adaptive,2025-05-05 09:37:00,baseline,62.32258065,85.57502049601696,78.82315826416016
2,0.8,adaptive,2025-05-05 11:03:00,baseline,83.5483871,86.46685157460554,79.57288360595703
2,0.8,adaptive,2025-05-05 12:28:00,baseline,84.4516129,90.91293125258616,84.64457702636719
2,0.8,adaptive,2025-05-05 13:54:00,baseline,84.90322581,91.14708285014976,87.57904815673828
2,0.8,adaptive,2025-05-05 15:19:00,baseline,87.61290323,95.8183773302498,85.0289306640625
2,0.8,adaptive,2025-05-05 16:45:00,baseline,107.483871,92.61978621928998,86.4251708984375
2,0.8,adaptive,2025-05-05 18:11:00,baseline,107.9354839,105.31641010022695,102.5726318359375
2,0.8,adaptive,2025-05-05 19:36:00,baseline,108.3870968,107.95879962721374,107.14469146728516
2,0.8,adaptive,2025-05-05 21:02:00,baseline,108.3870968,113.97120607870657,102.54180908203125
2,0.8,adaptive,2025-05-05 22:28:00,baseline,107.9354839,107.08238037439615,101.72576904296875
2,0.8,adaptive,2025-05-05 23:53:00,baseline,98.0,107.56399344378362,104.45075988769531
2,0.8,adaptive,2025-05-06 01:19:00,baseline,97.5483871,101.8969404826633,96.73108673095703
2,0.8,adaptive,2025-05-06 02:44:00,baseline,96.64516129,102.00886075568901,94.4917221069336
2,0.8,adaptive,2025-05-06 04:10:00,baseline,62.77419355,104.56898147378467,90.32573699951172
2,0.8,adaptive,2025-05-06 05:36:00,baseline,63.67741935,69.98919891922125,64.24038696289062
2,0.8,adaptive,2025-05-06 07:01:00,baseline,63.67741935,85.37834464972056,71.32354736328125
2,0.8,adaptive,2025-05-06 08:27:00,baseline,83.5483871,97.76450281610812,87.83476257324219
2,0.8,adaptive,2025-05-06 09:52:00,baseline,84.4516129,92.76715468748611,87.51359558105469
2,0.8,adaptive,2025-05-06 11:18:00,baseline,87.61290323,93.11872503556798,86.81827545166016
2,0.8,adaptive,2025-05-06 12:44:00,baseline,87.61290323,91.57081814587234,84.25284576416016
2,0.8,adaptive,2025-05-06 14:09:00,baseline,87.61290323,93.41378160539965,88.74652862548828
2,0.8,adaptive,2025-05-06 15:35:00,baseline,105.6774194,106.96257081024318,97.31290435791016
2,0.8,adaptive,2025-05-06 17:00:00,baseline,106.1290323,102.49081256666686,101.67670440673828
2,0.8,adaptive,2025-05-06 18:26:00,baseline,106.1290323,106.49683301039508,105.66454315185547
2,0.8,adaptive,2025-05-06 19:52:00,baseline,106.1290323,106.33270597708629,101.140625
2,0.8,adaptive,2025-05-06 21:17:00,baseline,105.6774194,111.03283436347053,102.91618347167969
2,0.8,adaptive,2025-05-06 22:43:00,baseline,91.67741935,106.99173182570846,103.06639862060547
2,0.8,adaptive,2025-05-07 00:09:00,baseline,91.22580645,91.70139244636276,85.16793060302734
2,0.8,adaptive,2025-05-07 01:34:00,baseline,89.41935484,89.6366159222383,79.76642608642578
2,0.8,adaptive,2025-05-07 03:00:00,baseline,65.48387097,94.40973007500662,81.62051391601562
2,0.8,adaptive,2025-05-07 04:25:00,baseline,65.93548387,84.29900817641814,71.20083618164062
2,0.8,adaptive,2025-05-07 05:51:00,baseline,87.61290323,95.37784268741427,83.2397232055664
2,0.8,adaptive,2025-05-07 07:17:00,baseline,88.51612903,90.5679323980152,86.98164367675781
2,0.8,adaptive,2025-05-07 08:42:00,baseline,94.38709677,94.48621868923483,88.34767150878906
2,0.8,adaptive,2025-05-07 10:08:00,baseline,94.83870968,94.67155163714718,90.73331451416016
2,0.8,adaptive,2025-05-07 11:33:00,baseline,103.8709677,105.1800997501158,98.3812255859375
2,0.8,adaptive,2025-05-07 12:59:00,baseline,104.3225806,103.63552079213076,97.3709945678711
2,0.8,adaptive,2025-05-07 14:25:00,baseline,104.3225806,109.37483528484118,107.47441864013672
2,0.8,adaptive,2025-05-07 15:50:00,baseline,104.3225806,107.97525943140045,100.32986450195312
2,0.8,adaptive,2025-05-07 17:16:00,baseline,103.8709677,108.8197846414156,102.71076965332031
2,0.8,adaptive,2025-05-07 18:42:00,baseline,89.41935484,104.50934994134509,97.17417907714844
2,0.8,adaptive,2025-05-07 20:07:00,baseline,89.41935484,93.62776958759952,84.38001251220703
2,0.8,adaptive,2025-05-07 21:33:00,baseline,88.51612903,86.94346389344832,79.60826110839844
2,0.8,adaptive,2025-05-07 22:58:00,baseline,61.87096774,105.60950197760604,92.38821411132812
2,0.8,adaptive,2025-05-08 00:24:00,baseline,62.32258065,79.47586300935991,66.33731079101562
2,0.8,adaptive,2025-05-08 01:50:00,baseline,62.32258065,87.04949092919402,71.92573547363281
2,0.8,adaptive,2025-05-08 03:15:00,baseline,88.51612903,96.78619547562023,86.23423767089844
2,0.8,adaptive,2025-05-08 04:41:00,baseline,88.96774194,93.81550664299056,90.84034729003906
2,0.8,adaptive,2025-05-08 06:06:00,baseline,88.96774194,92.40121332667266,89.73530578613281
2,0.8,adaptive,2025-05-08 07:32:00,baseline,88.96774194,112.59494880266917,93.60774230957031
2,0.8,adaptive,2025-05-08 08:58:00,baseline,88.96774194,118.63960606611066,96.18268585205078
2,0.8,adaptive,2025-05-08 10:23:00,baseline,100.7096774,114.76020426486616,96.69810485839844
2,0.8,adaptive,2025-05-08 11:49:00,baseline,101.1612903,108.42188521114026,99.04132843017578
2,0.8,adaptive,2025-05-08 13:15:00,baseline,101.1612903,107.05896887995723,103.949462890625
2,0.8,adaptive,2025-05-08 14:40:00,baseline,100.2580645,109.24308379554647,97.3779067993164
2,0.8,adaptive,2025-05-08 16:06:00,baseline,98.0,108.82447505955338,95.91990661621094
2,0.8,mondrian,2025-05-04 19:21:00,baseline,89.41935484,93.89635812501953,87.77920532226562
2,0.8,mondrian,2025-05-04 20:46:00,baseline,109.2903226,100.21807443361328,94.10092163085938
2,0.8,mondrian,2025-05-04 22:12:00,baseline,109.2903226,108.8237186596875,102.7065658569336
2,0.8,mondrian,2025-05-04 23:38:00,baseline,109.2903226,115.11398660402344,108.99683380126953
2,0.8,mondrian,2025-05-05 01:03:00,baseline,109.7419355,113.07048379640625,106.95333099365234
2,0.8,mondrian,2025-05-05 02:29:00,baseline,108.8387097,106.13769876222656,100.02054595947266
2,0.8,mondrian,2025-05-05 03:55:00,baseline,51.93548387,111.78325998048828,105.66610717773438
2,0.8,mondrian,2025-05-05 05:20:00,baseline,51.93548387,71.93277322511719,65.81562042236328
2,0.8,mondrian,2025-05-05 06:46:00,baseline,51.48387097,76.33250009279297,70.21534729003906
2,0.8,mondrian,2025-05-05 08:11:00,baseline,60.06451613,92.08991586427734,85.97276306152344
2,0.8,mondrian,2025-05-05 09:37:00,baseline,62.32258065,84.94031106691406,78.82315826416016
2,0.8,mondrian,2025-05-05 11:03:00,baseline,83.5483871,85.69003640871094,79.57288360595703
2,0.8,mondrian,2025-05-05 12:28:00,baseline,84.4516129,90.7617298291211,84.64457702636719
2,0.8,mondrian,2025-05-05 13:54:00,baseline,84.90322581,93.69620095949219,87.57904815673828
2,0.8,mondrian,2025-05-05 15:19:00,baseline,87.61290323,91.1460834668164,85.0289306640625
2,0.8,mondrian,2025-05-05 16:45:00,baseline,107.483871,92.5423237011914,86.4251708984375
2,0.8,mondrian,2025-05-05 18:11:00,baseline,107.9354839,108.6897846386914,102.5726318359375
2,0.8,mondrian,2025-05-05 19:36:00,baseline,108.3870968,113.26184427003906,107.14469146728516
2,0.8,mondrian,2025-05-05 21:02:00,baseline,108.3870968,108.65896188478516,102.54180908203125
2,0.8,mondrian,2025-05-05 22:28:00,baseline,107.9354839,107.84292184572266,101.72576904296875
2,0.8,mondrian,2025-05-05 23:53:00,baseline,98.0,110.56791269044922,104.45075988769531
2,0.8,mondrian,2025-05-06 01:19:00,baseline,97.5483871,102.84823953371094,96.73108673095703
2,0.8,mondrian,2025-05-06 02:44:00,baseline,96.64516129,100.6088749096875,94.4917221069336
2,0.8,mondrian,2025-05-06 04:10:00,baseline,62.77419355,96.44288980226563,90.32573699951172
2,0.8,mondrian,2025-05-06 05:36:00,baseline,63.67741935,70.35753976564453,64.24038696289062
2,0.8,mondrian,2025-05-06 07:01:00,baseline,63.67741935,77.44070016603516,71.32354736328125
2,0.8,mondrian,2025-05-06 08:27:00,baseline,83.5483871,93.9519153759961,87.83476257324219
2,0.8,mondrian,2025-05-06 09:52:00,baseline,84.4516129,93.6307483838086,87.51359558105469
2,0.8,mondrian,2025-05-06 11:18:00,baseline,87.61290323,92.93542825441406,86.81827545166016
2,0.8,mondrian,2025-05-06 12:44:00,baseline,87.61290323,90.36999856691406,84.25284576416016
2,0.8,mondrian,2025-05-06 14:09:00,baseline,87.61290323,94.86368142824219,88.74652862548828
2,0.8,mondrian,2025-05-06 15:35:00,baseline,105.6774194,103.43005716066406,97.31290435791016
2,0.8,mondrian,2025-05-06 17:00:00,baseline,106.1290323,107.79385720949219,101.67670440673828
2,0.8,mondrian,2025-05-06 18:26:00,baseline,106.1290323,111.78169595460938,105.66454315185547
2,0.8,mondrian,2025-05-06 19:52:00,baseline,106.1290323,107.2577778027539,101.140625
2,0.8,mondrian,2025-05-06 21:17:00,baseline,105.6774194,109.0333362744336,102.91618347167969
2,0.8,mondrian,2025-05-06 22:43:00,baseline,91.67741935,109.18355142335938,103.06639862060547
2,0.8,mondrian,2025-05-07 00:09:00,baseline,91.22580645,91.28508340578125,85.16793060302734
2,0.8,mondrian,2025-05-07 01:34:00,baseline,89.41935484,85.88357888917969,79.76642608642578
2,0.8,mondrian,2025-05-07 03:00:00,baseline,65.48387097,87.73766671876953,81.62051391601562
2,0.8,mondrian,2025-05-07 04:25:00,baseline,65.93548387,77.31798898439453,71.20083618164062
2,0.8,mondrian,2025-05-07 05:51:00,baseline,87.61290323,89.35687600832031,83.2397232055664
2,0.8,mondrian,2025-05-07 07:17:00,baseline,88.51612903,93.09879647951172,86.98164367675781
2,0.8,mondrian,2025-05-07 08:42:00,baseline,94.38709677,94.46482431154297,88.34767150878906
2,0.8,mondrian,2025-05-07 10:08:00,baseline,94.83870968,96.85046731691406,90.73331451416016
2,0.8,mondrian,2025-05-07 11:33:00,baseline,103.8709677,104.4983783886914,98.3812255859375
2,0.8,mondrian,2025-05-07 12:59:00,baseline,104.3225806,103.488147370625,97.3709945678711
2,0.8,mondrian,2025-05-07 14:25:00,baseline,104.3225806,113.59157144289063,107.47441864013672
2,0.8,mondrian,2025-05-07 15:50:00,baseline,104.3225806,106.44701730470703,100.32986450195312
2,0.8,mondrian,2025-05-07 17:16:00,baseline,103.8709677,108.82792245607422,102.71076965332031
2,0.8,mondrian,2025-05-07 18:42:00,baseline,89.41935484,103.29133187990234,97.17417907714844
2,0.8,mondrian,2025-05-07 20:07:00,baseline,89.41935484,90.49716531496094,84.38001251220703
2,0.8,mondrian,2025-05-07 21:33:00,baseline,88.51612903,85.72541391115234,79.60826110839844
2,0.8,mondrian,2025-05-07 22:58:00,baseline,61.87096774,98.50536691408203,92.38821411132812
2,0.8,mondrian,2025-05-08 00:24:00,baseline,62.32258065,72.45446359376953,66.33731079101562
2,0.8,mondrian,2025-05-08 01:50:00,baseline,62.32258065,78.04288827638672,71.92573547363281
2,0.8,mondrian,2025-05-08 03:15:00,baseline,88.51612903,92.35139047365234,86.23423767089844
2,0.8,mondrian,2025-05-08 04:41:00,baseline,88.96774194,96.95750009279297,90.84034729003906
2,0.8,mondrian,2025-05-08 06:06:00,baseline,88.96774194,95.85245858888672,89.73530578613281
2,0.8,mondrian,2025-05-08 07:32:00,baseline,88.96774194,99.72489511232422,93.60774230957031
2,0.8,mondrian,2025-05-08 08:58:00,baseline,88.96774194,102.29983865480469,96.18268585205078
2,0.8,mondrian,2025-05-08 10:23:00,baseline,100.7096774,102.81525766115234,96.69810485839844
2,0.8,mondrian,2025-05-08 11:49:00,baseline,101.1612903,105.15848123292969,99.04132843017578
2,0.8,mondrian,2025-05-08 13:15:00,baseline,101.1612903,110.0666156933789,103.949462890625
2,0.8,mondrian,2025-05-08 14:40:00,baseline,100.2580645,103.49505960207031,97.3779067993164
2,0.8,mondrian,2025-05-08 16:06:00,baseline,98.0,102.03705941896484,95.91990661621094
2,0.8,aci,2025-05-04 19:21:00,baseline,89.41935484,95.58253876972657,87.77920532226562
2,0.8,aci,2025-05-04 20:46:00,baseline,109.2903226,100.34658321515624,94.10092163085938
2,0.8,aci,2025-05-04 22:12:00,baseline,109.2903226,110.98800905160157,102.7065658569336
2,0.8,aci,2025-05-04 23:38:00,baseline,109.2903226,117.10372309853516,108.99683380126953
2,0.8,aci,2025-05-05 01:03:00,baseline,109.7419355,114.9653209821289,106.95333099365234
2,0.8,aci,2025-05-05 02:29:00,baseline,108.8387097,107.8238794069336,100.02054595947266
2,0.8,aci,2025-05-05 03:55:00,baseline,51.93548387,114.43356790205078,105.66610717773438
2,0.8,aci,2025-05-05 05:20:00,baseline,51.93548387,74.09706361703125,65.81562042236328
2,0.8,aci,2025-05-05 06:46:00,baseline,51.48387097,78.32223658730469,70.21534729003906
2,0.8,aci,2025-05-05 08:11:00,baseline,60.06451613,93.98475305,85.97276306152344
2,0.8,aci,2025-05-05 09:37:00,baseline,62.32258065,86.6264917116211,78.82315826416016
2,0.8,aci,2025-05-05 11:03:00,baseline,83.5483871,86.15664034902343,79.57288360595703
2,0.8,aci,2025-05-05 12:28:00,baseline,84.4516129,90.89023861066406,84.64457702636719
2,0.8,aci,2025-05-05 13:54:00,baseline,84.90322581,93.77763957652344,87.57904815673828
2,0.8,aci,2025-05-05 15:19:00,baseline,87.61290323,90.97635428652343,85.0289306640625
2,0.8,aci,2025-05-05 16:45:00,baseline,107.483871,92.12053360445313,86.4251708984375
2,0.8,aci,2025-05-05 18:11:00,baseline,107.9354839,109.1563885790039,102.5726318359375
2,0.8,aci,2025-05-05 19:36:00,baseline,108.3870968,113.36874024677735,107.14469146728516
2,0.8,aci,2025-05-05 21:02:00,baseline,108.3870968,108.74040050181641,102.54180908203125
2,0.8,aci,2025-05-05 22:28:00,baseline,107.9354839,107.67319266542968,101.72576904296875
2,0.8,aci,2025-05-05 23:53:00,baseline,98.0,111.06127120751952,104.45075988769531
2,0.8,aci,2025-05-06 01:19:00,baseline,97.5483871,102.9767483152539,96.73108673095703
2,0.8,aci,2025-05-06 02:44:00,baseline,96.64516129,100.70143696396484,94.4917221069336
2,0.8,aci,2025-05-06 04:10:00,baseline,62.77419355,96.44288980226563,90.32573699951172
2,0.8,aci,2025-05-06 05:36:00,baseline,63.67741935,70.18506376333984,64.24038696289062
2,0.8,aci,2025-05-06 07:01:00,baseline,63.67741935,77.01891006929688,71.32354736328125
2,0.8,aci,2025-05-06 08:27:00,baseline,83.5483871,93.5275453140039,87.83476257324219
2,0.8,aci,2025-05-06 09:52:00,baseline,84.4516129,92.87644764511718,87.51359558105469
2,0.8,aci,2025-05-06 11:18:00,baseline,87.61290323,91.24663349716796,86.81827545166016
2,0.8,aci,2025-05-06 12:44:00,baseline,87.61290323,88.22834925820312,84.25284576416016
2,0.8,aci,2025-05-06 14:09:00,baseline,87.61290323,92.5027965680664,88.74652862548828
2,0.8,aci,2025-05-06 15:35:00,baseline,105.6774194,100.94831602164062,97.31290435791016
2,0.8,aci,2025-05-06 17:00:00,baseline,106.1290323,106.64418029785156,101.67670440673828
2,0.8,aci,2025-05-06 18:26:00,baseline,106.1290323,110.1168710451172,105.66454315185547
2,0.8,aci,2025-05-06 19:52:00,baseline,106.1290323,105.31004136511719,101.140625
2,0.8,aci,2025-05-06 21:17:00,baseline,105.6774194,108.6089662124414,102.91618347167969
2,0.8,aci,2025-05-06 22:43:00,baseline,91.67741935,108.42925068466796,103.06639862060547
2,0.8,aci,2025-05-07 00:09:00,baseline,91.22580645,90.13540649414062,85.16793060302734
2,0.8,aci,2025-05-07 01:34:00,baseline,89.41935484,85.71384970888671,79.76642608642578
2,0.8,aci,2025-05-07 03:00:00,baseline,65.48387097,88.23102523583984,81.62051391601562
2,0.8,aci,2025-05-07 04:25:00,baseline,65.93548387,77.4464977659375,71.20083618164062
2,0.8,aci,2025-05-07 05:51:00,baseline,87.61290323,89.44943806259765,83.2397232055664
2,0.8,aci,2025-05-07 07:17:00,baseline,88.51612903,93.09879647951172,86.98164367675781
2,0.8,aci,2025-05-07 08:42:00,baseline,94.38709677,94.29509513125,88.34767150878906
2,0.8,aci,2025-05-07 10:08:00,baseline,94.83870968,97.31707125722656,90.73331451416016
2,0.8,aci,2025-05-07 11:33:00,baseline,103.8709677,104.6052743654297,98.3812255859375
2,0.8,aci,2025-05-07 12:59:00,baseline,104.3225806,103.56958598765625,97.3709945678711
2,0.8,aci,2025-05-07 14:25:00,baseline,104.3225806,115.48640862861328,107.47441864013672
2,0.8,aci,2025-05-07 15:50:00,baseline,104.3225806,107.28145053408203,100.32986450195312
2,0.8,aci,2025-05-07 17:16:00,baseline,103.8709677,109.29452639638671,102.71076965332031
2,0.8,aci,2025-05-07 18:42:00,baseline,89.41935484,103.39822785664063,97.17417907714844
2,0.8,aci,2025-05-07 20:07:00,baseline,89.41935484,90.57860393199219,84.38001251220703
2,0.8,aci,2025-05-07 21:33:00,baseline,88.51612903,85.66613695537109,79.60826110839844
2,0.8,aci,2025-05-07 22:58:00,baseline,61.87096774,99.33980014345703,92.38821411132812
2,0.8,aci,2025-05-08 00:24:00,baseline,62.32258065,72.92106753408203,66.33731079101562
2,0.8,aci,2025-05-08 01:50:00,baseline,62.32258065,78.149784253125,71.92573547363281
2,0.8,aci,2025-05-08 03:15:00,baseline,88.51612903,92.4328290906836,86.23423767089844
2,0.8,aci,2025-05-08 04:41:00,baseline,88.96774194,96.89822313701171,90.84034729003906
2,0.8,aci,2025-05-08 06:06:00,baseline,88.96774194,95.67998258658203,89.73530578613281
2,0.8,aci,2025-05-08 07:32:00,baseline,88.96774194,99.30310501558594,93.60774230957031
2,0.8,aci,2025-05-08 08:58:00,baseline,88.96774194,101.67242796611328,96.18268585205078
2,0.8,aci,2025-05-08 10:23:00,baseline,100.7096774,101.7374471861914,96.69810485839844
2,0.8,aci,2025-05-08 11:49:00,baseline,101.1612903,104.00880432128906,99.04132843017578
2,0.8,aci,2025-05-08 13:15:00,baseline,101.1612903,108.40179078388672,103.949462890625
2,0.8,aci,2025-05-08 14:40:00,baseline,100.2580645,101.54732316443359,97.3779067993164
2,0.8,aci,2025-05-08 16:06:00,baseline,98.0,99.9314791578125,95.91990661621094
2,0.9,marginal,2025-05-04 19:21:00,baseline,89.41935484,98.96733662216796,87.77920532226562
2,0.9,marginal,2025-05-04 20:46:00,baseline,109.2903226,105.28905293076171,94.10092163085938
2,0.9,marginal,2025-05-04 22:12:00,baseline,109.2903226,113.89469715683593,102.7065658569336
2,0.9,marginal,2025-05-04 23:38:00,baseline,109.2903226,120.18496510117187,108.99683380126953
2,0.9,marginal,2025-05-05 01:03:00,baseline,109.7419355,118.14146229355468,106.95333099365234
2,0.9,marginal,2025-05-05 02:29:00,baseline,108.8387097,111.208677259375,100.02054595947266
2,0.9,marginal,2025-05-05 03:55:00,baseline,51.93548387,116.85423847763671,105.66610717773438
2,0.9,marginal,2025-05-05 05:20:00,baseline,51.93548387,77.00375172226562,65.81562042236328
2,0.9,marginal,2025-05-05 06:46:00,baseline,51.48387097,81.4034785899414,70.21534729003906
2,0.9,marginal,2025-05-05 08:11:00,baseline,60.06451613,97.16089436142578,85.97276306152344
2,0.9,marginal,2025-05-05 09:37:00,baseline,62.32258065,90.0112895640625,78.82315826416016
2,0.9,marginal,2025-05-05 11:03:00,baseline,83.5483871,90.76101490585937,79.57288360595703
2,0.9,marginal,2025-05-05 12:28:00,baseline,84.4516129,95.83270832626953,84.64457702636719
2,0.9,marginal,2025-05-05 13:54:00,baseline,84.90322581,98.76717945664062,87.57904815673828
2,0.9,marginal,2025-05-05 15:19:00,baseline,87.61290323,96.21706196396484,85.0289306640625
2,0.9,marginal,2025-05-05 16:45:00,baseline,107.483871,97.61330219833984,86.4251708984375
2,0.9,marginal,2025-05-05 18:11:00,baseline,107.9354839,113.76076313583984,102.5726318359375
2,0.9,marginal,2025-05-05 19:36:00,baseline,108.3870968,118.3328227671875,107.14469146728516
2,0.9,marginal,2025-05-05 21:02:00,baseline,108.3870968,113.72994038193359,102.54180908203125
2,0.9,marginal,2025-05-05 22:28:00,baseline,107.9354839,112.91390034287109,101.72576904296875
2,0.9,marginal,2025-05-05 23:53:00,baseline,98.0,115.63889118759765,104.45075988769531
2,0.9,marginal,2025-05-06 01:19:00,baseline,97.5483871,107.91921803085937,96.73108673095703
2,0.9,marginal,2025-05-06 02:44:00,baseline,96.64516129,105.67985340683593,94.4917221069336
2,0.9,marginal,2025-05-06 04:10:00,baseline,62.77419355,101.51386829941406,90.32573699951172
2,0.9,marginal,2025-05-06 05:36:00,baseline,63.67741935,75.42851826279296,64.24038696289062
2,0.9,marginal,2025-05-06 07:01:00,baseline,63.67741935,82.51167866318359,71.32354736328125
2,0.9,marginal,2025-05-06 08:27:00,baseline,83.5483871,99.02289387314453,87.83476257324219
2,0.9,marginal,2025-05-06 09:52:00,baseline,84.4516129,98.70172688095703,87.51359558105469
2,0.9,marginal,2025-05-06 11:18:00,baseline,87.61290323,98.0064067515625,86.81827545166016
2,0.9,marginal,2025-05-06 12:44:00,baseline,87.61290323,95.4409770640625,84.25284576416016
2,0.9,marginal,2025-05-06 14:09:00,baseline,87.61290323,99.93465992539062,88.74652862548828
2,0.9,marginal,2025-05-06 15:35:00,baseline,105.6774194,108.5010356578125,97.31290435791016
2,0.9,marginal,2025-05-06 17:00:00,baseline,106.1290323,112.86483570664062,101.67670440673828
2,0.9,marginal,2025-05-06 18:26:00,baseline,106.1290323,116.8526744517578,105.66454315185547
2,0.9,marginal,2025-05-06 19:52:00,baseline,106.1290323,112.32875629990234,101.140625
2,0.9,marginal,2025-05-06 21:17:00,baseline,105.6774194,114.10431477158203,102.91618347167969
2,0.9,marginal,2025-05-06 22:43:00,baseline,91.67741935,114.2545299205078,103.06639862060547
2,0.9,marginal,2025-05-07 00:09:00,baseline,91.22580645,96.35606190292968,85.16793060302734
2,0.9,marginal,2025-05-07 01:34:00,baseline,89.41935484,90.95455738632812,79.76642608642578
2,0.9,marginal,2025-05-07 03:00:00,baseline,65.48387097,92.80864521591796,81.62051391601562
2,0.9,marginal,2025-05-07 04:25:00,baseline,65.93548387,82.38896748154296,71.20083618164062
2,0.9,marginal,2025-05-07 05:51:00,baseline,87.61290323,94.42785450546874,83.2397232055664
2,0.9,marginal,2025-05-07 07:17:00,baseline,88.51612903,98.16977497666015,86.98164367675781
2,0.9,marginal,2025-05-07 08:42:00,baseline,94.38709677,99.5358028086914,88.34767150878906
2,0.9,marginal,2025-05-07 10:08:00,baseline,94.83870968,101.9214458140625,90.73331451416016
2,0.9,marginal,2025-05-07 11:33:00,baseline,103.8709677,109.56935688583984,98.3812255859375
2,0.9,marginal,2025-05-07 12:59:00,baseline,104.3225806,108.55912586777343,97.3709945678711
2,0.9,marginal,2025-05-07 14:25:00,baseline,104.3225806,118.66254994003906,107.47441864013672
2,0.9,marginal,2025-05-07 15:50:00,baseline,104.3225806,111.51799580185546,100.32986450195312
2,0.9,marginal,2025-05-07 17:16:00,baseline,103.8709677,113.89890095322265,102.71076965332031
2,0.9,marginal,2025-05-07 18:42:00,baseline,89.41935484,108.36231037705078,97.17417907714844
2,0.9,marginal,2025-05-07 20:07:00,baseline,89.41935484,95.56814381210937,84.38001251220703
2,0.9,marginal,2025-05-07 21:33:00,baseline,88.51612903,90.79639240830078,79.60826110839844
2,0.9,marginal,2025-05-07 22:58:00,baseline,61.87096774,103.57634541123046,92.38821411132812
2,0.9,marginal,2025-05-08 00:24:00,baseline,62.32258065,77.52544209091796,66.33731079101562
2,0.9,marginal,2025-05-08 01:50:00,baseline,62.32258065,83.11386677353515,71.92573547363281
2,0.9,marginal,2025-05-08 03:15:00,baseline,88.51612903,97.42236897080078,86.23423767089844
2,0.9,marginal,2025-05-08 04:41:00,baseline,88.96774194,102.0284785899414,90.84034729003906
2,0.9,marginal,2025-05-08 06:06:00,baseline,88.96774194,100.92343708603515,89.73530578613281
2,0.9,marginal,2025-05-08 07:32:00,baseline,88.96774194,104.79587360947265,93.60774230957031
2,0.9,marginal,2025-05-08 08:58:00,baseline,88.96774194,107.37081715195312,96.18268585205078
2,0.9,marginal,2025-05-08 10:23:00,baseline,100.7096774,107.88623615830078,96.69810485839844
2,0.9,marginal,2025-05-08 11:49:00,baseline,101.1612903,110.22945973007812,99.04132843017578
2,0.9,marginal,2025-05-08 13:15:00,baseline,101.1612903,115.13759419052734,103.949462890625
2,0.9,marginal,2025-05-08 14:40:00,baseline,100.2580645,108.56603809921874,97.3779067993164
2,0.9,marginal,2025-05-08 16:06:00,baseline,98.0,107.10803791611328,95.91990661621094
2,0.9,adaptive,2025-05-04 19:21:00,baseline,89.41935484,92.1615935724665,87.77920532226562
2,0.9,adaptive,2025-05-04 20:46:00,baseline,109.2903226,120.73009045262205,94.10092163085938
2,0.9,adaptive,2025-05-04 22:12:00,baseline,109.2903226,108.24897537762507,102.7065658569336
2,0.9,adaptive,2025-05-04 23:38:00,baseline,109.2903226,120.35116337461046,108.99683380126953
2,0.9,adaptive,2025-05-05 01:03:00,baseline,109.7419355,114.3721264485206,106.95333099365234
2,0.9,adaptive,2025-05-05 02:29:00,baseline,108.8387097,110.21954668098536,100.02054595947266
2,0.9,adaptive,2025-05-05 03:55:00,baseline,51.93548387,113.99945435935552,105.66610717773438
2,0.9,adaptive,2025-05-05 05:20:00,baseline,51.93548387,79.98187146658671,65.81562042236328
2,0.9,adaptive,2025-05-05 06:46:00,baseline,51.48387097,87.72628043157826,70.21534729003906
2,0.9,adaptive,2025-05-05 08:11:00,baseline,60.06451613,102.5195203975447,85.97276306152344
2,0.9,adaptive,2025-05-05 09:37:00,baseline,62.32258065,88.21727968598825,78.82315826416016
2,0.9,adaptive,2025-05-05 11:03:00,baseline,83.5483871,89.16472211683663,79.57288360595703
2,0.9,adaptive,2025-05-05 12:28:00,baseline,84.4516129,93.36597546342273,84.64457702636719
2,0.9,adaptive,2025-05-05 13:54:00,baseline,84.90322581,92.5433898444366,87.57904815673828
2,0.9,adaptive,2025-05-05 15:19:00,baseline,87.61290323,100.04069609646055,85.0289306640625
2,0.9,adaptive,2025-05-05 16:45:00,baseline,107.483871,95.04397360608714,86.4251708984375
2,0.9,adaptive,2025-05-05 18:11:00,baseline,107.9354839,106.3901543629366,102.5726318359375
2,0.9,adaptive,2025-05-05 19:36:00,baseline,108.3870968,108.27739095703274,107.14469146728516
2,0.9,adaptive,2025-05-05 21:02:00,baseline,108.3870968,118.44396162573298,102.54180908203125
2,0.9,adaptive,2025-05-05 22:28:00,baseline,107.9354839,109.1786250890452,101.72576904296875
2,0.9,adaptive,2025-05-05 23:53:00,baseline,98.0,108.78231954280994,104.45075988769531
2,0.9,adaptive,2025-05-06 01:19:00,baseline,97.5483871,103.91853453786959,96.73108673095703
2,0.9,adaptive,2025-05-06 02:44:00,baseline,96.64516129,104.95060156657937,94.4917221069336
2,0.9,adaptive,2025-05-06 04:10:00,baseline,62.77419355,110.14290201819215,90.32573699951172
2,0.9,adaptive,2025-05-06 05:36:00,baseline,63.67741935,72.23892657974167,64.24038696289062
2,0.9,adaptive,2025-05-06 07:01:00,baseline,63.67741935,90.87851867845886,71.32354736328125
2,0.9,adaptive,2025-05-06 08:27:00,baseline,83.5483871,101.65038592654074,87.83476257324219
2,0.9,adaptive,2025-05-06 09:52:00,baseline,84.4516129,94.82307116687322,87.51359558105469
2,0.9,adaptive,2025-05-06 11:18:00,baseline,87.61290323,95.58432937439541,86.81827545166016
2,0.9,adaptive,2025-05-06 12:44:00,baseline,87.61290323,94.43461765977587,84.25284576416016
2,0.9,adaptive,2025-05-06 14:09:00,baseline,87.61290323,95.2402543109454,88.74652862548828
2,0.9,adaptive,2025-05-06 15:35:00,baseline,105.6774194,110.73885044810876,97.31290435791016
2,0.9,adaptive,2025-05-06 17:00:00,baseline,106.1290323,102.80940389648586,101.67670440673828
2,0.9,adaptive,2025-05-06 18:26:00,baseline,106.1290323,106.82253952689805,105.66454315185547
2,0.9,adaptive,2025-05-06 19:52:00,baseline,106.1290323,108.36456373805375,101.140625
2,0.9,adaptive,2025-05-06 21:17:00,baseline,105.6774194,114.20918700133014,102.91618347167969
2,0.9,adaptive,2025-05-06 22:43:00,baseline,91.67741935,108.52786324822868,103.06639862060547
2,0.9,adaptive,2025-05-07 00:09:00,baseline,91.22580645,94.25818329977037,85.16793060302734
2,0.9,adaptive,2025-05-07 01:34:00,baseline,89.41935484,93.49919470493138,79.76642608642578
2,0.9,adaptive,2025-05-07 03:00:00,baseline,65.48387097,99.41463431745146,81.62051391601562
2,0.9,adaptive,2025-05-07 04:25:00,baseline,65.93548387,89.42481852866935,71.20083618164062
2,0.9,adaptive,2025-05-07 05:51:00,baseline,87.61290323,100.12794816180605,83.2397232055664
2,0.9,adaptive,2025-05-07 07:17:00,baseline,88.51612903,91.97138288415267,86.98164367675781
2,0.9,adaptive,2025-05-07 08:42:00,baseline,94.38709677,96.8884644910045,88.34767150878906
2,0.9,adaptive,2025-05-07 10:08:00,baseline,94.83870968,96.21273285103531,90.73331451416016
2,0.9,adaptive,2025-05-07 11:33:00,baseline,103.8709677,107.84075648819295,98.3812255859375
2,0.9,adaptive,2025-05-07 12:59:00,baseline,104.3225806,106.08706696094443,97.3709945678711
2,0.9,adaptive,2025-05-07 14:25:00,baseline,104.3225806,110.11854023198194,107.47441864013672
2,0.9,adaptive,2025-05-07 15:50:00,baseline,104.3225806,110.96719177829856,100.32986450195312
2,0.9,adaptive,2025-05-07 17:16:00,baseline,103.8709677,111.21047337878457,102.71076965332031
2,0.9,adaptive,2025-05-07 18:42:00,baseline,89.41935484,107.3798798722562,97.17417907714844
2,0.9,adaptive,2025-05-07 20:07:00,baseline,89.41935484,97.24676687753059,84.38001251220703
2,0.9,adaptive,2025-05-07 21:33:00,baseline,88.51612903,89.81400631619724,79.60826110839844
2,0.9,adaptive,2025-05-07 22:58:00,baseline,61.87096774,110.78349222922904,92.38821411132812
2,0.9,adaptive,2025-05-08 00:24:00,baseline,62.32258065,84.61747567112937,66.33731079101562
2,0.9,adaptive,2025-05-08 01:50:00,baseline,62.32258065,92.96798874018171,71.92573547363281
2,0.9,adaptive,2025-05-08 03:15:00,baseline,88.51612903,100.91557586347332,86.23423767089844
2,0.9,adaptive,2025-05-08 04:41:00,baseline,88.96774194,94.97979908143435,90.84034729003906
2,0.9,adaptive,2025-05-08 06:06:00,baseline,88.96774194,93.44448382845658,89.73530578613281
2,0.9,adaptive,2025-05-08 07:32:00,baseline,88.96774194,120.0253612023126,93.60774230957031
2,0.9,adaptive,2025-05-08 08:58:00,baseline,88.96774194,127.42784874293638,96.18268585205078
2,0.9,adaptive,2025-05-08 10:23:00,baseline,100.7096774,121.82858725433805,96.69810485839844
2,0.9,adaptive,2025-05-08 11:49:00,baseline,101.1612903,112.09285205116339,99.04132843017578
2,0.9,adaptive,2025-05-08 13:15:00,baseline,101.1612903,108.27583624105627,103.949462890625
2,0.9,adaptive,2025-05-08 14:40:00,baseline,100.2580645,113.8863765468417,97.3779067993164
2,0.9,adaptive,2025-05-08 16:06:00,baseline,98.0,113.87452101593512,95.91990661621094
2,0.9,mondrian,2025-05-04 19:21:00,baseline,89.41935484,96.93726131894532,87.77920532226562
2,0.9,mondrian,2025-05-04 20:46:00,baseline,109.2903226,103.25897762753907,94.10092163085938
2,0.9,mondrian,2025-05-04 22:12:00,baseline,109.2903226,111.86462185361329,102.7065658569336
2,0.9,mondrian,2025-05-04 23:38:00,baseline,109.2903226,118.15488979794922,108.99683380126953
2,0.9,mondrian,2025-05-05 01:03:00,baseline,109.7419355,116.11138699033204,106.95333099365234
2,0.9,mondrian,2025-05-05 02:29:00,baseline,108.8387097,109.17860195615235,100.02054595947266
2,0.9,mondrian,2025-05-05 03:55:00,baseline,51.93548387,114.82416317441407,105.66610717773438
2,0.9,mondrian,2025-05-05 05:20:00,baseline,51.93548387,74.97367641904297,65.81562042236328
2,0.9,mondrian,2025-05-05 06:46:00,baseline,51.48387097,79.37340328671876,70.21534729003906
2,0.9,mondrian,2025-05-05 08:11:00,baseline,60.06451613,95.13081905820313,85.97276306152344
2,0.9,mondrian,2025-05-05 09:37:00,baseline,62.32258065,87.98121426083985,78.82315826416016
2,0.9,mondrian,2025-05-05 11:03:00,baseline,83.5483871,88.73093960263672,79.57288360595703
2,0.9,mondrian,2025-05-05 12:28:00,baseline,84.4516129,93.80263302304688,84.64457702636719
2,0.9,mondrian,2025-05-05 13:54:00,baseline,84.90322581,96.73710415341797,87.57904815673828
2,0.9,mondrian,2025-05-05 15:19:00,baseline,87.61290323,94.18698666074219,85.0289306640625
2,0.9,mondrian,2025-05-05 16:45:00,baseline,107.483871,95.58322689511719,86.4251708984375
2,0.9,mondrian,2025-05-05 18:11:00,baseline,107.9354839,111.73068783261719,102.5726318359375
2,0.9,mondrian,2025-05-05 19:36:00,baseline,108.3870968,116.30274746396485,107.14469146728516
2,0.9,mondrian,2025-05-05 21:02:00,baseline,108.3870968,111.69986507871094,102.54180908203125
2,0.9,mondrian,2025-05-05 22:28:00,baseline,107.9354839,110.88382503964844,101.72576904296875
2,0.9,mondrian,2025-05-05 23:53:00,baseline,98.0,113.608815884375,104.45075988769531
2,0.9,mondrian,2025-05-06 01:19:00,baseline,97.5483871,105.88914272763672,96.73108673095703
2,0.9,mondrian,2025-05-06 02:44:00,baseline,96.64516129,103.64977810361329,94.4917221069336
2,0.9,mondrian,2025-05-06 04:10:00,baseline,62.77419355,99.48379299619141,90.32573699951172
2,0.9,mondrian,2025-05-06 05:36:00,baseline,63.67741935,73.39844295957032,64.24038696289062
2,0.9,mondrian,2025-05-06 07:01:00,baseline,63.67741935,80.48160335996094,71.32354736328125
2,0.9,mondrian,2025-05-06 08:27:00,baseline,83.5483871,96.99281856992188,87.83476257324219
2,0.9,mondrian,2025-05-06 09:52:00,baseline,84.4516129,96.67165157773438,87.51359558105469
2,0.9,mondrian,2025-05-06 11:18:00,baseline,87.61290323,95.97633144833985,86.81827545166016
2,0.9,mondrian,2025-05-06 12:44:00,baseline,87.61290323,93.41090176083985,84.25284576416016
2,0.9,mondrian,2025-05-06 14:09:00,baseline,87.61290323,97.90458462216797,88.74652862548828
2,0.9,mondrian,2025-05-06 15:35:00,baseline,105.6774194,106.47096035458985,97.31290435791016
2,0.9,mondrian,2025-05-06 17:00:00,baseline,106.1290323,110.83476040341797,101.67670440673828
2,0.9,mondrian,2025-05-06 18:26:00,baseline,106.1290323,114.82259914853516,105.66454315185547
2,0.9,mondrian,2025-05-06 19:52:00,baseline,106.1290323,110.29868099667969,101.140625
2,0.9,mondrian,2025-05-06 21:17:00,baseline,105.6774194,112.07423946835938,102.91618347167969
2,0.9,mondrian,2025-05-06 22:43:00,baseline,91.67741935,112.22445461728516,103.06639862060547
2,0.9,mondrian,2025-05-07 00:09:00,baseline,91.22580645,94.32598659970704,85.16793060302734
2,0.9,mondrian,2025-05-07 01:34:00,baseline,89.41935484,88.92448208310547,79.76642608642578
2,0.9,mondrian,2025-05-07 03:00:00,baseline,65.48387097,90.77856991269532,81.62051391601562
2,0.9,mondrian,2025-05-07 04:25:00,baseline,65.93548387,80.35889217832032,71.20083618164062
2,0.9,mondrian,2025-05-07 05:51:00,baseline,87.61290323,92.3977792022461,83.2397232055664
2,0.9,mondrian,2025-05-07 07:17:00,baseline,88.51612903,96.1396996734375,86.98164367675781
2,0.9,mondrian,2025-05-07 08:42:00,baseline,94.38709677,97.50572750546876,88.34767150878906
2,0.9,mondrian,2025-05-07 10:08:00,baseline,94.83870968,99.89137051083985,90.73331451416016
2,0.9,mondrian,2025-05-07 11:33:00,baseline,103.8709677,107.53928158261719,98.3812255859375
2,0.9,mondrian,2025-05-07 12:59:00,baseline,104.3225806,106.52905056455079,97.3709945678711
2,0.9,mondrian,2025-05-07 14:25:00,baseline,104.3225806,116.63247463681641,107.47441864013672
2,0.9,mondrian,2025-05-07 15:50:00,baseline,104.3225806,109.48792049863282,100.32986450195312
2,0.9,mondrian,2025-05-07 17:16:00,baseline,103.8709677,111.86882565,102.71076965332031
2,0.9,mondrian,2025-05-07 18:42:00,baseline,89.41935484,106.33223507382813,97.17417907714844
2,0.9,mondrian,2025-05-07 20:07:00,baseline,89.41935484,93.53806850888672,84.38001251220703
2,0.9,mondrian,2025-05-07 21:33:00,baseline,88.51612903,88.76631710507813,79.60826110839844
2,0.9,mondrian,2025-05-07 22:58:00,baseline,61.87096774,101.54627010800782,92.38821411132812
2,0.9,mondrian,2025-05-08 00:24:00,baseline,62.32258065,75.49536678769532,66.33731079101562
2,0.9,mondrian,2025-05-08 01:50:00,baseline,62.32258065,81.0837914703125,71.92573547363281
2,0.9,mondrian,2025-05-08 03:15:00,baseline,88.51612903,95.39229366757813,86.23423767089844
2,0.9,mondrian,2025-05-08 04:41:00,baseline,88.96774194,99.99840328671876,90.84034729003906
2,0.9,mondrian,2025-05-08 06:06:00,baseline,88.96774194,98.8933617828125,89.73530578613281
2,0.9,mondrian,2025-05-08 07:32:00,baseline,88.96774194,102.76579830625,93.60774230957031
2,0.9,mondrian,2025-05-08 08:58:00,baseline,88.96774194,105.34074184873047,96.18268585205078
2,0.9,mondrian,2025-05-08 10:23:00,baseline,100.7096774,105.85616085507813,96.69810485839844
2,0.9,mondrian,2025-05-08 11:49:00,baseline,101.1612903,108.19938442685547,99.04132843017578
2,0.9,mondrian,2025-05-08 13:15:00,baseline,101.1612903,113.10751888730469,103.949462890625
2,0.9,mondrian,2025-05-08 14:40:00,baseline,100.2580645,106.5359627959961,97.3779067993164
2,0.9,mondrian,2025-05-08 16:06:00,baseline,98.0,105.07796261289063,95.91990661621094
2,0.9,aci,2025-05-04 19:21:00,baseline,89.41935484,98.96733662216796,87.77920532226562
2,0.9,aci,2025-05-04 20:46:00,baseline,109.2903226,104.44799087744141,94.10092163085938
2,0.9,aci,2025-05-04 22:12:00,baseline,109.2903226,116.06770299708984,102.7065658569336
2,0.9,aci,2025-05-04 23:38:00,baseline,109.2903226,121.94283715644531,108.99683380126953
2,0.9,aci,2025-05-05 01:03:00,baseline,109.7419355,119.472719225,106.95333099365234
2,0.9,aci,2025-05-05 02:29:00,baseline,108.8387097,112.36229751806641,100.02054595947266
2,0.9,aci,2025-05-05 03:55:00,baseline,51.93548387,117.94233605621093,105.66610717773438
2,0.9,aci,2025-05-05 05:20:00,baseline,51.93548387,78.00768746992188,65.81562042236328
2,0.9,aci,2025-05-05 06:46:00,baseline,51.48387097,82.40741433759766,70.21534729003906
2,0.9,aci,2025-05-05 08:11:00,baseline,60.06451613,97.24669601220702,85.97276306152344
2,0.9,aci,2025-05-05 09:37:00,baseline,62.32258065,90.0112895640625,78.82315826416016
2,0.9,aci,2025-05-05 11:03:00,baseline,83.5483871,89.91995285253907,79.57288360595703
2,0.9,aci,2025-05-05 12:28:00,baseline,84.4516129,94.96385094878906,84.64457702636719
2,0.9,aci,2025-05-05 13:54:00,baseline,84.90322581,97.80302133222656,87.57904815673828
2,0.9,aci,2025-05-05 15:19:00,baseline,87.61290323,95.01535843115235,85.0289306640625
2,0.9,aci,2025-05-05 16:45:00,baseline,107.483871,95.77060182503907,86.4251708984375
2,0.9,aci,2025-05-05 18:11:00,baseline,107.9354839,114.84886071441406,102.5726318359375
2,0.9,aci,2025-05-05 19:36:00,baseline,108.3870968,119.42092034576171,107.14469146728516
2,0.9,aci,2025-05-05 21:02:00,baseline,108.3870968,114.73387612958985,102.54180908203125
2,0.9,aci,2025-05-05 22:28:00,baseline,107.9354839,112.99970199365234,101.72576904296875
2,0.9,aci,2025-05-05 23:53:00,baseline,98.0,115.63889118759765,104.45075988769531
2,0.9,aci,2025-05-06 01:19:00,baseline,97.5483871,107.07815597753907,96.73108673095703
2,0.9,aci,2025-05-06 02:44:00,baseline,96.64516129,104.81099602935546,94.4917221069336
2,0.9,aci,2025-05-06 04:10:00,baseline,62.77419355,100.549710175,90.32573699951172
2,0.9,aci,2025-05-06 05:36:00,baseline,63.67741935,74.22681472998048,64.24038696289062
2,0.9,aci,2025-05-06 07:01:00,baseline,63.67741935,80.66897828988282,71.32354736328125
2,0.9,aci,2025-05-06 08:27:00,baseline,83.5483871,96.99281856992188,87.83476257324219
2,0.9,aci,2025-05-06 09:52:00,baseline,84.4516129,96.62321768144531,87.51359558105469
2,0.9,aci,2025-05-06 11:18:00,baseline,87.61290323,95.6364391921875,86.81827545166016
2,0.9,aci,2025-05-06 12:44:00,baseline,87.61290323,93.02030648847656,84.25284576416016
2,0.9,aci,2025-05-06 14:09:00,baseline,87.61290323,97.49972534179688,88.74652862548828
2,0.9,aci,2025-05-06 15:35:00,baseline,105.6774194,105.59434755257813,97.31290435791016
2,0.9,aci,2025-05-06 17:00:00,baseline,106.1290323,111.90067758222656,101.67670440673828
2,0.9,aci,2025-05-06 18:26:00,baseline,106.1290323,115.65097091894532,105.66454315185547
2,0.9,aci,2025-05-06 19:52:00,baseline,106.1290323,110.48605592660157,101.140625
2,0.9,aci,2025-05-06 21:17:00,baseline,105.6774194,112.07423946835938,102.91618347167969
2,0.9,aci,2025-05-06 22:43:00,baseline,91.67741935,112.17602072099609,103.06639862060547
2,0.9,aci,2025-05-07 00:09:00,baseline,91.22580645,93.98609434355468,85.16793060302734
2,0.9,aci,2025-05-07 01:34:00,baseline,89.41935484,88.53388681074219,79.76642608642578
2,0.9,aci,2025-05-07 03:00:00,baseline,65.48387097,91.96758316259766,81.62051391601562
2,0.9,aci,2025-05-07 04:25:00,baseline,65.93548387,81.5201101040625,71.20083618164062
2,0.9,aci,2025-05-07 05:51:00,baseline,87.61290323,93.46369638105469,83.2397232055664
2,0.9,aci,2025-05-07 07:17:00,baseline,88.51612903,96.96807144384766,86.98164367675781
2,0.9,aci,2025-05-07 08:42:00,baseline,94.38709677,98.00060026236328,88.34767150878906
2,0.9,aci,2025-05-07 10:08:00,baseline,94.83870968,100.07874544076172,90.73331451416016
2,0.9,aci,2025-05-07 11:33:00,baseline,103.8709677,107.49084768632812,98.3812255859375
2,0.9,aci,2025-05-07 12:59:00,baseline,104.3225806,106.18915830839843,97.3709945678711
2,0.9,aci,2025-05-07 14:25:00,baseline,104.3225806,116.24187936445313,107.47441864013672
2,0.9,aci,2025-05-07 15:50:00,baseline,104.3225806,109.08306121826172,100.32986450195312
2,0.9,aci,2025-05-07 17:16:00,baseline,103.8709677,111.07528469541016,102.71076965332031
2,0.9,aci,2025-05-07 18:42:00,baseline,89.41935484,105.45562227181641,97.17417907714844
2,0.9,aci,2025-05-07 20:07:00,baseline,89.41935484,92.48690180947266,84.38001251220703
2,0.9,aci,2025-05-07 21:33:00,baseline,88.51612903,87.67844316875,79.60826110839844
2,0.9,aci,2025-05-07 22:58:00,baseline,61.87096774,101.54627010800782,92.38821411132812
2,0.9,aci,2025-05-08 00:24:00,baseline,62.32258065,75.44693289140625,66.33731079101562
2,0.9,aci,2025-05-08 01:50:00,baseline,62.32258065,80.83360339523438,71.92573547363281
2,0.9,aci,2025-05-08 03:15:00,baseline,88.51612903,95.05240141142578,86.23423767089844
2,0.9,aci,2025-05-08 04:41:00,baseline,88.96774194,99.60780801435547,90.84034729003906
2,0.9,aci,2025-05-08 06:06:00,baseline,88.96774194,98.4885025024414,89.73530578613281
2,0.9,aci,2025-05-08 07:32:00,baseline,88.96774194,101.97225735166016,93.60774230957031
2,0.9,aci,2025-05-08 08:58:00,baseline,88.96774194,104.2895751493164,96.18268585205078
2,0.9,aci,2025-05-08 10:23:00,baseline,100.7096774,104.76828691875,96.69810485839844
2,0.9,aci,2025-05-08 11:49:00,baseline,101.1612903,107.05331841865234,99.04132843017578
2,0.9,aci,2025-05-08 13:15:00,baseline,101.1612903,111.84399365066406,103.949462890625
2,0.9,aci,2025-05-08 14:40:00,baseline,100.2580645,105.18124024677735,97.3779067993164
2,0.9,aci,2025-05-08 16:06:00,baseline,98.0,102.53041793603515,95.91990661621094
2,0.95,marginal,2025-05-04 19:21:00,baseline,89.41935484,101.14034246242187,87.77920532226562
2,0.95,marginal,2025-05-04 20:46:00,baseline,109.2903226,107.46205877101562,94.10092163085938
2,0.95,marginal,2025-05-04 22:12:00,baseline,109.2903226,116.06770299708984,102.7065658569336
2,0.95,marginal,2025-05-04 23:38:00,baseline,109.2903226,122.35797094142578,108.99683380126953
2,0.95,marginal,2025-05-05 01:03:00,baseline,109.7419355,120.31446813380859,106.95333099365234
2,0.95,marginal,2025-05-05 02:29:00,baseline,108.8387097,113.3816830996289,100.02054595947266
2,0.95,marginal,2025-05-05 03:55:00,baseline,51.93548387,119.02724431789062,105.66610717773438
2,0.95,marginal,2025-05-05 05:20:00,baseline,51.93548387,79.17675756251953,65.81562042236328
2,0.95,marginal,2025-05-05 06:46:00,baseline,51.48387097,83.57648443019531,70.21534729003906
2,0.95,marginal,2025-05-05 08:11:00,baseline,60.06451613,99.33390020167968,85.97276306152344
2,0.95,marginal,2025-05-05 09:37:00,baseline,62.32258065,92.1842954043164,78.82315826416016
2,0.95,marginal,2025-05-05 11:03:00,baseline,83.5483871,92.93402074611328,79.57288360595703
2,0.95,marginal,2025-05-05 12:28:00,baseline,84.4516129,98.00571416652343,84.64457702636719
2,0.95,marginal,2025-05-05 13:54:00,baseline,84.90322581,100.94018529689453,87.57904815673828
2,0.95,marginal,2025-05-05 15:19:00,baseline,87.61290323,98.39006780421875,85.0289306640625
2,0.95,marginal,2025-05-05 16:45:00,baseline,107.483871,99.78630803859375,86.4251708984375
2,0.95,marginal,2025-05-05 18:11:00,baseline,107.9354839,115.93376897609375,102.5726318359375
2,0.95,marginal,2025-05-05 19:36:00,baseline,108.3870968,120.5058286074414,107.14469146728516
2,0.95,marginal,2025-05-05 21:02:00,baseline,108.3870968,115.9029462221875,102.54180908203125
2,0.95,marginal,2025-05-05 22:28:00,baseline,107.9354839,115.086906183125,101.72576904296875
2,0.95,marginal,2025-05-05 23:53:00,baseline,98.0,117.81189702785156,104.45075988769531
2,0.95,marginal,2025-05-06 01:19:00,baseline,97.5483871,110.09222387111328,96.73108673095703
2,0.95,marginal,2025-05-06 02:44:00,baseline,96.64516129,107.85285924708984,94.4917221069336
2,0.95,marginal,2025-05-06 04:10:00,baseline,62.77419355,103.68687413966796,90.32573699951172
2,0.95,marginal,2025-05-06 05:36:00,baseline,63.67741935,77.60152410304687,64.24038696289062
2,0.95,marginal,2025-05-06 07:01:00,baseline,63.67741935,84.6846845034375,71.32354736328125
2,0.95,marginal,2025-05-06 08:27:00,baseline,83.5483871,101.19589971339843,87.83476257324219
2,0.95,marginal,2025-05-06 09:52:00,baseline,84.4516129,100.87473272121093,87.51359558105469
2,0.95,marginal,2025-05-06 11:18:00,baseline,87.61290323,100.1794125918164,86.81827545166016
2,0.95,marginal,2025-05-06 12:44:00,baseline,87.61290323,97.6139829043164,84.25284576416016
2,0.95,marginal,2025-05-06 14:09:00,baseline,87.61290323,102.10766576564453,88.74652862548828
2,0.95,marginal,2025-05-06 15:35:00,baseline,105.6774194,110.6740414980664,97.31290435791016
2,0.95,marginal,2025-05-06 17:00:00,baseline,106.1290323,115.03784154689453,101.67670440673828
2,0.95,marginal,2025-05-06 18:26:00,baseline,106.1290323,119.02568029201171,105.66454315185547
2,0.95,marginal,2025-05-06 19:52:00,baseline,106.1290323,114.50176214015625,101.140625
2,0.95,marginal,2025-05-06 21:17:00,baseline,105.6774194,116.27732061183593,102.91618347167969
2,0.95,marginal,2025-05-06 22:43:00,baseline,91.67741935,116.42753576076171,103.06639862060547
2,0.95,marginal,2025-05-07 00:09:00,baseline,91.22580645,98.52906774318359,85.16793060302734
2,0.95,marginal,2025-05-07 01:34:00,baseline,89.41935484,93.12756322658203,79.76642608642578
2,0.95,marginal,2025-05-07 03:00:00,baseline,65.48387097,94.98165105617187,81.62051391601562
2,0.95,marginal,2025-05-07 04:25:00,baseline,65.93548387,84.56197332179687,71.20083618164062
2,0.95,marginal,2025-05-07 05:51:00,baseline,87.61290323,96.60086034572265,83.2397232055664
2,0.95,marginal,2025-05-07 07:17:00,baseline,88.51612903,100.34278081691406,86.98164367675781
2,0.95,marginal,2025-05-07 08:42:00,baseline,94.38709677,101.70880864894531,88.34767150878906
2,0.95,marginal,2025-05-07 10:08:00,baseline,94.83870968,104.0944516543164,90.73331451416016
2,0.95,marginal,2025-05-07 11:33:00,baseline,103.8709677,111.74236272609375,98.3812255859375
2,0.95,marginal,2025-05-07 12:59:00,baseline,104.3225806,110.73213170802734,97.3709945678711
2,0.95,marginal,2025-05-07 14:25:00,baseline,104.3225806,120.83555578029296,107.47441864013672
2,0.95,marginal,2025-05-07 15:50:00,baseline,104.3225806,113.69100164210937,100.32986450195312
2,0.95,marginal,2025-05-07 17:16:00,baseline,103.8709677,116.07190679347656,102.71076965332031
2,0.95,marginal,2025-05-07 18:42:00,baseline,89.41935484,110.53531621730468,97.17417907714844
2,0.95,marginal,2025-05-07 20:07:00,baseline,89.41935484,97.74114965236328,84.38001251220703
2,0.95,marginal,2025-05-07 21:33:00,baseline,88.51612903,92.96939824855468,79.60826110839844
2,0.95,marginal,2025-05-07 22:58:00,baseline,61.87096774,105.74935125148437,92.38821411132812
2,0.95,marginal,2025-05-08 00:24:00,baseline,62.32258065,79.69844793117187,66.33731079101562
2,0.95,marginal,2025-05-08 01:50:00,baseline,62.32258065,85.28687261378906,71.92573547363281
2,0.95,marginal,2025-05-08 03:15:00,baseline,88.51612903,99.59537481105468,86.23423767089844
2,0.95,marginal,2025-05-08 04:41:00,baseline,88.96774194,104.20148443019531,90.84034729003906
2,0.95,marginal,2025-05-08 06:06:00,baseline,88.96774194,103.09644292628906,89.73530578613281
2,0.95,marginal,2025-05-08 07:32:00,baseline,88.96774194,106.96887944972656,93.60774230957031
2,0.95,marginal,2025-05-08 08:58:00,baseline,88.96774194,109.54382299220703,96.18268585205078
2,0.95,marginal,2025-05-08 10:23:00,baseline,100.7096774,110.05924199855468,96.69810485839844
2,0.95,marginal,2025-05-08 11:49:00,baseline,101.1612903,112.40246557033203,99.04132843017578
2,0.95,marginal,2025-05-08 13:15:00,baseline,101.1612903,117.31060003078125,103.949462890625
2,0.95,marginal,2025-05-08 14:40:00,baseline,100.2580645,110.73904393947265,97.3779067993164
2,0.95,marginal,2025-05-08 16:06:00,baseline,98.0,109.28104375636718,95.91990661621094
2,0.95,adaptive,2025-05-04 19:21:00,baseline,89.41935484,93.11312622723,87.77920532226562
2,0.95,adaptive,2025-05-04 20:46:00,baseline,109.2903226,126.51198887341022,94.10092163085938
2,0.95,adaptive,2025-05-04 22:12:00,baseline,109.2903226,109.45237939934047,102.7065658569336
2,0.95,adaptive,2025-05-04 23:38:00,baseline,109.2903226,122.81648929854829,108.99683380126953
2,0.95,adaptive,2025-05-05 01:03:00,baseline,109.7419355,115.98294359462685,106.95333099365234
2,0.95,adaptive,2025-05-05 02:29:00,baseline,108.8387097,112.43402008644662,100.02054595947266
2,0.95,adaptive,2025-05-05 03:55:00,baseline,51.93548387,115.80884492771295,105.66610717773438
2,0.95,adaptive,2025-05-05 05:20:00,baseline,51.93548387,83.05774007853321,65.81562042236328
2,0.95,adaptive,2025-05-05 06:46:00,baseline,51.48387097,91.52836818562221,70.21534729003906
2,0.95,adaptive,2025-05-05 08:11:00,baseline,60.06451613,106.1122600264331,85.97276306152344
2,0.95,adaptive,2025-05-05 09:37:00,baseline,62.32258065,90.25699246024391,78.82315826416016
2,0.95,adaptive,2025-05-05 11:03:00,baseline,83.5483871,91.24736451208804,79.57288360595703
2,0.95,adaptive,2025-05-05 12:28:00,baseline,84.4516129,95.2596222455583,84.64457702636719
2,0.95,adaptive,2025-05-05 13:54:00,baseline,84.90322581,93.6212800165436,87.57904815673828
2,0.95,adaptive,2025-05-05 15:19:00,baseline,87.61290323,103.30014829445369,85.0289306640625
2,0.95,adaptive,2025-05-05 16:45:00,baseline,107.483871,96.91534413582437,86.4251708984375
2,0.95,adaptive,2025-05-05 18:11:00,baseline,107.9354839,107.21903969608078,102.5726318359375
2,0.95,adaptive,2025-05-05 19:36:00,baseline,108.3870968,108.52333004115641,107.14469146728516
2,0.95,adaptive,2025-05-05 21:02:00,baseline,108.3870968,121.89674046742255,102.54180908203125
2,0.95,adaptive,2025-05-05 22:28:00,baseline,107.9354839,110.79683769235989,101.72576904296875
2,0.95,adaptive,2025-05-05 23:53:00,baseline,98.0,109.72281596224715,104.45075988769531
2,0.95,adaptive,2025-05-06 01:19:00,baseline,97.5483871,105.47911997718388,96.73108673095703
2,0.95,adaptive,2025-05-06 02:44:00,baseline,96.64516129,107.22150153479461,94.4917221069336
2,0.95,adaptive,2025-05-06 04:10:00,baseline,62.77419355,114.44573384493567,90.32573699951172
2,0.95,adaptive,2025-05-06 05:36:00,baseline,63.67741935,73.97562155091508,64.24038696289062
2,0.95,adaptive,2025-05-06 07:01:00,baseline,63.67741935,95.12442130210295,71.32354736328125
2,0.95,adaptive,2025-05-06 08:27:00,baseline,83.5483871,104.65012397256486,87.83476257324219
2,0.95,adaptive,2025-05-06 09:52:00,baseline,84.4516129,96.4101520716251,87.51359558105469
2,0.95,adaptive,2025-05-06 11:18:00,baseline,87.61290323,97.48767204617212,86.81827545166016
2,0.95,adaptive,2025-05-06 12:44:00,baseline,87.61290323,96.6453502304438,84.25284576416016
2,0.95,adaptive,2025-05-06 14:09:00,baseline,87.61290323,96.65021428893358,88.74652862548828
2,0.95,adaptive,2025-05-06 15:35:00,baseline,105.6774194,113.65397923098935,97.31290435791016
2,0.95,adaptive,2025-05-06 17:00:00,baseline,106.1290323,103.05534298060954,101.67670440673828
2,0.95,adaptive,2025-05-06 18:26:00,baseline,106.1290323,107.07397123537352,105.66454315185547
2,0.95,adaptive,2025-05-06 19:52:00,baseline,106.1290323,109.9330723257979,101.140625
2,0.95,adaptive,2025-05-06 21:17:00,baseline,105.6774194,116.66119741558981,102.91618347167969
2,0.95,adaptive,2025-05-06 22:43:00,baseline,91.67741935,109.71369198802165,103.06639862060547
2,0.95,adaptive,2025-05-07 00:09:00,baseline,91.22580645,96.23191811904532,85.16793060302734
2,0.95,adaptive,2025-05-07 01:34:00,baseline,89.41935484,96.48094279176975,79.76642608642578
2,0.95,adaptive,2025-05-07 03:00:00,baseline,65.48387097,103.2782095321722,81.62051391601562
2,0.95,adaptive,2025-05-07 04:25:00,baseline,65.93548387,93.38172816629363,71.20083618164062
2,0.95,adaptive,2025-05-07 05:51:00,baseline,87.61290323,103.79482946245695,83.2397232055664
2,0.95,adaptive,2025-05-07 07:17:00,baseline,88.51612903,93.05478753100756,86.98164367675781
2,0.95,adaptive,2025-05-07 08:42:00,baseline,94.38709677,98.74289704151629,88.34767150878906
2,0.95,adaptive,2025-05-07 10:08:00,baseline,94.83870968,97.40245981701273,90.73331451416016
2,0.95,adaptive,2025-05-07 11:33:00,baseline,103.8709677,109.89467139448357,98.3812255859375
2,0.95,adaptive,2025-05-07 12:59:00,baseline,104.3225806,107.97955731775197,97.3709945678711
2,0.95,adaptive,2025-05-07 14:25:00,baseline,104.3225806,110.69264911831593,107.47441864013672
2,0.95,adaptive,2025-05-07 15:50:00,baseline,104.3225806,113.27683749770398,100.32986450195312
2,0.95,adaptive,2025-05-07 17:16:00,baseline,103.8709677,113.055984362487,102.71076965332031
2,0.95,adaptive,2025-05-07 18:42:00,baseline,89.41935484,109.59580804129637,97.17417907714844
2,0.95,adaptive,2025-05-07 20:07:00,baseline,89.41935484,100.04048031423144,84.38001251220703
2,0.95,adaptive,2025-05-07 21:33:00,baseline,88.51612903,92.02994412840988,79.60826110839844
2,0.95,adaptive,2025-05-07 22:58:00,baseline,61.87096774,114.77759471931233,92.38821411132812
2,0.95,adaptive,2025-05-08 00:24:00,baseline,62.32258065,88.58658402593834,66.33731079101562
2,0.95,adaptive,2025-05-08 01:50:00,baseline,62.32258065,97.53681969942119,71.92573547363281
2,0.95,adaptive,2025-05-08 03:15:00,baseline,88.51612903,104.10328354893937,86.23423767089844
2,0.95,adaptive,2025-05-08 04:41:00,baseline,88.96774194,95.87858379138133,90.84034729003906
2,0.95,adaptive,2025-05-08 06:06:00,baseline,88.96774194,94.24984470204897,89.73530578613281
2,0.95,adaptive,2025-05-08 07:32:00,baseline,88.96774194,125.76132652587539,93.60774230957031
2,0.95,adaptive,2025-05-08 08:58:00,baseline,88.96774194,134.212001834055,96.18268585205078
2,0.95,adaptive,2025-05-08 10:23:00,baseline,100.7096774,127.28508112582458,96.69810485839844
2,0.95,adaptive,2025-05-08 11:49:00,baseline,101.1612903,114.92668379101838,99.04132843017578
2,0.95,adaptive,2025-05-08 13:15:00,baseline,101.1612903,109.21520657627137,103.949462890625
2,0.95,adaptive,2025-05-08 14:40:00,baseline,100.2580645,117.47080292536386,97.3779067993164
2,0.95,adaptive,2025-05-08 16:06:00,baseline,98.0,117.77294373196017,95.91990661621094
2,0.95,mondrian,2025-05-04 19:21:00,baseline,89.41935484,100.05543420074218,87.77920532226562
2,0.95,mondrian,2025-05-04 20:46:00,baseline,109.2903226,106.37715050933593,94.10092163085938
2,0.95,mondrian,2025-05-04 22:12:00,baseline,109.2903226,114.98279473541015,102.7065658569336
2,0.95,mondrian,2025-05-04 23:38:00,baseline,109.2903226,121.27306267974609,108.99683380126953
2,0.95,mondrian,2025-05-05 01:03:00,baseline,109.7419355,119.2295598721289,106.95333099365234
2,0.95,mondrian,2025-05-05 02:29:00,baseline,108.8387097,112.29677483794921,100.02054595947266
2,0.95,mondrian,2025-05-05 03:55:00,baseline,51.93548387,117.94233605621093,105.66610717773438
2,0.95,mondrian,2025-05-05 05:20:00,baseline,51.93548387,78.09184930083984,65.81562042236328
2,0.95,mondrian,2025-05-05 06:46:00,baseline,51.48387097,82.49157616851562,70.21534729003906
2,0.95,mondrian,2025-05-05 08:11:00,baseline,60.06451613,98.24899194,85.97276306152344
2,0.95,mondrian,2025-05-05 09:37:00,baseline,62.32258065,91.09938714263671,78.82315826416016
2,0.95,mondrian,2025-05-05 11:03:00,baseline,83.5483871,91.84911248443359,79.57288360595703
2,0.95,mondrian,2025-05-05 12:28:00,baseline,84.4516129,96.92080590484375,84.64457702636719
2,0.95,mondrian,2025-05-05 13:54:00,baseline,84.90322581,99.85527703521484,87.57904815673828
2,0.95,mondrian,2025-05-05 15:19:00,baseline,87.61290323,97.30515954253906,85.0289306640625
2,0.95,mondrian,2025-05-05 16:45:00,baseline,107.483871,98.70139977691406,86.4251708984375
2,0.95,mondrian,2025-05-05 18:11:00,baseline,107.9354839,114.84886071441406,102.5726318359375
2,0.95,mondrian,2025-05-05 19:36:00,baseline,108.3870968,119.42092034576171,107.14469146728516
2,0.95,mondrian,2025-05-05 21:02:00,baseline,108.3870968,114.81803796050781,102.54180908203125
2,0.95,mondrian,2025-05-05 22:28:00,baseline,107.9354839,114.00199792144531,101.72576904296875
2,0.95,mondrian,2025-05-05 23:53:00,baseline,98.0,116.72698876617187,104.45075988769531
2,0.95,mondrian,2025-05-06 01:19:00,baseline,97.5483871,109.00731560943359,96.73108673095703
2,0.95,mondrian,2025-05-06 02:44:00,baseline,96.64516129,106.76795098541015,94.4917221069336
2,0.95,mondrian,2025-05-06 04:10:00,baseline,62.77419355,102.60196587798828,90.32573699951172
2,0.95,mondrian,2025-05-06 05:36:00,baseline,63.67741935,76.51661584136718,64.24038696289062
2,0.95,mondrian,2025-05-06 07:01:00,baseline,63.67741935,83.59977624175781,71.32354736328125
2,0.95,mondrian,2025-05-06 08:27:00,baseline,83.5483871,100.11099145171875,87.83476257324219
2,0.95,mondrian,2025-05-06 09:52:00,baseline,84.4516129,99.78982445953125,87.51359558105469
2,0.95,mondrian,2025-05-06 11:18:00,baseline,87.61290323,99.09450433013671,86.81827545166016
2,0.95,mondrian,2025-05-06 12:44:00,baseline,87.61290323,96.52907464263671,84.25284576416016
2,0.95,mondrian,2025-05-06 14:09:00,baseline,87.61290323,101.02275750396484,88.74652862548828
2,0.95,mondrian,2025-05-06 15:35:00,baseline,105.6774194,109.58913323638671,97.31290435791016
2,0.95,mondrian,2025-05-06 17:00:00,baseline,106.1290323,113.95293328521484,101.67670440673828
2,0.95,mondrian,2025-05-06 18:26:00,baseline,106.1290323,117.94077203033203,105.66454315185547
2,0.95,mondrian,2025-05-06 19:52:00,baseline,106.1290323,113.41685387847656,101.140625
2,0.95,mondrian,2025-05-06 21:17:00,baseline,105.6774194,115.19241235015625,102.91618347167969
2,0.95,mondrian,2025-05-06 22:43:00,baseline,91.67741935,115.34262749908203,103.06639862060547
2,0.95,mondrian,2025-05-07 00:09:00,baseline,91.22580645,97.4441594815039,85.16793060302734
2,0.95,mondrian,2025-05-07 01:34:00,baseline,89.41935484,92.04265496490234,79.76642608642578
2,0.95,mondrian,2025-05-07 03:00:00,baseline,65.48387097,93.89674279449218,81.62051391601562
2,0.95,mondrian,2025-05-07 04:25:00,baseline,65.93548387,83.47706506011718,71.20083618164062
2,0.95,mondrian,2025-05-07 05:51:00,baseline,87.61290323,95.51595208404296,83.2397232055664
2,0.95,mondrian,2025-05-07 07:17:00,baseline,88.51612903,99.25787255523437,86.98164367675781
2,0.95,mondrian,2025-05-07 08:42:00,baseline,94.38709677,100.62390038726562,88.34767150878906
2,0.95,mondrian,2025-05-07 10:08:00,baseline,94.83870968,103.00954339263671,90.73331451416016
2,0.95,mondrian,2025-05-07 11:33:00,baseline,103.8709677,110.65745446441406,98.3812255859375
2,0.95,mondrian,2025-05-07 12:59:00,baseline,104.3225806,109.64722344634765,97.3709945678711
2,0.95,mondrian,2025-05-07 14:25:00,baseline,104.3225806,119.75064751861328,107.47441864013672
2,0.95,mondrian,2025-05-07 15:50:00,baseline,104.3225806,112.60609338042968,100.32986450195312
2,0.95,mondrian,2025-05-07 17:16:00,baseline,103.8709677,114.98699853179687,102.71076965332031
2,0.95,mondrian,2025-05-07 18:42:00,baseline,89.41935484,109.450407955625,97.17417907714844
2,0.95,mondrian,2025-05-07 20:07:00,baseline,89.41935484,96.65624139068359,84.38001251220703
2,0.95,mondrian,2025-05-07 21:33:00,baseline,88.51612903,91.884489986875,79.60826110839844
2,0.95,mondrian,2025-05-07 22:58:00,baseline,61.87096774,104.66444298980468,92.38821411132812
2,0.95,mondrian,2025-05-08 00:24:00,baseline,62.32258065,78.61353966949218,66.33731079101562
2,0.95,mondrian,2025-05-08 01:50:00,baseline,62.32258065,84.20196435210937,71.92573547363281
2,0.95,mondrian,2025-05-08 03:15:00,baseline,88.51612903,98.510466549375,86.23423767089844
2,0.95,mondrian,2025-05-08 04:41:00,baseline,88.96774194,103.11657616851562,90.84034729003906
2,0.95,mondrian,2025-05-08 06:06:00,baseline,88.96774194,102.01153466460937,89.73530578613281
2,0.95,mondrian,2025-05-08 07:32:00,baseline,88.96774194,105.88397118804687,93.60774230957031
2,0.95,mondrian,2025-05-08 08:58:00,baseline,88.96774194,108.45891473052734,96.18268585205078
2,0.95,mondrian,2025-05-08 10:23:00,baseline,100.7096774,108.974333736875,96.69810485839844
2,0.95,mondrian,2025-05-08 11:49:00,baseline,101.1612903,111.31755730865234,99.04132843017578
2,0.95,mondrian,2025-05-08 13:15:00,baseline,101.1612903,116.22569176910156,103.949462890625
2,0.95,mondrian,2025-05-08 14:40:00,baseline,100.2580645,109.65413567779296,97.3779067993164
2,0.95,mondrian,2025-05-08 16:06:00,baseline,98.0,108.1961354946875,95.91990661621094
2,0.95,aci,2025-05-04 19:21:00,baseline,89.41935484,101.14034246242187,87.77920532226562
2,0.95,aci,2025-05-04 20:46:00,baseline,109.2903226,107.46205877101562,94.10092163085938
2,0.95,aci,2025-05-04 22:12:00,baseline,109.2903226,124.31023623964843,102.7065658569336
2,0.95,aci,2025-05-04 23:38:00,baseline,109.2903226,130.60050418398436,108.99683380126953
2,0.95,aci,2025-05-05 01:03:00,baseline,109.7419355,128.55700137636717,106.95333099365234
2,0.95,aci,2025-05-05 02:29:00,baseline,108.8387097,121.6242163421875,100.02054595947266
2,0.95,aci,2025-05-05 03:55:00,baseline,51.93548387,122.65001974443359,105.66610717773438
2,0.95,aci,2025-05-05 05:20:00,baseline,51.93548387,82.7995329890625,65.81562042236328
2,0.95,aci,2025-05-05 06:46:00,baseline,51.48387097,85.40474825917968,70.21534729003906
2,0.95,aci,2025-05-05 08:11:00,baseline,60.06451613,101.16216403066406,85.97276306152344
2,0.95,aci,2025-05-05 09:37:00,baseline,62.32258065,94.01255923330078,78.82315826416016
2,0.95,aci,2025-05-05 11:03:00,baseline,83.5483871,94.4370274375,79.57288360595703
2,0.95,aci,2025-05-05 12:28:00,baseline,84.4516129,99.50872085791016,84.64457702636719
2,0.95,aci,2025-05-05 13:54:00,baseline,84.90322581,102.42278683763672,87.57904815673828
2,0.95,aci,2025-05-05 15:19:00,baseline,87.61290323,99.87266934496094,85.0289306640625
2,0.95,aci,2025-05-05 16:45:00,baseline,107.483871,100.61429743935547,86.4251708984375
2,0.95,aci,2025-05-05 18:11:00,baseline,107.9354839,124.17630221865234,102.5726318359375
2,0.95,aci,2025-05-05 19:36:00,baseline,108.3870968,128.74836184999998,107.14469146728516
2,0.95,aci,2025-05-05 21:02:00,baseline,108.3870968,124.14547946474609,102.54180908203125
2,0.95,aci,2025-05-05 22:28:00,baseline,107.9354839,123.32943942568359,101.72576904296875
2,0.95,aci,2025-05-05 23:53:00,baseline,98.0,126.05443027041015,104.45075988769531
2,0.95,aci,2025-05-06 01:19:00,baseline,97.5483871,118.33475711367187,96.73108673095703
2,0.95,aci,2025-05-06 02:44:00,baseline,96.64516129,116.09539248964843,94.4917221069336
2,0.95,aci,2025-05-06 04:10:00,baseline,62.77419355,111.92940738222656,90.32573699951172
2,0.95,aci,2025-05-06 05:36:00,baseline,63.67741935,85.84405734560546,64.24038696289062
2,0.95,aci,2025-05-06 07:01:00,baseline,63.67741935,92.38224746484374,71.32354736328125
2,0.95,aci,2025-05-06 08:27:00,baseline,83.5483871,108.89346267480468,87.83476257324219
2,0.95,aci,2025-05-06 09:52:00,baseline,84.4516129,104.4975081477539,87.51359558105469
2,0.95,aci,2025-05-06 11:18:00,baseline,87.61290323,103.80218801835937,86.81827545166016
2,0.95,aci,2025-05-06 12:44:00,baseline,87.61290323,101.23675833085937,84.25284576416016
2,0.95,aci,2025-05-06 14:09:00,baseline,87.61290323,103.9359295946289,88.74652862548828
2,0.95,aci,2025-05-06 15:35:00,baseline,105.6774194,112.50230532705078,97.31290435791016
2,0.95,aci,2025-05-06 17:00:00,baseline,106.1290323,116.54084823828126,101.67670440673828
2,0.95,aci,2025-05-06 18:26:00,baseline,106.1290323,120.52868698339844,105.66454315185547
2,0.95,aci,2025-05-06 19:52:00,baseline,106.1290323,115.98436368089844,101.140625
2,0.95,aci,2025-05-06 21:17:00,baseline,105.6774194,117.75992215257813,102.91618347167969
2,0.95,aci,2025-05-06 22:43:00,baseline,91.67741935,117.25552516152344,103.06639862060547
2,0.95,aci,2025-05-07 00:09:00,baseline,91.22580645,99.35705714394531,85.16793060302734
2,0.95,aci,2025-05-07 01:34:00,baseline,89.41935484,93.36827975332031,79.76642608642578
2,0.95,aci,2025-05-07 03:00:00,baseline,65.48387097,95.22236758291015,81.62051391601562
2,0.95,aci,2025-05-07 04:25:00,baseline,65.93548387,84.56197332179687,71.20083618164062
2,0.95,aci,2025-05-07 05:51:00,baseline,87.61290323,96.60086034572265,83.2397232055664
2,0.95,aci,2025-05-07 07:17:00,baseline,88.51612903,99.92764703193359,86.98164367675781
2,0.95,aci,2025-05-07 08:42:00,baseline,94.38709677,101.29367486396484,88.34767150878906
2,0.95,aci,2025-05-07 10:08:00,baseline,94.83870968,103.25270274550782,90.73331451416016
2,0.95,aci,2025-05-07 11:33:00,baseline,103.8709677,110.72297714453126,98.3812255859375
2,0.95,aci,2025-05-07 12:59:00,baseline,104.3225806,109.71274612646485,97.3709945678711
2,0.95,aci,2025-05-07 14:25:00,baseline,104.3225806,119.75064751861328,107.47441864013672
2,0.95,aci,2025-05-07 15:50:00,baseline,104.3225806,112.60609338042968,100.32986450195312
2,0.95,aci,2025-05-07 17:16:00,baseline,103.8709677,114.90283670087891,102.71076965332031
2,0.95,aci,2025-05-07 18:42:00,baseline,89.41935484,109.36624612470703,97.17417907714844
2,0.95,aci,2025-05-07 20:07:00,baseline,89.41935484,95.65394546289062,84.38001251220703
2,0.95,aci,2025-05-07 21:33:00,baseline,88.51612903,90.88219405908202,79.60826110839844
2,0.95,aci,2025-05-07 22:58:00,baseline,61.87096774,103.57634541123046,92.38821411132812
2,0.95,aci,2025-05-08 00:24:00,baseline,62.32258065,76.68438003759766,66.33731079101562
2,0.95,aci,2025-05-08 01:50:00,baseline,62.32258065,82.27280472021485,71.92573547363281
2,0.95,aci,2025-05-08 03:15:00,baseline,88.51612903,96.55351159332031,86.23423767089844
2,0.95,aci,2025-05-08 04:41:00,baseline,88.96774194,101.15962121246093,90.84034729003906
2,0.95,aci,2025-05-08 06:06:00,baseline,88.96774194,99.9592789616211,89.73530578613281
2,0.95,aci,2025-05-08 07:32:00,baseline,88.96774194,103.59417007666016,93.60774230957031
2,0.95,aci,2025-05-08 08:58:00,baseline,88.96774194,106.16911361914063,96.18268585205078
2,0.95,aci,2025-05-08 10:23:00,baseline,100.7096774,106.35103361197265,96.69810485839844
2,0.95,aci,2025-05-08 11:49:00,baseline,101.1612903,108.69425718375,99.04132843017578
2,0.95,aci,2025-05-08 13:15:00,baseline,101.1612903,113.29489381722657,103.949462890625
2,0.95,aci,2025-05-08 14:40:00,baseline,100.2580645,106.5359627959961,97.3779067993164
2,0.95,aci,2025-05-08 16:06:00,baseline,98.0,105.07796261289063,95.91990661621094
3,0.8,marginal,2025-05-08 17:31:00,baseline,89.41935484,99.12687114150391,92.52183532714844
3,0.8,marginal,2025-05-08 18:57:00,baseline,88.51612903,83.95069316298829,77.34565734863281
3,0.8,marginal,2025-05-08 20:23:00,baseline,88.06451613,84.05801585585938,77.4529800415039
3,0.8,marginal,2025-05-08 21:48:00,baseline,60.06451613,73.09347728164063,66.48844146728516
3,0.8,marginal,2025-05-08 23:14:00,baseline,60.51612903,67.44766429335938,60.842628479003906
3,0.8,marginal,2025-05-09 00:39:00,elevated_risk,86.25806452,82.1885395375,75.58350372314453
3,0.8,marginal,2025-05-09 02:05:00,elevated_risk,87.61290323,92.09303477675782,85.48799896240234
3,0.8,marginal,2025-05-09 03:31:00,elevated_risk,87.61290323,91.4365101185547,84.83147430419922
3,0.8,marginal,2025-05-09 04:56:00,elevated_risk,87.61290323,86.20742991835938,79.6023941040039
3,0.8,marginal,2025-05-09 06:22:00,elevated_risk,108.3870968,102.4945698109375,95.88953399658203
3,0.8,marginal,2025-05-09 07:48:00,elevated_risk,109.2903226,110.1170292225586,103.51199340820312
3,0.8,marginal,2025-05-09 09:13:00,elevated_risk,109.7419355,113.43313792617188,106.8281021118164
3,0.8,marginal,2025-05-09 10:39:00,elevated_risk,109.2903226,104.33805278212891,97.73301696777344
3,0.8,marginal,2025-05-09 12:04:00,elevated_risk,109.2903226,105.12139323623047,98.516357421875
3,0.8,marginal,2025-05-09 13:30:00,elevated_risk,88.96774194,107.1033802357422,100.49834442138672
3,0.8,marginal,2025-05-09 14:56:00,elevated_risk,88.96774194,84.65349772841797,78.0484619140625
3,0.8,marginal,2025-05-09 16:21:00,elevated_risk,87.61290323,83.61826518447266,77.01322937011719
3,0.8,marginal,2025-05-09 17:47:00,elevated_risk,58.25806452,77.8808460560547,71.27581024169922
3,0.8,marginal,2025-05-09 19:12:00,elevated_risk,58.70967742,73.77100566298829,67.16596984863281
3,0.8,marginal,2025-05-09 20:38:00,elevated_risk,59.16129032,82.39431193740235,75.78927612304688
3,0.8,marginal,2025-05-09 22:04:00,elevated_risk,83.09677419,88.38929179580079,81.78425598144531
3,0.8,marginal,2025-05-09 23:29:00,elevated_risk,83.5483871,92.02459147841797,85.4195556640625
3,0.8,marginal,2025-05-10 00:55:00,elevated_risk,87.61290323,92.64431193740235,86.03927612304688
3,0.8,marginal,2025-05-10 02:20:00,elevated_risk,87.61290323,92.24988749892579,85.64485168457031
3,0.8,marginal,2025-05-10 03:46:00,elevated_risk,87.61290323,91.9418583241211,85.33682250976562
3,0.8,marginal,2025-05-10 05:12:00,elevated_risk,103.4193548,104.79280284316407,98.1877670288086
3,0.8,marginal,2025-05-10 06:37:00,elevated_risk,103.4193548,105.24807933242188,98.6430435180664
3,0.8,marginal,2025-05-10 08:03:00,elevated_risk,103.8709677,109.58728984267579,102.98225402832031
3,0.8,marginal,2025-05-10 09:29:00,elevated_risk,103.4193548,106.61947825820313,100.01444244384766
3,0.8,marginal,2025-05-10 10:54:00,elevated_risk,103.4193548,106.45232585341797,99.8472900390625
3,0.8,marginal,2025-05-10 12:20:00,elevated_risk,88.96774194,106.31525615126954,99.71022033691406
3,0.8,marginal,2025-05-10 13:45:00,elevated_risk,88.06451613,88.40056804091797,81.7955322265625
3,0.8,marginal,2025-05-10 15:11:00,elevated_risk,87.16129032,85.86791423232422,79.26287841796875
3,0.8,marginal,2025-05-10 16:37:00,elevated_risk,59.61290323,71.2801380482422,64.67510223388672
3,0.8,marginal,2025-05-10 18:02:00,elevated_risk,79.03225806,77.68125346572266,71.07621765136719
3,0.8,marginal,2025-05-10 19:28:00,elevated_risk,79.48387097,89.52815440566407,82.9231185913086
3,0.8,marginal,2025-05-10 20:53:00,elevated_risk,79.48387097,88.84176829726563,82.23673248291016
3,0.8,marginal,2025-05-10 22:19:00,elevated_risk,82.64516129,92.57379344375,85.96875762939453
3,0.8,marginal,2025-05-10 23:45:00,elevated_risk,82.64516129,87.94114116103516,81.33610534667969
3,0.8,marginal,2025-05-11 01:10:00,baseline,94.83870968,90.96982768447266,84.36479187011719
3,0.8,marginal,2025-05-11 02:36:00,baseline,95.29032258,103.3114643421875,96.70642852783203
3,0.8,marginal,2025-05-11 04:02:00,baseline,95.29032258,107.40164378554688,100.7966079711914
3,0.8,marginal,2025-05-11 05:27:00,baseline,95.29032258,107.8135853138672,101.20854949951172
3,0.8,marginal,2025-05-11 06:53:00,baseline,95.29032258,108.6060657826172,102.00102996826172
3,0.8,marginal,2025-05-11 08:18:00,baseline,83.5483871,108.6413212147461,102.03628540039062
3,0.8,marginal,2025-05-11 09:44:00,baseline,83.5483871,80.1464710560547,73.54143524169922
3,0.8,marginal,2025-05-11 11:10:00,baseline,81.74193548,78.34694102675782,71.74190521240234
3,0.8,marginal,2025-05-11 12:35:00,baseline,56.0,90.41965678603516,83.81462097167969
3,0.8,marginal,2025-05-11 14:01:00,baseline,56.4516129,81.48357585341797,74.8785400390625
3,0.8,marginal,2025-05-11 15:26:00,baseline,56.4516129,84.63601878554688,78.0309829711914
3,0.8,marginal,2025-05-11 16:52:00,baseline,76.32258065,92.45913890273438,85.8541030883789
3,0.8,marginal,2025-05-11 18:18:00,baseline,77.22580645,91.01191905410157,84.4068832397461
3,0.8,marginal,2025-05-11 19:43:00,baseline,77.22580645,89.166322740625,82.56128692626953
3,0.8,marginal,2025-05-11 21:09:00,baseline,77.22580645,96.31589702041016,89.71086120605469
3,0.8,marginal,2025-05-11 22:35:00,baseline,76.77419355,96.78370860488282,90.17867279052734
3,0.8,marginal,2025-05-12 00:00:00,baseline,95.74193548,97.80188945205079,91.19685363769531
3,0.8,marginal,2025-05-12 01:26:00,baseline,96.64516129,102.07282451064454,95.46778869628906
3,0.8,marginal,2025-05-12 02:51:00,baseline,96.64516129,103.21198466689454,96.60694885253906
3,0.8,marginal,2025-05-12 04:17:00,baseline,96.64516129,103.51796153457032,96.91292572021484
3,0.8,marginal,2025-05-12 05:43:00,baseline,96.19354839,109.11625102431641,102.51121520996094
3,0.8,marginal,2025-05-12 07:08:00,baseline,85.35483871,104.71977427871094,98.11473846435547
3,0.8,marginal,2025-05-12 08:34:00,baseline,84.4516129,80.4342899647461,73.82925415039062
3,0.8,marginal,2025-05-12 09:59:00,baseline,83.5483871,83.4533558216797,76.84832000732422
3,0.8,marginal,2025-05-12 11:25:00,baseline,57.35483871,85.9320698109375,79.32703399658203
3,0.8,marginal,2025-05-12 12:51:00,baseline,78.12903226,79.87503245742188,73.2699966430664
3,0.8,marginal,2025-05-12 14:16:00,baseline,78.12903226,90.55668834121094,83.95165252685547
3,0.8,adaptive,2025-05-08 17:31:00,baseline,89.41935484,107.69599276018172,92.52183532714844
3,0.8,adaptive,2025-05-08 18:57:00,baseline,88.51612903,83.65746149068895,77.34565734863281
3,0.8,adaptive,2025-05-08 20:23:00,baseline,88.06451613,86.99678626729195,77.4529800415039
3,0.8,adaptive,2025-05-08 21:48:00,baseline,60.06451613,85.93628712700436,66.48844146728516
3,0.8,adaptive,2025-05-08 23:14:00,baseline,60.51612903,75.20965397428489,60.842628479003906
3,0.8,adaptive,2025-05-09 00:39:00,elevated_risk,86.25806452,80.3752875854448,75.58350372314453
3,0.8,adaptive,2025-05-09 02:05:00,elevated_risk,87.61290323,90.58622325175651,85.48799896240234
3,0.8,adaptive,2025-05-09 03:31:00,elevated_risk,87.61290323,91.32403826419741,84.83147430419922
3,0.8,adaptive,2025-05-09 04:56:00,elevated_risk,87.61290323,91.77207240859981,79.6023941040039
3,0.8,adaptive,2025-05-09 06:22:00,elevated_risk,108.3870968,106.41521817118206,95.88953399658203
3,0.8,adaptive,2025-05-09 07:48:00,elevated_risk,109.2903226,109.68032986225494,103.51199340820312
3,0.8,adaptive,2025-05-09 09:13:00,elevated_risk,109.7419355,110.06725278984914,106.8281021118164
3,0.8,adaptive,2025-05-09 10:39:00,elevated_risk,109.2903226,105.33449887928037,97.73301696777344
3,0.8,adaptive,2025-05-09 12:04:00,elevated_risk,109.2903226,108.820655334214,98.516357421875
3,0.8,adaptive,2025-05-09 13:30:00,elevated_risk,88.96774194,104.67668615408186,100.49834442138672
3,0.8,adaptive,2025-05-09 14:56:00,elevated_risk,88.96774194,82.80664466227384,78.0484619140625
3,0.8,adaptive,2025-05-09 16:21:00,elevated_risk,87.61290323,85.54392817254681,77.01322937011719
3,0.8,adaptive,2025-05-09 17:47:00,elevated_risk,58.25806452,94.60419137175782,71.27581024169922
3,0.8,adaptive,2025-05-09 19:12:00,elevated_risk,58.70967742,84.60244369660018,67.16596984863281
3,0.8,adaptive,2025-05-09 20:38:00,elevated_risk,59.16129032,78.09431859332423,75.78927612304688
3,0.8,adaptive,2025-05-09 22:04:00,elevated_risk,83.09677419,86.05150741892697,81.78425598144531
3,0.8,adaptive,2025-05-09 23:29:00,elevated_risk,83.5483871,94.85363206099792,85.4195556640625
3,0.8,adaptive,2025-05-10 00:55:00,elevated_risk,87.61290323,92.58032053307001,86.03927612304688
3,0.8,adaptive,2025-05-10 02:20:00,elevated_risk,87.61290323,92.64022599645064,85.64485168457031
3,0.8,adaptive,2025-05-10 03:46:00,elevated_risk,87.61290323,92.59706324745693,85.33682250976562
3,0.8,adaptive,2025-05-10 05:12:00,elevated_risk,103.4193548,107.9447407956485,98.1877670288086
3,0.8,adaptive,2025-05-10 06:37:00,elevated_risk,103.4193548,104.11998932943648,98.6430435180664
3,0.8,adaptive,2025-05-10 08:03:00,elevated_risk,103.8709677,107.39671684674737,102.98225402832031
3,0.8,adaptive,2025-05-10 09:29:00,elevated_risk,103.4193548,110.41597855063684,100.01444244384766
3,0.8,adaptive,2025-05-10 10:54:00,elevated_risk,103.4193548,110.54717206722655,99.8472900390625
3,0.8,adaptive,2025-05-10 12:20:00,elevated_risk,88.96774194,110.3356434293049,99.71022033691406
3,0.8,adaptive,2025-05-10 13:45:00,elevated_risk,88.06451613,87.08846596641153,81.7955322265625
3,0.8,adaptive,2025-05-10 15:11:00,elevated_risk,87.16129032,87.48983555852082,79.26287841796875
3,0.8,adaptive,2025-05-10 16:37:00,elevated_risk,59.61290323,84.18450619702125,64.67510223388672
3,0.8,adaptive,2025-05-10 18:02:00,elevated_risk,79.03225806,82.80738303590013,71.07621765136719
3,0.8,adaptive,2025-05-10 19:28:00,elevated_risk,79.48387097,83.67659658011593,82.9231185913086
3,0.8,adaptive,2025-05-10 20:53:00,elevated_risk,79.48387097,87.965783911885,82.23673248291016
3,0.8,adaptive,2025-05-10 22:19:00,elevated_risk,82.64516129,94.40098981894795,85.96875762939453
3,0.8,adaptive,2025-05-10 23:45:00,elevated_risk,82.64516129,89.010245623229,81.33610534667969
3,0.8,adaptive,2025-05-11 01:10:00,baseline,94.83870968,95.65328030994766,84.36479187011719
3,0.8,adaptive,2025-05-11 02:36:00,baseline,95.29032258,99.90056780943586,96.70642852783203
3,0.8,adaptive,2025-05-11 04:02:00,baseline,95.29032258,104.13327911256646,100.7966079711914
3,0.8,adaptive,2025-05-11 05:27:00,baseline,95.29032258,119.13915241166018,101.20854949951172
3,0.8,adaptive,2025-05-11 06:53:00,baseline,95.29032258,114.66082860156926,102.00102996826172
3,0.8,adaptive,2025-05-11 08:18:00,baseline,83.5483871,115.15225826939404,102.03628540039062
3,0.8,adaptive,2025-05-11 09:44:00,baseline,83.5483871,83.08012480681472,73.54143524169922
3,0.8,adaptive,2025-05-11 11:10:00,baseline,81.74193548,85.10098983747456,71.74190521240234
3,0.8,adaptive,2025-05-11 12:35:00,baseline,56.0,95.58910402041548,83.81462097167969
3,0.8,adaptive,2025-05-11 14:01:00,baseline,56.4516129,83.68573329309464,74.8785400390625
3,0.8,adaptive,2025-05-11 15:26:00,baseline,56.4516129,79.61052573649144,78.0309829711914
3,0.8,adaptive,2025-05-11 16:52:00,baseline,76.32258065,91.77686649842347,85.8541030883789
3,0.8,adaptive,2025-05-11 18:18:00,baseline,77.22580645,86.2839311717886,84.4068832397461
3,0.8,adaptive,2025-05-11 19:43:00,baseline,77.22580645,87.64565467355733,82.56128692626953
3,0.8,adaptive,2025-05-11 21:09:00,baseline,77.22580645,97.12966218852186,89.71086120605469
3,0.8,adaptive,2025-05-11 22:35:00,baseline,76.77419355,103.3261609021101,90.17867279052734
3,0.8,adaptive,2025-05-12 00:00:00,baseline,95.74193548,97.51206257794034,91.19685363769531
3,0.8,adaptive,2025-05-12 01:26:00,baseline,96.64516129,105.44062920397018,95.46778869628906
3,0.8,adaptive,2025-05-12 02:51:00,baseline,96.64516129,105.96787856342124,96.60694885253906
3,0.8,adaptive,2025-05-12 04:17:00,baseline,96.64516129,114.89532085854323,96.91292572021484
3,0.8,adaptive,2025-05-12 05:43:00,baseline,96.19354839,125.0210785379904,102.51121520996094
3,0.8,adaptive,2025-05-12 07:08:00,baseline,85.35483871,115.58134365511523,98.11473846435547
3,0.8,adaptive,2025-05-12 08:34:00,baseline,84.4516129,88.68679434060174,73.82925415039062
3,0.8,adaptive,2025-05-12 09:59:00,baseline,83.5483871,96.80653389153616,76.84832000732422
3,0.8,adaptive,2025-05-12 11:25:00,baseline,57.35483871,93.82122201066369,79.32703399658203
3,0.8,adaptive,2025-05-12 12:51:00,baseline,78.12903226,79.92232670582327,73.2699966430664
3,0.8,adaptive,2025-05-12 14:16:00,baseline,78.12903226,87.00544395387675,83.95165252685547
3,0.8,mondrian,2025-05-08 17:31:00,baseline,89.41935484,98.22968713203124,92.52183532714844
3,0.8,mondrian,2025-05-08 18:57:00,baseline,88.51612903,83.05350915351562,77.34565734863281
3,0.8,mondrian,2025-05-08 20:23:00,baseline,88.06451613,83.16083184638671,77.4529800415039
3,0.8,mondrian,2025-05-08 21:48:00,baseline,60.06451613,72.19629327216796,66.48844146728516
3,0.8,mondrian,2025-05-08 23:14:00,baseline,60.51612903,66.55048028388671,60.842628479003906
3,0.8,mondrian,2025-05-09 00:39:00,elevated_risk,86.25806452,82.1885395375,75.58350372314453
3,0.8,mondrian,2025-05-09 02:05:00,elevated_risk,87.61290323,92.09303477675782,85.48799896240234
3,0.8,mondrian,2025-05-09 03:31:00,elevated_risk,87.61290323,91.4365101185547,84.83147430419922
3,0.8,mondrian,2025-05-09 04:56:00,elevated_risk,87.61290323,86.20742991835938,79.6023941040039
3,0.8,mondrian,2025-05-09 06:22:00,elevated_risk,108.3870968,102.4945698109375,95.88953399658203
3,0.8,mondrian,2025-05-09 07:48:00,elevated_risk,109.2903226,110.1170292225586,103.51199340820312
3,0.8,mondrian,2025-05-09 09:13:00,elevated_risk,109.7419355,113.43313792617188,106.8281021118164
3,0.8,mondrian,2025-05-09 10:39:00,elevated_risk,109.2903226,104.33805278212891,97.73301696777344
3,0.8,mondrian,2025-05-09 12:04:00,elevated_risk,109.2903226,105.12139323623047,98.516357421875
3,0.8,mondrian,2025-05-09 13:30:00,elevated_risk,88.96774194,107.1033802357422,100.49834442138672
3,0.8,mondrian,2025-05-09 14:56:00,elevated_risk,88.96774194,84.65349772841797,78.0484619140625
3,0.8,mondrian,2025-05-09 16:21:00,elevated_risk,87.61290323,83.61826518447266,77.01322937011719
3,0.8,mondrian,2025-05-09 17:47:00,elevated_risk,58.25806452,77.8808460560547,71.27581024169922
3,0.8,mondrian,2025-05-09 19:12:00,elevated_risk,58.70967742,73.77100566298829,67.16596984863281
3,0.8,mondrian,2025-05-09 20:38:00,elevated_risk,59.16129032,82.39431193740235,75.78927612304688
3,0.8,mondrian,2025-05-09 22:04:00,elevated_risk,83.09677419,88.38929179580079,81.78425598144531
3,0.8,mondrian,2025-05-09 23:29:00,elevated_risk,83.5483871,92.02459147841797,85.4195556640625
3,0.8,mondrian,2025-05-10 00:55:00,elevated_risk,87.61290323,92.64431193740235,86.03927612304688
3,0.8,mondrian,2025-05-10 02:20:00,elevated_risk,87.61290323,92.24988749892579,85.64485168457031
3,0.8,mondrian,2025-05-10 03:46:00,elevated_risk,87.61290323,91.9418583241211,85.33682250976562
3,0.8,mondrian,2025-05-10 05:12:00,elevated_risk,103.4193548,104.79280284316407,98.1877670288086
3,0.8,mondrian,2025-05-10 06:37:00,elevated_risk,103.4193548,105.24807933242188,98.6430435180664
3,0.8,mondrian,2025-05-10 08:03:00,elevated_risk,103.8709677,109.58728984267579,102.98225402832031
3,0.8,mondrian,2025-05-10 09:29:00,elevated_risk,103.4193548,106.61947825820313,100.01444244384766
3,0.8,mondrian,2025-05-10 10:54:00,elevated_risk,103.4193548,106.45232585341797,99.8472900390625
3,0.8,mondrian,2025-05-10 12:20:00,elevated_risk,88.96774194,106.31525615126954,99.71022033691406
3,0.8,mondrian,2025-05-10 13:45:00,elevated_risk,88.06451613,88.40056804091797,81.7955322265625
3,0.8,mondrian,2025-05-10 15:11:00,elevated_risk,87.16129032,85.86791423232422,79.26287841796875
3,0.8,mondrian,2025-05-10 16:37:00,elevated_risk,59.61290323,71.2801380482422,64.67510223388672
3,0.8,mondrian,2025-05-10 18:02:00,elevated_risk,79.03225806,77.68125346572266,71.07621765136719
3,0.8,mondrian,2025-05-10 19:28:00,elevated_risk,79.48387097,89.52815440566407,82.9231185913086
3,0.8,mondrian,2025-05-10 20:53:00,elevated_risk,79.48387097,88.84176829726563,82.23673248291016
3,0.8,mondrian,2025-05-10 22:19:00,elevated_risk,82.64516129,92.57379344375,85.96875762939453
3,0.8,mondrian,2025-05-10 23:45:00,elevated_risk,82.64516129,87.94114116103516,81.33610534667969
3,0.8,mondrian,2025-05-11 01:10:00,baseline,94.83870968,90.072643675,84.36479187011719
3,0.8,mondrian,2025-05-11 02:36:00,baseline,95.29032258,102.41428033271484,96.70642852783203
3,0.8,mondrian,2025-05-11 04:02:00,baseline,95.29032258,106.50445977607421,100.7966079711914
3,0.8,mondrian,2025-05-11 05:27:00,baseline,95.29032258,106.91640130439453,101.20854949951172
3,0.8,mondrian,2025-05-11 06:53:00,baseline,95.29032258,107.70888177314453,102.00102996826172
3,0.8,mondrian,2025-05-11 08:18:00,baseline,83.5483871,107.74413720527343,102.03628540039062
3,0.8,mondrian,2025-05-11 09:44:00,baseline,83.5483871,79.24928704658203,73.54143524169922
3,0.8,mondrian,2025-05-11 11:10:00,baseline,81.74193548,77.44975701728515,71.74190521240234
3,0.8,mondrian,2025-05-11 12:35:00,baseline,56.0,89.5224727765625,83.81462097167969
3,0.8,mondrian,2025-05-11 14:01:00,baseline,56.4516129,80.58639184394531,74.8785400390625
3,0.8,mondrian,2025-05-11 15:26:00,baseline,56.4516129,83.73883477607421,78.0309829711914
3,0.8,mondrian,2025-05-11 16:52:00,baseline,76.32258065,91.56195489326171,85.8541030883789
3,0.8,mondrian,2025-05-11 18:18:00,baseline,77.22580645,90.1147350446289,84.4068832397461
3,0.8,mondrian,2025-05-11 19:43:00,baseline,77.22580645,88.26913873115234,82.56128692626953
3,0.8,mondrian,2025-05-11 21:09:00,baseline,77.22580645,95.4187130109375,89.71086120605469
3,0.8,mondrian,2025-05-11 22:35:00,baseline,76.77419355,95.88652459541015,90.17867279052734
3,0.8,mondrian,2025-05-12 00:00:00,baseline,95.74193548,96.90470544257812,91.19685363769531
3,0.8,mondrian,2025-05-12 01:26:00,baseline,96.64516129,101.17564050117187,95.46778869628906
3,0.8,mondrian,2025-05-12 02:51:00,baseline,96.64516129,102.31480065742187,96.60694885253906
3,0.8,mondrian,2025-05-12 04:17:00,baseline,96.64516129,102.62077752509765,96.91292572021484
3,0.8,mondrian,2025-05-12 05:43:00,baseline,96.19354839,108.21906701484374,102.51121520996094
3,0.8,mondrian,2025-05-12 07:08:00,baseline,85.35483871,103.82259026923828,98.11473846435547
3,0.8,mondrian,2025-05-12 08:34:00,baseline,84.4516129,79.53710595527343,73.82925415039062
3,0.8,mondrian,2025-05-12 09:59:00,baseline,83.5483871,82.55617181220703,76.84832000732422
3,0.8,mondrian,2025-05-12 11:25:00,baseline,57.35483871,85.03488580146484,79.32703399658203
3,0.8,mondrian,2025-05-12 12:51:00,baseline,78.12903226,78.97784844794921,73.2699966430664
3,0.8,mondrian,2025-05-12 14:16:00,baseline,78.12903226,89.65950433173828,83.95165252685547
3,0.8,aci,2025-05-08 17:31:00,baseline,89.41935484,99.12687114150391,92.52183532714844
3,0.8,aci,2025-05-08 18:57:00,baseline,88.51612903,83.73512809023437,77.34565734863281
3,0.8,aci,2025-05-08 20:23:00,baseline,88.06451613,85.2893413378711,77.4529800415039
3,0.8,aci,2025-05-08 21:48:00,baseline,60.06451613,76.00173608222656,66.48844146728516
3,0.8,aci,2025-05-08 23:14:00,baseline,60.51612903,69.94835297871094,60.842628479003906
3,0.8,aci,2025-05-09 00:39:00,elevated_risk,86.25806452,84.2652816772461,75.58350372314453
3,0.8,aci,2025-05-09 02:05:00,elevated_risk,87.61290323,95.88048599462891,85.48799896240234
3,0.8,aci,2025-05-09 03:31:00,elevated_risk,87.61290323,95.10925759931641,84.83147430419922
3,0.8,aci,2025-05-09 04:56:00,elevated_risk,87.61290323,89.39923562666016,79.6023941040039
3,0.8,aci,2025-05-09 06:22:00,elevated_risk,108.3870968,104.99525849628907,95.88953399658203
3,0.8,aci,2025-05-09 07:48:00,elevated_risk,109.2903226,114.1865542050586,103.51199340820312
3,0.8,aci,2025-05-09 09:13:00,elevated_risk,109.7419355,117.25106762527344,106.8281021118164
3,0.8,aci,2025-05-09 10:39:00,elevated_risk,109.2903226,108.01080026289063,97.73301696777344
3,0.8,aci,2025-05-09 12:04:00,elevated_risk,109.2903226,109.68682910324219,98.516357421875
3,0.8,aci,2025-05-09 13:30:00,elevated_risk,88.96774194,111.37001925527343,100.49834442138672
3,0.8,aci,2025-05-09 14:56:00,elevated_risk,88.96774194,88.8107366299414,78.0484619140625
3,0.8,aci,2025-05-09 16:21:00,elevated_risk,87.61290323,89.35617532392578,77.01322937011719
3,0.8,aci,2025-05-09 17:47:00,elevated_risk,58.25806452,82.83311587392578,71.27581024169922
3,0.8,aci,2025-05-09 19:12:00,elevated_risk,58.70967742,78.33644153,67.16596984863281
3,0.8,aci,2025-05-09 20:38:00,elevated_risk,59.16129032,86.70855614898437,75.78927612304688
3,0.8,aci,2025-05-09 22:04:00,elevated_risk,83.09677419,92.55822115957031,81.78425598144531
3,0.8,aci,2025-05-09 23:29:00,elevated_risk,83.5483871,96.09411646091797,85.4195556640625
3,0.8,aci,2025-05-10 00:55:00,elevated_risk,87.61290323,96.63894998292969,86.03927612304688
3,0.8,aci,2025-05-10 02:20:00,elevated_risk,87.61290323,96.03733871679688,85.64485168457031
3,0.8,aci,2025-05-10 03:46:00,elevated_risk,87.61290323,95.16295669775391,85.33682250976562
3,0.8,aci,2025-05-10 05:12:00,elevated_risk,103.4193548,107.70106164375,98.1877670288086
3,0.8,aci,2025-05-10 06:37:00,elevated_risk,103.4193548,107.54840776835937,98.6430435180664
3,0.8,aci,2025-05-10 08:03:00,elevated_risk,103.8709677,111.25825921455078,102.98225402832031
3,0.8,aci,2025-05-10 09:29:00,elevated_risk,103.4193548,107.86467250958984,100.01444244384766
3,0.8,aci,2025-05-10 10:54:00,elevated_risk,103.4193548,107.52044431753906,99.8472900390625
3,0.8,aci,2025-05-10 12:20:00,elevated_risk,88.96774194,107.24789945669922,99.71022033691406
3,0.8,aci,2025-05-10 13:45:00,elevated_risk,88.06451613,88.43230192251953,81.7955322265625
3,0.8,aci,2025-05-10 15:11:00,elevated_risk,87.16129032,85.76514799785156,79.26287841796875
3,0.8,aci,2025-05-10 16:37:00,elevated_risk,59.61290323,72.5253322996289,64.67510223388672
3,0.8,aci,2025-05-10 18:02:00,elevated_risk,79.03225806,78.74937192984375,71.07621765136719
3,0.8,aci,2025-05-10 19:28:00,elevated_risk,79.48387097,91.82848284160156,82.9231185913086
3,0.8,aci,2025-05-10 20:53:00,elevated_risk,79.48387097,90.51273766914062,82.23673248291016
3,0.8,aci,2025-05-10 22:19:00,elevated_risk,82.64516129,93.9316885711914,85.96875762939453
3,0.8,aci,2025-05-10 23:45:00,elevated_risk,82.64516129,89.23451724871094,81.33610534667969
3,0.8,aci,2025-05-11 01:10:00,baseline,94.83870968,92.03794614859375,84.36479187011719
3,0.8,aci,2025-05-11 02:36:00,baseline,95.29032258,105.611792778125,96.70642852783203
3,0.8,aci,2025-05-11 04:02:00,baseline,95.29032258,109.07261315742187,100.7966079711914
3,0.8,aci,2025-05-11 05:27:00,baseline,95.29032258,109.17148044130859,101.20854949951172
3,0.8,aci,2025-05-11 06:53:00,baseline,95.29032258,109.89944187029297,102.00102996826172
3,0.8,aci,2025-05-11 08:18:00,baseline,83.5483871,109.70943967886718,102.03628540039062
3,0.8,aci,2025-05-11 09:44:00,baseline,83.5483871,81.07911436148437,73.54143524169922
3,0.8,aci,2025-05-11 11:10:00,baseline,81.74193548,80.01791039863281,71.74190521240234
3,0.8,aci,2025-05-11 12:35:00,baseline,56.0,94.20710800390626,83.81462097167969
3,0.8,aci,2025-05-11 14:01:00,baseline,56.4516129,84.88549189736328,74.8785400390625
3,0.8,aci,2025-05-11 15:26:00,baseline,56.4516129,87.82782449384766,78.0309829711914
3,0.8,aci,2025-05-11 16:52:00,baseline,76.32258065,94.95982758808594,85.8541030883789
3,0.8,aci,2025-05-11 18:18:00,baseline,77.22580645,93.08866119384766,84.4068832397461
3,0.8,aci,2025-05-11 19:43:00,baseline,77.22580645,90.5242178680664,82.56128692626953
3,0.8,aci,2025-05-11 21:09:00,baseline,77.22580645,97.60927310808594,89.71086120605469
3,0.8,aci,2025-05-11 22:35:00,baseline,76.77419355,98.01503408689453,90.17867279052734
3,0.8,aci,2025-05-12 00:00:00,baseline,95.74193548,98.73453275748047,91.19685363769531
3,0.8,aci,2025-05-12 01:26:00,baseline,96.64516129,102.10455839224609,95.46778869628906
3,0.8,aci,2025-05-12 02:51:00,baseline,96.64516129,102.99641959414062,96.60694885253906
3,0.8,aci,2025-05-12 04:17:00,baseline,96.64516129,102.9492549571289,96.91292572021484
3,0.8,aci,2025-05-12 05:43:00,baseline,96.19354839,108.21906701484374,102.51121520996094
3,0.8,aci,2025-05-12 07:08:00,baseline,85.35483871,103.43780640568359,98.11473846435547
3,0.8,aci,2025-05-12 08:34:00,baseline,84.4516129,78.92599807279296,73.82925415039062
3,0.8,aci,2025-05-12 09:59:00,baseline,83.5483871,83.23779074892578,76.84832000732422
3,0.8,aci,2025-05-12 11:25:00,baseline,57.35483871,87.17726406232421,79.32703399658203
3,0.8,aci,2025-05-12 12:51:00,baseline,78.12903226,80.94315092154297,73.2699966430664
3,0.8,aci,2025-05-12 14:16:00,baseline,78.12903226,90.68631030441406,83.95165252685547
3,0.9,marginal,2025-05-08 17:31:00,baseline,89.41935484,102.914322359375,92.52183532714844
3,0.9,marginal,2025-05-08 18:57:00,baseline,88.51612903,87.73814438085938,77.34565734863281
3,0.9,marginal,2025-05-08 20:23:00,baseline,88.06451613,87.84546707373048,77.4529800415039
3,0.9,marginal,2025-05-08 21:48:00,baseline,60.06451613,76.88092849951173,66.48844146728516
3,0.9,marginal,2025-05-08 23:14:00,baseline,60.51612903,71.23511551123048,60.842628479003906
3,0.9,marginal,2025-05-09 00:39:00,elevated_risk,86.25806452,85.9759907553711,75.58350372314453
3,0.9,marginal,2025-05-09 02:05:00,elevated_risk,87.61290323,95.88048599462891,85.48799896240234
3,0.9,marginal,2025-05-09 03:31:00,elevated_risk,87.61290323,95.22396133642579,84.83147430419922
3,0.9,marginal,2025-05-09 04:56:00,elevated_risk,87.61290323,89.99488113623048,79.6023941040039
3,0.9,marginal,2025-05-09 06:22:00,elevated_risk,108.3870968,106.2820210288086,95.88953399658203
3,0.9,marginal,2025-05-09 07:48:00,elevated_risk,109.2903226,113.9044804404297,103.51199340820312
3,0.9,marginal,2025-05-09 09:13:00,elevated_risk,109.7419355,117.22058914404298,106.8281021118164
3,0.9,marginal,2025-05-09 10:39:00,elevated_risk,109.2903226,108.125504,97.73301696777344
3,0.9,marginal,2025-05-09 12:04:00,elevated_risk,109.2903226,108.90884445410157,98.516357421875
3,0.9,marginal,2025-05-09 13:30:00,elevated_risk,88.96774194,110.89083145361329,100.49834442138672
3,0.9,marginal,2025-05-09 14:56:00,elevated_risk,88.96774194,88.44094894628907,78.0484619140625
3,0.9,marginal,2025-05-09 16:21:00,elevated_risk,87.61290323,87.40571640234376,77.01322937011719
3,0.9,marginal,2025-05-09 17:47:00,elevated_risk,58.25806452,81.66829727392579,71.27581024169922
3,0.9,marginal,2025-05-09 19:12:00,elevated_risk,58.70967742,77.55845688085938,67.16596984863281
3,0.9,marginal,2025-05-09 20:38:00,elevated_risk,59.16129032,86.18176315527344,75.78927612304688
3,0.9,marginal,2025-05-09 22:04:00,elevated_risk,83.09677419,92.17674301367188,81.78425598144531
3,0.9,marginal,2025-05-09 23:29:00,elevated_risk,83.5483871,95.81204269628907,85.4195556640625
3,0.9,marginal,2025-05-10 00:55:00,elevated_risk,87.61290323,96.43176315527344,86.03927612304688
3,0.9,marginal,2025-05-10 02:20:00,elevated_risk,87.61290323,96.03733871679688,85.64485168457031
3,0.9,marginal,2025-05-10 03:46:00,elevated_risk,87.61290323,95.7293095419922,85.33682250976562
3,0.9,marginal,2025-05-10 05:12:00,elevated_risk,103.4193548,108.58025406103516,98.1877670288086
3,0.9,marginal,2025-05-10 06:37:00,elevated_risk,103.4193548,109.03553055029298,98.6430435180664
3,0.9,marginal,2025-05-10 08:03:00,elevated_risk,103.8709677,113.37474106054688,102.98225402832031
3,0.9,marginal,2025-05-10 09:29:00,elevated_risk,103.4193548,110.40692947607423,100.01444244384766
3,0.9,marginal,2025-05-10 10:54:00,elevated_risk,103.4193548,110.23977707128907,99.8472900390625
3,0.9,marginal,2025-05-10 12:20:00,elevated_risk,88.96774194,110.10270736914063,99.71022033691406
3,0.9,marginal,2025-05-10 13:45:00,elevated_risk,88.06451613,92.18801925878907,81.7955322265625
3,0.9,marginal,2025-05-10 15:11:00,elevated_risk,87.16129032,89.65536545019532,79.26287841796875
3,0.9,marginal,2025-05-10 16:37:00,elevated_risk,59.61290323,75.06758926611329,64.67510223388672
3,0.9,marginal,2025-05-10 18:02:00,elevated_risk,79.03225806,81.46870468359376,71.07621765136719
3,0.9,marginal,2025-05-10 19:28:00,elevated_risk,79.48387097,93.31560562353516,82.9231185913086
3,0.9,marginal,2025-05-10 20:53:00,elevated_risk,79.48387097,92.62921951513673,82.23673248291016
3,0.9,marginal,2025-05-10 22:19:00,elevated_risk,82.64516129,96.3612446616211,85.96875762939453
3,0.9,marginal,2025-05-10 23:45:00,elevated_risk,82.64516129,91.72859237890626,81.33610534667969
3,0.9,marginal,2025-05-11 01:10:00,baseline,94.83870968,94.75727890234376,84.36479187011719
3,0.9,marginal,2025-05-11 02:36:00,baseline,95.29032258,107.0989155600586,96.70642852783203
3,0.9,marginal,2025-05-11 04:02:00,baseline,95.29032258,111.18909500341798,100.7966079711914
3,0.9,marginal,2025-05-11 05:27:00,baseline,95.29032258,111.60103653173829,101.20854949951172
3,0.9,marginal,2025-05-11 06:53:00,baseline,95.29032258,112.39351700048829,102.00102996826172
3,0.9,marginal,2025-05-11 08:18:00,baseline,83.5483871,112.4287724326172,102.03628540039062
3,0.9,marginal,2025-05-11 09:44:00,baseline,83.5483871,83.93392227392579,73.54143524169922
3,0.9,marginal,2025-05-11 11:10:00,baseline,81.74193548,82.13439224462891,71.74190521240234
3,0.9,marginal,2025-05-11 12:35:00,baseline,56.0,94.20710800390626,83.81462097167969
3,0.9,marginal,2025-05-11 14:01:00,baseline,56.4516129,85.27102707128907,74.8785400390625
3,0.9,marginal,2025-05-11 15:26:00,baseline,56.4516129,88.42347000341798,78.0309829711914
3,0.9,marginal,2025-05-11 16:52:00,baseline,76.32258065,96.24659012060548,85.8541030883789
3,0.9,marginal,2025-05-11 18:18:00,baseline,77.22580645,94.79937027197266,84.4068832397461
3,0.9,marginal,2025-05-11 19:43:00,baseline,77.22580645,92.9537739584961,82.56128692626953
3,0.9,marginal,2025-05-11 21:09:00,baseline,77.22580645,100.10334823828126,89.71086120605469
3,0.9,marginal,2025-05-11 22:35:00,baseline,76.77419355,100.57115982275391,90.17867279052734
3,0.9,marginal,2025-05-12 00:00:00,baseline,95.74193548,101.58934066992188,91.19685363769531
3,0.9,marginal,2025-05-12 01:26:00,baseline,96.64516129,105.86027572851563,95.46778869628906
3,0.9,marginal,2025-05-12 02:51:00,baseline,96.64516129,106.99943588476563,96.60694885253906
3,0.9,marginal,2025-05-12 04:17:00,baseline,96.64516129,107.30541275244141,96.91292572021484
3,0.9,marginal,2025-05-12 05:43:00,baseline,96.19354839,112.9037022421875,102.51121520996094
3,0.9,marginal,2025-05-12 07:08:00,baseline,85.35483871,108.50722549658204,98.11473846435547
3,0.9,marginal,2025-05-12 08:34:00,baseline,84.4516129,84.2217411826172,73.82925415039062
3,0.9,marginal,2025-05-12 09:59:00,baseline,83.5483871,87.24080703955079,76.84832000732422
3,0.9,marginal,2025-05-12 11:25:00,baseline,57.35483871,89.7195210288086,79.32703399658203
3,0.9,marginal,2025-05-12 12:51:00,baseline,78.12903226,83.66248367529298,73.2699966430664
3,0.9,marginal,2025-05-12 14:16:00,baseline,78.12903226,94.34413955908204,83.95165252685547
3,0.9,adaptive,2025-05-08 17:31:00,baseline,89.41935484,113.61452158583626,92.52183532714844
3,0.9,adaptive,2025-05-08 18:57:00,baseline,88.51612903,86.11931776979421,77.34565734863281
3,0.9,adaptive,2025-05-08 20:23:00,baseline,88.06451613,90.71925273721419,77.4529800415039
3,0.9,adaptive,2025-05-08 21:48:00,baseline,60.06451613,93.5217254382846,66.48844146728516
3,0.9,adaptive,2025-05-08 23:14:00,baseline,60.51612903,80.81336903444534,60.842628479003906
3,0.9,adaptive,2025-05-09 00:39:00,elevated_risk,86.25806452,82.24427510850762,75.58350372314453
3,0.9,adaptive,2025-05-09 02:05:00,elevated_risk,87.61290323,92.57473480828668,85.48799896240234
3,0.9,adaptive,2025-05-09 03:31:00,elevated_risk,87.61290323,93.85639810817814,84.83147430419922
3,0.9,adaptive,2025-05-09 04:56:00,elevated_risk,87.61290323,96.51873410382485,79.6023941040039
3,0.9,adaptive,2025-05-09 06:22:00,elevated_risk,108.3870968,110.52065634605496,95.88953399658203
3,0.9,adaptive,2025-05-09 07:48:00,elevated_risk,109.2903226,112.08622799997732,103.51199340820312
3,0.9,adaptive,2025-05-09 09:13:00,elevated_risk,109.7419355,111.33065121860412,106.8281021118164
3,0.9,adaptive,2025-05-09 10:39:00,elevated_risk,109.2903226,108.29938111471874,97.73301696777344
3,0.9,adaptive,2025-05-09 12:04:00,elevated_risk,109.2903226,112.83974400463643,98.516357421875
3,0.9,adaptive,2025-05-09 13:30:00,elevated_risk,88.96774194,106.30640669029805,100.49834442138672
3,0.9,adaptive,2025-05-09 14:56:00,elevated_risk,88.96774194,84.66252640577777,78.0484619140625
3,0.9,adaptive,2025-05-09 16:21:00,elevated_risk,87.61290323,88.87124219231863,77.01322937011719
3,0.9,adaptive,2025-05-09 17:47:00,elevated_risk,58.25806452,103.70319385564778,71.27581024169922
3,0.9,adaptive,2025-05-09 19:12:00,elevated_risk,58.70967742,91.40336648538775,67.16596984863281
3,0.9,adaptive,2025-05-09 20:38:00,elevated_risk,59.16129032,78.99337742837992,75.78927612304688
3,0.9,adaptive,2025-05-09 22:04:00,elevated_risk,83.09677419,87.71590629909612,81.78425598144531
3,0.9,adaptive,2025-05-09 23:29:00,elevated_risk,83.5483871,98.53329950514464,85.4195556640625
3,0.9,adaptive,2025-05-10 00:55:00,elevated_risk,87.61290323,95.13158969324965,86.03927612304688
3,0.9,adaptive,2025-05-10 02:20:00,elevated_risk,87.61290323,95.36870200533772,85.64485168457031
3,0.9,adaptive,2025-05-10 03:46:00,elevated_risk,87.61290323,95.42884776510496,85.33682250976562
3,0.9,adaptive,2025-05-10 05:12:00,elevated_risk,103.4193548,111.75035113975139,98.1877670288086
3,0.9,adaptive,2025-05-10 06:37:00,elevated_risk,103.4193548,106.2562174399064,98.6430435180664
3,0.9,adaptive,2025-05-10 08:03:00,elevated_risk,103.8709677,109.11853405840773,102.98225402832031
3,0.9,adaptive,2025-05-10 09:29:00,elevated_risk,103.4193548,114.4729940093734,100.01444244384766
3,0.9,adaptive,2025-05-10 10:54:00,elevated_risk,103.4193548,114.72055437818975,99.8472900390625
3,0.9,adaptive,2025-05-10 12:20:00,elevated_risk,88.96774194,114.47998377469958,99.71022033691406
3,0.9,adaptive,2025-05-10 13:45:00,elevated_risk,88.06451613,89.15292200292136,81.7955322265625
3,0.9,adaptive,2025-05-10 15:11:00,elevated_risk,87.16129032,90.6986781712766,79.26287841796875
3,0.9,adaptive,2025-05-10 16:37:00,elevated_risk,59.61290323,91.79395471083365,64.67510223388672
3,0.9,adaptive,2025-05-10 18:02:00,elevated_risk,79.03225806,87.38300713847671,71.07621765136719
3,0.9,adaptive,2025-05-10 19:28:00,elevated_risk,79.48387097,83.97048315773534,82.9231185913086
3,0.9,adaptive,2025-05-10 20:53:00,elevated_risk,79.48387097,90.20034330509586,82.23673248291016
3,0.9,adaptive,2025-05-10 22:19:00,elevated_risk,82.64516129,97.68989791804547,85.96875762939453
3,0.9,adaptive,2025-05-10 23:45:00,elevated_risk,82.64516129,92.00346752957337,81.33610534667969
3,0.9,adaptive,2025-05-11 01:10:00,baseline,94.83870968,100.05624268357904,84.36479187011719
3,0.9,adaptive,2025-05-11 02:36:00,baseline,95.29032258,101.1464099917618,96.70642852783203
3,0.9,adaptive,2025-05-11 04:02:00,baseline,95.29032258,105.43471442580284,100.7966079711914
3,0.9,adaptive,2025-05-11 05:27:00,baseline,95.29032258,126.13280531563575,101.20854949951172
3,0.9,adaptive,2025-05-11 06:53:00,baseline,95.29032258,119.59865684467817,102.00102996826172
3,0.9,adaptive,2025-05-11 08:18:00,baseline,83.5483871,120.26801272523679,102.03628540039062
3,0.9,adaptive,2025-05-11 09:44:00,baseline,83.5483871,86.800595574253,73.54143524169922
3,0.9,adaptive,2025-05-11 11:10:00,baseline,81.74193548,90.31156761003186,71.74190521240234
3,0.9,adaptive,2025-05-11 12:35:00,baseline,56.0,100.18162374605227,83.81462097167969
3,0.9,adaptive,2025-05-11 14:01:00,baseline,56.4516129,87.12089121716,74.8785400390625
3,0.9,adaptive,2025-05-11 15:26:00,baseline,56.4516129,80.22661064460179,78.0309829711914
3,0.9,adaptive,2025-05-11 16:52:00,baseline,76.32258065,94.08698131860915,85.8541030883789
3,0.9,adaptive,2025-05-11 18:18:00,baseline,77.22580645,87.01605500416325,84.4068832397461
3,0.9,adaptive,2025-05-11 19:43:00,baseline,77.22580645,89.62876162399944,82.56128692626953
3,0.9,adaptive,2025-05-11 21:09:00,baseline,77.22580645,100.02329154885393,89.71086120605469
3,0.9,adaptive,2025-05-11 22:35:00,baseline,76.77419355,108.45420756412487,90.17867279052734
3,0.9,adaptive,2025-05-12 00:00:00,baseline,95.74193548,99.97524686463453,91.19685363769531
3,0.9,adaptive,2025-05-12 01:26:00,baseline,96.64516129,109.33043621822144,95.46778869628906
3,0.9,adaptive,2025-05-12 02:51:00,baseline,96.64516129,109.61901587192004,96.60694885253906
3,0.9,adaptive,2025-05-12 04:17:00,baseline,96.64516129,121.90917480398971,96.91292572021484
3,0.9,adaptive,2025-05-12 05:43:00,baseline,96.19354839,133.80082631353824,102.51121520996094
3,0.9,adaptive,2025-05-12 07:08:00,baseline,85.35483871,122.39401887375993,98.11473846435547
3,0.9,adaptive,2025-05-12 08:34:00,baseline,84.4516129,94.48182976725786,73.82925415039062
3,0.9,adaptive,2025-05-12 09:59:00,baseline,83.5483871,104.59103624058515,76.84832000732422
3,0.9,adaptive,2025-05-12 11:25:00,baseline,57.35483871,99.47453554351601,79.32703399658203
3,0.9,adaptive,2025-05-12 12:51:00,baseline,78.12903226,82.51700172537224,73.2699966430664
3,0.9,adaptive,2025-05-12 14:16:00,baseline,78.12903226,88.19654485474234,83.95165252685547
3,0.9,mondrian,2025-05-08 17:31:00,baseline,89.41935484,101.20361328125,92.52183532714844
3,0.9,mondrian,2025-05-08 18:57:00,baseline,88.51612903,86.02743530273438,77.34565734863281
3,0.9,mondrian,2025-05-08 20:23:00,baseline,88.06451613,86.13475799560547,77.4529800415039
3,0.9,mondrian,2025-05-08 21:48:00,baseline,60.06451613,75.17021942138672,66.48844146728516
3,0.9,mondrian,2025-05-08 23:14:00,baseline,60.51612903,69.52440643310547,60.842628479003906
3,0.9,mondrian,2025-05-09 00:39:00,elevated_risk,86.25806452,85.9759907553711,75.58350372314453
3,0.9,mondrian,2025-05-09 02:05:00,elevated_risk,87.61290323,95.88048599462891,85.48799896240234
3,0.9,mondrian,2025-05-09 03:31:00,elevated_risk,87.61290323,95.22396133642579,84.83147430419922
3,0.9,mondrian,2025-05-09 04:56:00,elevated_risk,87.61290323,89.99488113623048,79.6023941040039
3,0.9,mondrian,2025-05-09 06:22:00,elevated_risk,108.3870968,106.2820210288086,95.88953399658203
3,0.9,mondrian,2025-05-09 07:48:00,elevated_risk,109.2903226,113.9044804404297,103.51199340820312
3,0.9,mondrian,2025-05-09 09:13:00,elevated_risk,109.7419355,117.22058914404298,106.8281021118164
3,0.9,mondrian,2025-05-09 10:39:00,elevated_risk,109.2903226,108.125504,97.73301696777344
3,0.9,mondrian,2025-05-09 12:04:00,elevated_risk,109.2903226,108.90884445410157,98.516357421875
3,0.9,mondrian,2025-05-09 13:30:00,elevated_risk,88.96774194,110.89083145361329,100.49834442138672
3,0.9,mondrian,2025-05-09 14:56:00,elevated_risk,88.96774194,88.44094894628907,78.0484619140625
3,0.9,mondrian,2025-05-09 16:21:00,elevated_risk,87.61290323,87.40571640234376,77.01322937011719
3,0.9,mondrian,2025-05-09 17:47:00,elevated_risk,58.25806452,81.66829727392579,71.27581024169922
3,0.9,mondrian,2025-05-09 19:12:00,elevated_risk,58.70967742,77.55845688085938,67.16596984863281
3,0.9,mondrian,2025-05-09 20:38:00,elevated_risk,59.16129032,86.18176315527344,75.78927612304688
3,0.9,mondrian,2025-05-09 22:04:00,elevated_risk,83.09677419,92.17674301367188,81.78425598144531
3,0.9,mondrian,2025-05-09 23:29:00,elevated_risk,83.5483871,95.81204269628907,85.4195556640625
3,0.9,mondrian,2025-05-10 00:55:00,elevated_risk,87.61290323,96.43176315527344,86.03927612304688
3,0.9,mondrian,2025-05-10 02:20:00,elevated_risk,87.61290323,96.03733871679688,85.64485168457031
3,0.9,mondrian,2025-05-10 03:46:00,elevated_risk,87.61290323,95.7293095419922,85.33682250976562
3,0.9,mondrian,2025-05-10 05:12:00,elevated_risk,103.4193548,108.58025406103516,98.1877670288086
3,0.9,mondrian,2025-05-10 06:37:00,elevated_risk,103.4193548,109.03553055029298,98.6430435180664
3,0.9,mondrian,2025-05-10 08:03:00,elevated_risk,103.8709677,113.37474106054688,102.98225402832031
3,0.9,mondrian,2025-05-10 09:29:00,elevated_risk,103.4193548,110.40692947607423,100.01444244384766
3,0.9,mondrian,2025-05-10 10:54:00,elevated_risk,103.4193548,110.23977707128907,99.8472900390625
3,0.9,mondrian,2025-05-10 12:20:00,elevated_risk,88.96774194,110.10270736914063,99.71022033691406
3,0.9,mondrian,2025-05-10 13:45:00,elevated_risk,88.06451613,92.18801925878907,81.7955322265625
3,0.9,mondrian,2025-05-10 15:11:00,elevated_risk,87.16129032,89.65536545019532,79.26287841796875
3,0.9,mondrian,2025-05-10 16:37:00,elevated_risk,59.61290323,75.06758926611329,64.67510223388672
3,0.9,mondrian,2025-05-10 18:02:00,elevated_risk,79.03225806,81.46870468359376,71.07621765136719
3,0.9,mondrian,2025-05-10 19:28:00,elevated_risk,79.48387097,93.31560562353516,82.9231185913086
3,0.9,mondrian,2025-05-10 20:53:00,elevated_risk,79.48387097,92.62921951513673,82.23673248291016
3,0.9,mondrian,2025-05-10 22:19:00,elevated_risk,82.64516129,96.3612446616211,85.96875762939453
3,0.9,mondrian,2025-05-10 23:45:00,elevated_risk,82.64516129,91.72859237890626,81.33610534667969
3,0.9,mondrian,2025-05-11 01:10:00,baseline,94.83870968,93.04656982421875,84.36479187011719
3,0.9,mondrian,2025-05-11 02:36:00,baseline,95.29032258,105.3882064819336,96.70642852783203
3,0.9,mondrian,2025-05-11 04:02:00,baseline,95.29032258,109.47838592529297,100.7966079711914
3,0.9,mondrian,2025-05-11 05:27:00,baseline,95.29032258,109.89032745361328,101.20854949951172
3,0.9,mondrian,2025-05-11 06:53:00,baseline,95.29032258,110.68280792236328,102.00102996826172
3,0.9,mondrian,2025-05-11 08:18:00,baseline,83.5483871,110.71806335449219,102.03628540039062
3,0.9,mondrian,2025-05-11 09:44:00,baseline,83.5483871,82.22321319580078,73.54143524169922
3,0.9,mondrian,2025-05-11 11:10:00,baseline,81.74193548,80.4236831665039,71.74190521240234
3,0.9,mondrian,2025-05-11 12:35:00,baseline,56.0,92.49639892578125,83.81462097167969
3,0.9,mondrian,2025-05-11 14:01:00,baseline,56.4516129,83.56031799316406,74.8785400390625
3,0.9,mondrian,2025-05-11 15:26:00,baseline,56.4516129,86.71276092529297,78.0309829711914
3,0.9,mondrian,2025-05-11 16:52:00,baseline,76.32258065,94.53588104248047,85.8541030883789
3,0.9,mondrian,2025-05-11 18:18:00,baseline,77.22580645,93.08866119384766,84.4068832397461
3,0.9,mondrian,2025-05-11 19:43:00,baseline,77.22580645,91.2430648803711,82.56128692626953
3,0.9,mondrian,2025-05-11 21:09:00,baseline,77.22580645,98.39263916015625,89.71086120605469
3,0.9,mondrian,2025-05-11 22:35:00,baseline,76.77419355,98.8604507446289,90.17867279052734
3,0.9,mondrian,2025-05-12 00:00:00,baseline,95.74193548,99.87863159179688,91.19685363769531
3,0.9,mondrian,2025-05-12 01:26:00,baseline,96.64516129,104.14956665039062,95.46778869628906
3,0.9,mondrian,2025-05-12 02:51:00,baseline,96.64516129,105.28872680664062,96.60694885253906
3,0.9,mondrian,2025-05-12 04:17:00,baseline,96.64516129,105.5947036743164,96.91292572021484
3,0.9,mondrian,2025-05-12 05:43:00,baseline,96.19354839,111.1929931640625,102.51121520996094
3,0.9,mondrian,2025-05-12 07:08:00,baseline,85.35483871,106.79651641845703,98.11473846435547
3,0.9,mondrian,2025-05-12 08:34:00,baseline,84.4516129,82.51103210449219,73.82925415039062
3,0.9,mondrian,2025-05-12 09:59:00,baseline,83.5483871,85.53009796142578,76.84832000732422
3,0.9,mondrian,2025-05-12 11:25:00,baseline,57.35483871,88.0088119506836,79.32703399658203
3,0.9,mondrian,2025-05-12 12:51:00,baseline,78.12903226,81.95177459716797,73.2699966430664
3,0.9,mondrian,2025-05-12 14:16:00,baseline,78.12903226,92.63343048095703,83.95165252685547
3,0.9,aci,2025-05-08 17:31:00,baseline,89.41935484,102.914322359375,92.52183532714844
3,0.9,aci,2025-05-08 18:57:00,baseline,88.51612903,87.62344064375,77.34565734863281
3,0.9,aci,2025-05-08 20:23:00,baseline,88.06451613,89.7016168396875,77.4529800415039
3,0.9,aci,2025-05-08 21:48:00,baseline,60.06451613,77.7770169359375,66.48844146728516
3,0.9,aci,2025-05-08 23:14:00,baseline,60.51612903,72.13120394765625,60.842628479003906
3,0.9,aci,2025-05-09 00:39:00,elevated_risk,86.25806452,86.75397540451172,75.58350372314453
3,0.9,aci,2025-05-09 02:05:00,elevated_risk,87.61290323,96.4183964560547,85.48799896240234
3,0.9,aci,2025-05-09 03:31:00,elevated_risk,87.61290323,95.70314913808593,84.83147430419922
3,0.9,aci,2025-05-09 04:56:00,elevated_risk,87.61290323,90.36466881988281,79.6023941040039
3,0.9,aci,2025-05-09 06:22:00,elevated_risk,108.3870968,106.5640947934375,95.88953399658203
3,0.9,aci,2025-05-09 07:48:00,elevated_risk,109.2903226,116.95539901953126,103.51199340820312
3,0.9,aci,2025-05-09 09:13:00,elevated_risk,109.7419355,119.32566491523437,106.8281021118164
3,0.9,aci,2025-05-09 10:39:00,elevated_risk,109.2903226,110.07596292158203,97.73301696777344
3,0.9,aci,2025-05-09 12:04:00,elevated_risk,109.2903226,110.7649942200586,98.516357421875
3,0.9,aci,2025-05-09 13:30:00,elevated_risk,88.96774194,112.05565005361328,100.49834442138672
3,0.9,aci,2025-05-09 14:56:00,elevated_risk,88.96774194,89.33703738271484,78.0484619140625
3,0.9,aci,2025-05-09 16:21:00,elevated_risk,87.61290323,88.18370105148438,77.01322937011719
3,0.9,aci,2025-05-09 17:47:00,elevated_risk,58.25806452,82.20620773535157,71.27581024169922
3,0.9,aci,2025-05-09 19:12:00,elevated_risk,58.70967742,78.08524987457031,67.16596984863281
3,0.9,aci,2025-05-09 20:38:00,elevated_risk,59.16129032,86.66095095693359,75.78927612304688
3,0.9,aci,2025-05-09 22:04:00,elevated_risk,83.09677419,92.55822115957031,81.78425598144531
3,0.9,aci,2025-05-09 23:29:00,elevated_risk,83.5483871,96.1818303799414,85.4195556640625
3,0.9,aci,2025-05-10 00:55:00,elevated_risk,87.61290323,96.71383691990235,86.03927612304688
3,0.9,aci,2025-05-10 02:20:00,elevated_risk,87.61290323,96.25638777306641,85.64485168457031
3,0.9,aci,2025-05-10 03:46:00,elevated_risk,87.61290323,95.93649636964844,85.33682250976562
3,0.9,aci,2025-05-10 05:12:00,elevated_risk,103.4193548,108.58025406103516,98.1877670288086
3,0.9,aci,2025-05-10 06:37:00,elevated_risk,103.4193548,108.9208268131836,98.6430435180664
3,0.9,aci,2025-05-10 08:03:00,elevated_risk,103.8709677,112.8083882163086,102.98225402832031
3,0.9,aci,2025-05-10 09:29:00,elevated_risk,103.4193548,109.81128396650391,100.01444244384766
3,0.9,aci,2025-05-10 10:54:00,elevated_risk,103.4193548,109.3605846540039,99.8472900390625
3,0.9,aci,2025-05-10 12:20:00,elevated_risk,88.96774194,108.8159448366211,99.71022033691406
3,0.9,aci,2025-05-10 13:45:00,elevated_risk,88.06451613,90.70089647685546,81.7955322265625
3,0.9,aci,2025-05-10 15:11:00,elevated_risk,87.16129032,87.94465637207031,79.26287841796875
3,0.9,aci,2025-05-10 16:37:00,elevated_risk,59.61290323,72.68561135988281,64.67510223388672
3,0.9,aci,2025-05-10 18:02:00,elevated_risk,79.03225806,79.03914859316406,71.07621765136719
3,0.9,aci,2025-05-10 19:28:00,elevated_risk,79.48387097,90.87915899994141,82.9231185913086
3,0.9,aci,2025-05-10 20:53:00,elevated_risk,79.48387097,90.13514438494141,82.23673248291016
3,0.9,aci,2025-05-10 22:19:00,elevated_risk,82.64516129,93.81898769513671,85.96875762939453
3,0.9,aci,2025-05-10 23:45:00,elevated_risk,82.64516129,89.17246664304687,81.33610534667969
3,0.9,aci,2025-05-11 01:10:00,baseline,94.83870968,91.95438260019532,84.36479187011719
3,0.9,aci,2025-05-11 02:36:00,baseline,95.29032258,105.611792778125,96.70642852783203
3,0.9,aci,2025-05-11 04:02:00,baseline,95.29032258,109.47838592529297,100.7966079711914
3,0.9,aci,2025-05-11 05:27:00,baseline,95.29032258,109.48455468574218,101.20854949951172
3,0.9,aci,2025-05-11 06:53:00,baseline,95.29032258,110.01153909425781,102.00102996826172
3,0.9,aci,2025-05-11 08:18:00,baseline,83.5483871,109.9992163421875,102.03628540039062
3,0.9,aci,2025-05-11 09:44:00,baseline,83.5483871,81.43984714373047,73.54143524169922
3,0.9,aci,2025-05-11 11:10:00,baseline,81.74193548,81.74885707070312,71.74190521240234
3,0.9,aci,2025-05-11 12:35:00,baseline,56.0,93.81465123927734,83.81462097167969
3,0.9,aci,2025-05-11 14:01:00,baseline,56.4516129,84.67538156171875,74.8785400390625
3,0.9,aci,2025-05-11 15:26:00,baseline,56.4516129,87.54427758613281,78.0309829711914
3,0.9,aci,2025-05-11 16:52:00,baseline,76.32258065,94.95982758808594,85.8541030883789
3,0.9,aci,2025-05-11 18:18:00,baseline,77.22580645,93.31224749003906,84.4068832397461
3,0.9,aci,2025-05-11 19:43:00,baseline,77.22580645,90.8372921125,82.56128692626953
3,0.9,aci,2025-05-11 21:09:00,baseline,77.22580645,97.72137033205078,89.71086120605469
3,0.9,aci,2025-05-11 22:35:00,baseline,76.77419355,98.14160373232421,90.17867279052734
3,0.9,aci,2025-05-12 00:00:00,baseline,95.74193548,99.15289404632813,91.19685363769531
3,0.9,aci,2025-05-12 01:26:00,baseline,96.64516129,103.31801876203124,95.46778869628906
3,0.9,aci,2025-05-12 02:51:00,baseline,96.64516129,104.44331014890625,96.60694885253906
3,0.9,aci,2025-05-12 04:17:00,baseline,96.64516129,104.5860799986914,96.91292572021484
3,0.9,aci,2025-05-12 05:43:00,baseline,96.19354839,110.04889432974609,102.51121520996094
3,0.9,aci,2025-05-12 07:08:00,baseline,85.35483871,104.84939624191406,98.11473846435547
3,0.9,aci,2025-05-12 08:34:00,baseline,84.4516129,80.46602384634765,73.82925415039062
3,0.9,aci,2025-05-12 09:59:00,baseline,83.5483871,85.12432519355468,76.84832000732422
3,0.9,aci,2025-05-12 11:25:00,baseline,57.35483871,87.33754312257813,79.32703399658203
3,0.9,aci,2025-05-12 12:51:00,baseline,78.12903226,81.22603705169922,73.2699966430664
3,0.9,aci,2025-05-12 14:16:00,baseline,78.12903226,91.85006442888672,83.95165252685547
3,0.95,marginal,2025-05-08 17:31:00,baseline,89.41935484,105.96524093847657,92.52183532714844
3,0.95,marginal,2025-05-08 18:57:00,baseline,88.51612903,90.78906295996094,77.34565734863281
3,0.95,marginal,2025-05-08 20:23:00,baseline,88.06451613,90.89638565283204,77.4529800415039
3,0.95,marginal,2025-05-08 21:48:00,baseline,60.06451613,79.93184707861329,66.48844146728516
3,0.95,marginal,2025-05-08 23:14:00,baseline,60.51612903,74.28603409033204,60.842628479003906
3,0.95,marginal,2025-05-09 00:39:00,elevated_risk,86.25806452,89.02690933447266,75.58350372314453
3,0.95,marginal,2025-05-09 02:05:00,elevated_risk,87.61290323,98.93140457373048,85.48799896240234
3,0.95,marginal,2025-05-09 03:31:00,elevated_risk,87.61290323,98.27487991552735,84.83147430419922
3,0.95,marginal,2025-05-09 04:56:00,elevated_risk,87.61290323,93.04579971533204,79.6023941040039
3,0.95,marginal,2025-05-09 06:22:00,elevated_risk,108.3870968,109.33293960791016,95.88953399658203
3,0.95,marginal,2025-05-09 07:48:00,elevated_risk,109.2903226,116.95539901953126,103.51199340820312
3,0.95,marginal,2025-05-09 09:13:00,elevated_risk,109.7419355,120.27150772314454,106.8281021118164
3,0.95,marginal,2025-05-09 10:39:00,elevated_risk,109.2903226,111.17642257910157,97.73301696777344
3,0.95,marginal,2025-05-09 12:04:00,elevated_risk,109.2903226,111.95976303320313,98.516357421875
3,0.95,marginal,2025-05-09 13:30:00,elevated_risk,88.96774194,113.94175003271485,100.49834442138672
3,0.95,marginal,2025-05-09 14:56:00,elevated_risk,88.96774194,91.49186752539063,78.0484619140625
3,0.95,marginal,2025-05-09 16:21:00,elevated_risk,87.61290323,90.45663498144532,77.01322937011719
3,0.95,marginal,2025-05-09 17:47:00,elevated_risk,58.25806452,84.71921585302735,71.27581024169922
3,0.95,marginal,2025-05-09 19:12:00,elevated_risk,58.70967742,80.60937545996094,67.16596984863281
3,0.95,marginal,2025-05-09 20:38:00,elevated_risk,59.16129032,89.232681734375,75.78927612304688
3,0.95,marginal,2025-05-09 22:04:00,elevated_risk,83.09677419,95.22766159277344,81.78425598144531
3,0.95,marginal,2025-05-09 23:29:00,elevated_risk,83.5483871,98.86296127539063,85.4195556640625
3,0.95,marginal,2025-05-10 00:55:00,elevated_risk,87.61290323,99.482681734375,86.03927612304688
3,0.95,marginal,2025-05-10 02:20:00,elevated_risk,87.61290323,99.08825729589844,85.64485168457031
3,0.95,marginal,2025-05-10 03:46:00,elevated_risk,87.61290323,98.78022812109376,85.33682250976562
3,0.95,marginal,2025-05-10 05:12:00,elevated_risk,103.4193548,111.63117264013673,98.1877670288086
3,0.95,marginal,2025-05-10 06:37:00,elevated_risk,103.4193548,112.08644912939454,98.6430435180664
3,0.95,marginal,2025-05-10 08:03:00,elevated_risk,103.8709677,116.42565963964844,102.98225402832031
3,0.95,marginal,2025-05-10 09:29:00,elevated_risk,103.4193548,113.45784805517579,100.01444244384766
3,0.95,marginal,2025-05-10 10:54:00,elevated_risk,103.4193548,113.29069565039063,99.8472900390625
3,0.95,marginal,2025-05-10 12:20:00,elevated_risk,88.96774194,113.1536259482422,99.71022033691406
3,0.95,marginal,2025-05-10 13:45:00,elevated_risk,88.06451613,95.23893783789063,81.7955322265625
3,0.95,marginal,2025-05-10 15:11:00,elevated_risk,87.16129032,92.70628402929688,79.26287841796875
3,0.95,marginal,2025-05-10 16:37:00,elevated_risk,59.61290323,78.11850784521485,64.67510223388672
3,0.95,marginal,2025-05-10 18:02:00,elevated_risk,79.03225806,84.51962326269532,71.07621765136719
3,0.95,marginal,2025-05-10 19:28:00,elevated_risk,79.48387097,96.36652420263673,82.9231185913086
3,0.95,marginal,2025-05-10 20:53:00,elevated_risk,79.48387097,95.68013809423829,82.23673248291016
3,0.95,marginal,2025-05-10 22:19:00,elevated_risk,82.64516129,99.41216324072266,85.96875762939453
3,0.95,marginal,2025-05-10 23:45:00,elevated_risk,82.64516129,94.77951095800782,81.33610534667969
3,0.95,marginal,2025-05-11 01:10:00,baseline,94.83870968,97.80819748144532,84.36479187011719
3,0.95,marginal,2025-05-11 02:36:00,baseline,95.29032258,110.14983413916016,96.70642852783203
3,0.95,marginal,2025-05-11 04:02:00,baseline,95.29032258,114.24001358251954,100.7966079711914
3,0.95,marginal,2025-05-11 05:27:00,baseline,95.29032258,114.65195511083985,101.20854949951172
3,0.95,marginal,2025-05-11 06:53:00,baseline,95.29032258,115.44443557958985,102.00102996826172
3,0.95,marginal,2025-05-11 08:18:00,baseline,83.5483871,115.47969101171876,102.03628540039062
3,0.95,marginal,2025-05-11 09:44:00,baseline,83.5483871,86.98484085302735,73.54143524169922
3,0.95,marginal,2025-05-11 11:10:00,baseline,81.74193548,85.18531082373048,71.74190521240234
3,0.95,marginal,2025-05-11 12:35:00,baseline,56.0,97.25802658300782,83.81462097167969
3,0.95,marginal,2025-05-11 14:01:00,baseline,56.4516129,88.32194565039063,74.8785400390625
3,0.95,marginal,2025-05-11 15:26:00,baseline,56.4516129,91.47438858251954,78.0309829711914
3,0.95,marginal,2025-05-11 16:52:00,baseline,76.32258065,99.29750869970704,85.8541030883789
3,0.95,marginal,2025-05-11 18:18:00,baseline,77.22580645,97.85028885107423,84.4068832397461
3,0.95,marginal,2025-05-11 19:43:00,baseline,77.22580645,96.00469253759766,82.56128692626953
3,0.95,marginal,2025-05-11 21:09:00,baseline,77.22580645,103.15426681738282,89.71086120605469
3,0.95,marginal,2025-05-11 22:35:00,baseline,76.77419355,103.62207840185548,90.17867279052734
3,0.95,marginal,2025-05-12 00:00:00,baseline,95.74193548,104.64025924902344,91.19685363769531
3,0.95,marginal,2025-05-12 01:26:00,baseline,96.64516129,108.9111943076172,95.46778869628906
3,0.95,marginal,2025-05-12 02:51:00,baseline,96.64516129,110.0503544638672,96.60694885253906
3,0.95,marginal,2025-05-12 04:17:00,baseline,96.64516129,110.35633133154298,96.91292572021484
3,0.95,marginal,2025-05-12 05:43:00,baseline,96.19354839,115.95462082128907,102.51121520996094
3,0.95,marginal,2025-05-12 07:08:00,baseline,85.35483871,111.5581440756836,98.11473846435547
3,0.95,marginal,2025-05-12 08:34:00,baseline,84.4516129,87.27265976171876,73.82925415039062
3,0.95,marginal,2025-05-12 09:59:00,baseline,83.5483871,90.29172561865235,76.84832000732422
3,0.95,marginal,2025-05-12 11:25:00,baseline,57.35483871,92.77043960791016,79.32703399658203
3,0.95,marginal,2025-05-12 12:51:00,baseline,78.12903226,86.71340225439454,73.2699966430664
3,0.95,marginal,2025-05-12 14:16:00,baseline,78.12903226,97.3950581381836,83.95165252685547
3,0.95,adaptive,2025-05-08 17:31:00,baseline,89.41935484,117.38535253757686,92.52183532714844
3,0.95,adaptive,2025-05-08 18:57:00,baseline,88.51612903,87.68782307397518,77.34565734863281
3,0.95,adaptive,2025-05-08 20:23:00,baseline,88.06451613,93.09092181158877,77.4529800415039
3,0.95,adaptive,2025-05-08 21:48:00,baseline,60.06451613,98.3545827934283,66.48844146728516
3,0.95,adaptive,2025-05-08 23:14:00,baseline,60.51612903,84.38362488958197,60.842628479003906
3,0.95,adaptive,2025-05-09 00:39:00,elevated_risk,86.25806452,83.43505008113824,75.58350372314453
3,0.95,adaptive,2025-05-09 02:05:00,elevated_risk,87.61290323,93.84166129392875,85.48799896240234
3,0.95,adaptive,2025-05-09 03:31:00,elevated_risk,87.61290323,95.46982285644259,84.83147430419922
3,0.95,adaptive,2025-05-09 04:56:00,elevated_risk,87.61290323,99.54294153189575,79.6023941040039
3,0.95,adaptive,2025-05-09 06:22:00,elevated_risk,108.3870968,113.13632550916935,95.88953399658203
3,0.95,adaptive,2025-05-09 07:48:00,elevated_risk,109.2903226,113.61908108419888,103.51199340820312
3,0.95,adaptive,2025-05-09 09:13:00,elevated_risk,109.7419355,112.13559143936969,106.8281021118164
3,0.95,adaptive,2025-05-09 10:39:00,elevated_risk,109.2903226,110.18837583468962,97.73301696777344
3,0.95,adaptive,2025-05-09 12:04:00,elevated_risk,109.2903226,115.40039791081097,98.516357421875
3,0.95,adaptive,2025-05-09 13:30:00,elevated_risk,88.96774194,107.34473915799057,100.49834442138672
3,0.95,adaptive,2025-05-09 14:56:00,elevated_risk,88.96774194,85.84495138457325,78.0484619140625
3,0.95,adaptive,2025-05-09 16:21:00,elevated_risk,87.61290323,90.99115054480157,77.01322937011719
3,0.95,adaptive,2025-05-09 17:47:00,elevated_risk,58.25806452,109.50037778546036,71.27581024169922
3,0.95,adaptive,2025-05-09 19:12:00,elevated_risk,58.70967742,95.73639094261377,67.16596984863281
3,0.95,adaptive,2025-05-09 20:38:00,elevated_risk,59.16129032,79.56618850737114,75.78927612304688
3,0.95,adaptive,2025-05-09 22:04:00,elevated_risk,83.09677419,88.77633313797193,81.78425598144531
3,0.95,adaptive,2025-05-09 23:29:00,elevated_risk,83.5483871,100.87770033501914,85.4195556640625
3,0.95,adaptive,2025-05-10 00:55:00,elevated_risk,87.61290323,96.75706200213254,86.03927612304688
3,0.95,adaptive,2025-05-10 02:20:00,elevated_risk,87.61290323,97.10707687660572,85.64485168457031
3,0.95,adaptive,2025-05-10 03:46:00,elevated_risk,87.61290323,97.23304286533345,85.33682250976562
3,0.95,adaptive,2025-05-10 05:12:00,elevated_risk,103.4193548,114.17499309023144,98.1877670288086
3,0.95,adaptive,2025-05-10 06:37:00,elevated_risk,103.4193548,107.61725754230844,98.6430435180664
3,0.95,adaptive,2025-05-10 08:03:00,elevated_risk,103.8709677,110.21554343797268,102.98225402832031
3,0.95,adaptive,2025-05-10 09:29:00,elevated_risk,103.4193548,117.05781194540873,100.01444244384766
3,0.95,adaptive,2025-05-10 10:54:00,elevated_risk,103.4193548,117.37951231439385,99.8472900390625
3,0.95,adaptive,2025-05-10 12:20:00,elevated_risk,88.96774194,117.1204384061313,99.71022033691406
3,0.95,adaptive,2025-05-10 13:45:00,elevated_risk,88.06451613,90.46823446490265,81.7955322265625
3,0.95,adaptive,2025-05-10 15:11:00,elevated_risk,87.16129032,92.7431056632903,79.26287841796875
3,0.95,adaptive,2025-05-10 16:37:00,elevated_risk,59.61290323,96.64210951869455,64.67510223388672
3,0.95,adaptive,2025-05-10 18:02:00,elevated_risk,79.03225806,90.29824257920603,71.07621765136719
3,0.95,adaptive,2025-05-10 19:28:00,elevated_risk,79.48387097,84.15772506122744,82.9231185913086
3,0.95,adaptive,2025-05-10 20:53:00,elevated_risk,79.48387097,91.62403253119173,82.23673248291016
3,0.95,adaptive,2025-05-10 22:19:00,elevated_risk,82.64516129,99.78533697441195,85.96875762939453
3,0.95,adaptive,2025-05-10 23:45:00,elevated_risk,82.64516129,93.91051810622122,81.33610534667969
3,0.95,adaptive,2025-05-11 01:10:00,baseline,94.83870968,102.8614713623466,84.36479187011719
3,0.95,adaptive,2025-05-11 02:36:00,baseline,95.29032258,101.94016472380524,96.70642852783203
3,0.95,adaptive,2025-05-11 04:02:00,baseline,95.29032258,106.26388882123163,100.7966079711914
3,0.95,adaptive,2025-05-11 05:27:00,baseline,95.29032258,130.58862256564723,101.20854949951172
3,0.95,adaptive,2025-05-11 06:53:00,baseline,95.29032258,122.74466088081377,102.00102996826172
3,0.95,adaptive,2025-05-11 08:18:00,baseline,83.5483871,123.52737764713754,102.03628540039062
3,0.95,adaptive,2025-05-11 09:44:00,baseline,83.5483871,89.17099314063653,73.54143524169922
3,0.95,adaptive,2025-05-11 11:10:00,baseline,81.74193548,93.63134664972213,71.74190521240234
3,0.95,adaptive,2025-05-11 12:35:00,baseline,56.0,103.10762377714873,83.81462097167969
3,0.95,adaptive,2025-05-11 14:01:00,baseline,56.4516129,89.30950940349621,74.8785400390625
3,0.95,adaptive,2025-05-11 15:26:00,baseline,56.4516129,80.61913252104056,78.0309829711914
3,0.95,adaptive,2025-05-11 16:52:00,baseline,76.32258065,95.55880864641937,85.8541030883789
3,0.95,adaptive,2025-05-11 18:18:00,baseline,77.22580645,87.48250795031748,84.4068832397461
3,0.95,adaptive,2025-05-11 19:43:00,baseline,77.22580645,90.89224471069573,82.56128692626953
3,0.95,adaptive,2025-05-11 21:09:00,baseline,77.22580645,101.86688942194512,89.71086120605469
3,0.95,adaptive,2025-05-11 22:35:00,baseline,76.77419355,111.72140413352858,90.17867279052734
3,0.95,adaptive,2025-05-12 00:00:00,baseline,95.74193548,101.54459827301943,91.19685363769531
3,0.95,adaptive,2025-05-12 01:26:00,baseline,96.64516129,111.80872180535201,95.46778869628906
3,0.95,adaptive,2025-05-12 02:51:00,baseline,96.64516129,111.94523949564626,96.60694885253906
3,0.95,adaptive,2025-05-12 04:17:00,baseline,96.64516129,126.37786260252429,96.91292572021484
3,0.95,adaptive,2025-05-12 05:43:00,baseline,96.19354839,139.39460571983352,102.51121520996094
3,0.95,adaptive,2025-05-12 07:08:00,baseline,85.35483871,126.73453107457371,98.11473846435547
3,0.95,adaptive,2025-05-12 08:34:00,baseline,84.4516129,98.17398023183748,73.82925415039062
3,0.95,adaptive,2025-05-12 09:59:00,baseline,83.5483871,109.55072187638928,76.84832000732422
3,0.95,adaptive,2025-05-12 11:25:00,baseline,57.35483871,103.07639172729765,79.32703399658203
3,0.95,adaptive,2025-05-12 12:51:00,baseline,78.12903226,84.17012890640635,73.2699966430664
3,0.95,adaptive,2025-05-12 14:16:00,baseline,78.12903226,88.95542265629354,83.95165252685547
3,0.95,mondrian,2025-05-08 17:31:00,baseline,89.41935484,103.81041079580078,92.52183532714844
3,0.95,mondrian,2025-05-08 18:57:00,baseline,88.51612903,88.63423281728515,77.34565734863281
3,0.95,mondrian,2025-05-08 20:23:00,baseline,88.06451613,88.74155551015625,77.4529800415039
3,0.95,mondrian,2025-05-08 21:48:00,baseline,60.06451613,77.7770169359375,66.48844146728516
3,0.95,mondrian,2025-05-08 23:14:00,baseline,60.51612903,72.13120394765625,60.842628479003906
3,0.95,mondrian,2025-05-09 00:39:00,elevated_risk,86.25806452,89.02690933447266,75.58350372314453
3,0.95,mondrian,2025-05-09 02:05:00,elevated_risk,87.61290323,98.93140457373048,85.48799896240234
3,0.95,mondrian,2025-05-09 03:31:00,elevated_risk,87.61290323,98.27487991552735,84.83147430419922
3,0.95,mondrian,2025-05-09 04:56:00,elevated_risk,87.61290323,93.04579971533204,79.6023941040039
3,0.95,mondrian,2025-05-09 06:22:00,elevated_risk,108.3870968,109.33293960791016,95.88953399658203
3,0.95,mondrian,2025-05-09 07:48:00,elevated_risk,109.2903226,116.95539901953126,103.51199340820312
3,0.95,mondrian,2025-05-09 09:13:00,elevated_risk,109.7419355,120.27150772314454,106.8281021118164
3,0.95,mondrian,2025-05-09 10:39:00,elevated_risk,109.2903226,111.17642257910157,97.73301696777344
3,0.95,mondrian,2025-05-09 12:04:00,elevated_risk,109.2903226,111.95976303320313,98.516357421875
3,0.95,mondrian,2025-05-09 13:30:00,elevated_risk,88.96774194,113.94175003271485,100.49834442138672
3,0.95,mondrian,2025-05-09 14:56:00,elevated_risk,88.96774194,91.49186752539063,78.0484619140625
3,0.95,mondrian,2025-05-09 16:21:00,elevated_risk,87.61290323,90.45663498144532,77.01322937011719
3,0.95,mondrian,2025-05-09 17:47:00,elevated_risk,58.25806452,84.71921585302735,71.27581024169922
3,0.95,mondrian,2025-05-09 19:12:00,elevated_risk,58.70967742,80.60937545996094,67.16596984863281
3,0.95,mondrian,2025-05-09 20:38:00,elevated_risk,59.16129032,89.232681734375,75.78927612304688
3,0.95,mondrian,2025-05-09 22:04:00,elevated_risk,83.09677419,95.22766159277344,81.78425598144531
3,0.95,mondrian,2025-05-09 23:29:00,elevated_risk,83.5483871,98.86296127539063,85.4195556640625
3,0.95,mondrian,2025-05-10 00:55:00,elevated_risk,87.61290323,99.482681734375,86.03927612304688
3,0.95,mondrian,2025-05-10 02:20:00,elevated_risk,87.61290323,99.08825729589844,85.64485168457031
3,0.95,mondrian,2025-05-10 03:46:00,elevated_risk,87.61290323,98.78022812109376,85.33682250976562
3,0.95,mondrian,2025-05-10 05:12:00,elevated_risk,103.4193548,111.63117264013673,98.1877670288086
3,0.95,mondrian,2025-05-10 06:37:00,elevated_risk,103.4193548,112.08644912939454,98.6430435180664
3,0.95,mondrian,2025-05-10 08:03:00,elevated_risk,103.8709677,116.42565963964844,102.98225402832031
3,0.95,mondrian,2025-05-10 09:29:00,elevated_risk,103.4193548,113.45784805517579,100.01444244384766
3,0.95,mondrian,2025-05-10 10:54:00,elevated_risk,103.4193548,113.29069565039063,99.8472900390625
3,0.95,mondrian,2025-05-10 12:20:00,elevated_risk,88.96774194,113.1536259482422,99.71022033691406
3,0.95,mondrian,2025-05-10 13:45:00,elevated_risk,88.06451613,95.23893783789063,81.7955322265625
3,0.95,mondrian,2025-05-10 15:11:00,elevated_risk,87.16129032,92.70628402929688,79.26287841796875
3,0.95,mondrian,2025-05-10 16:37:00,elevated_risk,59.61290323,78.11850784521485,64.67510223388672
3,0.95,mondrian,2025-05-10 18:02:00,elevated_risk,79.03225806,84.51962326269532,71.07621765136719
3,0.95,mondrian,2025-05-10 19:28:00,elevated_risk,79.48387097,96.36652420263673,82.9231185913086
3,0.95,mondrian,2025-05-10 20:53:00,elevated_risk,79.48387097,95.68013809423829,82.23673248291016
3,0.95,mondrian,2025-05-10 22:19:00,elevated_risk,82.64516129,99.41216324072266,85.96875762939453
3,0.95,mondrian,2025-05-10 23:45:00,elevated_risk,82.64516129,94.77951095800782,81.33610534667969
3,0.95,mondrian,2025-05-11 01:10:00,baseline,94.83870968,95.65336733876953,84.36479187011719
3,0.95,mondrian,2025-05-11 02:36:00,baseline,95.29032258,107.99500399648437,96.70642852783203
3,0.95,mondrian,2025-05-11 04:02:00,baseline,95.29032258,112.08518343984375,100.7966079711914
3,0.95,mondrian,2025-05-11 05:27:00,baseline,95.29032258,112.49712496816406,101.20854949951172
3,0.95,mondrian,2025-05-11 06:53:00,baseline,95.29032258,113.28960543691406,102.00102996826172
3,0.95,mondrian,2025-05-11 08:18:00,baseline,83.5483871,113.32486086904296,102.03628540039062
3,0.95,mondrian,2025-05-11 09:44:00,baseline,83.5483871,84.83001071035156,73.54143524169922
3,0.95,mondrian,2025-05-11 11:10:00,baseline,81.74193548,83.03048068105468,71.74190521240234
3,0.95,mondrian,2025-05-11 12:35:00,baseline,56.0,95.10319644033203,83.81462097167969
3,0.95,mondrian,2025-05-11 14:01:00,baseline,56.4516129,86.16711550771484,74.8785400390625
3,0.95,mondrian,2025-05-11 15:26:00,baseline,56.4516129,89.31955843984375,78.0309829711914
3,0.95,mondrian,2025-05-11 16:52:00,baseline,76.32258065,97.14267855703125,85.8541030883789
3,0.95,mondrian,2025-05-11 18:18:00,baseline,77.22580645,95.69545870839843,84.4068832397461
3,0.95,mondrian,2025-05-11 19:43:00,baseline,77.22580645,93.84986239492187,82.56128692626953
3,0.95,mondrian,2025-05-11 21:09:00,baseline,77.22580645,100.99943667470703,89.71086120605469
3,0.95,mondrian,2025-05-11 22:35:00,baseline,76.77419355,101.46724825917968,90.17867279052734
3,0.95,mondrian,2025-05-12 00:00:00,baseline,95.74193548,102.48542910634765,91.19685363769531
3,0.95,mondrian,2025-05-12 01:26:00,baseline,96.64516129,106.7563641649414,95.46778869628906
3,0.95,mondrian,2025-05-12 02:51:00,baseline,96.64516129,107.8955243211914,96.60694885253906
3,0.95,mondrian,2025-05-12 04:17:00,baseline,96.64516129,108.20150118886718,96.91292572021484
3,0.95,mondrian,2025-05-12 05:43:00,baseline,96.19354839,113.79979067861328,102.51121520996094
3,0.95,mondrian,2025-05-12 07:08:00,baseline,85.35483871,109.40331393300781,98.11473846435547
3,0.95,mondrian,2025-05-12 08:34:00,baseline,84.4516129,85.11782961904296,73.82925415039062
3,0.95,mondrian,2025-05-12 09:59:00,baseline,83.5483871,88.13689547597656,76.84832000732422
3,0.95,mondrian,2025-05-12 11:25:00,baseline,57.35483871,90.61560946523437,79.32703399658203
3,0.95,mondrian,2025-05-12 12:51:00,baseline,78.12903226,84.55857211171875,73.2699966430664
3,0.95,mondrian,2025-05-12 14:16:00,baseline,78.12903226,95.24022799550781,83.95165252685547
3,0.95,aci,2025-05-08 17:31:00,baseline,89.41935484,105.96524093847657,92.52183532714844
3,0.95,aci,2025-05-08 18:57:00,baseline,88.51612903,90.78906295996094,77.34565734863281
3,0.95,aci,2025-05-08 20:23:00,baseline,88.06451613,89.7959259953125,77.4529800415039
3,0.95,aci,2025-05-08 21:48:00,baseline,60.06451613,78.83138742109375,66.48844146728516
3,0.95,aci,2025-05-08 23:14:00,baseline,60.51612903,73.0912652771875,60.842628479003906
3,0.95,aci,2025-05-09 00:39:00,elevated_risk,86.25806452,87.83214052132813,75.58350372314453
3,0.95,aci,2025-05-09 02:05:00,elevated_risk,87.61290323,96.77657443105468,85.48799896240234
3,0.95,aci,2025-05-09 03:31:00,elevated_risk,87.61290323,96.12004977285156,84.83147430419922
3,0.95,aci,2025-05-09 04:56:00,elevated_risk,87.61290323,90.7728657853711,79.6023941040039
3,0.95,aci,2025-05-09 06:22:00,elevated_risk,108.3870968,107.06000567794922,95.88953399658203
3,0.95,aci,2025-05-09 07:48:00,elevated_risk,109.2903226,118.35837185960938,103.51199340820312
3,0.95,aci,2025-05-09 09:13:00,elevated_risk,109.7419355,121.67448056322266,106.8281021118164
3,0.95,aci,2025-05-09 10:39:00,elevated_risk,109.2903226,111.42532323634765,97.73301696777344
3,0.95,aci,2025-05-09 12:04:00,elevated_risk,109.2903226,112.20866369044921,98.516357421875
3,0.95,aci,2025-05-09 13:30:00,elevated_risk,88.96774194,114.15593202523438,100.49834442138672
3,0.95,aci,2025-05-09 14:56:00,elevated_risk,88.96774194,91.70604951791016,78.0484619140625
3,0.95,aci,2025-05-09 16:21:00,elevated_risk,87.61290323,90.478334459375,77.01322937011719
3,0.95,aci,2025-05-09 17:47:00,elevated_risk,58.25806452,84.74091533095704,71.27581024169922
3,0.95,aci,2025-05-09 19:12:00,elevated_risk,58.70967742,80.60937545996094,67.16596984863281
3,0.95,aci,2025-05-09 20:38:00,elevated_risk,59.16129032,89.232681734375,75.78927612304688
3,0.95,aci,2025-05-09 22:04:00,elevated_risk,83.09677419,94.28181878486328,81.78425598144531
3,0.95,aci,2025-05-09 23:29:00,elevated_risk,83.5483871,97.91711846748046,85.4195556640625
3,0.95,aci,2025-05-10 00:55:00,elevated_risk,87.61290323,98.38222207685547,86.03927612304688
3,0.95,aci,2025-05-10 02:20:00,elevated_risk,87.61290323,97.98779763837891,85.64485168457031
3,0.95,aci,2025-05-10 03:46:00,elevated_risk,87.61290323,97.58545930794922,85.33682250976562
3,0.95,aci,2025-05-10 05:12:00,elevated_risk,103.4193548,109.74507266103515,98.1877670288086
3,0.95,aci,2025-05-10 06:37:00,elevated_risk,103.4193548,110.20034915029296,98.6430435180664
3,0.95,aci,2025-05-10 08:03:00,elevated_risk,103.8709677,114.27082949697265,102.98225402832031
3,0.95,aci,2025-05-10 09:29:00,elevated_risk,103.4193548,111.3030179125,100.01444244384766
3,0.95,aci,2025-05-10 10:54:00,elevated_risk,103.4193548,111.01776172042969,99.8472900390625
3,0.95,aci,2025-05-10 12:20:00,elevated_risk,88.96774194,110.88069201828125,99.71022033691406
3,0.95,aci,2025-05-10 13:45:00,elevated_risk,88.06451613,92.72592972021485,81.7955322265625
3,0.95,aci,2025-05-10 15:11:00,elevated_risk,87.16129032,90.1932759116211,79.26287841796875
3,0.95,aci,2025-05-10 16:37:00,elevated_risk,59.61290323,75.59438225982421,64.67510223388672
3,0.95,aci,2025-05-10 18:02:00,elevated_risk,79.03225806,81.9478924852539,71.07621765136719
3,0.95,aci,2025-05-10 19:28:00,elevated_risk,79.48387097,93.79479342519531,82.9231185913086
3,0.95,aci,2025-05-10 20:53:00,elevated_risk,79.48387097,93.01069766103515,82.23673248291016
3,0.95,aci,2025-05-10 22:19:00,elevated_risk,82.64516129,96.74272280751953,85.96875762939453
3,0.95,aci,2025-05-10 23:45:00,elevated_risk,82.64516129,92.09838006255859,81.33610534667969
3,0.95,aci,2025-05-11 01:10:00,baseline,94.83870968,95.03935266697266,84.36479187011719
3,0.95,aci,2025-05-11 02:36:00,baseline,95.29032258,107.3809893246875,96.70642852783203
3,0.95,aci,2025-05-11 04:02:00,baseline,95.29032258,111.4081440596875,100.7966079711914
3,0.95,aci,2025-05-11 05:27:00,baseline,95.29032258,111.82008558800781,101.20854949951172
3,0.95,aci,2025-05-11 06:53:00,baseline,95.29032258,112.60070382814453,102.00102996826172
3,0.95,aci,2025-05-11 08:18:00,baseline,83.5483871,112.51020321027343,102.03628540039062
3,0.95,aci,2025-05-11 09:44:00,baseline,83.5483871,84.01535305158203,73.54143524169922
3,0.95,aci,2025-05-11 11:10:00,baseline,81.74193548,82.16487072585937,71.74190521240234
3,0.95,aci,2025-05-11 12:35:00,baseline,56.0,94.20710800390626,83.81462097167969
3,0.95,aci,2025-05-11 14:01:00,baseline,56.4516129,85.27102707128907,74.8785400390625
3,0.95,aci,2025-05-11 15:26:00,baseline,56.4516129,88.3087662663086,78.0309829711914
3,0.95,aci,2025-05-11 16:52:00,baseline,76.32258065,95.86105494667969,85.8541030883789
3,0.95,aci,2025-05-11 18:18:00,baseline,77.22580645,94.41383509804687,84.4068832397461
3,0.95,aci,2025-05-11 19:43:00,baseline,77.22580645,92.56131719386718,82.56128692626953
3,0.95,aci,2025-05-11 21:09:00,baseline,77.22580645,99.53699539404298,89.71086120605469
3,0.95,aci,2025-05-11 22:35:00,baseline,76.77419355,100.00480697851563,90.17867279052734
3,0.95,aci,2025-05-12 00:00:00,baseline,95.74193548,100.99369516035156,91.19685363769531
3,0.95,aci,2025-05-12 01:26:00,baseline,96.64516129,104.98108331123046,95.46778869628906
3,0.95,aci,2025-05-12 02:51:00,baseline,96.64516129,106.12024346748046,96.60694885253906
3,0.95,aci,2025-05-12 04:17:00,baseline,96.64516129,106.01865021992188,96.91292572021484
3,0.95,aci,2025-05-12 05:43:00,baseline,96.19354839,111.4165794602539,102.51121520996094
3,0.95,aci,2025-05-12 07:08:00,baseline,85.35483871,106.79651641845703,98.11473846435547
3,0.95,aci,2025-05-12 08:34:00,baseline,84.4516129,82.51103210449219,73.82925415039062
3,0.95,aci,2025-05-12 09:59:00,baseline,83.5483871,87.32223781720703,76.84832000732422
3,0.95,aci,2025-05-12 11:25:00,baseline,57.35483871,89.80095180646484,79.32703399658203
3,0.95,aci,2025-05-12 12:51:00,baseline,78.12903226,83.69296215652344,73.2699966430664
3,0.95,aci,2025-05-12 14:16:00,baseline,78.12903226,94.34413955908204,83.95165252685547
4,0.8,marginal,2025-05-12 15:42:00,baseline,78.58064516,85.57398371865234,78.31029510498047
4,0.8,marginal,2025-05-12 17:08:00,baseline,82.19354839,96.6863494413086,89.42266082763672
4,0.8,marginal,2025-05-12 18:33:00,baseline,82.64516129,89.17884211708984,81.91515350341797
4,0.8,marginal,2025-05-12 19:59:00,baseline,95.29032258,88.2690673368164,81.00537872314453
4,0.8,marginal,2025-05-12 21:24:00,baseline,95.74193548,104.06765895058594,96.80397033691406
4,0.8,marginal,2025-05-12 22:50:00,baseline,96.19354839,104.56916957070312,97.30548095703125
4,0.8,marginal,2025-05-13 00:16:00,baseline,96.19354839,96.86314540078125,89.59945678710938
4,0.8,marginal,2025-05-13 01:41:00,baseline,95.74193548,103.34185176064453,96.07816314697266
4,0.8,marginal,2025-05-13 03:07:00,baseline,84.90322581,98.46313624550781,91.19944763183594
4,0.8,marginal,2025-05-13 04:32:00,baseline,84.90322581,69.42771296669922,62.164024353027344
4,0.8,marginal,2025-05-13 05:58:00,baseline,84.0,71.61169581582031,64.34800720214844
4,0.8,marginal,2025-05-13 07:24:00,baseline,58.25806452,101.14283137490234,93.87914276123047
4,0.8,marginal,2025-05-13 08:49:00,baseline,59.61290323,84.01445918251953,76.75077056884766
4,0.8,marginal,2025-05-13 10:15:00,baseline,59.61290323,87.30772547890625,80.04403686523438
4,0.8,marginal,2025-05-13 11:40:00,baseline,79.93548387,85.71615748574219,78.45246887207031
4,0.8,marginal,2025-05-13 13:06:00,baseline,80.83870968,89.66145472695312,82.39776611328125
4,0.8,marginal,2025-05-13 14:32:00,baseline,85.80645161,89.32286982705078,82.0591812133789
4,0.8,marginal,2025-05-13 15:57:00,baseline,86.70967742,90.75406794716797,83.4903793334961
4,0.8,marginal,2025-05-13 17:23:00,baseline,86.70967742,91.87265925576172,84.60897064208984
4,0.8,marginal,2025-05-13 18:49:00,baseline,94.83870968,108.5389647977539,101.27527618408203
4,0.8,marginal,2025-05-13 20:14:00,baseline,94.83870968,102.24875788857422,94.98506927490234
4,0.8,marginal,2025-05-13 21:40:00,baseline,94.83870968,107.37491755654297,100.1112289428711
4,0.8,marginal,2025-05-13 23:05:00,baseline,94.83870968,110.17543177773437,102.9117431640625
4,0.8,marginal,2025-05-14 00:31:00,baseline,93.93548387,110.9849334256836,103.72124481201172
4,0.8,marginal,2025-05-14 01:57:00,baseline,79.93548387,111.8589568631836,104.59526824951172
4,0.8,marginal,2025-05-14 03:22:00,baseline,79.48387097,83.69791560341797,76.4342269897461
4,0.8,marginal,2025-05-14 04:48:00,baseline,77.67741935,87.97454219033203,80.71085357666016
4,0.8,marginal,2025-05-14 06:13:00,baseline,55.5483871,89.11265711953125,81.84896850585938
4,0.8,marginal,2025-05-14 07:39:00,baseline,74.96774194,82.40512232949219,75.14143371582031
4,0.8,marginal,2025-05-14 09:05:00,baseline,75.41935484,90.06797175576172,82.80428314208984
4,0.8,marginal,2025-05-14 10:30:00,baseline,75.41935484,89.11129145791016,81.84760284423828
4,0.8,marginal,2025-05-14 11:56:00,baseline,79.03225806,98.30142359902344,91.03773498535156
4,0.8,marginal,2025-05-14 13:22:00,baseline,79.03225806,90.17822413613281,82.91453552246094
4,0.8,marginal,2025-05-14 14:47:00,baseline,95.74193548,87.68403773476562,80.42034912109375
4,0.8,marginal,2025-05-14 16:13:00,baseline,96.64516129,100.66338496376953,93.39969635009766
4,0.8,marginal,2025-05-14 17:38:00,baseline,96.64516129,104.4064422147461,97.14275360107422
4,0.8,marginal,2025-05-14 19:04:00,baseline,96.64516129,103.98278193642578,96.7190933227539
4,0.8,marginal,2025-05-14 20:30:00,baseline,94.38709677,100.67828517128906,93.41459655761719
4,0.8,marginal,2025-05-14 21:55:00,baseline,85.35483871,78.65991358925781,71.39622497558594
4,0.8,marginal,2025-05-14 23:21:00,baseline,85.35483871,65.99996333291016,58.73627471923828
4,0.8,marginal,2025-05-15 00:46:00,elevated_risk,84.0,77.27362208535156,70.00993347167969
4,0.8,marginal,2025-05-15 02:12:00,elevated_risk,53.29032258,92.86372523476562,85.60003662109375
4,0.8,marginal,2025-05-15 03:38:00,elevated_risk,52.83870968,83.39254145791016,76.12885284423828
4,0.8,marginal,2025-05-15 05:03:00,elevated_risk,53.29032258,89.67419581582031,82.41050720214844
4,0.8,marginal,2025-05-15 06:29:00,elevated_risk,71.80645161,92.60836177041016,85.34467315673828
4,0.8,marginal,2025-05-15 07:55:00,elevated_risk,72.70967742,91.35471491982422,84.09102630615234
4,0.8,marginal,2025-05-15 09:20:00,elevated_risk,80.38709677,88.51684718300781,81.25315856933594
4,0.8,marginal,2025-05-15 10:46:00,elevated_risk,80.83870968,91.63626246621094,84.37257385253906
4,0.8,marginal,2025-05-15 12:11:00,elevated_risk,80.83870968,89.52951960732422,82.26583099365234
4,0.8,marginal,2025-05-15 13:37:00,elevated_risk,99.80645161,103.15502314736328,95.8913345336914
4,0.8,marginal,2025-05-15 15:03:00,elevated_risk,100.7096774,102.7697997586914,95.50611114501953
4,0.8,marginal,2025-05-15 16:28:00,elevated_risk,100.7096774,107.08770137001953,99.82401275634766
4,0.8,marginal,2025-05-15 17:54:00,elevated_risk,100.7096774,102.89727931191406,95.63359069824219
4,0.8,marginal,2025-05-15 19:19:00,elevated_risk,100.7096774,106.40579371621094,99.14210510253906
4,0.8,marginal,2025-05-15 20:45:00,elevated_risk,92.12903226,108.10482173134766,100.84113311767578
4,0.8,marginal,2025-05-15 22:11:00,elevated_risk,53.29032258,87.98288874794922,80.71920013427734
4,0.8,marginal,2025-05-15 23:36:00,elevated_risk,55.09677419,71.17505793740234,63.91136932373047
4,0.8,marginal,2025-05-16 01:02:00,elevated_risk,55.5483871,77.94288783242187,70.67919921875
4,0.8,marginal,2025-05-16 02:28:00,elevated_risk,74.51612903,87.14173274208984,79.87804412841797
4,0.8,marginal,2025-05-16 03:53:00,elevated_risk,74.96774194,88.36972956826172,81.10604095458984
4,0.8,marginal,2025-05-16 05:19:00,elevated_risk,74.96774194,90.31189112832031,83.04820251464844
4,0.8,marginal,2025-05-16 06:44:00,elevated_risk,85.35483871,97.24327235390625,89.97958374023438
4,0.8,marginal,2025-05-16 08:10:00,elevated_risk,85.80645161,92.71898036171875,85.45529174804688
4,0.8,marginal,2025-05-16 09:36:00,elevated_risk,111.0967742,93.4376693265625,86.17398071289062
4,0.8,marginal,2025-05-16 11:01:00,elevated_risk,113.3548387,111.05079035927734,103.78710174560547
4,0.8,marginal,2025-05-16 12:27:00,elevated_risk,113.8064516,114.43554072548828,107.1718521118164
4,0.8,adaptive,2025-05-12 15:42:00,baseline,78.58064516,88.07980516634284,78.31029510498047
4,0.8,adaptive,2025-05-12 17:08:00,baseline,82.19354839,96.73677036411291,89.42266082763672
4,0.8,adaptive,2025-05-12 18:33:00,baseline,82.64516129,86.83481438744266,81.91515350341797
4,0.8,adaptive,2025-05-12 19:59:00,baseline,95.29032258,87.07923827853607,81.00537872314453
4,0.8,adaptive,2025-05-12 21:24:00,baseline,95.74193548,101.31519161359518,96.80397033691406
4,0.8,adaptive,2025-05-12 22:50:00,baseline,96.19354839,98.55176214709977,97.30548095703125
4,0.8,adaptive,2025-05-13 00:16:00,baseline,96.19354839,110.48680317410069,89.59945678710938
4,0.8,adaptive,2025-05-13 01:41:00,baseline,95.74193548,112.887528340863,96.07816314697266
4,0.8,adaptive,2025-05-13 03:07:00,baseline,84.90322581,107.41561748770661,91.19944763183594
4,0.8,adaptive,2025-05-13 04:32:00,baseline,84.90322581,74.76808853743087,62.164024353027344
4,0.8,adaptive,2025-05-13 05:58:00,baseline,84.0,82.10797036511832,64.34800720214844
4,0.8,adaptive,2025-05-13 07:24:00,baseline,58.25806452,104.72064081072634,93.87914276123047
4,0.8,adaptive,2025-05-13 08:49:00,baseline,59.61290323,84.325514460435,76.75077056884766
4,0.8,adaptive,2025-05-13 10:15:00,baseline,59.61290323,87.38071841163017,80.04403686523438
4,0.8,adaptive,2025-05-13 11:40:00,baseline,79.93548387,92.30114998298203,78.45246887207031
4,0.8,adaptive,2025-05-13 13:06:00,baseline,80.83870968,85.4412867115267,82.39776611328125
4,0.8,adaptive,2025-05-13 14:32:00,baseline,85.80645161,86.59618412022192,82.0591812133789
4,0.8,adaptive,2025-05-13 15:57:00,baseline,86.70967742,88.04609556340765,83.4903793334961
4,0.8,adaptive,2025-05-13 17:23:00,baseline,86.70967742,85.66811713352159,84.60897064208984
4,0.8,adaptive,2025-05-13 18:49:00,baseline,94.83870968,112.6430372331154,101.27527618408203
4,0.8,adaptive,2025-05-13 20:14:00,baseline,94.83870968,100.60809873175042,94.98506927490234
4,0.8,adaptive,2025-05-13 21:40:00,baseline,94.83870968,103.57058483430667,100.1112289428711
4,0.8,adaptive,2025-05-13 23:05:00,baseline,94.83870968,114.94542107816947,102.9117431640625
4,0.8,adaptive,2025-05-14 00:31:00,baseline,93.93548387,115.65533897831557,103.72124481201172
4,0.8,adaptive,2025-05-14 01:57:00,baseline,79.93548387,117.74713623720612,104.59526824951172
4,0.8,adaptive,2025-05-14 03:22:00,baseline,79.48387097,84.78383195867437,76.4342269897461
4,0.8,adaptive,2025-05-14 04:48:00,baseline,77.67741935,91.92143188364858,80.71085357666016
4,0.8,adaptive,2025-05-14 06:13:00,baseline,55.5483871,89.80983482784468,81.84896850585938
4,0.8,adaptive,2025-05-14 07:39:00,baseline,74.96774194,78.37175008183804,75.14143371582031
4,0.8,adaptive,2025-05-14 09:05:00,baseline,75.41935484,88.12970720529688,82.80428314208984
4,0.8,adaptive,2025-05-14 10:30:00,baseline,75.41935484,92.84178735019013,81.84760284423828
4,0.8,adaptive,2025-05-14 11:56:00,baseline,79.03225806,101.218520330059,91.03773498535156
4,0.8,adaptive,2025-05-14 13:22:00,baseline,79.03225806,89.92579735889767,82.91453552246094
4,0.8,adaptive,2025-05-14 14:47:00,baseline,95.74193548,86.78096018254946,80.42034912109375
4,0.8,adaptive,2025-05-14 16:13:00,baseline,96.64516129,98.88206467599986,93.39969635009766
4,0.8,adaptive,2025-05-14 17:38:00,baseline,96.64516129,100.710058141841,97.14275360107422
4,0.8,adaptive,2025-05-14 19:04:00,baseline,96.64516129,110.41126634856496,96.7190933227539
4,0.8,adaptive,2025-05-14 20:30:00,baseline,94.38709677,111.15501168991803,93.41459655761719
4,0.8,adaptive,2025-05-14 21:55:00,baseline,85.35483871,92.231665578324,71.39622497558594
4,0.8,adaptive,2025-05-14 23:21:00,baseline,85.35483871,80.49542887727439,58.73627471923828
4,0.8,adaptive,2025-05-15 00:46:00,elevated_risk,84.0,87.99279057583456,70.00993347167969
4,0.8,adaptive,2025-05-15 02:12:00,elevated_risk,53.29032258,95.0066267110581,85.60003662109375
4,0.8,adaptive,2025-05-15 03:38:00,elevated_risk,52.83870968,80.62985935803978,76.12885284423828
4,0.8,adaptive,2025-05-15 05:03:00,elevated_risk,53.29032258,87.95948204379393,82.41050720214844
4,0.8,adaptive,2025-05-15 06:29:00,elevated_risk,71.80645161,94.72560504819921,85.34467315673828
4,0.8,adaptive,2025-05-15 07:55:00,elevated_risk,72.70967742,93.85381548280976,84.09102630615234
4,0.8,adaptive,2025-05-15 09:20:00,elevated_risk,80.38709677,89.06082488120069,81.25315856933594
4,0.8,adaptive,2025-05-15 10:46:00,elevated_risk,80.83870968,88.11547546543623,84.37257385253906
4,0.8,adaptive,2025-05-15 12:11:00,elevated_risk,80.83870968,86.76978660600057,82.26583099365234
4,0.8,adaptive,2025-05-15 13:37:00,elevated_risk,99.80645161,103.00348917786884,95.8913345336914
4,0.8,adaptive,2025-05-15 15:03:00,elevated_risk,100.7096774,96.42606716358452,95.50611114501953
4,0.8,adaptive,2025-05-15 16:28:00,elevated_risk,100.7096774,102.83606094956784,99.82401275634766
4,0.8,adaptive,2025-05-15 17:54:00,elevated_risk,100.7096774,107.78758024104174,95.63359069824219
4,0.8,adaptive,2025-05-15 19:19:00,elevated_risk,100.7096774,116.15905897687331,99.14210510253906
4,0.8,adaptive,2025-05-15 20:45:00,elevated_risk,92.12903226,114.1115821138079,100.84113311767578
4,0.8,adaptive,2025-05-15 22:11:00,elevated_risk,53.29032258,85.78429213605276,80.71920013427734
4,0.8,adaptive,2025-05-15 23:36:00,elevated_risk,55.09677419,71.50900558168024,63.91136932373047
4,0.8,adaptive,2025-05-16 01:02:00,elevated_risk,55.5483871,77.07756345717479,70.67919921875
4,0.8,adaptive,2025-05-16 02:28:00,elevated_risk,74.51612903,88.69309051553036,79.87804412841797
4,0.8,adaptive,2025-05-16 03:53:00,elevated_risk,74.96774194,88.18494565512016,81.10604095458984
4,0.8,adaptive,2025-05-16 05:19:00,elevated_risk,74.96774194,90.44293726150744,83.04820251464844
4,0.8,adaptive,2025-05-16 06:44:00,elevated_risk,85.35483871,96.45861337828177,89.97958374023438
4,0.8,adaptive,2025-05-16 08:10:00,elevated_risk,85.80645161,89.2894737673596,85.45529174804688
4,0.8,adaptive,2025-05-16 09:36:00,elevated_risk,111.0967742,88.48743036464151,86.17398071289062
4,0.8,adaptive,2025-05-16 11:01:00,elevated_risk,113.3548387,106.8453856448716,103.78710174560547
4,0.8,adaptive,2025-05-16 12:27:00,elevated_risk,113.8064516,113.67582549210978,107.1718521118164
4,0.8,mondrian,2025-05-12 15:42:00,baseline,78.58064516,83.96547944955078,78.31029510498047
4,0.8,mondrian,2025-05-12 17:08:00,baseline,82.19354839,95.07784517220703,89.42266082763672
4,0.8,mondrian,2025-05-12 18:33:00,baseline,82.64516129,87.57033784798828,81.91515350341797
4,0.8,mondrian,2025-05-12 19:59:00,baseline,95.29032258,86.66056306771485,81.00537872314453
4,0.8,mondrian,2025-05-12 21:24:00,baseline,95.74193548,102.45915468148438,96.80397033691406
4,0.8,mondrian,2025-05-12 22:50:00,baseline,96.19354839,102.96066530160157,97.30548095703125
4,0.8,mondrian,2025-05-13 00:16:00,baseline,96.19354839,95.25464113167969,89.59945678710938
4,0.8,mondrian,2025-05-13 01:41:00,baseline,95.74193548,101.73334749154297,96.07816314697266
4,0.8,mondrian,2025-05-13 03:07:00,baseline,84.90322581,96.85463197640625,91.19944763183594
4,0.8,mondrian,2025-05-13 04:32:00,baseline,84.90322581,67.81920869759766,62.164024353027344
4,0.8,mondrian,2025-05-13 05:58:00,baseline,84.0,70.00319154671875,64.34800720214844
4,0.8,mondrian,2025-05-13 07:24:00,baseline,58.25806452,99.53432710580078,93.87914276123047
4,0.8,mondrian,2025-05-13 08:49:00,baseline,59.61290323,82.40595491341797,76.75077056884766
4,0.8,mondrian,2025-05-13 10:15:00,baseline,59.61290323,85.69922120980469,80.04403686523438
4,0.8,mondrian,2025-05-13 11:40:00,baseline,79.93548387,84.10765321664063,78.45246887207031
4,0.8,mondrian,2025-05-13 13:06:00,baseline,80.83870968,88.05295045785157,82.39776611328125
4,0.8,mondrian,2025-05-13 14:32:00,baseline,85.80645161,87.71436555794922,82.0591812133789
4,0.8,mondrian,2025-05-13 15:57:00,baseline,86.70967742,89.14556367806641,83.4903793334961
4,0.8,mondrian,2025-05-13 17:23:00,baseline,86.70967742,90.26415498666016,84.60897064208984
4,0.8,mondrian,2025-05-13 18:49:00,baseline,94.83870968,106.93046052865235,101.27527618408203
4,0.8,mondrian,2025-05-13 20:14:00,baseline,94.83870968,100.64025361947266,94.98506927490234
4,0.8,mondrian,2025-05-13 21:40:00,baseline,94.83870968,105.76641328744141,100.1112289428711
4,0.8,mondrian,2025-05-13 23:05:00,baseline,94.83870968,108.56692750863282,102.9117431640625
4,0.8,mondrian,2025-05-14 00:31:00,baseline,93.93548387,109.37642915658203,103.72124481201172
4,0.8,mondrian,2025-05-14 01:57:00,baseline,79.93548387,110.25045259408203,104.59526824951172
4,0.8,mondrian,2025-05-14 03:22:00,baseline,79.48387097,82.08941133431641,76.4342269897461
4,0.8,mondrian,2025-05-14 04:48:00,baseline,77.67741935,86.36603792123047,80.71085357666016
4,0.8,mondrian,2025-05-14 06:13:00,baseline,55.5483871,87.50415285042969,81.84896850585938
4,0.8,mondrian,2025-05-14 07:39:00,baseline,74.96774194,80.79661806039063,75.14143371582031
4,0.8,mondrian,2025-05-14 09:05:00,baseline,75.41935484,88.45946748666016,82.80428314208984
4,0.8,mondrian,2025-05-14 10:30:00,baseline,75.41935484,87.5027871888086,81.84760284423828
4,0.8,mondrian,2025-05-14 11:56:00,baseline,79.03225806,96.69291932992188,91.03773498535156
4,0.8,mondrian,2025-05-14 13:22:00,baseline,79.03225806,88.56971986703125,82.91453552246094
4,0.8,mondrian,2025-05-14 14:47:00,baseline,95.74193548,86.07553346566407,80.42034912109375
4,0.8,mondrian,2025-05-14 16:13:00,baseline,96.64516129,99.05488069466797,93.39969635009766
4,0.8,mondrian,2025-05-14 17:38:00,baseline,96.64516129,102.79793794564453,97.14275360107422
4,0.8,mondrian,2025-05-14 19:04:00,baseline,96.64516129,102.37427766732422,96.7190933227539
4,0.8,mondrian,2025-05-14 20:30:00,baseline,94.38709677,99.0697809021875,93.41459655761719
4,0.8,mondrian,2025-05-14 21:55:00,baseline,85.35483871,77.05140932015625,71.39622497558594
4,0.8,mondrian,2025-05-14 23:21:00,baseline,85.35483871,64.3914590638086,58.73627471923828
4,0.8,mondrian,2025-05-15 00:46:00,elevated_risk,84.0,81.78628122072266,70.00993347167969
4,0.8,mondrian,2025-05-15 02:12:00,elevated_risk,53.29032258,97.37638437013672,85.60003662109375
4,0.8,mondrian,2025-05-15 03:38:00,elevated_risk,52.83870968,87.90520059328125,76.12885284423828
4,0.8,mondrian,2025-05-15 05:03:00,elevated_risk,53.29032258,94.1868549511914,82.41050720214844
4,0.8,mondrian,2025-05-15 06:29:00,elevated_risk,71.80645161,97.12102090578125,85.34467315673828
4,0.8,mondrian,2025-05-15 07:55:00,elevated_risk,72.70967742,95.86737405519531,84.09102630615234
4,0.8,mondrian,2025-05-15 09:20:00,elevated_risk,80.38709677,93.0295063183789,81.25315856933594
4,0.8,mondrian,2025-05-15 10:46:00,elevated_risk,80.83870968,96.14892160158203,84.37257385253906
4,0.8,mondrian,2025-05-15 12:11:00,elevated_risk,80.83870968,94.04217874269531,82.26583099365234
4,0.8,mondrian,2025-05-15 13:37:00,elevated_risk,99.80645161,107.66768228273438,95.8913345336914
4,0.8,mondrian,2025-05-15 15:03:00,elevated_risk,100.7096774,107.2824588940625,95.50611114501953
4,0.8,mondrian,2025-05-15 16:28:00,elevated_risk,100.7096774,111.60036050539063,99.82401275634766
4,0.8,mondrian,2025-05-15 17:54:00,elevated_risk,100.7096774,107.40993844728516,95.63359069824219
4,0.8,mondrian,2025-05-15 19:19:00,elevated_risk,100.7096774,110.91845285158203,99.14210510253906
4,0.8,mondrian,2025-05-15 20:45:00,elevated_risk,92.12903226,112.61748086671875,100.84113311767578
4,0.8,mondrian,2025-05-15 22:11:00,elevated_risk,53.29032258,92.49554788332031,80.71920013427734
4,0.8,mondrian,2025-05-15 23:36:00,elevated_risk,55.09677419,75.68771707277344,63.91136932373047
4,0.8,mondrian,2025-05-16 01:02:00,elevated_risk,55.5483871,82.45554696779297,70.67919921875
4,0.8,mondrian,2025-05-16 02:28:00,elevated_risk,74.51612903,91.65439187746094,79.87804412841797
4,0.8,mondrian,2025-05-16 03:53:00,elevated_risk,74.96774194,92.88238870363281,81.10604095458984
4,0.8,mondrian,2025-05-16 05:19:00,elevated_risk,74.96774194,94.8245502636914,83.04820251464844
4,0.8,mondrian,2025-05-16 06:44:00,elevated_risk,85.35483871,101.75593148927734,89.97958374023438
4,0.8,mondrian,2025-05-16 08:10:00,elevated_risk,85.80645161,97.23163949708984,85.45529174804688
4,0.8,mondrian,2025-05-16 09:36:00,elevated_risk,111.0967742,97.9503284619336,86.17398071289062
4,0.8,mondrian,2025-05-16 11:01:00,elevated_risk,113.3548387,115.56344949464844,103.78710174560547
4,0.8,mondrian,2025-05-16 12:27:00,elevated_risk,113.8064516,118.94819986085938,107.1718521118164
4,0.8,aci,2025-05-12 15:42:00,baseline,78.58064516,85.57398371865234,78.31029510498047
4,0.8,aci,2025-05-12 17:08:00,baseline,82.19354839,96.16504419208984,89.42266082763672
4,0.8,aci,2025-05-12 18:33:00,baseline,82.64516129,87.94086262314453,81.91515350341797
4,0.8,aci,2025-05-12 19:59:00,baseline,95.29032258,87.0271987915039,81.00537872314453
4,0.8,aci,2025-05-12 21:24:00,baseline,95.74193548,104.16216301074219,96.80397033691406
4,0.8,aci,2025-05-12 22:50:00,baseline,96.19354839,104.56916957070312,97.30548095703125
4,0.8,aci,2025-05-13 00:16:00,baseline,96.19354839,96.3418401515625,89.59945678710938
4,0.8,aci,2025-05-13 01:41:00,baseline,95.74193548,102.65591180683593,96.07816314697266
4,0.8,aci,2025-05-13 03:07:00,baseline,84.90322581,97.22196542482422,91.19944763183594
4,0.8,aci,2025-05-13 04:32:00,baseline,84.90322581,67.96370914003906,62.164024353027344
4,0.8,aci,2025-05-13 05:58:00,baseline,84.0,71.61169581582031,64.34800720214844
4,0.8,aci,2025-05-13 07:24:00,baseline,58.25806452,102.99640852501953,93.87914276123047
4,0.8,aci,2025-05-13 08:49:00,baseline,59.61290323,84.94901250636718,76.75077056884766
4,0.8,aci,2025-05-13 10:15:00,baseline,59.61290323,87.63497970800782,80.04403686523438
4,0.8,aci,2025-05-13 11:40:00,baseline,79.93548387,85.81066154589844,78.45246887207031
4,0.8,aci,2025-05-13 13:06:00,baseline,80.83870968,89.66145472695312,82.39776611328125
4,0.8,aci,2025-05-13 14:32:00,baseline,85.80645161,88.80156457783202,82.0591812133789
4,0.8,aci,2025-05-13 15:57:00,baseline,86.70967742,90.06812799335937,83.4903793334961
4,0.8,aci,2025-05-13 17:23:00,baseline,86.70967742,90.63079071044922,84.60897064208984
4,0.8,aci,2025-05-13 18:49:00,baseline,94.83870968,107.07496097109374,101.27527618408203
4,0.8,aci,2025-05-13 20:14:00,baseline,94.83870968,100.64025361947266,94.98506927490234
4,0.8,aci,2025-05-13 21:40:00,baseline,94.83870968,105.36120582470703,100.1112289428711
4,0.8,aci,2025-05-13 23:05:00,baseline,94.83870968,108.03167849599609,102.9117431640625
4,0.8,aci,2025-05-14 00:31:00,baseline,93.93548387,108.69390300185547,103.72124481201172
4,0.8,aci,2025-05-14 01:57:00,baseline,79.93548387,109.35130060078124,104.59526824951172
4,0.8,aci,2025-05-14 03:22:00,baseline,79.48387097,80.82079736152343,76.4342269897461
4,0.8,aci,2025-05-14 04:48:00,baseline,77.67741935,84.89436499819337,80.71085357666016
4,0.8,aci,2025-05-14 06:13:00,baseline,55.5483871,85.85174905519531,81.84896850585938
4,0.8,aci,2025-05-14 07:39:00,baseline,74.96774194,78.92756406851562,75.14143371582031
4,0.8,aci,2025-05-14 09:05:00,baseline,75.41935484,86.55155353871093,82.80428314208984
4,0.8,aci,2025-05-14 10:30:00,baseline,75.41935484,85.42767902939453,81.84760284423828
4,0.8,aci,2025-05-14 11:56:00,baseline,79.03225806,94.25703307185547,91.03773498535156
4,0.8,aci,2025-05-14 13:22:00,baseline,79.03225806,85.95195372294921,82.91453552246094
4,0.8,aci,2025-05-14 14:47:00,baseline,95.74193548,83.15166375396484,80.42034912109375
4,0.8,aci,2025-05-14 16:13:00,baseline,96.64516129,97.03598147451171,93.39969635009766
4,0.8,aci,2025-05-14 17:38:00,baseline,96.64516129,100.52708583046875,97.14275360107422
4,0.8,aci,2025-05-14 19:04:00,baseline,96.64516129,99.93839140925782,96.7190933227539
4,0.8,aci,2025-05-14 20:30:00,baseline,94.38709677,96.46424053787109,93.41459655761719
4,0.8,aci,2025-05-14 21:55:00,baseline,85.35483871,74.12753960845703,71.39622497558594
4,0.8,aci,2025-05-14 23:21:00,baseline,85.35483871,62.37255984365234,58.73627471923828
4,0.8,aci,2025-05-15 00:46:00,elevated_risk,84.0,74.24123599550781,70.00993347167969
4,0.8,aci,2025-05-15 02:12:00,elevated_risk,53.29032258,90.77024818310547,85.60003662109375
4,0.8,aci,2025-05-15 03:38:00,elevated_risk,52.83870968,81.22362075345703,76.12885284423828
4,0.8,aci,2025-05-15 05:03:00,elevated_risk,53.29032258,87.1991077588086,82.41050720214844
4,0.8,aci,2025-05-15 06:29:00,elevated_risk,71.80645161,90.04642884541016,85.34467315673828
4,0.8,aci,2025-05-15 07:55:00,elevated_risk,72.70967742,88.32232882998046,84.09102630615234
4,0.8,aci,2025-05-15 09:20:00,elevated_risk,80.38709677,85.25593911867188,81.25315856933594
4,0.8,aci,2025-05-15 10:46:00,elevated_risk,80.83870968,88.15870420523437,84.37257385253906
4,0.8,aci,2025-05-15 12:11:00,elevated_risk,80.83870968,86.01310139027343,82.26583099365234
4,0.8,aci,2025-05-15 13:37:00,elevated_risk,99.80645161,99.27566676308594,95.8913345336914
4,0.8,aci,2025-05-15 15:03:00,elevated_risk,100.7096774,99.52978860597656,95.50611114501953
4,0.8,aci,2025-05-15 16:28:00,elevated_risk,100.7096774,104.94394808828125,99.82401275634766
4,0.8,aci,2025-05-15 17:54:00,elevated_risk,100.7096774,100.54542049542968,95.63359069824219
4,0.8,aci,2025-05-15 19:19:00,elevated_risk,100.7096774,104.79728944710938,99.14210510253906
4,0.8,aci,2025-05-15 20:45:00,elevated_risk,92.12903226,106.12686305214844,100.84113311767578
4,0.8,aci,2025-05-15 22:11:00,elevated_risk,53.29032258,85.88941169628906,80.71920013427734
4,0.8,aci,2025-05-15 23:36:00,elevated_risk,55.09677419,68.98745602548829,63.91136932373047
4,0.8,aci,2025-05-16 01:02:00,elevated_risk,55.5483871,75.5910290159375,70.67919921875
4,0.8,aci,2025-05-16 02:28:00,elevated_risk,74.51612903,84.57979981708985,79.87804412841797
4,0.8,aci,2025-05-16 03:53:00,elevated_risk,74.96774194,85.33734347841796,81.10604095458984
4,0.8,aci,2025-05-16 05:19:00,elevated_risk,74.96774194,87.05098306398438,83.04820251464844
4,0.8,aci,2025-05-16 06:44:00,elevated_risk,85.35483871,93.89470081654297,89.97958374023438
4,0.8,aci,2025-05-16 08:10:00,elevated_risk,85.80645161,89.22247827412109,85.45529174804688
4,0.8,aci,2025-05-16 09:36:00,elevated_risk,111.0967742,89.75405689804687,86.17398071289062
4,0.8,aci,2025-05-16 11:01:00,elevated_risk,113.3548387,108.01840426943359,103.78710174560547
4,0.8,aci,2025-05-16 12:27:00,elevated_risk,113.8064516,112.29178744375,107.1718521118164
4,0.9,marginal,2025-05-12 15:42:00,baseline,78.58064516,89.57708375263672,78.31029510498047
4,0.9,marginal,2025-05-12 17:08:00,baseline,82.19354839,100.68944947529297,89.42266082763672
4,0.9,marginal,2025-05-12 18:33:00,baseline,82.64516129,93.18194215107422,81.91515350341797
4,0.9,marginal,2025-05-12 19:59:00,baseline,95.29032258,92.27216737080079,81.00537872314453
4,0.9,marginal,2025-05-12 21:24:00,baseline,95.74193548,108.07075898457032,96.80397033691406
4,0.9,marginal,2025-05-12 22:50:00,baseline,96.19354839,108.5722696046875,97.30548095703125
4,0.9,marginal,2025-05-13 00:16:00,baseline,96.19354839,100.86624543476563,89.59945678710938
4,0.9,marginal,2025-05-13 01:41:00,baseline,95.74193548,107.34495179462891,96.07816314697266
4,0.9,marginal,2025-05-13 03:07:00,baseline,84.90322581,102.4662362794922,91.19944763183594
4,0.9,marginal,2025-05-13 04:32:00,baseline,84.90322581,73.4308130006836,62.164024353027344
4,0.9,marginal,2025-05-13 05:58:00,baseline,84.0,75.6147958498047,64.34800720214844
4,0.9,marginal,2025-05-13 07:24:00,baseline,58.25806452,105.14593140888672,93.87914276123047
4,0.9,marginal,2025-05-13 08:49:00,baseline,59.61290323,88.01755921650391,76.75077056884766
4,0.9,marginal,2025-05-13 10:15:00,baseline,59.61290323,91.31082551289063,80.04403686523438
4,0.9,marginal,2025-05-13 11:40:00,baseline,79.93548387,89.71925751972657,78.45246887207031
4,0.9,marginal,2025-05-13 13:06:00,baseline,80.83870968,93.6645547609375,82.39776611328125
4,0.9,marginal,2025-05-13 14:32:00,baseline,85.80645161,93.32596986103516,82.0591812133789
4,0.9,marginal,2025-05-13 15:57:00,baseline,86.70967742,94.75716798115235,83.4903793334961
4,0.9,marginal,2025-05-13 17:23:00,baseline,86.70967742,95.8757592897461,84.60897064208984
4,0.9,marginal,2025-05-13 18:49:00,baseline,94.83870968,112.54206483173829,101.27527618408203
4,0.9,marginal,2025-05-13 20:14:00,baseline,94.83870968,106.2518579225586,94.98506927490234
4,0.9,marginal,2025-05-13 21:40:00,baseline,94.83870968,111.37801759052735,100.1112289428711
4,0.9,marginal,2025-05-13 23:05:00,baseline,94.83870968,114.17853181171876,102.9117431640625
4,0.9,marginal,2025-05-14 00:31:00,baseline,93.93548387,114.98803345966797,103.72124481201172
4,0.9,marginal,2025-05-14 01:57:00,baseline,79.93548387,115.86205689716797,104.59526824951172
4,0.9,marginal,2025-05-14 03:22:00,baseline,79.48387097,87.70101563740235,76.4342269897461
4,0.9,marginal,2025-05-14 04:48:00,baseline,77.67741935,91.97764222431641,80.71085357666016
4,0.9,marginal,2025-05-14 06:13:00,baseline,55.5483871,93.11575715351563,81.84896850585938
4,0.9,marginal,2025-05-14 07:39:00,baseline,74.96774194,86.40822236347657,75.14143371582031
4,0.9,marginal,2025-05-14 09:05:00,baseline,75.41935484,94.0710717897461,82.80428314208984
4,0.9,marginal,2025-05-14 10:30:00,baseline,75.41935484,93.11439149189454,81.84760284423828
4,0.9,marginal,2025-05-14 11:56:00,baseline,79.03225806,102.30452363300782,91.03773498535156
4,0.9,marginal,2025-05-14 13:22:00,baseline,79.03225806,94.1813241701172,82.91453552246094
4,0.9,marginal,2025-05-14 14:47:00,baseline,95.74193548,91.68713776875,80.42034912109375
4,0.9,marginal,2025-05-14 16:13:00,baseline,96.64516129,104.66648499775391,93.39969635009766
4,0.9,marginal,2025-05-14 17:38:00,baseline,96.64516129,108.40954224873047,97.14275360107422
4,0.9,marginal,2025-05-14 19:04:00,baseline,96.64516129,107.98588197041016,96.7190933227539
4,0.9,marginal,2025-05-14 20:30:00,baseline,94.38709677,104.68138520527344,93.41459655761719
4,0.9,marginal,2025-05-14 21:55:00,baseline,85.35483871,82.6630136232422,71.39622497558594
4,0.9,marginal,2025-05-14 23:21:00,baseline,85.35483871,70.00306336689454,58.73627471923828
4,0.9,marginal,2025-05-15 00:46:00,elevated_risk,84.0,81.27672211933594,70.00993347167969
4,0.9,marginal,2025-05-15 02:12:00,elevated_risk,53.29032258,96.86682526875,85.60003662109375
4,0.9,marginal,2025-05-15 03:38:00,elevated_risk,52.83870968,87.39564149189454,76.12885284423828
4,0.9,marginal,2025-05-15 05:03:00,elevated_risk,53.29032258,93.6772958498047,82.41050720214844
4,0.9,marginal,2025-05-15 06:29:00,elevated_risk,71.80645161,96.61146180439454,85.34467315673828
4,0.9,marginal,2025-05-15 07:55:00,elevated_risk,72.70967742,95.3578149538086,84.09102630615234
4,0.9,marginal,2025-05-15 09:20:00,elevated_risk,80.38709677,92.5199472169922,81.25315856933594
4,0.9,marginal,2025-05-15 10:46:00,elevated_risk,80.83870968,95.63936250019532,84.37257385253906
4,0.9,marginal,2025-05-15 12:11:00,elevated_risk,80.83870968,93.5326196413086,82.26583099365234
4,0.9,marginal,2025-05-15 13:37:00,elevated_risk,99.80645161,107.15812318134766,95.8913345336914
4,0.9,marginal,2025-05-15 15:03:00,elevated_risk,100.7096774,106.77289979267579,95.50611114501953
4,0.9,marginal,2025-05-15 16:28:00,elevated_risk,100.7096774,111.09080140400391,99.82401275634766
4,0.9,marginal,2025-05-15 17:54:00,elevated_risk,100.7096774,106.90037934589844,95.63359069824219
4,0.9,marginal,2025-05-15 19:19:00,elevated_risk,100.7096774,110.40889375019532,99.14210510253906
4,0.9,marginal,2025-05-15 20:45:00,elevated_risk,92.12903226,112.10792176533204,100.84113311767578
4,0.9,marginal,2025-05-15 22:11:00,elevated_risk,53.29032258,91.9859887819336,80.71920013427734
4,0.9,marginal,2025-05-15 23:36:00,elevated_risk,55.09677419,75.17815797138672,63.91136932373047
4,0.9,marginal,2025-05-16 01:02:00,elevated_risk,55.5483871,81.94598786640626,70.67919921875
4,0.9,marginal,2025-05-16 02:28:00,elevated_risk,74.51612903,91.14483277607422,79.87804412841797
4,0.9,marginal,2025-05-16 03:53:00,elevated_risk,74.96774194,92.3728296022461,81.10604095458984
4,0.9,marginal,2025-05-16 05:19:00,elevated_risk,74.96774194,94.3149911623047,83.04820251464844
4,0.9,marginal,2025-05-16 06:44:00,elevated_risk,85.35483871,101.24637238789063,89.97958374023438
4,0.9,marginal,2025-05-16 08:10:00,elevated_risk,85.80645161,96.72208039570313,85.45529174804688
4,0.9,marginal,2025-05-16 09:36:00,elevated_risk,111.0967742,97.44076936054688,86.17398071289062
4,0.9,marginal,2025-05-16 11:01:00,elevated_risk,113.3548387,115.05389039326172,103.78710174560547
4,0.9,marginal,2025-05-16 12:27:00,elevated_risk,113.8064516,118.43864075947266,107.1718521118164
4,0.9,adaptive,2025-05-12 15:42:00,baseline,78.58064516,91.18757938789523,78.31029510498047
4,0.9,adaptive,2025-05-12 17:08:00,baseline,82.19354839,99.06345828687468,89.42266082763672
4,0.9,adaptive,2025-05-12 18:33:00,baseline,82.64516129,88.39980538270446,81.91515350341797
4,0.9,adaptive,2025-05-12 19:59:00,baseline,95.29032258,89.01139086684542,81.00537872314453
4,0.9,adaptive,2025-05-12 21:24:00,baseline,95.74193548,102.75025407868598,96.80397033691406
4,0.9,adaptive,2025-05-12 22:50:00,baseline,96.19354839,98.94821606658735,97.30548095703125
4,0.9,adaptive,2025-05-13 00:16:00,baseline,96.19354839,117.13126704694662,89.59945678710938
4,0.9,adaptive,2025-05-13 01:41:00,baseline,95.74193548,118.23474754654623,96.07816314697266
4,0.9,adaptive,2025-05-13 03:07:00,baseline,84.90322581,112.57413560518137,91.19944763183594
4,0.9,adaptive,2025-05-13 04:32:00,baseline,84.90322581,78.77756142942343,62.164024353027344
4,0.9,adaptive,2025-05-13 05:58:00,baseline,84.0,87.757583840812,64.34800720214844
4,0.9,adaptive,2025-05-13 07:24:00,baseline,58.25806452,108.16942462379457,93.87914276123047
4,0.9,adaptive,2025-05-13 08:49:00,baseline,59.61290323,86.7351126545387,76.75077056884766
4,0.9,adaptive,2025-05-13 10:15:00,baseline,59.61290323,89.71458670578374,80.04403686523438
4,0.9,adaptive,2025-05-13 11:40:00,baseline,79.93548387,96.70654737636872,78.45246887207031
4,0.9,adaptive,2025-05-13 13:06:00,baseline,80.83870968,86.4094596084869,82.39776611328125
4,0.9,adaptive,2025-05-13 14:32:00,baseline,85.80645161,88.03944796748067,82.0591812133789
4,0.9,adaptive,2025-05-13 15:57:00,baseline,86.70967742,89.49531229701041,83.4903793334961
4,0.9,adaptive,2025-05-13 17:23:00,baseline,86.70967742,86.00504172259973,84.60897064208984
4,0.9,adaptive,2025-05-13 18:49:00,baseline,94.83870968,116.25923031987769,101.27527618408203
4,0.9,adaptive,2025-05-13 20:14:00,baseline,94.83870968,102.3968379707973,94.98506927490234
4,0.9,adaptive,2025-05-13 21:40:00,baseline,94.83870968,104.67103889956198,100.1112289428711
4,0.9,adaptive,2025-05-13 23:05:00,baseline,94.83870968,118.77344866369107,102.9117431640625
4,0.9,adaptive,2025-05-14 00:31:00,baseline,93.93548387,119.45168802495813,103.72124481201172
4,0.9,adaptive,2025-05-14 01:57:00,baseline,79.93548387,121.93087073777912,104.59526824951172
4,0.9,adaptive,2025-05-14 03:22:00,baseline,79.48387097,87.43992084333667,76.4342269897461
4,0.9,adaptive,2025-05-14 04:48:00,baseline,77.67741935,95.4876236427361,80.71085357666016
4,0.9,adaptive,2025-05-14 06:13:00,baseline,55.5483871,92.34226224552425,81.84896850585938
4,0.9,adaptive,2025-05-14 07:39:00,baseline,74.96774194,79.39934449207081,75.14143371582031
4,0.9,adaptive,2025-05-14 09:05:00,baseline,75.41935484,89.82377533343407,82.80428314208984
4,0.9,adaptive,2025-05-14 10:30:00,baseline,75.41935484,96.3391421796526,81.84760284423828
4,0.9,adaptive,2025-05-14 11:56:00,baseline,79.03225806,104.45712513733302,91.03773498535156
4,0.9,adaptive,2025-05-14 13:22:00,baseline,79.03225806,92.1561465431426,82.91453552246094
4,0.9,adaptive,2025-05-14 14:47:00,baseline,95.74193548,88.80433115672874,80.42034912109375
4,0.9,adaptive,2025-05-14 16:13:00,baseline,96.64516129,100.62605826925873,93.39969635009766
4,0.9,adaptive,2025-05-14 17:38:00,baseline,96.64516129,101.84485170084122,97.14275360107422
4,0.9,adaptive,2025-05-14 19:04:00,baseline,96.64516129,114.7668770290781,96.7190933227539
4,0.9,adaptive,2025-05-14 20:30:00,baseline,94.38709677,116.79840675082797,93.41459655761719
4,0.9,adaptive,2025-05-14 21:55:00,baseline,85.35483871,98.85961772670898,71.39622497558594
4,0.9,adaptive,2025-05-14 23:21:00,baseline,85.35483871,87.41722310752661,58.73627471923828
4,0.9,adaptive,2025-05-15 00:46:00,elevated_risk,84.0,93.71330873765928,70.00993347167969
4,0.9,adaptive,2025-05-15 02:12:00,elevated_risk,53.29032258,97.99895263228498,85.60003662109375
4,0.9,adaptive,2025-05-15 03:38:00,elevated_risk,52.83870968,82.06167240974578,76.12885284423828
4,0.9,adaptive,2025-05-15 05:03:00,elevated_risk,53.29032258,89.72466380424997,82.41050720214844
4,0.9,adaptive,2025-05-15 06:29:00,elevated_risk,71.80645161,97.7097688520446,85.34467315673828
4,0.9,adaptive,2025-05-15 07:55:00,elevated_risk,72.70967742,96.95945172690976,84.09102630615234
4,0.9,adaptive,2025-05-15 09:20:00,elevated_risk,80.38709677,91.54451791617286,81.25315856933594
4,0.9,adaptive,2025-05-15 10:46:00,elevated_risk,80.83870968,89.30612812593891,84.37257385253906
4,0.9,adaptive,2025-05-15 12:11:00,elevated_risk,80.83870968,88.20253779404939,82.26583099365234
4,0.9,adaptive,2025-05-15 13:37:00,elevated_risk,99.80645161,105.26593332542996,95.8913345336914
4,0.9,adaptive,2025-05-15 15:03:00,elevated_risk,100.7096774,96.71871393722013,95.50611114501953
4,0.9,adaptive,2025-05-15 16:28:00,elevated_risk,100.7096774,103.79422217466184,99.82401275634766
4,0.9,adaptive,2025-05-15 17:54:00,elevated_risk,100.7096774,111.65388010182129,95.63359069824219
4,0.9,adaptive,2025-05-15 19:19:00,elevated_risk,100.7096774,121.57231411943745,99.14210510253906
4,0.9,adaptive,2025-05-15 20:45:00,elevated_risk,92.12903226,118.33303836284871,100.84113311767578
4,0.9,adaptive,2025-05-15 22:11:00,elevated_risk,53.29032258,87.39554615534732,80.71920013427734
4,0.9,adaptive,2025-05-15 23:36:00,elevated_risk,55.09677419,73.92588605561215,63.91136932373047
4,0.9,adaptive,2025-05-16 01:02:00,elevated_risk,55.5483871,79.11294407661052,70.67919921875
4,0.9,adaptive,2025-05-16 02:28:00,elevated_risk,74.51612903,91.49724074943023,79.87804412841797
4,0.9,adaptive,2025-05-16 03:53:00,elevated_risk,74.96774194,90.43681267884543,81.10604095458984
4,0.9,adaptive,2025-05-16 05:19:00,elevated_risk,74.96774194,92.79527283178285,83.04820251464844
4,0.9,adaptive,2025-05-16 06:44:00,elevated_risk,85.35483871,98.5196544298112,89.97958374023438
4,0.9,adaptive,2025-05-16 08:10:00,elevated_risk,85.80645161,90.50916359474262,85.45529174804688
4,0.9,adaptive,2025-05-16 09:36:00,elevated_risk,111.0967742,89.22336073836674,86.17398071289062
4,0.9,adaptive,2025-05-16 11:01:00,elevated_risk,113.3548387,107.81825488853177,103.78710174560547
4,0.9,adaptive,2025-05-16 12:27:00,elevated_risk,113.8064516,115.7448013856788,107.1718521118164
4,0.9,mondrian,2025-05-12 15:42:00,baseline,78.58064516,87.4590276915625,78.31029510498047
4,0.9,mondrian,2025-05-12 17:08:00,baseline,82.19354839,98.57139341421875,89.42266082763672
4,0.9,mondrian,2025-05-12 18:33:00,baseline,82.64516129,91.06388609,81.91515350341797
4,0.9,mondrian,2025-05-12 19:59:00,baseline,95.29032258,90.15411130972656,81.00537872314453
4,0.9,mondrian,2025-05-12 21:24:00,baseline,95.74193548,105.95270292349609,96.80397033691406
4,0.9,mondrian,2025-05-12 22:50:00,baseline,96.19354839,106.45421354361328,97.30548095703125
4,0.9,mondrian,2025-05-13 00:16:00,baseline,96.19354839,98.7481893736914,89.59945678710938
4,0.9,mondrian,2025-05-13 01:41:00,baseline,95.74193548,105.22689573355468,96.07816314697266
4,0.9,mondrian,2025-05-13 03:07:00,baseline,84.90322581,100.34818021841797,91.19944763183594
4,0.9,mondrian,2025-05-13 04:32:00,baseline,84.90322581,71.31275693960937,62.164024353027344
4,0.9,mondrian,2025-05-13 05:58:00,baseline,84.0,73.49673978873047,64.34800720214844
4,0.9,mondrian,2025-05-13 07:24:00,baseline,58.25806452,103.0278753478125,93.87914276123047
4,0.9,mondrian,2025-05-13 08:49:00,baseline,59.61290323,85.89950315542968,76.75077056884766
4,0.9,mondrian,2025-05-13 10:15:00,baseline,59.61290323,89.1927694518164,80.04403686523438
4,0.9,mondrian,2025-05-13 11:40:00,baseline,79.93548387,87.60120145865234,78.45246887207031
4,0.9,mondrian,2025-05-13 13:06:00,baseline,80.83870968,91.54649869986328,82.39776611328125
4,0.9,mondrian,2025-05-13 14:32:00,baseline,85.80645161,91.20791379996093,82.0591812133789
4,0.9,mondrian,2025-05-13 15:57:00,baseline,86.70967742,92.63911192007812,83.4903793334961
4,0.9,mondrian,2025-05-13 17:23:00,baseline,86.70967742,93.75770322867187,84.60897064208984
4,0.9,mondrian,2025-05-13 18:49:00,baseline,94.83870968,110.42400877066406,101.27527618408203
4,0.9,mondrian,2025-05-13 20:14:00,baseline,94.83870968,104.13380186148437,94.98506927490234
4,0.9,mondrian,2025-05-13 21:40:00,baseline,94.83870968,109.25996152945312,100.1112289428711
4,0.9,mondrian,2025-05-13 23:05:00,baseline,94.83870968,112.06047575064453,102.9117431640625
4,0.9,mondrian,2025-05-14 00:31:00,baseline,93.93548387,112.86997739859375,103.72124481201172
4,0.9,mondrian,2025-05-14 01:57:00,baseline,79.93548387,113.74400083609375,104.59526824951172
4,0.9,mondrian,2025-05-14 03:22:00,baseline,79.48387097,85.58295957632812,76.4342269897461
4,0.9,mondrian,2025-05-14 04:48:00,baseline,77.67741935,89.85958616324218,80.71085357666016
4,0.9,mondrian,2025-05-14 06:13:00,baseline,55.5483871,90.9977010924414,81.84896850585938
4,0.9,mondrian,2025-05-14 07:39:00,baseline,74.96774194,84.29016630240234,75.14143371582031
4,0.9,mondrian,2025-05-14 09:05:00,baseline,75.41935484,91.95301572867187,82.80428314208984
4,0.9,mondrian,2025-05-14 10:30:00,baseline,75.41935484,90.99633543082031,81.84760284423828
4,0.9,mondrian,2025-05-14 11:56:00,baseline,79.03225806,100.18646757193359,91.03773498535156
4,0.9,mondrian,2025-05-14 13:22:00,baseline,79.03225806,92.06326810904297,82.91453552246094
4,0.9,mondrian,2025-05-14 14:47:00,baseline,95.74193548,89.56908170767578,80.42034912109375
4,0.9,mondrian,2025-05-14 16:13:00,baseline,96.64516129,102.54842893667968,93.39969635009766
4,0.9,mondrian,2025-05-14 17:38:00,baseline,96.64516129,106.29148618765625,97.14275360107422
4,0.9,mondrian,2025-05-14 19:04:00,baseline,96.64516129,105.86782590933593,96.7190933227539
4,0.9,mondrian,2025-05-14 20:30:00,baseline,94.38709677,102.56332914419922,93.41459655761719
4,0.9,mondrian,2025-05-14 21:55:00,baseline,85.35483871,80.54495756216797,71.39622497558594
4,0.9,mondrian,2025-05-14 23:21:00,baseline,85.35483871,67.88500730582031,58.73627471923828
4,0.9,mondrian,2025-05-15 00:46:00,elevated_risk,84.0,84.51117288332031,70.00993347167969
4,0.9,mondrian,2025-05-15 02:12:00,elevated_risk,53.29032258,100.10127603273438,85.60003662109375
4,0.9,mondrian,2025-05-15 03:38:00,elevated_risk,52.83870968,90.6300922558789,76.12885284423828
4,0.9,mondrian,2025-05-15 05:03:00,elevated_risk,53.29032258,96.91174661378906,82.41050720214844
4,0.9,mondrian,2025-05-15 06:29:00,elevated_risk,71.80645161,99.8459125683789,85.34467315673828
4,0.9,mondrian,2025-05-15 07:55:00,elevated_risk,72.70967742,98.59226571779297,84.09102630615234
4,0.9,mondrian,2025-05-15 09:20:00,elevated_risk,80.38709677,95.75439798097656,81.25315856933594
4,0.9,mondrian,2025-05-15 10:46:00,elevated_risk,80.83870968,98.87381326417969,84.37257385253906
4,0.9,mondrian,2025-05-15 12:11:00,elevated_risk,80.83870968,96.76707040529297,82.26583099365234
4,0.9,mondrian,2025-05-15 13:37:00,elevated_risk,99.80645161,110.39257394533203,95.8913345336914
4,0.9,mondrian,2025-05-15 15:03:00,elevated_risk,100.7096774,110.00735055666016,95.50611114501953
4,0.9,mondrian,2025-05-15 16:28:00,elevated_risk,100.7096774,114.32525216798828,99.82401275634766
4,0.9,mondrian,2025-05-15 17:54:00,elevated_risk,100.7096774,110.13483010988281,95.63359069824219
4,0.9,mondrian,2025-05-15 19:19:00,elevated_risk,100.7096774,113.64334451417969,99.14210510253906
4,0.9,mondrian,2025-05-15 20:45:00,elevated_risk,92.12903226,115.3423725293164,100.84113311767578
4,0.9,mondrian,2025-05-15 22:11:00,elevated_risk,53.29032258,95.22043954591797,80.71920013427734
4,0.9,mondrian,2025-05-15 23:36:00,elevated_risk,55.09677419,78.4126087353711,63.91136932373047
4,0.9,mondrian,2025-05-16 01:02:00,elevated_risk,55.5483871,85.18043863039063,70.67919921875
4,0.9,mondrian,2025-05-16 02:28:00,elevated_risk,74.51612903,94.3792835400586,79.87804412841797
4,0.9,mondrian,2025-05-16 03:53:00,elevated_risk,74.96774194,95.60728036623047,81.10604095458984
4,0.9,mondrian,2025-05-16 05:19:00,elevated_risk,74.96774194,97.54944192628906,83.04820251464844
4,0.9,mondrian,2025-05-16 06:44:00,elevated_risk,85.35483871,104.480823151875,89.97958374023438
4,0.9,mondrian,2025-05-16 08:10:00,elevated_risk,85.80645161,99.9565311596875,85.45529174804688
4,0.9,mondrian,2025-05-16 09:36:00,elevated_risk,111.0967742,100.67522012453125,86.17398071289062
4,0.9,mondrian,2025-05-16 11:01:00,elevated_risk,113.3548387,118.2883411572461,103.78710174560547
4,0.9,mondrian,2025-05-16 12:27:00,elevated_risk,113.8064516,121.67309152345703,107.1718521118164
4,0.9,aci,2025-05-12 15:42:00,baseline,78.58064516,89.57708375263672,78.31029510498047
4,0.9,aci,2025-05-12 17:08:00,baseline,82.19354839,100.37841921865234,89.42266082763672
4,0.9,aci,2025-05-12 18:33:00,baseline,82.64516129,92.28984878759766,81.91515350341797
4,0.9,aci,2025-05-12 19:59:00,baseline,95.29032258,91.04867282732422,81.00537872314453
4,0.9,aci,2025-05-12 21:24:00,baseline,95.74193548,109.52886101958984,96.80397033691406
4,0.9,aci,2025-05-12 22:50:00,baseline,96.19354839,109.82769824386719,97.30548095703125
4,0.9,aci,2025-05-13 00:16:00,baseline,96.19354839,101.86394008771484,89.59945678710938
4,0.9,aci,2025-05-13 01:41:00,baseline,95.74193548,108.12468473501953,96.07816314697266
4,0.9,aci,2025-05-13 03:07:00,baseline,84.90322581,103.12387209951171,91.19944763183594
4,0.9,aci,2025-05-13 04:32:00,baseline,84.90322581,73.94037210207031,62.164024353027344
4,0.9,aci,2025-05-13 05:58:00,baseline,84.0,78.6329510590039,64.34800720214844
4,0.9,aci,2025-05-13 07:24:00,baseline,58.25806452,116.61834421820312,93.87914276123047
4,0.9,aci,2025-05-13 08:49:00,baseline,59.61290323,99.48997202582031,76.75077056884766
4,0.9,aci,2025-05-13 10:15:00,baseline,59.61290323,100.88925124902343,80.04403686523438
4,0.9,aci,2025-05-13 11:40:00,baseline,79.93548387,98.10446166992188,78.45246887207031
4,0.9,aci,2025-05-13 13:06:00,baseline,80.83870968,100.14066531679687,82.39776611328125
4,0.9,aci,2025-05-13 14:32:00,baseline,85.80645161,98.5575116258789,82.0591812133789
4,0.9,aci,2025-05-13 15:57:00,baseline,86.70967742,99.64658330714843,83.4903793334961
4,0.9,aci,2025-05-13 17:23:00,baseline,86.70967742,99.18484155097656,84.60897064208984
4,0.9,aci,2025-05-13 18:49:00,baseline,94.83870968,115.77651559572266,101.27527618408203
4,0.9,aci,2025-05-13 20:14:00,baseline,94.83870968,109.2700131317578,94.98506927490234
4,0.9,aci,2025-05-13 21:40:00,baseline,94.83870968,114.3543339100586,100.1112289428711
4,0.9,aci,2025-05-13 23:05:00,baseline,94.83870968,116.51948572361329,102.9117431640625
4,0.9,aci,2025-05-14 00:31:00,baseline,93.93548387,117.03308031474609,103.72124481201172
4,0.9,aci,2025-05-14 01:57:00,baseline,79.93548387,117.73113447716797,104.59526824951172
4,0.9,aci,2025-05-14 03:22:00,baseline,79.48387097,89.15911767242187,76.4342269897461
4,0.9,aci,2025-05-14 04:48:00,baseline,77.67741935,92.97533687726562,80.71085357666016
4,0.9,aci,2025-05-14 06:13:00,baseline,55.5483871,93.89549009390625,81.84896850585938
4,0.9,aci,2025-05-14 07:39:00,baseline,74.96774194,87.06585818349609,75.14143371582031
4,0.9,aci,2025-05-14 09:05:00,baseline,75.41935484,94.58063089113281,82.80428314208984
4,0.9,aci,2025-05-14 10:30:00,baseline,75.41935484,93.11439149189454,81.84760284423828
4,0.9,aci,2025-05-14 11:56:00,baseline,79.03225806,101.99349337636718,91.03773498535156
4,0.9,aci,2025-05-14 13:22:00,baseline,79.03225806,92.95782962664063,82.91453552246094
4,0.9,aci,2025-05-14 14:47:00,baseline,95.74193548,90.42532473623046,80.42034912109375
4,0.9,aci,2025-05-14 16:13:00,baseline,96.64516129,106.53556257775391,93.39969635009766
4,0.9,aci,2025-05-14 17:38:00,baseline,96.64516129,109.86764428375,97.14275360107422
4,0.9,aci,2025-05-14 19:04:00,baseline,96.64516129,109.24131060958985,96.7190933227539
4,0.9,aci,2025-05-14 20:30:00,baseline,94.38709677,105.46111814566406,93.41459655761719
4,0.9,aci,2025-05-14 21:55:00,baseline,85.35483871,83.32064944326171,71.39622497558594
4,0.9,aci,2025-05-14 23:21:00,baseline,85.35483871,73.2375141308789,58.73627471923828
4,0.9,aci,2025-05-15 00:46:00,elevated_risk,84.0,96.6284974624414,70.00993347167969
4,0.9,aci,2025-05-15 02:12:00,elevated_risk,53.29032258,112.21860061185546,85.60003662109375
4,0.9,aci,2025-05-15 03:38:00,elevated_risk,52.83870968,98.86805430121093,76.12885284423828
4,0.9,aci,2025-05-15 05:03:00,elevated_risk,53.29032258,103.55707944017578,82.41050720214844
4,0.9,aci,2025-05-15 06:29:00,elevated_risk,71.80645161,106.18988754052734,85.34467315673828
4,0.9,aci,2025-05-15 07:55:00,elevated_risk,72.70967742,103.7430191040039,84.09102630615234
4,0.9,aci,2025-05-15 09:20:00,elevated_risk,80.38709677,98.99605777285156,81.25315856933594
4,0.9,aci,2025-05-15 10:46:00,elevated_risk,80.83870968,100.5287778261914,84.37257385253906
4,0.9,aci,2025-05-15 12:11:00,elevated_risk,80.83870968,97.58741735255859,82.26583099365234
4,0.9,aci,2025-05-15 13:37:00,elevated_risk,99.80645161,110.46720544257812,95.8913345336914
4,0.9,aci,2025-05-15 15:03:00,elevated_risk,100.7096774,110.00735055666016,95.50611114501953
4,0.9,aci,2025-05-15 16:28:00,elevated_risk,100.7096774,114.06711772353516,99.82401275634766
4,0.9,aci,2025-05-15 17:54:00,elevated_risk,100.7096774,109.6236572265625,95.63359069824219
4,0.9,aci,2025-05-15 19:19:00,elevated_risk,100.7096774,113.10071883695312,99.14210510253906
4,0.9,aci,2025-05-15 20:45:00,elevated_risk,92.12903226,114.44887567722657,100.84113311767578
4,0.9,aci,2025-05-15 22:11:00,elevated_risk,53.29032258,93.8550663619336,80.71920013427734
4,0.9,aci,2025-05-15 23:36:00,elevated_risk,55.09677419,76.63626000640625,63.91136932373047
4,0.9,aci,2025-05-16 01:02:00,elevated_risk,55.5483871,83.20141650558594,70.67919921875
4,0.9,aci,2025-05-16 02:28:00,elevated_risk,74.51612903,91.92456571646484,79.87804412841797
4,0.9,aci,2025-05-16 03:53:00,elevated_risk,74.96774194,93.03046542226562,81.10604095458984
4,0.9,aci,2025-05-16 05:19:00,elevated_risk,74.96774194,94.8245502636914,83.04820251464844
4,0.9,aci,2025-05-16 06:44:00,elevated_risk,85.35483871,100.93534213125,89.97958374023438
4,0.9,aci,2025-05-16 08:10:00,elevated_risk,85.80645161,95.82998703222657,85.45529174804688
4,0.9,aci,2025-05-16 09:36:00,elevated_risk,111.0967742,96.21727481707032,86.17398071289062
4,0.9,aci,2025-05-16 11:01:00,elevated_risk,113.3548387,117.39484430515625,103.78710174560547
4,0.9,aci,2025-05-16 12:27:00,elevated_risk,113.8064516,120.48368761455077,107.1718521118164
4,0.95,marginal,2025-05-12 15:42:00,baseline,78.58064516,91.91803766453125,78.31029510498047
4,0.95,marginal,2025-05-12 17:08:00,baseline,82.19354839,103.0304033871875,89.42266082763672
4,0.95,marginal,2025-05-12 18:33:00,baseline,82.64516129,95.52289606296875,81.91515350341797
4,0.95,marginal,2025-05-12 19:59:00,baseline,95.29032258,94.61312128269532,81.00537872314453
4,0.95,marginal,2025-05-12 21:24:00,baseline,95.74193548,110.41171289646485,96.80397033691406
4,0.95,marginal,2025-05-12 22:50:00,baseline,96.19354839,110.91322351658204,97.30548095703125
4,0.95,marginal,2025-05-13 00:16:00,baseline,96.19354839,103.20719934666016,89.59945678710938
4,0.95,marginal,2025-05-13 01:41:00,baseline,95.74193548,109.68590570652344,96.07816314697266
4,0.95,marginal,2025-05-13 03:07:00,baseline,84.90322581,104.80719019138672,91.19944763183594
4,0.95,marginal,2025-05-13 04:32:00,baseline,84.90322581,75.77176691257813,62.164024353027344
4,0.95,marginal,2025-05-13 05:58:00,baseline,84.0,77.95574976169922,64.34800720214844
4,0.95,marginal,2025-05-13 07:24:00,baseline,58.25806452,107.48688532078125,93.87914276123047
4,0.95,marginal,2025-05-13 08:49:00,baseline,59.61290323,90.35851312839844,76.75077056884766
4,0.95,marginal,2025-05-13 10:15:00,baseline,59.61290323,93.65177942478516,80.04403686523438
4,0.95,marginal,2025-05-13 11:40:00,baseline,79.93548387,92.0602114316211,78.45246887207031
4,0.95,marginal,2025-05-13 13:06:00,baseline,80.83870968,96.00550867283204,82.39776611328125
4,0.95,marginal,2025-05-13 14:32:00,baseline,85.80645161,95.66692377292969,82.0591812133789
4,0.95,marginal,2025-05-13 15:57:00,baseline,86.70967742,97.09812189304688,83.4903793334961
4,0.95,marginal,2025-05-13 17:23:00,baseline,86.70967742,98.21671320164063,84.60897064208984
4,0.95,marginal,2025-05-13 18:49:00,baseline,94.83870968,114.88301874363282,101.27527618408203
4,0.95,marginal,2025-05-13 20:14:00,baseline,94.83870968,108.59281183445313,94.98506927490234
4,0.95,marginal,2025-05-13 21:40:00,baseline,94.83870968,113.71897150242188,100.1112289428711
4,0.95,marginal,2025-05-13 23:05:00,baseline,94.83870968,116.51948572361329,102.9117431640625
4,0.95,marginal,2025-05-14 00:31:00,baseline,93.93548387,117.3289873715625,103.72124481201172
4,0.95,marginal,2025-05-14 01:57:00,baseline,79.93548387,118.2030108090625,104.59526824951172
4,0.95,marginal,2025-05-14 03:22:00,baseline,79.48387097,90.04196954929688,76.4342269897461
4,0.95,marginal,2025-05-14 04:48:00,baseline,77.67741935,94.31859613621094,80.71085357666016
4,0.95,marginal,2025-05-14 06:13:00,baseline,55.5483871,95.45671106541016,81.84896850585938
4,0.95,marginal,2025-05-14 07:39:00,baseline,74.96774194,88.7491762753711,75.14143371582031
4,0.95,marginal,2025-05-14 09:05:00,baseline,75.41935484,96.41202570164063,82.80428314208984
4,0.95,marginal,2025-05-14 10:30:00,baseline,75.41935484,95.45534540378907,81.84760284423828
4,0.95,marginal,2025-05-14 11:56:00,baseline,79.03225806,104.64547754490235,91.03773498535156
4,0.95,marginal,2025-05-14 13:22:00,baseline,79.03225806,96.52227808201172,82.91453552246094
4,0.95,marginal,2025-05-14 14:47:00,baseline,95.74193548,94.02809168064454,80.42034912109375
4,0.95,marginal,2025-05-14 16:13:00,baseline,96.64516129,107.00743890964844,93.39969635009766
4,0.95,marginal,2025-05-14 17:38:00,baseline,96.64516129,110.750496160625,97.14275360107422
4,0.95,marginal,2025-05-14 19:04:00,baseline,96.64516129,110.32683588230469,96.7190933227539
4,0.95,marginal,2025-05-14 20:30:00,baseline,94.38709677,107.02233911716797,93.41459655761719
4,0.95,marginal,2025-05-14 21:55:00,baseline,85.35483871,85.00396753513672,71.39622497558594
4,0.95,marginal,2025-05-14 23:21:00,baseline,85.35483871,72.34401727878907,58.73627471923828
4,0.95,marginal,2025-05-15 00:46:00,elevated_risk,84.0,83.61767603123047,70.00993347167969
4,0.95,marginal,2025-05-15 02:12:00,elevated_risk,53.29032258,99.20777918064454,85.60003662109375
4,0.95,marginal,2025-05-15 03:38:00,elevated_risk,52.83870968,89.73659540378907,76.12885284423828
4,0.95,marginal,2025-05-15 05:03:00,elevated_risk,53.29032258,96.01824976169922,82.41050720214844
4,0.95,marginal,2025-05-15 06:29:00,elevated_risk,71.80645161,98.95241571628907,85.34467315673828
4,0.95,marginal,2025-05-15 07:55:00,elevated_risk,72.70967742,97.69876886570313,84.09102630615234
4,0.95,marginal,2025-05-15 09:20:00,elevated_risk,80.38709677,94.86090112888672,81.25315856933594
4,0.95,marginal,2025-05-15 10:46:00,elevated_risk,80.83870968,97.98031641208985,84.37257385253906
4,0.95,marginal,2025-05-15 12:11:00,elevated_risk,80.83870968,95.87357355320313,82.26583099365234
4,0.95,marginal,2025-05-15 13:37:00,elevated_risk,99.80645161,109.49907709324219,95.8913345336914
4,0.95,marginal,2025-05-15 15:03:00,elevated_risk,100.7096774,109.11385370457032,95.50611114501953
4,0.95,marginal,2025-05-15 16:28:00,elevated_risk,100.7096774,113.43175531589844,99.82401275634766
4,0.95,marginal,2025-05-15 17:54:00,elevated_risk,100.7096774,109.24133325779297,95.63359069824219
4,0.95,marginal,2025-05-15 19:19:00,elevated_risk,100.7096774,112.74984766208985,99.14210510253906
4,0.95,marginal,2025-05-15 20:45:00,elevated_risk,92.12903226,114.44887567722657,100.84113311767578
4,0.95,marginal,2025-05-15 22:11:00,elevated_risk,53.29032258,94.32694269382813,80.71920013427734
4,0.95,marginal,2025-05-15 23:36:00,elevated_risk,55.09677419,77.51911188328125,63.91136932373047
4,0.95,marginal,2025-05-16 01:02:00,elevated_risk,55.5483871,84.28694177830079,70.67919921875
4,0.95,marginal,2025-05-16 02:28:00,elevated_risk,74.51612903,93.48578668796875,79.87804412841797
4,0.95,marginal,2025-05-16 03:53:00,elevated_risk,74.96774194,94.71378351414063,81.10604095458984
4,0.95,marginal,2025-05-16 05:19:00,elevated_risk,74.96774194,96.65594507419922,83.04820251464844
4,0.95,marginal,2025-05-16 06:44:00,elevated_risk,85.35483871,103.58732629978516,89.97958374023438
4,0.95,marginal,2025-05-16 08:10:00,elevated_risk,85.80645161,99.06303430759766,85.45529174804688
4,0.95,marginal,2025-05-16 09:36:00,elevated_risk,111.0967742,99.78172327244141,86.17398071289062
4,0.95,marginal,2025-05-16 11:01:00,elevated_risk,113.3548387,117.39484430515625,103.78710174560547
4,0.95,marginal,2025-05-16 12:27:00,elevated_risk,113.8064516,120.77959467136719,107.1718521118164
4,0.95,adaptive,2025-05-12 15:42:00,baseline,78.58064516,95.52025844288146,78.31029510498047
4,0.95,adaptive,2025-05-12 17:08:00,baseline,82.19354839,102.30719200489352,89.42266082763672
4,0.95,adaptive,2025-05-12 18:33:00,baseline,82.64516129,90.58162530365927,81.91515350341797
4,0.95,adaptive,2025-05-12 19:59:00,baseline,95.29032258,91.70508624289614,81.00537872314453
4,0.95,adaptive,2025-05-12 21:24:00,baseline,95.74193548,104.75093515840422,96.80397033691406
4,0.95,adaptive,2025-05-12 22:50:00,baseline,96.19354839,99.50092918883375,97.30548095703125
4,0.95,adaptive,2025-05-13 00:16:00,baseline,96.19354839,126.39459423907192,89.59945678710938
4,0.95,adaptive,2025-05-13 01:41:00,baseline,95.74193548,125.68953126095363,96.07816314697266
4,0.95,adaptive,2025-05-13 03:07:00,baseline,84.90322581,119.76584317754987,91.19944763183594
4,0.95,adaptive,2025-05-13 04:32:00,baseline,84.90322581,84.36733661328276,62.164024353027344
4,0.95,adaptive,2025-05-13 05:58:00,baseline,84.0,95.63394815490906,64.34800720214844
4,0.95,adaptive,2025-05-13 07:24:00,baseline,58.25806452,112.97751952606589,93.87914276123047
4,0.95,adaptive,2025-05-13 08:49:00,baseline,59.61290323,90.09443507703782,76.75077056884766
4,0.95,adaptive,2025-05-13 10:15:00,baseline,59.61290323,92.96833088225888,80.04403686523438
4,0.95,adaptive,2025-05-13 11:40:00,baseline,79.93548387,102.84829759839198,78.45246887207031
4,0.95,adaptive,2025-05-13 13:06:00,baseline,80.83870968,87.75923025886877,82.39776611328125
4,0.95,adaptive,2025-05-13 14:32:00,baseline,85.80645161,90.05156293982036,82.0591812133789
4,0.95,adaptive,2025-05-13 15:57:00,baseline,86.70967742,91.51572643915483,83.4903793334961
4,0.95,adaptive,2025-05-13 17:23:00,baseline,86.70967742,86.47476249577724,84.60897064208984
4,0.95,adaptive,2025-05-13 18:49:00,baseline,94.83870968,121.30071754798612,101.27527618408203
4,0.95,adaptive,2025-05-13 20:14:00,baseline,94.83870968,104.89059475084395,94.98506927490234
4,0.95,adaptive,2025-05-13 21:40:00,baseline,94.83870968,106.20522830316817,100.1112289428711
4,0.95,adaptive,2025-05-13 23:05:00,baseline,94.83870968,124.11026329670973,102.9117431640625
4,0.95,adaptive,2025-05-14 00:31:00,baseline,93.93548387,124.74433827147085,103.72124481201172
4,0.95,adaptive,2025-05-14 01:57:00,baseline,79.93548387,127.76359137641074,104.59526824951172
4,0.95,adaptive,2025-05-14 03:22:00,baseline,79.48387097,91.14288632871533,76.4342269897461
4,0.95,adaptive,2025-05-14 04:48:00,baseline,77.67741935,100.45940191205479,80.71085357666016
4,0.95,adaptive,2025-05-14 06:13:00,baseline,55.5483871,95.87282606665421,81.84896850585938
4,0.95,adaptive,2025-05-14 07:39:00,baseline,74.96774194,80.83195717910586,75.14143371582031
4,0.95,adaptive,2025-05-14 09:05:00,baseline,75.41935484,92.18554712676382,82.80428314208984
4,0.95,adaptive,2025-05-14 10:30:00,baseline,75.41935484,101.21495198346062,81.84760284423828
4,0.95,adaptive,2025-05-14 11:56:00,baseline,79.03225806,108.97220062722648,91.03773498535156
4,0.95,adaptive,2025-05-14 13:22:00,baseline,79.03225806,95.2655703644962,82.91453552246094
4,0.95,adaptive,2025-05-14 14:47:00,baseline,95.74193548,91.62519792996382,80.42034912109375
4,0.95,adaptive,2025-05-14 16:13:00,baseline,96.64516129,103.05743325819486,93.39969635009766
4,0.95,adaptive,2025-05-14 17:38:00,baseline,96.64516129,103.42691524030823,97.14275360107422
4,0.95,adaptive,2025-05-14 19:04:00,baseline,96.64516129,120.83921749585339,96.7190933227539
4,0.95,adaptive,2025-05-14 20:30:00,baseline,94.38709677,124.66610171072875,93.41459655761719
4,0.95,adaptive,2025-05-14 21:55:00,baseline,85.35483871,108.09992522768762,71.39622497558594
4,0.95,adaptive,2025-05-14 23:21:00,baseline,85.35483871,97.06718824217461,58.73627471923828
4,0.95,adaptive,2025-05-15 00:46:00,elevated_risk,84.0,101.68852426378128,70.00993347167969
4,0.95,adaptive,2025-05-15 02:12:00,elevated_risk,53.29032258,102.17068034489722,85.60003662109375
4,0.95,adaptive,2025-05-15 03:38:00,elevated_risk,52.83870968,84.05782334528051,76.12885284423828
4,0.95,adaptive,2025-05-15 05:03:00,elevated_risk,53.29032258,92.1855781102935,82.41050720214844
4,0.95,adaptive,2025-05-15 06:29:00,elevated_risk,71.80645161,101.87011741272946,85.34467315673828
4,0.95,adaptive,2025-05-15 07:55:00,elevated_risk,72.70967742,101.28915013740009,84.09102630615234
4,0.95,adaptive,2025-05-15 09:20:00,elevated_risk,80.38709677,95.007139079902,81.25315856933594
4,0.95,adaptive,2025-05-15 10:46:00,elevated_risk,80.83870968,90.96606719363176,84.37257385253906
4,0.95,adaptive,2025-05-15 12:11:00,elevated_risk,80.83870968,90.19999662500817,82.26583099365234
4,0.95,adaptive,2025-05-15 13:37:00,elevated_risk,99.80645161,108.42010208815228,95.8913345336914
4,0.95,adaptive,2025-05-15 15:03:00,elevated_risk,100.7096774,97.1267051412938,95.50611114501953
4,0.95,adaptive,2025-05-15 16:28:00,elevated_risk,100.7096774,105.13003513123853,99.82401275634766
4,0.95,adaptive,2025-05-15 17:54:00,elevated_risk,100.7096774,117.04405172720021,95.63359069824219
4,0.95,adaptive,2025-05-15 19:19:00,elevated_risk,100.7096774,129.11916131729103,99.14210510253906
4,0.95,adaptive,2025-05-15 20:45:00,elevated_risk,92.12903226,124.21834848123419,100.84113311767578
4,0.95,adaptive,2025-05-15 22:11:00,elevated_risk,53.29032258,89.64186330839095,80.71920013427734
4,0.95,adaptive,2025-05-15 23:36:00,elevated_risk,55.09677419,77.29536101141485,63.91136932373047
4,0.95,adaptive,2025-05-16 01:02:00,elevated_risk,55.5483871,81.95055400258158,70.67919921875
4,0.95,adaptive,2025-05-16 02:28:00,elevated_risk,74.51612903,95.40662480352147,79.87804412841797
4,0.95,adaptive,2025-05-16 03:53:00,elevated_risk,74.96774194,93.57623542733424,81.10604095458984
4,0.95,adaptive,2025-05-16 05:19:00,elevated_risk,74.96774194,96.07476301641418,83.04820251464844
4,0.95,adaptive,2025-05-16 06:44:00,elevated_risk,85.35483871,101.39303864591675,89.97958374023438
4,0.95,adaptive,2025-05-16 08:10:00,elevated_risk,85.80645161,92.20958460088717,85.45529174804688
4,0.95,adaptive,2025-05-16 09:36:00,elevated_risk,111.0967742,90.24935229658705,86.17398071289062
4,0.95,adaptive,2025-05-16 11:01:00,elevated_risk,113.3548387,109.17457291382937,103.78710174560547
4,0.95,adaptive,2025-05-16 12:27:00,elevated_risk,113.8064516,118.6292478995765,107.1718521118164
4,0.95,mondrian,2025-05-12 15:42:00,baseline,78.58064516,90.57477840558593,78.31029510498047
4,0.95,mondrian,2025-05-12 17:08:00,baseline,82.19354839,101.68714412824218,89.42266082763672
4,0.95,mondrian,2025-05-12 18:33:00,baseline,82.64516129,94.17963680402343,81.91515350341797
4,0.95,mondrian,2025-05-12 19:59:00,baseline,95.29032258,93.26986202375,81.00537872314453
4,0.95,mondrian,2025-05-12 21:24:00,baseline,95.74193548,109.06845363751953,96.80397033691406
4,0.95,mondrian,2025-05-12 22:50:00,baseline,96.19354839,109.56996425763671,97.30548095703125
4,0.95,mondrian,2025-05-13 00:16:00,baseline,96.19354839,101.86394008771484,89.59945678710938
4,0.95,mondrian,2025-05-13 01:41:00,baseline,95.74193548,108.34264644757812,96.07816314697266
4,0.95,mondrian,2025-05-13 03:07:00,baseline,84.90322581,103.4639309324414,91.19944763183594
4,0.95,mondrian,2025-05-13 04:32:00,baseline,84.90322581,74.4285076536328,62.164024353027344
4,0.95,mondrian,2025-05-13 05:58:00,baseline,84.0,76.6124905027539,64.34800720214844
4,0.95,mondrian,2025-05-13 07:24:00,baseline,58.25806452,106.14362606183593,93.87914276123047
4,0.95,mondrian,2025-05-13 08:49:00,baseline,59.61290323,89.01525386945312,76.75077056884766
4,0.95,mondrian,2025-05-13 10:15:00,baseline,59.61290323,92.30852016583984,80.04403686523438
4,0.95,mondrian,2025-05-13 11:40:00,baseline,79.93548387,90.71695217267578,78.45246887207031
4,0.95,mondrian,2025-05-13 13:06:00,baseline,80.83870968,94.66224941388671,82.39776611328125
4,0.95,mondrian,2025-05-13 14:32:00,baseline,85.80645161,94.32366451398437,82.0591812133789
4,0.95,mondrian,2025-05-13 15:57:00,baseline,86.70967742,95.75486263410156,83.4903793334961
4,0.95,mondrian,2025-05-13 17:23:00,baseline,86.70967742,96.8734539426953,84.60897064208984
4,0.95,mondrian,2025-05-13 18:49:00,baseline,94.83870968,113.5397594846875,101.27527618408203
4,0.95,mondrian,2025-05-13 20:14:00,baseline,94.83870968,107.2495525755078,94.98506927490234
4,0.95,mondrian,2025-05-13 21:40:00,baseline,94.83870968,112.37571224347656,100.1112289428711
4,0.95,mondrian,2025-05-13 23:05:00,baseline,94.83870968,115.17622646466796,102.9117431640625
4,0.95,mondrian,2025-05-14 00:31:00,baseline,93.93548387,115.98572811261718,103.72124481201172
4,0.95,mondrian,2025-05-14 01:57:00,baseline,79.93548387,116.85975155011718,104.59526824951172
4,0.95,mondrian,2025-05-14 03:22:00,baseline,79.48387097,88.69871029035156,76.4342269897461
4,0.95,mondrian,2025-05-14 04:48:00,baseline,77.67741935,92.97533687726562,80.71085357666016
4,0.95,mondrian,2025-05-14 06:13:00,baseline,55.5483871,94.11345180646484,81.84896850585938
4,0.95,mondrian,2025-05-14 07:39:00,baseline,74.96774194,87.40591701642578,75.14143371582031
4,0.95,mondrian,2025-05-14 09:05:00,baseline,75.41935484,95.0687664426953,82.80428314208984
4,0.95,mondrian,2025-05-14 10:30:00,baseline,75.41935484,94.11208614484374,81.84760284423828
4,0.95,mondrian,2025-05-14 11:56:00,baseline,79.03225806,103.30221828595703,91.03773498535156
4,0.95,mondrian,2025-05-14 13:22:00,baseline,79.03225806,95.1790188230664,82.91453552246094
4,0.95,mondrian,2025-05-14 14:47:00,baseline,95.74193548,92.68483242169921,80.42034912109375
4,0.95,mondrian,2025-05-14 16:13:00,baseline,96.64516129,105.66417965070312,93.39969635009766
4,0.95,mondrian,2025-05-14 17:38:00,baseline,96.64516129,109.40723690167968,97.14275360107422
4,0.95,mondrian,2025-05-14 19:04:00,baseline,96.64516129,108.98357662335937,96.7190933227539
4,0.95,mondrian,2025-05-14 20:30:00,baseline,94.38709677,105.67907985822265,93.41459655761719
4,0.95,mondrian,2025-05-14 21:55:00,baseline,85.35483871,83.6607082761914,71.39622497558594
4,0.95,mondrian,2025-05-14 23:21:00,baseline,85.35483871,71.00075801984374,58.73627471923828
4,0.95,mondrian,2025-05-15 00:46:00,elevated_risk,84.0,87.75283267519531,70.00993347167969
4,0.95,mondrian,2025-05-15 02:12:00,elevated_risk,53.29032258,103.34293582460937,85.60003662109375
4,0.95,mondrian,2025-05-15 03:38:00,elevated_risk,52.83870968,93.8717520477539,76.12885284423828
4,0.95,mondrian,2025-05-15 05:03:00,elevated_risk,53.29032258,100.15340640566406,82.41050720214844
4,0.95,mondrian,2025-05-15 06:29:00,elevated_risk,71.80645161,103.0875723602539,85.34467315673828
4,0.95,mondrian,2025-05-15 07:55:00,elevated_risk,72.70967742,101.83392550966796,84.09102630615234
4,0.95,mondrian,2025-05-15 09:20:00,elevated_risk,80.38709677,98.99605777285156,81.25315856933594
4,0.95,mondrian,2025-05-15 10:46:00,elevated_risk,80.83870968,102.11547305605468,84.37257385253906
4,0.95,mondrian,2025-05-15 12:11:00,elevated_risk,80.83870968,100.00873019716796,82.26583099365234
4,0.95,mondrian,2025-05-15 13:37:00,elevated_risk,99.80645161,113.63423373720703,95.8913345336914
4,0.95,mondrian,2025-05-15 15:03:00,elevated_risk,100.7096774,113.24901034853515,95.50611114501953
4,0.95,mondrian,2025-05-15 16:28:00,elevated_risk,100.7096774,117.56691195986328,99.82401275634766
4,0.95,mondrian,2025-05-15 17:54:00,elevated_risk,100.7096774,113.37648990175781,95.63359069824219
4,0.95,mondrian,2025-05-15 19:19:00,elevated_risk,100.7096774,116.88500430605468,99.14210510253906
4,0.95,mondrian,2025-05-15 20:45:00,elevated_risk,92.12903226,118.5840323211914,100.84113311767578
4,0.95,mondrian,2025-05-15 22:11:00,elevated_risk,53.29032258,98.46209933779296,80.71920013427734
4,0.95,mondrian,2025-05-15 23:36:00,elevated_risk,55.09677419,81.65426852724609,63.91136932373047
4,0.95,mondrian,2025-05-16 01:02:00,elevated_risk,55.5483871,88.42209842226562,70.67919921875
4,0.95,mondrian,2025-05-16 02:28:00,elevated_risk,74.51612903,97.62094333193359,79.87804412841797
4,0.95,mondrian,2025-05-16 03:53:00,elevated_risk,74.96774194,98.84894015810546,81.10604095458984
4,0.95,mondrian,2025-05-16 05:19:00,elevated_risk,74.96774194,100.79110171816406,83.04820251464844
4,0.95,mondrian,2025-05-16 06:44:00,elevated_risk,85.35483871,107.72248294375,89.97958374023438
4,0.95,mondrian,2025-05-16 08:10:00,elevated_risk,85.80645161,103.1981909515625,85.45529174804688
4,0.95,mondrian,2025-05-16 09:36:00,elevated_risk,111.0967742,103.91687991640624,86.17398071289062
4,0.95,mondrian,2025-05-16 11:01:00,elevated_risk,113.3548387,121.53000094912109,103.78710174560547
4,0.95,mondrian,2025-05-16 12:27:00,elevated_risk,113.8064516,124.91475131533203,107.1718521118164
4,0.95,aci,2025-05-12 15:42:00,baseline,78.58064516,91.91803766453125,78.31029510498047
4,0.95,aci,2025-05-12 17:08:00,baseline,82.19354839,103.0304033871875,89.42266082763672
4,0.95,aci,2025-05-12 18:33:00,baseline,82.64516129,95.22698900615234,81.91515350341797
4,0.95,aci,2025-05-12 19:59:00,baseline,95.29032258,94.3172142258789,81.00537872314453
4,0.95,aci,2025-05-12 21:24:00,baseline,95.74193548,117.95054257494141,96.80397033691406
4,0.95,aci,2025-05-12 22:50:00,baseline,96.19354839,118.1506953408203,97.30548095703125
4,0.95,aci,2025-05-13 00:16:00,baseline,96.19354839,110.44467117089843,89.59945678710938
4,0.95,aci,2025-05-13 01:41:00,baseline,95.74193548,113.82106235048828,96.07816314697266
4,0.95,aci,2025-05-13 03:07:00,baseline,84.90322581,108.94234683535156,91.19944763183594
4,0.95,aci,2025-05-13 04:32:00,baseline,84.90322581,78.66235476552734,62.164024353027344
4,0.95,aci,2025-05-13 05:58:00,baseline,84.0,87.08720865912109,64.34800720214844
4,0.95,aci,2025-05-13 07:24:00,baseline,58.25806452,116.61834421820312,93.87914276123047
4,0.95,aci,2025-05-13 08:49:00,baseline,59.61290323,99.48997202582031,76.75077056884766
4,0.95,aci,2025-05-13 10:15:00,baseline,59.61290323,102.78323832220703,80.04403686523438
4,0.95,aci,2025-05-13 11:40:00,baseline,79.93548387,101.19167032904296,78.45246887207031
4,0.95,aci,2025-05-13 13:06:00,baseline,80.83870968,105.1369675702539,82.39776611328125
4,0.95,aci,2025-05-13 14:32:00,baseline,85.80645161,104.79838267035156,82.0591812133789
4,0.95,aci,2025-05-13 15:57:00,baseline,86.70967742,106.22958079046875,83.4903793334961
4,0.95,aci,2025-05-13 17:23:00,baseline,86.70967742,107.3481720990625,84.60897064208984
4,0.95,aci,2025-05-13 18:49:00,baseline,94.83870968,124.01447764105468,101.27527618408203
4,0.95,aci,2025-05-13 20:14:00,baseline,94.83870968,117.724270731875,94.98506927490234
4,0.95,aci,2025-05-13 21:40:00,baseline,94.83870968,122.85043039984375,100.1112289428711
4,0.95,aci,2025-05-13 23:05:00,baseline,94.83870968,125.65094462103515,102.9117431640625
4,0.95,aci,2025-05-14 00:31:00,baseline,93.93548387,126.46044626898437,103.72124481201172
4,0.95,aci,2025-05-14 01:57:00,baseline,79.93548387,125.74184048753906,104.59526824951172
4,0.95,aci,2025-05-14 03:22:00,baseline,79.48387097,97.58079922777344,76.4342269897461
4,0.95,aci,2025-05-14 04:48:00,baseline,77.67741935,101.55606796044921,80.71085357666016
4,0.95,aci,2025-05-14 06:13:00,baseline,55.5483871,102.69418288964843,81.84896850585938
4,0.95,aci,2025-05-14 07:39:00,baseline,74.96774194,94.79342651367188,75.14143371582031
4,0.95,aci,2025-05-14 09:05:00,baseline,75.41935484,102.4562759399414,82.80428314208984
4,0.95,aci,2025-05-14 10:30:00,baseline,75.41935484,99.5905020477539,81.84760284423828
4,0.95,aci,2025-05-14 11:56:00,baseline,79.03225806,108.78063418886718,91.03773498535156
4,0.95,aci,2025-05-14 13:22:00,baseline,79.03225806,99.41286593496093,82.91453552246094
4,0.95,aci,2025-05-14 14:47:00,baseline,95.74193548,96.57655309474609,80.42034912109375
4,0.95,aci,2025-05-14 16:13:00,baseline,96.64516129,109.55590032375,93.39969635009766
4,0.95,aci,2025-05-14 17:38:00,baseline,96.64516129,112.46433995998046,97.14275360107422
4,0.95,aci,2025-05-14 19:04:00,baseline,96.64516129,112.04067968166015,96.7190933227539
4,0.95,aci,2025-05-14 20:30:00,baseline,94.38709677,107.9904674665039,93.41459655761719
4,0.95,aci,2025-05-14 21:55:00,baseline,85.35483871,85.89746438722656,71.39622497558594
4,0.95,aci,2025-05-14 23:21:00,baseline,85.35483871,73.2375141308789,58.73627471923828
4,0.95,aci,2025-05-15 00:46:00,elevated_risk,84.0,96.6284974624414,70.00993347167969
4,0.95,aci,2025-05-15 02:12:00,elevated_risk,53.29032258,112.21860061185546,85.60003662109375
4,0.95,aci,2025-05-15 03:38:00,elevated_risk,52.83870968,102.747416835,76.12885284423828
4,0.95,aci,2025-05-15 05:03:00,elevated_risk,53.29032258,109.02907119291015,82.41050720214844
4,0.95,aci,2025-05-15 06:29:00,elevated_risk,71.80645161,108.08387461371093,85.34467315673828
4,0.95,aci,2025-05-15 07:55:00,elevated_risk,72.70967742,106.830227763125,84.09102630615234
4,0.95,aci,2025-05-15 09:20:00,elevated_risk,80.38709677,102.39973080736328,81.25315856933594
4,0.95,aci,2025-05-15 10:46:00,elevated_risk,80.83870968,105.21778823632812,84.37257385253906
4,0.95,aci,2025-05-15 12:11:00,elevated_risk,80.83870968,103.1110453774414,82.26583099365234
4,0.95,aci,2025-05-15 13:37:00,elevated_risk,99.80645161,115.54332733154297,95.8913345336914
4,0.95,aci,2025-05-15 15:03:00,elevated_risk,100.7096774,115.1581039428711,95.50611114501953
4,0.95,aci,2025-05-15 16:28:00,elevated_risk,100.7096774,117.56691195986328,99.82401275634766
4,0.95,aci,2025-05-15 17:54:00,elevated_risk,100.7096774,112.13192111074218,95.63359069824219
4,0.95,aci,2025-05-15 19:19:00,elevated_risk,100.7096774,115.64043551503906,99.14210510253906
4,0.95,aci,2025-05-15 20:45:00,elevated_risk,92.12903226,116.99733709132812,100.84113311767578
4,0.95,aci,2025-05-15 22:11:00,elevated_risk,53.29032258,96.04078649318359,80.71920013427734
4,0.95,aci,2025-05-15 23:36:00,elevated_risk,55.09677419,79.23295568263671,63.91136932373047
4,0.95,aci,2025-05-16 01:02:00,elevated_risk,55.5483871,85.25507012763671,70.67919921875
4,0.95,aci,2025-05-16 02:28:00,elevated_risk,74.51612903,94.3792835400586,79.87804412841797
4,0.95,aci,2025-05-16 03:53:00,elevated_risk,74.96774194,95.60728036623047,81.10604095458984
4,0.95,aci,2025-05-16 05:19:00,elevated_risk,74.96774194,97.3331463715039,83.04820251464844
4,0.95,aci,2025-05-16 06:44:00,elevated_risk,85.35483871,104.22268870742188,89.97958374023438
4,0.95,aci,2025-05-16 08:10:00,elevated_risk,85.80645161,99.69839671523438,85.45529174804688
4,0.95,aci,2025-05-16 09:36:00,elevated_risk,111.0967742,100.16404724121094,86.17398071289062
4,0.95,aci,2025-05-16 11:01:00,elevated_risk,113.3548387,128.70989523271484,103.78710174560547
4,0.95,aci,2025-05-16 12:27:00,elevated_risk,113.8064516,129.91105356878904,107.1718521118164
5,0.8,marginal,2025-05-16 13:52:00,elevated_risk,113.8064516,99.72253577456055,94.60411071777344
5,0.8,marginal,2025-05-16 15:18:00,elevated_risk,113.3548387,106.53022162661134,101.41179656982422
5,0.8,marginal,2025-05-16 16:44:00,elevated_risk,104.7741935,106.62161414370118,101.50318908691406
5,0.8,marginal,2025-05-16 18:09:00,elevated_risk,104.3225806,104.54936377749024,99.43093872070312
5,0.8,marginal,2025-05-16 19:35:00,elevated_risk,103.4193548,96.47680823549805,91.35838317871094
5,0.8,marginal,2025-05-16 21:00:00,elevated_risk,63.67741935,90.65360419497071,85.5351791381836
5,0.8,marginal,2025-05-16 22:26:00,elevated_risk,64.12903226,72.03660742983399,66.91818237304688
5,0.8,marginal,2025-05-16 23:52:00,elevated_risk,64.12903226,90.47339026674805,85.35496520996094
5,0.8,marginal,2025-05-17 01:17:00,baseline,86.25806452,94.3004776690918,89.18205261230469
5,0.8,marginal,2025-05-17 02:43:00,baseline,86.70967742,94.36005561098634,89.24163055419922
5,0.8,marginal,2025-05-17 04:09:00,baseline,92.12903226,92.19430701479493,87.07588195800781
5,0.8,marginal,2025-05-17 05:34:00,baseline,93.03225806,93.5873429034668,88.46891784667969
5,0.8,marginal,2025-05-17 07:00:00,baseline,93.03225806,101.17601172670899,96.05758666992188
5,0.8,marginal,2025-05-17 08:25:00,baseline,108.8387097,112.36246649965821,107.2440414428711
5,0.8,marginal,2025-05-17 09:51:00,baseline,108.8387097,113.81102149233399,108.69259643554688
5,0.8,marginal,2025-05-17 11:17:00,baseline,108.8387097,115.34595648989259,110.22753143310547
5,0.8,marginal,2025-05-17 12:42:00,baseline,108.8387097,110.40444342836915,105.28601837158203
5,0.8,marginal,2025-05-17 14:08:00,baseline,108.3870968,112.84736029848634,107.72893524169922
5,0.8,marginal,2025-05-17 15:33:00,baseline,88.06451613,110.68369452700196,105.56526947021484
5,0.8,marginal,2025-05-17 16:59:00,baseline,61.87096774,84.19876258120118,79.08033752441406
5,0.8,marginal,2025-05-17 18:25:00,baseline,63.22580645,76.35427252993165,71.23584747314453
5,0.8,marginal,2025-05-17 19:50:00,baseline,63.67741935,72.7329956744629,67.61457061767578
5,0.8,marginal,2025-05-17 21:16:00,baseline,86.70967742,87.30417792543946,82.18575286865234
5,0.8,marginal,2025-05-17 22:42:00,baseline,87.61290323,90.09443061098634,84.97600555419922
5,0.8,marginal,2025-05-18 00:07:00,baseline,87.61290323,94.53760688051759,89.41918182373047
5,0.8,marginal,2025-05-18 01:33:00,baseline,92.58064516,108.41703192934571,103.2986068725586
5,0.8,marginal,2025-05-18 02:58:00,baseline,92.58064516,100.44324652895509,95.32482147216797
5,0.8,marginal,2025-05-18 04:24:00,baseline,116.9677419,96.5310684894043,91.41264343261719
5,0.8,marginal,2025-05-18 05:50:00,baseline,117.4193548,114.70182196840821,109.5833969116211
5,0.8,marginal,2025-05-18 07:15:00,baseline,117.8709677,118.2261597369629,113.10773468017578
5,0.8,marginal,2025-05-18 08:41:00,baseline,117.8709677,114.83947913393555,109.72105407714844
5,0.8,marginal,2025-05-18 10:06:00,baseline,117.4193548,117.0450073932129,111.92658233642578
5,0.8,marginal,2025-05-18 11:32:00,baseline,104.3225806,112.18796698793946,107.06954193115234
5,0.8,marginal,2025-05-18 12:58:00,baseline,104.3225806,95.90701453432618,90.78858947753906
5,0.8,marginal,2025-05-18 14:23:00,baseline,102.9677419,95.88320319399415,90.76477813720703
5,0.8,marginal,2025-05-18 15:49:00,baseline,67.29032258,96.93408362612305,91.81565856933594
5,0.8,marginal,2025-05-18 17:15:00,baseline,68.19354839,83.27385871157227,78.15543365478516
5,0.8,marginal,2025-05-18 18:40:00,baseline,68.19354839,95.28032843813477,90.16190338134766
5,0.8,marginal,2025-05-18 20:06:00,baseline,92.58064516,96.35200659975587,91.23358154296875
5,0.8,marginal,2025-05-18 21:31:00,baseline,93.03225806,102.35737006411134,97.23894500732422
5,0.8,marginal,2025-05-18 22:57:00,baseline,100.2580645,100.97957007631837,95.86114501953125
5,0.8,marginal,2025-05-19 00:23:00,elevated_risk,101.1612903,113.3882462237793,108.26982116699219
5,0.8,marginal,2025-05-19 01:48:00,elevated_risk,101.1612903,112.71625678286134,107.59783172607422
5,0.8,marginal,2025-05-19 03:14:00,elevated_risk,121.483871,105.52372901186524,100.40530395507812
5,0.8,marginal,2025-05-19 04:39:00,elevated_risk,122.3870968,119.47863929018555,114.36021423339844
5,0.8,marginal,2025-05-19 06:05:00,elevated_risk,122.3870968,118.11392371401368,112.99549865722656
5,0.8,marginal,2025-05-19 07:31:00,elevated_risk,121.9354839,114.58228461489259,109.46385955810547
5,0.8,marginal,2025-05-19 08:56:00,elevated_risk,110.1935484,112.44263617739259,107.32421112060547
5,0.8,marginal,2025-05-19 10:22:00,elevated_risk,109.2903226,101.2040650104004,96.08563995361328
5,0.8,marginal,2025-05-19 11:48:00,elevated_risk,74.51612903,102.1570679400879,97.03864288330078
5,0.8,marginal,2025-05-19 13:13:00,elevated_risk,76.32258065,82.73017279848634,77.61174774169922
5,0.8,marginal,2025-05-19 14:39:00,elevated_risk,76.77419355,81.91741339907227,76.79898834228516
5,0.8,marginal,2025-05-19 16:04:00,elevated_risk,102.516129,92.33384101137696,87.21541595458984
5,0.8,marginal,2025-05-19 17:30:00,elevated_risk,102.9677419,108.1090943072754,102.99066925048828
5,0.8,marginal,2025-05-19 18:56:00,elevated_risk,102.9677419,109.10005347475587,103.98162841796875
5,0.8,marginal,2025-05-19 20:21:00,elevated_risk,115.1612903,101.14055030092774,96.02212524414062
5,0.8,marginal,2025-05-19 21:47:00,elevated_risk,115.6129032,117.24598090395509,112.12755584716797
5,0.8,marginal,2025-05-19 23:12:00,elevated_risk,133.6774194,113.81121222719727,108.69278717041016
5,0.8,marginal,2025-05-20 00:38:00,elevated_risk,133.6774194,113.37776343569337,108.25933837890625
5,0.8,marginal,2025-05-20 02:04:00,elevated_risk,134.1290323,116.98709265932618,111.86866760253906
5,0.8,marginal,2025-05-20 03:29:00,elevated_risk,134.1290323,114.54030768618165,109.42188262939453
5,0.8,marginal,2025-05-20 04:55:00,elevated_risk,134.1290323,106.93846289858399,101.82003784179688
5,0.8,marginal,2025-05-20 06:20:00,elevated_risk,112.0,109.72715155825196,104.60872650146484
5,0.8,marginal,2025-05-20 07:46:00,elevated_risk,112.0,97.79110877260743,92.67268371582031
5,0.8,marginal,2025-05-20 09:12:00,elevated_risk,110.6451613,99.26281897768555,94.14439392089844
5,0.8,marginal,2025-05-20 10:37:00,elevated_risk,72.25806452,105.03443305239259,99.91600799560547
5,0.8,adaptive,2025-05-16 13:52:00,elevated_risk,113.8064516,104.24687518665863,94.60411071777344
5,0.8,adaptive,2025-05-16 15:18:00,elevated_risk,113.3548387,108.0391064999367,101.41179656982422
5,0.8,adaptive,2025-05-16 16:44:00,elevated_risk,104.7741935,112.06869363738087,101.50318908691406
5,0.8,adaptive,2025-05-16 18:09:00,elevated_risk,104.3225806,114.15682943801994,99.43093872070312
5,0.8,adaptive,2025-05-16 19:35:00,elevated_risk,103.4193548,100.1378275298087,91.35838317871094
5,0.8,adaptive,2025-05-16 21:00:00,elevated_risk,63.67741935,97.97746109722735,85.5351791381836
5,0.8,adaptive,2025-05-16 22:26:00,elevated_risk,64.12903226,70.30301413784939,66.91818237304688
5,0.8,adaptive,2025-05-16 23:52:00,elevated_risk,64.12903226,93.52975176309985,85.35496520996094
5,0.8,adaptive,2025-05-17 01:17:00,baseline,86.25806452,94.63627347898824,89.18205261230469
5,0.8,adaptive,2025-05-17 02:43:00,baseline,86.70967742,93.26634102841544,89.24163055419922
5,0.8,adaptive,2025-05-17 04:09:00,baseline,92.12903226,90.3937367338549,87.07588195800781
5,0.8,adaptive,2025-05-17 05:34:00,baseline,93.03225806,94.74364597306639,88.46891784667969
5,0.8,adaptive,2025-05-17 07:00:00,baseline,93.03225806,100.47853929899911,96.05758666992188
5,0.8,adaptive,2025-05-17 08:25:00,baseline,108.8387097,116.78530960084859,107.2440414428711
5,0.8,adaptive,2025-05-17 09:51:00,baseline,108.8387097,112.66850888315723,108.69259643554688
5,0.8,adaptive,2025-05-17 11:17:00,baseline,108.8387097,112.53573159730179,110.22753143310547
5,0.8,adaptive,2025-05-17 12:42:00,baseline,108.8387097,109.77199021770129,105.28601837158203
5,0.8,adaptive,2025-05-17 14:08:00,baseline,108.3870968,110.70378104393681,107.72893524169922
5,0.8,adaptive,2025-05-17 15:33:00,baseline,88.06451613,109.66542674076872,105.56526947021484
5,0.8,adaptive,2025-05-17 16:59:00,baseline,61.87096774,83.90061062760665,79.08033752441406
5,0.8,adaptive,2025-05-17 18:25:00,baseline,63.22580645,75.42241207407801,71.23584747314453
5,0.8,adaptive,2025-05-17 19:50:00,baseline,63.67741935,72.30938879755361,67.61457061767578
5,0.8,adaptive,2025-05-17 21:16:00,baseline,86.70967742,85.9321231557231,82.18575286865234
5,0.8,adaptive,2025-05-17 22:42:00,baseline,87.61290323,89.17362058980005,84.97600555419922
5,0.8,adaptive,2025-05-18 00:07:00,baseline,87.61290323,92.56644554968034,89.41918182373047
5,0.8,adaptive,2025-05-18 01:33:00,baseline,92.58064516,113.53500810691108,103.2986068725586
5,0.8,adaptive,2025-05-18 02:58:00,baseline,92.58064516,102.30010131965389,95.32482147216797
5,0.8,adaptive,2025-05-18 04:24:00,baseline,116.9677419,101.24099486514582,91.41264343261719
5,0.8,adaptive,2025-05-18 05:50:00,baseline,117.4193548,119.36997495265476,109.5833969116211
5,0.8,adaptive,2025-05-18 07:15:00,baseline,117.8709677,121.62105001204701,113.10773468017578
5,0.8,adaptive,2025-05-18 08:41:00,baseline,117.8709677,118.58072657128584,109.72105407714844
5,0.8,adaptive,2025-05-18 10:06:00,baseline,117.4193548,119.98993765518269,111.92658233642578
5,0.8,adaptive,2025-05-18 11:32:00,baseline,104.3225806,116.36877131104816,107.06954193115234
5,0.8,adaptive,2025-05-18 12:58:00,baseline,104.3225806,97.62001443121879,90.78858947753906
5,0.8,adaptive,2025-05-18 14:23:00,baseline,102.9677419,95.59666936641563,90.76477813720703
5,0.8,adaptive,2025-05-18 15:49:00,baseline,67.29032258,103.88769137566942,91.81565856933594
5,0.8,adaptive,2025-05-18 17:15:00,baseline,68.19354839,85.70680927401598,78.15543365478516
5,0.8,adaptive,2025-05-18 18:40:00,baseline,68.19354839,98.62782828667217,90.16190338134766
5,0.8,adaptive,2025-05-18 20:06:00,baseline,92.58064516,97.69595072646689,91.23358154296875
5,0.8,adaptive,2025-05-18 21:31:00,baseline,93.03225806,101.9148079145234,97.23894500732422
5,0.8,adaptive,2025-05-18 22:57:00,baseline,100.2580645,100.33886052340458,95.86114501953125
5,0.8,adaptive,2025-05-19 00:23:00,elevated_risk,101.1612903,117.59260737780438,108.26982116699219
5,0.8,adaptive,2025-05-19 01:48:00,elevated_risk,101.1612903,114.06052096746818,107.59783172607422
5,0.8,adaptive,2025-05-19 03:14:00,elevated_risk,121.483871,109.86985541486867,100.40530395507812
5,0.8,adaptive,2025-05-19 04:39:00,elevated_risk,122.3870968,121.66646972093342,114.36021423339844
5,0.8,adaptive,2025-05-19 06:05:00,elevated_risk,122.3870968,122.02126002783969,112.99549865722656
5,0.8,adaptive,2025-05-19 07:31:00,elevated_risk,121.9354839,116.89900983406132,109.46385955810547
5,0.8,adaptive,2025-05-19 08:56:00,elevated_risk,110.1935484,119.795288212975,107.32421112060547
5,0.8,adaptive,2025-05-19 10:22:00,elevated_risk,109.2903226,102.49288008650527,96.08563995361328
5,0.8,adaptive,2025-05-19 11:48:00,elevated_risk,74.51612903,104.17516998592197,97.03864288330078
5,0.8,adaptive,2025-05-19 13:13:00,elevated_risk,76.32258065,84.82373103909994,77.61174774169922
5,0.8,adaptive,2025-05-19 14:39:00,elevated_risk,76.77419355,84.46832485509735,76.79898834228516
5,0.8,adaptive,2025-05-19 16:04:00,elevated_risk,102.516129,92.38556381024347,87.21541595458984
5,0.8,adaptive,2025-05-19 17:30:00,elevated_risk,102.9677419,107.48847414445461,102.99066925048828
5,0.8,adaptive,2025-05-19 18:56:00,elevated_risk,102.9677419,107.1007396042718,103.98162841796875
5,0.8,adaptive,2025-05-19 20:21:00,elevated_risk,115.1612903,105.6106217742611,96.02212524414062
5,0.8,adaptive,2025-05-19 21:47:00,elevated_risk,115.6129032,117.89220389165031,112.12755584716797
5,0.8,adaptive,2025-05-19 23:12:00,elevated_risk,133.6774194,115.37722034238905,108.69278717041016
5,0.8,adaptive,2025-05-20 00:38:00,elevated_risk,133.6774194,120.9801586951326,108.25933837890625
5,0.8,adaptive,2025-05-20 02:04:00,elevated_risk,134.1290323,121.88705820358004,111.86866760253906
5,0.8,adaptive,2025-05-20 03:29:00,elevated_risk,134.1290323,120.92853589991348,109.42188262939453
5,0.8,adaptive,2025-05-20 04:55:00,elevated_risk,134.1290323,113.56234474119728,101.82003784179688
5,0.8,adaptive,2025-05-20 06:20:00,elevated_risk,112.0,115.26098229171609,104.60872650146484
5,0.8,adaptive,2025-05-20 07:46:00,elevated_risk,112.0,102.9986831073119,92.67268371582031
5,0.8,adaptive,2025-05-20 09:12:00,elevated_risk,110.6451613,106.93930735730841,94.14439392089844
5,0.8,adaptive,2025-05-20 10:37:00,elevated_risk,72.25806452,112.15496147102444,99.91600799560547
5,0.8,mondrian,2025-05-16 13:52:00,elevated_risk,113.8064516,102.47230950751953,94.60411071777344
5,0.8,mondrian,2025-05-16 15:18:00,elevated_risk,113.3548387,109.27999535957031,101.41179656982422
5,0.8,mondrian,2025-05-16 16:44:00,elevated_risk,104.7741935,109.37138787666015,101.50318908691406
5,0.8,mondrian,2025-05-16 18:09:00,elevated_risk,104.3225806,107.29913751044921,99.43093872070312
5,0.8,mondrian,2025-05-16 19:35:00,elevated_risk,103.4193548,99.22658196845703,91.35838317871094
5,0.8,mondrian,2025-05-16 21:00:00,elevated_risk,63.67741935,93.40337792792968,85.5351791381836
5,0.8,mondrian,2025-05-16 22:26:00,elevated_risk,64.12903226,74.78638116279296,66.91818237304688
5,0.8,mondrian,2025-05-16 23:52:00,elevated_risk,64.12903226,93.22316399970703,85.35496520996094
5,0.8,mondrian,2025-05-17 01:17:00,baseline,86.25806452,93.87120401125,89.18205261230469
5,0.8,mondrian,2025-05-17 02:43:00,baseline,86.70967742,93.93078195314453,89.24163055419922
5,0.8,mondrian,2025-05-17 04:09:00,baseline,92.12903226,91.76503335695313,87.07588195800781
5,0.8,mondrian,2025-05-17 05:34:00,baseline,93.03225806,93.158069245625,88.46891784667969
5,0.8,mondrian,2025-05-17 07:00:00,baseline,93.03225806,100.74673806886719,96.05758666992188
5,0.8,mondrian,2025-05-17 08:25:00,baseline,108.8387097,111.9331928418164,107.2440414428711
5,0.8,mondrian,2025-05-17 09:51:00,baseline,108.8387097,113.38174783449219,108.69259643554688
5,0.8,mondrian,2025-05-17 11:17:00,baseline,108.8387097,114.91668283205078,110.22753143310547
5,0.8,mondrian,2025-05-17 12:42:00,baseline,108.8387097,109.97516977052734,105.28601837158203
5,0.8,mondrian,2025-05-17 14:08:00,baseline,108.3870968,112.41808664064453,107.72893524169922
5,0.8,mondrian,2025-05-17 15:33:00,baseline,88.06451613,110.25442086916016,105.56526947021484
5,0.8,mondrian,2025-05-17 16:59:00,baseline,61.87096774,83.76948892335938,79.08033752441406
5,0.8,mondrian,2025-05-17 18:25:00,baseline,63.22580645,75.92499887208984,71.23584747314453
5,0.8,mondrian,2025-05-17 19:50:00,baseline,63.67741935,72.3037220166211,67.61457061767578
5,0.8,mondrian,2025-05-17 21:16:00,baseline,86.70967742,86.87490426759766,82.18575286865234
5,0.8,mondrian,2025-05-17 22:42:00,baseline,87.61290323,89.66515695314453,84.97600555419922
5,0.8,mondrian,2025-05-18 00:07:00,baseline,87.61290323,94.10833322267578,89.41918182373047
5,0.8,mondrian,2025-05-18 01:33:00,baseline,92.58064516,107.9877582715039,103.2986068725586
5,0.8,mondrian,2025-05-18 02:58:00,baseline,92.58064516,100.01397287111328,95.32482147216797
5,0.8,mondrian,2025-05-18 04:24:00,baseline,116.9677419,96.1017948315625,91.41264343261719
5,0.8,mondrian,2025-05-18 05:50:00,baseline,117.4193548,114.2725483105664,109.5833969116211
5,0.8,mondrian,2025-05-18 07:15:00,baseline,117.8709677,117.7968860791211,113.10773468017578
5,0.8,mondrian,2025-05-18 08:41:00,baseline,117.8709677,114.41020547609375,109.72105407714844
5,0.8,mondrian,2025-05-18 10:06:00,baseline,117.4193548,116.6157337353711,111.92658233642578
5,0.8,mondrian,2025-05-18 11:32:00,baseline,104.3225806,111.75869333009766,107.06954193115234
5,0.8,mondrian,2025-05-18 12:58:00,baseline,104.3225806,95.47774087648438,90.78858947753906
5,0.8,mondrian,2025-05-18 14:23:00,baseline,102.9677419,95.45392953615234,90.76477813720703
5,0.8,mondrian,2025-05-18 15:49:00,baseline,67.29032258,96.50480996828125,91.81565856933594
5,0.8,mondrian,2025-05-18 17:15:00,baseline,68.19354839,82.84458505373047,78.15543365478516
5,0.8,mondrian,2025-05-18 18:40:00,baseline,68.19354839,94.85105478029297,90.16190338134766
5,0.8,mondrian,2025-05-18 20:06:00,baseline,92.58064516,95.92273294191406,91.23358154296875
5,0.8,mondrian,2025-05-18 21:31:00,baseline,93.03225806,101.92809640626953,97.23894500732422
5,0.8,mondrian,2025-05-18 22:57:00,baseline,100.2580645,100.55029641847656,95.86114501953125
5,0.8,mondrian,2025-05-19 00:23:00,elevated_risk,101.1612903,116.13801995673828,108.26982116699219
5,0.8,mondrian,2025-05-19 01:48:00,elevated_risk,101.1612903,115.46603051582031,107.59783172607422
5,0.8,mondrian,2025-05-19 03:14:00,elevated_risk,121.483871,108.27350274482421,100.40530395507812
5,0.8,mondrian,2025-05-19 04:39:00,elevated_risk,122.3870968,122.22841302314453,114.36021423339844
5,0.8,mondrian,2025-05-19 06:05:00,elevated_risk,122.3870968,120.86369744697265,112.99549865722656
5,0.8,mondrian,2025-05-19 07:31:00,elevated_risk,121.9354839,117.33205834785156,109.46385955810547
5,0.8,mondrian,2025-05-19 08:56:00,elevated_risk,110.1935484,115.19240991035156,107.32421112060547
5,0.8,mondrian,2025-05-19 10:22:00,elevated_risk,109.2903226,103.95383874335937,96.08563995361328
5,0.8,mondrian,2025-05-19 11:48:00,elevated_risk,74.51612903,104.90684167304687,97.03864288330078
5,0.8,mondrian,2025-05-19 13:13:00,elevated_risk,76.32258065,85.47994653144531,77.61174774169922
5,0.8,mondrian,2025-05-19 14:39:00,elevated_risk,76.77419355,84.66718713203124,76.79898834228516
5,0.8,mondrian,2025-05-19 16:04:00,elevated_risk,102.516129,95.08361474433593,87.21541595458984
5,0.8,mondrian,2025-05-19 17:30:00,elevated_risk,102.9677419,110.85886804023437,102.99066925048828
5,0.8,mondrian,2025-05-19 18:56:00,elevated_risk,102.9677419,111.84982720771484,103.98162841796875
5,0.8,mondrian,2025-05-19 20:21:00,elevated_risk,115.1612903,103.89032403388671,96.02212524414062
5,0.8,mondrian,2025-05-19 21:47:00,elevated_risk,115.6129032,119.99575463691406,112.12755584716797
5,0.8,mondrian,2025-05-19 23:12:00,elevated_risk,133.6774194,116.56098596015624,108.69278717041016
5,0.8,mondrian,2025-05-20 00:38:00,elevated_risk,133.6774194,116.12753716865234,108.25933837890625
5,0.8,mondrian,2025-05-20 02:04:00,elevated_risk,134.1290323,119.73686639228515,111.86866760253906
5,0.8,mondrian,2025-05-20 03:29:00,elevated_risk,134.1290323,117.29008141914062,109.42188262939453
5,0.8,mondrian,2025-05-20 04:55:00,elevated_risk,134.1290323,109.68823663154296,101.82003784179688
5,0.8,mondrian,2025-05-20 06:20:00,elevated_risk,112.0,112.47692529121093,104.60872650146484
5,0.8,mondrian,2025-05-20 07:46:00,elevated_risk,112.0,100.5408825055664,92.67268371582031
5,0.8,mondrian,2025-05-20 09:12:00,elevated_risk,110.6451613,102.01259271064453,94.14439392089844
5,0.8,mondrian,2025-05-20 10:37:00,elevated_risk,72.25806452,107.78420678535156,99.91600799560547
5,0.8,aci,2025-05-16 13:52:00,elevated_risk,113.8064516,99.72253577456055,94.60411071777344
5,0.8,aci,2025-05-16 15:18:00,elevated_risk,113.3548387,108.91549284648437,101.41179656982422
5,0.8,aci,2025-05-16 16:44:00,elevated_risk,104.7741935,111.70634042482422,101.50318908691406
5,0.8,aci,2025-05-16 18:09:00,elevated_risk,104.3225806,109.25693636953125,99.43093872070312
5,0.8,aci,2025-05-16 19:35:00,elevated_risk,103.4193548,100.89475125253907,91.35838317871094
5,0.8,aci,2025-05-16 21:00:00,elevated_risk,63.67741935,97.32240318408203,85.5351791381836
5,0.8,aci,2025-05-16 22:26:00,elevated_risk,64.12903226,78.63182584830078,66.91818237304688
5,0.8,aci,2025-05-16 23:52:00,elevated_risk,64.12903226,95.97569889853516,85.35496520996094
5,0.8,aci,2025-05-17 01:17:00,baseline,86.25806452,99.34947475568359,89.18205261230469
5,0.8,aci,2025-05-17 02:43:00,baseline,86.70967742,98.77799862802735,89.24163055419922
5,0.8,aci,2025-05-17 04:09:00,baseline,92.12903226,95.3798315765625,87.07588195800781
5,0.8,aci,2025-05-17 05:34:00,baseline,93.03225806,96.24150973378906,88.46891784667969
5,0.8,aci,2025-05-17 07:00:00,baseline,93.03225806,102.95015470572265,96.05758666992188
5,0.8,aci,2025-05-17 08:25:00,baseline,108.8387097,113.60897702158204,107.2440414428711
5,0.8,aci,2025-05-17 09:51:00,baseline,108.8387097,114.40629133671875,108.69259643554688
5,0.8,aci,2025-05-17 11:17:00,baseline,108.8387097,115.34595648989259,110.22753143310547
5,0.8,aci,2025-05-17 12:42:00,baseline,108.8387097,110.2263545665039,105.28601837158203
5,0.8,aci,2025-05-17 14:08:00,baseline,108.3870968,112.511490358125,107.72893524169922
5,0.8,aci,2025-05-17 15:33:00,baseline,88.06451613,110.25442086916016,105.56526947021484
5,0.8,aci,2025-05-17 16:59:00,baseline,61.87096774,83.55360047626954,79.08033752441406
5,0.8,aci,2025-05-17 18:25:00,baseline,63.22580645,75.49142899019532,71.23584747314453
5,0.8,aci,2025-05-17 19:50:00,baseline,63.67741935,71.66609931835937,67.61457061767578
5,0.8,aci,2025-05-17 21:16:00,baseline,86.70967742,85.98912959267578,82.18575286865234
5,0.8,aci,2025-05-17 22:42:00,baseline,87.61290323,89.6166118456836,84.97600555419922
5,0.8,aci,2025-05-18 00:07:00,baseline,87.61290323,93.89244477558594,89.41918182373047
5,0.8,aci,2025-05-18 01:33:00,baseline,92.58064516,107.44296833603515,103.2986068725586
5,0.8,aci,2025-05-18 02:58:00,baseline,92.58064516,99.37635017285156,95.32482147216797
5,0.8,aci,2025-05-18 04:24:00,baseline,116.9677419,94.96533476103515,91.41264343261719
5,0.8,aci,2025-05-18 05:50:00,baseline,117.4193548,114.14673712494141,109.5833969116211
5,0.8,aci,2025-05-18 07:15:00,baseline,117.8709677,118.5875487821289,113.10773468017578
5,0.8,aci,2025-05-18 08:41:00,baseline,117.8709677,114.77420437914063,109.72105407714844
5,0.8,aci,2025-05-18 10:06:00,baseline,117.4193548,119.43027861308593,111.92658233642578
5,0.8,aci,2025-05-18 11:32:00,baseline,104.3225806,113.96210996695312,107.06954193115234
5,0.8,aci,2025-05-18 12:58:00,baseline,104.3225806,96.85035580576172,90.78858947753906
5,0.8,aci,2025-05-18 14:23:00,baseline,102.9677419,100.072068740625,90.76477813720703
5,0.8,aci,2025-05-18 15:49:00,baseline,67.29032258,103.60288261523438,91.81565856933594
5,0.8,aci,2025-05-18 17:15:00,baseline,68.19354839,89.86907713003906,78.15543365478516
5,0.8,aci,2025-05-18 18:40:00,baseline,68.19354839,100.36505471925781,90.16190338134766
5,0.8,aci,2025-05-18 20:06:00,baseline,92.58064516,101.05957919179687,91.23358154296875
5,0.8,aci,2025-05-18 21:31:00,baseline,93.03225806,106.54623561074219,97.23894500732422
5,0.8,aci,2025-05-18 22:57:00,baseline,100.2580645,103.72934380927734,95.86114501953125
5,0.8,aci,2025-05-19 00:23:00,elevated_risk,101.1612903,116.04241305410156,108.26982116699219
5,0.8,aci,2025-05-19 01:48:00,elevated_risk,101.1612903,114.490399761875,107.59783172607422
5,0.8,aci,2025-05-19 03:14:00,elevated_risk,121.483871,106.46707028330079,100.40530395507812
5,0.8,aci,2025-05-19 04:39:00,elevated_risk,122.3870968,123.6675048368164,114.36021423339844
5,0.8,aci,2025-05-19 06:05:00,elevated_risk,122.3870968,121.14541228007812,112.99549865722656
5,0.8,aci,2025-05-19 07:31:00,elevated_risk,121.9354839,121.17750303335937,109.46385955810547
5,0.8,aci,2025-05-19 08:56:00,elevated_risk,110.1935484,120.14208123443359,107.32421112060547
5,0.8,aci,2025-05-19 10:22:00,elevated_risk,109.2903226,108.5572642955078,96.08563995361328
5,0.8,aci,2025-05-19 11:48:00,elevated_risk,74.51612903,111.54924060226563,97.03864288330078
5,0.8,aci,2025-05-19 13:13:00,elevated_risk,76.32258065,91.53542253886718,77.61174774169922
5,0.8,aci,2025-05-19 14:39:00,elevated_risk,76.77419355,90.33297946474609,76.79898834228516
5,0.8,aci,2025-05-19 16:04:00,elevated_risk,102.516129,100.03328606841796,87.21541595458984
5,0.8,aci,2025-05-19 17:30:00,elevated_risk,102.9677419,122.19301013271485,102.99066925048828
5,0.8,aci,2025-05-19 18:56:00,elevated_risk,102.9677419,119.28234146337891,103.98162841796875
5,0.8,aci,2025-05-19 20:21:00,elevated_risk,115.1612903,109.94580004130859,96.02212524414062
5,0.8,aci,2025-05-19 21:47:00,elevated_risk,115.6129032,136.40147695878906,112.12755584716797
5,0.8,aci,2025-05-19 23:12:00,elevated_risk,133.6774194,129.77133132714843,108.69278717041016
5,0.8,aci,2025-05-20 00:38:00,elevated_risk,133.6774194,133.81443684628906,108.25933837890625
5,0.8,aci,2025-05-20 02:04:00,elevated_risk,134.1290323,137.42376606992187,111.86866760253906
5,0.8,aci,2025-05-20 03:29:00,elevated_risk,134.1290323,134.97698109677734,109.42188262939453
5,0.8,aci,2025-05-20 04:55:00,elevated_risk,134.1290323,127.23811886289062,101.82003784179688
5,0.8,aci,2025-05-20 06:20:00,elevated_risk,112.0,136.91772095966797,104.60872650146484
5,0.8,aci,2025-05-20 07:46:00,elevated_risk,112.0,124.98167817402344,92.67268371582031
5,0.8,aci,2025-05-20 09:12:00,elevated_risk,110.6451613,126.45338837910157,94.14439392089844
5,0.8,aci,2025-05-20 10:37:00,elevated_risk,72.25806452,132.2250024538086,99.91600799560547
5,0.9,marginal,2025-05-16 13:52:00,elevated_risk,113.8064516,106.31775419302734,94.60411071777344
5,0.9,marginal,2025-05-16 15:18:00,elevated_risk,113.3548387,113.12544004507812,101.41179656982422
5,0.9,marginal,2025-05-16 16:44:00,elevated_risk,104.7741935,113.21683256216797,101.50318908691406
5,0.9,marginal,2025-05-16 18:09:00,elevated_risk,104.3225806,111.14458219595703,99.43093872070312
5,0.9,marginal,2025-05-16 19:35:00,elevated_risk,103.4193548,103.07202665396484,91.35838317871094
5,0.9,marginal,2025-05-16 21:00:00,elevated_risk,63.67741935,97.2488226134375,85.5351791381836
5,0.9,marginal,2025-05-16 22:26:00,elevated_risk,64.12903226,78.63182584830078,66.91818237304688
5,0.9,marginal,2025-05-16 23:52:00,elevated_risk,64.12903226,97.06860868521484,85.35496520996094
5,0.9,marginal,2025-05-17 01:17:00,baseline,86.25806452,100.89569608755859,89.18205261230469
5,0.9,marginal,2025-05-17 02:43:00,baseline,86.70967742,100.95527402945312,89.24163055419922
5,0.9,marginal,2025-05-17 04:09:00,baseline,92.12903226,98.78952543326172,87.07588195800781
5,0.9,marginal,2025-05-17 05:34:00,baseline,93.03225806,100.18256132193359,88.46891784667969
5,0.9,marginal,2025-05-17 07:00:00,baseline,93.03225806,107.77123014517578,96.05758666992188
5,0.9,marginal,2025-05-17 08:25:00,baseline,108.8387097,118.957684918125,107.2440414428711
5,0.9,marginal,2025-05-17 09:51:00,baseline,108.8387097,120.40623991080078,108.69259643554688
5,0.9,marginal,2025-05-17 11:17:00,baseline,108.8387097,121.94117490835937,110.22753143310547
5,0.9,marginal,2025-05-17 12:42:00,baseline,108.8387097,116.99966184683593,105.28601837158203
5,0.9,marginal,2025-05-17 14:08:00,baseline,108.3870968,119.44257871695312,107.72893524169922
5,0.9,marginal,2025-05-17 15:33:00,baseline,88.06451613,117.27891294546875,105.56526947021484
5,0.9,marginal,2025-05-17 16:59:00,baseline,61.87096774,90.79398099966797,79.08033752441406
5,0.9,marginal,2025-05-17 18:25:00,baseline,63.22580645,82.94949094839843,71.23584747314453
5,0.9,marginal,2025-05-17 19:50:00,baseline,63.67741935,79.32821409292968,67.61457061767578
5,0.9,marginal,2025-05-17 21:16:00,baseline,86.70967742,93.89939634390625,82.18575286865234
5,0.9,marginal,2025-05-17 22:42:00,baseline,87.61290323,96.68964902945312,84.97600555419922
5,0.9,marginal,2025-05-18 00:07:00,baseline,87.61290323,101.13282529898437,89.41918182373047
5,0.9,marginal,2025-05-18 01:33:00,baseline,92.58064516,115.0122503478125,103.2986068725586
5,0.9,marginal,2025-05-18 02:58:00,baseline,92.58064516,107.03846494742187,95.32482147216797
5,0.9,marginal,2025-05-18 04:24:00,baseline,116.9677419,103.12628690787109,91.41264343261719
5,0.9,marginal,2025-05-18 05:50:00,baseline,117.4193548,121.297040386875,109.5833969116211
5,0.9,marginal,2025-05-18 07:15:00,baseline,117.8709677,124.82137815542968,113.10773468017578
5,0.9,marginal,2025-05-18 08:41:00,baseline,117.8709677,121.43469755240234,109.72105407714844
5,0.9,marginal,2025-05-18 10:06:00,baseline,117.4193548,123.64022581167968,111.92658233642578
5,0.9,marginal,2025-05-18 11:32:00,baseline,104.3225806,118.78318540640625,107.06954193115234
5,0.9,marginal,2025-05-18 12:58:00,baseline,104.3225806,102.50223295279297,90.78858947753906
5,0.9,marginal,2025-05-18 14:23:00,baseline,102.9677419,102.47842161246093,90.76477813720703
5,0.9,marginal,2025-05-18 15:49:00,baseline,67.29032258,103.52930204458984,91.81565856933594
5,0.9,marginal,2025-05-18 17:15:00,baseline,68.19354839,89.86907713003906,78.15543365478516
5,0.9,marginal,2025-05-18 18:40:00,baseline,68.19354839,101.87554685660156,90.16190338134766
5,0.9,marginal,2025-05-18 20:06:00,baseline,92.58064516,102.94722501822265,91.23358154296875
5,0.9,marginal,2025-05-18 21:31:00,baseline,93.03225806,108.95258848257812,97.23894500732422
5,0.9,marginal,2025-05-18 22:57:00,baseline,100.2580645,107.57478849478515,95.86114501953125
5,0.9,marginal,2025-05-19 00:23:00,elevated_risk,101.1612903,119.98346464224609,108.26982116699219
5,0.9,marginal,2025-05-19 01:48:00,elevated_risk,101.1612903,119.31147520132812,107.59783172607422
5,0.9,marginal,2025-05-19 03:14:00,elevated_risk,121.483871,112.11894743033203,100.40530395507812
5,0.9,marginal,2025-05-19 04:39:00,elevated_risk,122.3870968,126.07385770865234,114.36021423339844
5,0.9,marginal,2025-05-19 06:05:00,elevated_risk,122.3870968,124.70914213248047,112.99549865722656
5,0.9,marginal,2025-05-19 07:31:00,elevated_risk,121.9354839,121.17750303335937,109.46385955810547
5,0.9,marginal,2025-05-19 08:56:00,elevated_risk,110.1935484,119.03785459585937,107.32421112060547
5,0.9,marginal,2025-05-19 10:22:00,elevated_risk,109.2903226,107.79928342886718,96.08563995361328
5,0.9,marginal,2025-05-19 11:48:00,elevated_risk,74.51612903,108.75228635855468,97.03864288330078
5,0.9,marginal,2025-05-19 13:13:00,elevated_risk,76.32258065,89.32539121695312,77.61174774169922
5,0.9,marginal,2025-05-19 14:39:00,elevated_risk,76.77419355,88.51263181753906,76.79898834228516
5,0.9,marginal,2025-05-19 16:04:00,elevated_risk,102.516129,98.92905942984375,87.21541595458984
5,0.9,marginal,2025-05-19 17:30:00,elevated_risk,102.9677419,114.70431272574218,102.99066925048828
5,0.9,marginal,2025-05-19 18:56:00,elevated_risk,102.9677419,115.69527189322265,103.98162841796875
5,0.9,marginal,2025-05-19 20:21:00,elevated_risk,115.1612903,107.73576871939453,96.02212524414062
5,0.9,marginal,2025-05-19 21:47:00,elevated_risk,115.6129032,123.84119932242187,112.12755584716797
5,0.9,marginal,2025-05-19 23:12:00,elevated_risk,133.6774194,120.40643064566406,108.69278717041016
5,0.9,marginal,2025-05-20 00:38:00,elevated_risk,133.6774194,119.97298185416015,108.25933837890625
5,0.9,marginal,2025-05-20 02:04:00,elevated_risk,134.1290323,123.58231107779297,111.86866760253906
5,0.9,marginal,2025-05-20 03:29:00,elevated_risk,134.1290323,121.13552610464843,109.42188262939453
5,0.9,marginal,2025-05-20 04:55:00,elevated_risk,134.1290323,113.53368131705078,101.82003784179688
5,0.9,marginal,2025-05-20 06:20:00,elevated_risk,112.0,116.32236997671875,104.60872650146484
5,0.9,marginal,2025-05-20 07:46:00,elevated_risk,112.0,104.38632719107422,92.67268371582031
5,0.9,marginal,2025-05-20 09:12:00,elevated_risk,110.6451613,105.85803739615234,94.14439392089844
5,0.9,marginal,2025-05-20 10:37:00,elevated_risk,72.25806452,111.62965147085937,99.91600799560547
5,0.9,adaptive,2025-05-16 13:52:00,elevated_risk,113.8064516,109.41300282442933,94.60411071777344
5,0.9,adaptive,2025-05-16 15:18:00,elevated_risk,113.3548387,111.58969918572741,101.41179656982422
5,0.9,adaptive,2025-05-16 16:44:00,elevated_risk,104.7741935,117.7291808598246,101.50318908691406
5,0.9,adaptive,2025-05-16 18:09:00,elevated_risk,104.3225806,122.0462507000449,99.43093872070312
5,0.9,adaptive,2025-05-16 19:35:00,elevated_risk,103.4193548,104.84142993063763,91.35838317871094
5,0.9,adaptive,2025-05-16 21:00:00,elevated_risk,63.67741935,104.6434350420398,85.5351791381836
5,0.9,adaptive,2025-05-16 22:26:00,elevated_risk,64.12903226,72.11644357354442,66.91818237304688
5,0.9,adaptive,2025-05-16 23:52:00,elevated_risk,64.12903226,97.90940770941272,85.35496520996094
5,0.9,adaptive,2025-05-17 01:17:00,baseline,86.25806452,97.55838168279229,89.18205261230469
5,0.9,adaptive,2025-05-17 02:43:00,baseline,86.70967742,95.42258658247464,89.24163055419922
5,0.9,adaptive,2025-05-17 04:09:00,baseline,92.12903226,92.1712831325999,87.07588195800781
5,0.9,adaptive,2025-05-17 05:34:00,baseline,93.03225806,98.10534235150871,88.46891784667969
5,0.9,adaptive,2025-05-17 07:00:00,baseline,93.03225806,102.84707226856892,96.05758666992188
5,0.9,adaptive,2025-05-17 08:25:00,baseline,108.8387097,121.89706041560306,107.2440414428711
5,0.9,adaptive,2025-05-17 09:51:00,baseline,108.8387097,114.79861081059042,108.69259643554688
5,0.9,adaptive,2025-05-17 11:17:00,baseline,108.8387097,113.77235380250433,110.22753143310547
5,0.9,adaptive,2025-05-17 12:42:00,baseline,108.8387097,112.17535734455359,105.28601837158203
5,0.9,adaptive,2025-05-17 14:08:00,baseline,108.3870968,112.2975597955216,107.72893524169922
5,0.9,adaptive,2025-05-17 15:33:00,baseline,88.06451613,111.8620930456405,105.56526947021484
5,0.9,adaptive,2025-05-17 16:59:00,baseline,61.87096774,86.4830802275185,79.08033752441406
5,0.9,adaptive,2025-05-17 18:25:00,baseline,63.22580645,77.66537125471385,71.23584747314453
5,0.9,adaptive,2025-05-17 19:50:00,baseline,63.67741935,74.82464570667308,67.61457061767578
5,0.9,adaptive,2025-05-17 21:16:00,baseline,86.70967742,87.93924747612009,82.18575286865234
5,0.9,adaptive,2025-05-17 22:42:00,baseline,87.61290323,91.42250005980193,84.97600555419922
5,0.9,adaptive,2025-05-18 00:07:00,baseline,87.61290323,94.25259750023841,89.41918182373047
5,0.9,adaptive,2025-05-18 01:33:00,baseline,92.58064516,119.01917766209803,103.2986068725586
5,0.9,adaptive,2025-05-18 02:58:00,baseline,92.58064516,106.03711948675304,95.32482147216797
5,0.9,adaptive,2025-05-18 04:24:00,baseline,116.9677419,106.50655103766735,91.41264343261719
5,0.9,adaptive,2025-05-18 05:50:00,baseline,117.4193548,124.61315095888456,109.5833969116211
5,0.9,adaptive,2025-05-18 07:15:00,baseline,117.8709677,126.18207333341428,113.10773468017578
5,0.9,adaptive,2025-05-18 08:41:00,baseline,117.8709677,123.3273113376409,109.72105407714844
5,0.9,adaptive,2025-05-18 10:06:00,baseline,117.4193548,124.30989412615222,111.92658233642578
5,0.9,adaptive,2025-05-18 11:32:00,baseline,104.3225806,121.35084943443962,107.06954193115234
5,0.9,adaptive,2025-05-18 12:58:00,baseline,104.3225806,101.27996209170972,90.78858947753906
5,0.9,adaptive,2025-05-18 14:23:00,baseline,102.9677419,98.18536339730926,90.76477813720703
5,0.9,adaptive,2025-05-18 15:49:00,baseline,67.29032258,110.35530370054916,91.81565856933594
5,0.9,adaptive,2025-05-18 17:15:00,baseline,68.19354839,89.75247174099589,78.15543365478516
5,0.9,adaptive,2025-05-18 18:40:00,baseline,68.19354839,103.16346210556445,90.16190338134766
5,0.9,adaptive,2025-05-18 20:06:00,baseline,92.58064516,101.15817612376597,91.23358154296875
5,0.9,adaptive,2025-05-18 21:31:00,baseline,93.03225806,104.41990950372578,97.23894500732422
5,0.9,adaptive,2025-05-18 22:57:00,baseline,100.2580645,102.73780430070798,95.86114501953125
5,0.9,adaptive,2025-05-19 00:23:00,elevated_risk,101.1612903,122.58730611384775,108.26982116699219
5,0.9,adaptive,2025-05-19 01:48:00,elevated_risk,101.1612903,117.52291783633505,107.59783172607422
5,0.9,adaptive,2025-05-19 03:14:00,elevated_risk,121.483871,114.94050512671214,100.40530395507812
5,0.9,adaptive,2025-05-19 04:39:00,elevated_risk,122.3870968,125.58080865605544,114.36021423339844
5,0.9,adaptive,2025-05-19 06:05:00,elevated_risk,122.3870968,126.85682719523297,112.99549865722656
5,0.9,adaptive,2025-05-19 07:31:00,elevated_risk,121.9354839,120.88240437361857,109.46385955810547
5,0.9,adaptive,2025-05-19 08:56:00,elevated_risk,110.1935484,126.47668919995854,107.32421112060547
5,0.9,adaptive,2025-05-19 10:22:00,elevated_risk,109.2903226,105.92557000018867,96.08563995361328
5,0.9,adaptive,2025-05-19 11:48:00,elevated_risk,74.51612903,107.99857664710463,97.03864288330078
5,0.9,adaptive,2025-05-19 13:13:00,elevated_risk,76.32258065,88.68756348632657,77.61174774169922
5,0.9,adaptive,2025-05-19 14:39:00,elevated_risk,76.77419355,88.57718507355955,76.79898834228516
5,0.9,adaptive,2025-05-19 16:04:00,elevated_risk,102.516129,95.15547941013585,87.21541595458984
5,0.9,adaptive,2025-05-19 17:30:00,elevated_risk,102.9677419,109.89818084702911,102.99066925048828
5,0.9,adaptive,2025-05-19 18:56:00,elevated_risk,102.9677419,108.77180878332672,103.98162841796875
5,0.9,adaptive,2025-05-19 20:21:00,elevated_risk,115.1612903,110.74767527056525,96.02212524414062
5,0.9,adaptive,2025-05-19 21:47:00,elevated_risk,115.6129032,120.98062398950883,112.12755584716797
5,0.9,adaptive,2025-05-19 23:12:00,elevated_risk,133.6774194,118.95841690319065,108.69278717041016
5,0.9,adaptive,2025-05-20 00:38:00,elevated_risk,133.6774194,127.79536004354527,108.25933837890625
5,0.9,adaptive,2025-05-20 02:04:00,elevated_risk,134.1290323,127.25442818726312,111.86866760253906
5,0.9,adaptive,2025-05-20 03:29:00,elevated_risk,134.1290323,127.09324516673074,109.42188262939453
5,0.9,adaptive,2025-05-20 04:55:00,elevated_risk,134.1290323,119.85330584471902,101.82003784179688
5,0.9,adaptive,2025-05-20 06:20:00,elevated_risk,112.0,120.96794663997859,104.60872650146484
5,0.9,adaptive,2025-05-20 07:46:00,elevated_risk,112.0,108.53085502918356,92.67268371582031
5,0.9,adaptive,2025-05-20 09:12:00,elevated_risk,110.6451613,113.7942042222075,94.14439392089844
5,0.9,adaptive,2025-05-20 10:37:00,elevated_risk,72.25806452,118.71200183126273,99.91600799560547
5,0.9,mondrian,2025-05-16 13:52:00,elevated_risk,113.8064516,107.13025394304688,94.60411071777344
5,0.9,mondrian,2025-05-16 15:18:00,elevated_risk,113.3548387,113.93793979509766,101.41179656982422
5,0.9,mondrian,2025-05-16 16:44:00,elevated_risk,104.7741935,114.0293323121875,101.50318908691406
5,0.9,mondrian,2025-05-16 18:09:00,elevated_risk,104.3225806,111.95708194597657,99.43093872070312
5,0.9,mondrian,2025-05-16 19:35:00,elevated_risk,103.4193548,103.88452640398438,91.35838317871094
5,0.9,mondrian,2025-05-16 21:00:00,elevated_risk,63.67741935,98.06132236345704,85.5351791381836
5,0.9,mondrian,2025-05-16 22:26:00,elevated_risk,64.12903226,79.44432559832032,66.91818237304688
5,0.9,mondrian,2025-05-16 23:52:00,elevated_risk,64.12903226,97.88110843523438,85.35496520996094
5,0.9,mondrian,2025-05-17 01:17:00,baseline,86.25806452,99.34947475568359,89.18205261230469
5,0.9,mondrian,2025-05-17 02:43:00,baseline,86.70967742,99.40905269757812,89.24163055419922
5,0.9,mondrian,2025-05-17 04:09:00,baseline,92.12903226,97.24330410138671,87.07588195800781
5,0.9,mondrian,2025-05-17 05:34:00,baseline,93.03225806,98.63633999005859,88.46891784667969
5,0.9,mondrian,2025-05-17 07:00:00,baseline,93.03225806,106.22500881330078,96.05758666992188
5,0.9,mondrian,2025-05-17 08:25:00,baseline,108.8387097,117.41146358625,107.2440414428711
5,0.9,mondrian,2025-05-17 09:51:00,baseline,108.8387097,118.86001857892578,108.69259643554688
5,0.9,mondrian,2025-05-17 11:17:00,baseline,108.8387097,120.39495357648437,110.22753143310547
5,0.9,mondrian,2025-05-17 12:42:00,baseline,108.8387097,115.45344051496093,105.28601837158203
5,0.9,mondrian,2025-05-17 14:08:00,baseline,108.3870968,117.89635738507812,107.72893524169922
5,0.9,mondrian,2025-05-17 15:33:00,baseline,88.06451613,115.73269161359374,105.56526947021484
5,0.9,mondrian,2025-05-17 16:59:00,baseline,61.87096774,89.24775966779296,79.08033752441406
5,0.9,mondrian,2025-05-17 18:25:00,baseline,63.22580645,81.40326961652343,71.23584747314453
5,0.9,mondrian,2025-05-17 19:50:00,baseline,63.67741935,77.78199276105468,67.61457061767578
5,0.9,mondrian,2025-05-17 21:16:00,baseline,86.70967742,92.35317501203124,82.18575286865234
5,0.9,mondrian,2025-05-17 22:42:00,baseline,87.61290323,95.14342769757812,84.97600555419922
5,0.9,mondrian,2025-05-18 00:07:00,baseline,87.61290323,99.58660396710937,89.41918182373047
5,0.9,mondrian,2025-05-18 01:33:00,baseline,92.58064516,113.4660290159375,103.2986068725586
5,0.9,mondrian,2025-05-18 02:58:00,baseline,92.58064516,105.49224361554687,95.32482147216797
5,0.9,mondrian,2025-05-18 04:24:00,baseline,116.9677419,101.58006557599609,91.41264343261719
5,0.9,mondrian,2025-05-18 05:50:00,baseline,117.4193548,119.750819055,109.5833969116211
5,0.9,mondrian,2025-05-18 07:15:00,baseline,117.8709677,123.27515682355468,113.10773468017578
5,0.9,mondrian,2025-05-18 08:41:00,baseline,117.8709677,119.88847622052734,109.72105407714844
5,0.9,mondrian,2025-05-18 10:06:00,baseline,117.4193548,122.09400447980468,111.92658233642578
5,0.9,mondrian,2025-05-18 11:32:00,baseline,104.3225806,117.23696407453124,107.06954193115234
5,0.9,mondrian,2025-05-18 12:58:00,baseline,104.3225806,100.95601162091796,90.78858947753906
5,0.9,mondrian,2025-05-18 14:23:00,baseline,102.9677419,100.93220028058593,90.76477813720703
5,0.9,mondrian,2025-05-18 15:49:00,baseline,67.29032258,101.98308071271484,91.81565856933594
5,0.9,mondrian,2025-05-18 17:15:00,baseline,68.19354839,88.32285579816406,78.15543365478516
5,0.9,mondrian,2025-05-18 18:40:00,baseline,68.19354839,100.32932552472656,90.16190338134766
5,0.9,mondrian,2025-05-18 20:06:00,baseline,92.58064516,101.40100368634765,91.23358154296875
5,0.9,mondrian,2025-05-18 21:31:00,baseline,93.03225806,107.40636715070312,97.23894500732422
5,0.9,mondrian,2025-05-18 22:57:00,baseline,100.2580645,106.02856716291015,95.86114501953125
5,0.9,mondrian,2025-05-19 00:23:00,elevated_risk,101.1612903,120.79596439226563,108.26982116699219
5,0.9,mondrian,2025-05-19 01:48:00,elevated_risk,101.1612903,120.12397495134766,107.59783172607422
5,0.9,mondrian,2025-05-19 03:14:00,elevated_risk,121.483871,112.93144718035157,100.40530395507812
5,0.9,mondrian,2025-05-19 04:39:00,elevated_risk,122.3870968,126.88635745867188,114.36021423339844
5,0.9,mondrian,2025-05-19 06:05:00,elevated_risk,122.3870968,125.5216418825,112.99549865722656
5,0.9,mondrian,2025-05-19 07:31:00,elevated_risk,121.9354839,121.99000278337891,109.46385955810547
5,0.9,mondrian,2025-05-19 08:56:00,elevated_risk,110.1935484,119.85035434587891,107.32421112060547
5,0.9,mondrian,2025-05-19 10:22:00,elevated_risk,109.2903226,108.61178317888672,96.08563995361328
5,0.9,mondrian,2025-05-19 11:48:00,elevated_risk,74.51612903,109.56478610857422,97.03864288330078
5,0.9,mondrian,2025-05-19 13:13:00,elevated_risk,76.32258065,90.13789096697266,77.61174774169922
5,0.9,mondrian,2025-05-19 14:39:00,elevated_risk,76.77419355,89.3251315675586,76.79898834228516
5,0.9,mondrian,2025-05-19 16:04:00,elevated_risk,102.516129,99.74155917986329,87.21541595458984
5,0.9,mondrian,2025-05-19 17:30:00,elevated_risk,102.9677419,115.51681247576172,102.99066925048828
5,0.9,mondrian,2025-05-19 18:56:00,elevated_risk,102.9677419,116.5077716432422,103.98162841796875
5,0.9,mondrian,2025-05-19 20:21:00,elevated_risk,115.1612903,108.54826846941407,96.02212524414062
5,0.9,mondrian,2025-05-19 21:47:00,elevated_risk,115.6129032,124.65369907244141,112.12755584716797
5,0.9,mondrian,2025-05-19 23:12:00,elevated_risk,133.6774194,121.2189303956836,108.69278717041016
5,0.9,mondrian,2025-05-20 00:38:00,elevated_risk,133.6774194,120.7854816041797,108.25933837890625
5,0.9,mondrian,2025-05-20 02:04:00,elevated_risk,134.1290323,124.3948108278125,111.86866760253906
5,0.9,mondrian,2025-05-20 03:29:00,elevated_risk,134.1290323,121.94802585466797,109.42188262939453
5,0.9,mondrian,2025-05-20 04:55:00,elevated_risk,134.1290323,114.34618106707032,101.82003784179688
5,0.9,mondrian,2025-05-20 06:20:00,elevated_risk,112.0,117.13486972673829,104.60872650146484
5,0.9,mondrian,2025-05-20 07:46:00,elevated_risk,112.0,105.19882694109376,92.67268371582031
5,0.9,mondrian,2025-05-20 09:12:00,elevated_risk,110.6451613,106.67053714617188,94.14439392089844
5,0.9,mondrian,2025-05-20 10:37:00,elevated_risk,72.25806452,112.44215122087891,99.91600799560547
5,0.9,aci,2025-05-16 13:52:00,elevated_risk,113.8064516,106.31775419302734,94.60411071777344
5,0.9,aci,2025-05-16 15:18:00,elevated_risk,113.3548387,115.12486242091796,101.41179656982422
5,0.9,aci,2025-05-16 16:44:00,elevated_risk,104.7741935,115.19007110595703,101.50318908691406
5,0.9,aci,2025-05-16 18:09:00,elevated_risk,104.3225806,112.66007552640625,99.43093872070312
5,0.9,aci,2025-05-16 19:35:00,elevated_risk,103.4193548,104.17625329253906,91.35838317871094
5,0.9,aci,2025-05-16 21:00:00,elevated_risk,63.67741935,98.10749178945312,85.5351791381836
5,0.9,aci,2025-05-16 22:26:00,elevated_risk,64.12903226,79.22998169865234,66.91818237304688
5,0.9,aci,2025-05-16 23:52:00,elevated_risk,64.12903226,97.41593683125,85.35496520996094
5,0.9,aci,2025-05-17 01:17:00,baseline,86.25806452,101.12509474248047,89.18205261230469
5,0.9,aci,2025-05-17 02:43:00,baseline,86.70967742,101.0966120028711,89.24163055419922
5,0.9,aci,2025-05-17 04:09:00,baseline,92.12903226,98.86310600390625,87.07588195800781
5,0.9,aci,2025-05-17 05:34:00,baseline,93.03225806,100.18282343113282,88.46891784667969
5,0.9,aci,2025-05-17 07:00:00,baseline,93.03225806,107.57068831017578,96.05758666992188
5,0.9,aci,2025-05-17 08:25:00,baseline,108.8387097,117.86477513144531,107.2440414428711
5,0.9,aci,2025-05-17 09:51:00,baseline,108.8387097,118.89574777345703,108.69259643554688
5,0.9,aci,2025-05-17 11:17:00,baseline,108.8387097,120.39495357648437,110.22753143310547
5,0.9,aci,2025-05-17 12:42:00,baseline,108.8387097,115.11201602041015,105.28601837158203
5,0.9,aci,2025-05-17 14:08:00,baseline,108.3870968,117.26530331552735,107.72893524169922
5,0.9,aci,2025-05-17 15:33:00,baseline,88.06451613,114.87256007363281,105.56526947021484
5,0.9,aci,2025-05-17 16:59:00,baseline,61.87096774,87.38428714296874,79.08033752441406
5,0.9,aci,2025-05-17 18:25:00,baseline,63.22580645,79.0084393602539,71.23584747314453
5,0.9,aci,2025-05-17 19:50:00,baseline,63.67741935,75.11826689433593,67.61457061767578
5,0.9,aci,2025-05-17 21:16:00,baseline,86.70967742,89.32107418955079,82.18575286865234
5,0.9,aci,2025-05-17 22:42:00,baseline,87.61290323,91.86857359,84.97600555419922
5,0.9,aci,2025-05-18 00:07:00,baseline,87.61290323,95.78411740244141,89.41918182373047
5,0.9,aci,2025-05-18 01:33:00,baseline,92.58064516,109.36037320078125,103.2986068725586
5,0.9,aci,2025-05-18 02:58:00,baseline,92.58064516,101.03851637333985,95.32482147216797
5,0.9,aci,2025-05-18 04:24:00,baseline,116.9677419,96.66077595082031,91.41264343261719
5,0.9,aci,2025-05-18 05:50:00,baseline,117.4193548,118.89068751503906,109.5833969116211
5,0.9,aci,2025-05-18 07:15:00,baseline,117.8709677,120.97593346992187,113.10773468017578
5,0.9,aci,2025-05-18 08:41:00,baseline,117.8709677,117.55701196552734,109.72105407714844
5,0.9,aci,2025-05-18 10:06:00,baseline,117.4193548,123.64022581167968,111.92658233642578
5,0.9,aci,2025-05-18 11:32:00,baseline,104.3225806,117.69027561972656,107.06954193115234
5,0.9,aci,2025-05-18 12:58:00,baseline,104.3225806,100.99174081544922,90.78858947753906
5,0.9,aci,2025-05-18 14:23:00,baseline,102.9677419,103.58264825103515,90.76477813720703
5,0.9,aci,2025-05-18 15:49:00,baseline,67.29032258,104.34180179460938,91.81565856933594
5,0.9,aci,2025-05-18 17:15:00,baseline,68.19354839,90.46723298039062,78.15543365478516
5,0.9,aci,2025-05-18 18:40:00,baseline,68.19354839,102.36486714414062,90.16190338134766
5,0.9,aci,2025-05-18 20:06:00,baseline,92.58064516,103.17662367314453,91.23358154296875
5,0.9,aci,2025-05-18 21:31:00,baseline,93.03225806,109.0939264559961,97.23894500732422
5,0.9,aci,2025-05-18 22:57:00,baseline,100.2580645,107.64836906542969,95.86114501953125
5,0.9,aci,2025-05-19 00:23:00,elevated_risk,101.1612903,119.98346464224609,108.26982116699219
5,0.9,aci,2025-05-19 01:48:00,elevated_risk,101.1612903,119.11093336632813,107.59783172607422
5,0.9,aci,2025-05-19 03:14:00,elevated_risk,121.483871,111.02603764365234,100.40530395507812
5,0.9,aci,2025-05-19 04:39:00,elevated_risk,122.3870968,127.17808434722656,114.36021423339844
5,0.9,aci,2025-05-19 06:05:00,elevated_risk,122.3870968,125.56781130849609,112.99549865722656
5,0.9,aci,2025-05-19 07:31:00,elevated_risk,121.9354839,121.77565888371093,109.46385955810547
5,0.9,aci,2025-05-19 08:56:00,elevated_risk,110.1935484,125.97645568847656,107.32421112060547
5,0.9,aci,2025-05-19 10:22:00,elevated_risk,109.2903226,110.59623767257813,96.08563995361328
5,0.9,aci,2025-05-19 11:48:00,elevated_risk,74.51612903,111.25509840539063,97.03864288330078
5,0.9,aci,2025-05-19 13:13:00,elevated_risk,76.32258065,91.53542253886718,77.61174774169922
5,0.9,aci,2025-05-19 14:39:00,elevated_risk,76.77419355,90.48587036132812,76.79898834228516
5,0.9,aci,2025-05-19 16:04:00,elevated_risk,102.516129,100.74940707705078,87.21541595458984
5,0.9,aci,2025-05-19 17:30:00,elevated_risk,102.9677419,126.67706385321289,102.99066925048828
5,0.9,aci,2025-05-19 18:56:00,elevated_risk,102.9677419,125.06017257470702,103.98162841796875
5,0.9,aci,2025-05-19 20:21:00,elevated_risk,115.1612903,115.48524795072265,96.02212524414062
5,0.9,aci,2025-05-19 21:47:00,elevated_risk,115.6129032,131.32989672939453,112.12755584716797
5,0.9,aci,2025-05-19 23:12:00,elevated_risk,133.6774194,127.34503173828125,108.69278717041016
5,0.9,aci,2025-05-20 00:38:00,elevated_risk,133.6774194,133.81443684628906,108.25933837890625
5,0.9,aci,2025-05-20 02:04:00,elevated_risk,134.1290323,137.42376606992187,111.86866760253906
5,0.9,aci,2025-05-20 03:29:00,elevated_risk,134.1290323,134.97698109677734,109.42188262939453
5,0.9,aci,2025-05-20 04:55:00,elevated_risk,134.1290323,127.37513630917968,101.82003784179688
5,0.9,aci,2025-05-20 06:20:00,elevated_risk,112.0,136.91772095966797,104.60872650146484
5,0.9,aci,2025-05-20 07:46:00,elevated_risk,112.0,124.98167817402344,92.67268371582031
5,0.9,aci,2025-05-20 09:12:00,elevated_risk,110.6451613,126.45338837910157,94.14439392089844
5,0.9,aci,2025-05-20 10:37:00,elevated_risk,72.25806452,132.2250024538086,99.91600799560547
5,0.95,marginal,2025-05-16 13:52:00,elevated_risk,113.8064516,108.31717656886718,94.60411071777344
5,0.95,marginal,2025-05-16 15:18:00,elevated_risk,113.3548387,115.12486242091796,101.41179656982422
5,0.95,marginal,2025-05-16 16:44:00,elevated_risk,104.7741935,115.21625493800781,101.50318908691406
5,0.95,marginal,2025-05-16 18:09:00,elevated_risk,104.3225806,113.14400457179687,99.43093872070312
5,0.95,marginal,2025-05-16 19:35:00,elevated_risk,103.4193548,105.07144902980468,91.35838317871094
5,0.95,marginal,2025-05-16 21:00:00,elevated_risk,63.67741935,99.24824498927734,85.5351791381836
5,0.95,marginal,2025-05-16 22:26:00,elevated_risk,64.12903226,80.63124822414062,66.91818237304688
5,0.95,marginal,2025-05-16 23:52:00,elevated_risk,64.12903226,99.06803106105468,85.35496520996094
5,0.95,marginal,2025-05-17 01:17:00,baseline,86.25806452,102.89511846339843,89.18205261230469
5,0.95,marginal,2025-05-17 02:43:00,baseline,86.70967742,102.95469640529296,89.24163055419922
5,0.95,marginal,2025-05-17 04:09:00,baseline,92.12903226,100.78894780910156,87.07588195800781
5,0.95,marginal,2025-05-17 05:34:00,baseline,93.03225806,102.18198369777343,88.46891784667969
5,0.95,marginal,2025-05-17 07:00:00,baseline,93.03225806,109.77065252101562,96.05758666992188
5,0.95,marginal,2025-05-17 08:25:00,baseline,108.8387097,120.95710729396484,107.2440414428711
5,0.95,marginal,2025-05-17 09:51:00,baseline,108.8387097,122.40566228664062,108.69259643554688
5,0.95,marginal,2025-05-17 11:17:00,baseline,108.8387097,123.94059728419921,110.22753143310547
5,0.95,marginal,2025-05-17 12:42:00,baseline,108.8387097,118.99908422267578,105.28601837158203
5,0.95,marginal,2025-05-17 14:08:00,baseline,108.3870968,121.44200109279296,107.72893524169922
5,0.95,marginal,2025-05-17 15:33:00,baseline,88.06451613,119.27833532130859,105.56526947021484
5,0.95,marginal,2025-05-17 16:59:00,baseline,61.87096774,92.79340337550781,79.08033752441406
5,0.95,marginal,2025-05-17 18:25:00,baseline,63.22580645,84.94891332423828,71.23584747314453
5,0.95,marginal,2025-05-17 19:50:00,baseline,63.67741935,81.32763646876953,67.61457061767578
5,0.95,marginal,2025-05-17 21:16:00,baseline,86.70967742,95.89881871974609,82.18575286865234
5,0.95,marginal,2025-05-17 22:42:00,baseline,87.61290323,98.68907140529296,84.97600555419922
5,0.95,marginal,2025-05-18 00:07:00,baseline,87.61290323,103.13224767482421,89.41918182373047
5,0.95,marginal,2025-05-18 01:33:00,baseline,92.58064516,117.01167272365234,103.2986068725586
5,0.95,marginal,2025-05-18 02:58:00,baseline,92.58064516,109.03788732326171,95.32482147216797
5,0.95,marginal,2025-05-18 04:24:00,baseline,116.9677419,105.12570928371093,91.41264343261719
5,0.95,marginal,2025-05-18 05:50:00,baseline,117.4193548,123.29646276271484,109.5833969116211
5,0.95,marginal,2025-05-18 07:15:00,baseline,117.8709677,126.82080053126953,113.10773468017578
5,0.95,marginal,2025-05-18 08:41:00,baseline,117.8709677,123.43411992824218,109.72105407714844
5,0.95,marginal,2025-05-18 10:06:00,baseline,117.4193548,125.63964818751953,111.92658233642578
5,0.95,marginal,2025-05-18 11:32:00,baseline,104.3225806,120.78260778224609,107.06954193115234
5,0.95,marginal,2025-05-18 12:58:00,baseline,104.3225806,104.50165532863281,90.78858947753906
5,0.95,marginal,2025-05-18 14:23:00,baseline,102.9677419,104.47784398830078,90.76477813720703
5,0.95,marginal,2025-05-18 15:49:00,baseline,67.29032258,105.52872442042968,91.81565856933594
5,0.95,marginal,2025-05-18 17:15:00,baseline,68.19354839,91.8684995058789,78.15543365478516
5,0.95,marginal,2025-05-18 18:40:00,baseline,68.19354839,103.8749692324414,90.16190338134766
5,0.95,marginal,2025-05-18 20:06:00,baseline,92.58064516,104.9466473940625,91.23358154296875
5,0.95,marginal,2025-05-18 21:31:00,baseline,93.03225806,110.95201085841796,97.23894500732422
5,0.95,marginal,2025-05-18 22:57:00,baseline,100.2580645,109.574210870625,95.86114501953125
5,0.95,marginal,2025-05-19 00:23:00,elevated_risk,101.1612903,121.98288701808593,108.26982116699219
5,0.95,marginal,2025-05-19 01:48:00,elevated_risk,101.1612903,121.31089757716796,107.59783172607422
5,0.95,marginal,2025-05-19 03:14:00,elevated_risk,121.483871,114.11836980617187,100.40530395507812
5,0.95,marginal,2025-05-19 04:39:00,elevated_risk,122.3870968,128.07328008449218,114.36021423339844
5,0.95,marginal,2025-05-19 06:05:00,elevated_risk,122.3870968,126.70856450832031,112.99549865722656
5,0.95,marginal,2025-05-19 07:31:00,elevated_risk,121.9354839,123.17692540919921,109.46385955810547
5,0.95,marginal,2025-05-19 08:56:00,elevated_risk,110.1935484,121.03727697169921,107.32421112060547
5,0.95,marginal,2025-05-19 10:22:00,elevated_risk,109.2903226,109.79870580470703,96.08563995361328
5,0.95,marginal,2025-05-19 11:48:00,elevated_risk,74.51612903,110.75170873439453,97.03864288330078
5,0.95,marginal,2025-05-19 13:13:00,elevated_risk,76.32258065,91.32481359279296,77.61174774169922
5,0.95,marginal,2025-05-19 14:39:00,elevated_risk,76.77419355,90.5120541933789,76.79898834228516
5,0.95,marginal,2025-05-19 16:04:00,elevated_risk,102.516129,100.92848180568359,87.21541595458984
5,0.95,marginal,2025-05-19 17:30:00,elevated_risk,102.9677419,116.70373510158203,102.99066925048828
5,0.95,marginal,2025-05-19 18:56:00,elevated_risk,102.9677419,117.6946942690625,103.98162841796875
5,0.95,marginal,2025-05-19 20:21:00,elevated_risk,115.1612903,109.73519109523437,96.02212524414062
5,0.95,marginal,2025-05-19 21:47:00,elevated_risk,115.6129032,125.84062169826171,112.12755584716797
5,0.95,marginal,2025-05-19 23:12:00,elevated_risk,133.6774194,122.4058530215039,108.69278717041016
5,0.95,marginal,2025-05-20 00:38:00,elevated_risk,133.6774194,121.97240423,108.25933837890625
5,0.95,marginal,2025-05-20 02:04:00,elevated_risk,134.1290323,125.58173345363281,111.86866760253906
5,0.95,marginal,2025-05-20 03:29:00,elevated_risk,134.1290323,123.13494848048828,109.42188262939453
5,0.95,marginal,2025-05-20 04:55:00,elevated_risk,134.1290323,115.53310369289062,101.82003784179688
5,0.95,marginal,2025-05-20 06:20:00,elevated_risk,112.0,118.32179235255859,104.60872650146484
5,0.95,marginal,2025-05-20 07:46:00,elevated_risk,112.0,106.38574956691406,92.67268371582031
5,0.95,marginal,2025-05-20 09:12:00,elevated_risk,110.6451613,107.85745977199218,94.14439392089844
5,0.95,marginal,2025-05-20 10:37:00,elevated_risk,72.25806452,113.62907384669921,99.91600799560547
5,0.95,adaptive,2025-05-16 13:52:00,elevated_risk,113.8064516,114.50616997857428,94.60411071777344
5,0.95,adaptive,2025-05-16 15:18:00,elevated_risk,113.3548387,115.09014735754612,101.41179656982422
5,0.95,adaptive,2025-05-16 16:44:00,elevated_risk,104.7741935,123.30972582875381,101.50318908691406
5,0.95,adaptive,2025-05-16 18:09:00,elevated_risk,104.3225806,129.82425079109524,99.43093872070312
5,0.95,adaptive,2025-05-16 19:35:00,elevated_risk,103.4193548,109.47860402577803,91.35838317871094
5,0.95,adaptive,2025-05-16 21:00:00,elevated_risk,63.67741935,111.215266387801,85.5351791381836
5,0.95,adaptive,2025-05-16 22:26:00,elevated_risk,64.12903226,73.90426220402392,66.91818237304688
5,0.95,adaptive,2025-05-16 23:52:00,elevated_risk,64.12903226,102.22721039959981,85.35496520996094
5,0.95,adaptive,2025-05-17 01:17:00,baseline,86.25806452,100.43922136930351,89.18205261230469
5,0.95,adaptive,2025-05-17 02:43:00,baseline,86.70967742,97.54837978818499,89.24163055419922
5,0.95,adaptive,2025-05-17 04:09:00,baseline,92.12903226,93.92372549714112,87.07588195800781
5,0.95,adaptive,2025-05-17 05:34:00,baseline,93.03225806,101.41956197157967,88.46891784667969
5,0.95,adaptive,2025-05-17 07:00:00,baseline,93.03225806,105.18215478490566,96.05758666992188
5,0.95,adaptive,2025-05-17 08:25:00,baseline,108.8387097,126.9366187028458,107.2440414428711
5,0.95,adaptive,2025-05-17 09:51:00,baseline,108.8387097,116.8986296123839,108.69259643554688
5,0.95,adaptive,2025-05-17 11:17:00,baseline,108.8387097,114.99151136871997,110.22753143310547
5,0.95,adaptive,2025-05-17 12:42:00,baseline,108.8387097,114.54478206033896,105.28601837158203
5,0.95,adaptive,2025-05-17 14:08:00,baseline,108.3870968,113.86882983716706,107.72893524169922
5,0.95,adaptive,2025-05-17 15:33:00,baseline,88.06451613,114.02773614566615,105.56526947021484
5,0.95,adaptive,2025-05-17 16:59:00,baseline,61.87096774,89.02907797768725,79.08033752441406
5,0.95,adaptive,2025-05-17 18:25:00,baseline,63.22580645,79.87665344282328,71.23584747314453
5,0.95,adaptive,2025-05-17 19:50:00,baseline,63.67741935,77.30438000129294,67.61457061767578
5,0.95,adaptive,2025-05-17 21:16:00,baseline,86.70967742,89.9180254660775,82.18575286865234
5,0.95,adaptive,2025-05-17 22:42:00,baseline,87.61290323,93.63961892587528,84.97600555419922
5,0.95,adaptive,2025-05-18 00:07:00,baseline,87.61290323,95.91493616734607,89.41918182373047
5,0.95,adaptive,2025-05-18 01:33:00,baseline,92.58064516,124.42589507303158,103.2986068725586
5,0.95,adaptive,2025-05-18 02:58:00,baseline,92.58064516,109.72136027940321,95.32482147216797
5,0.95,adaptive,2025-05-18 04:24:00,baseline,116.9677419,111.69774251155135,91.41264343261719
5,0.95,adaptive,2025-05-18 05:50:00,baseline,117.4193548,129.7822783383726,109.5833969116211
5,0.95,adaptive,2025-05-18 07:15:00,baseline,117.8709677,130.67868197309187,113.10773468017578
5,0.95,adaptive,2025-05-18 08:41:00,baseline,117.8709677,128.00686076449097,109.72105407714844
5,0.95,adaptive,2025-05-18 10:06:00,baseline,117.4193548,128.56884046816947,111.92658233642578
5,0.95,adaptive,2025-05-18 11:32:00,baseline,104.3225806,126.26256637924028,107.06954193115234
5,0.95,adaptive,2025-05-18 12:58:00,baseline,104.3225806,104.88822083352159,90.78858947753906
5,0.95,adaptive,2025-05-18 14:23:00,baseline,102.9677419,100.73749767170904,90.76477813720703
5,0.95,adaptive,2025-05-18 15:49:00,baseline,67.29032258,116.73157485923757,91.81565856933594
5,0.95,adaptive,2025-05-18 17:15:00,baseline,68.19354839,93.74099789411096,78.15543365478516
5,0.95,adaptive,2025-05-18 18:40:00,baseline,68.19354839,107.63503981508839,90.16190338134766
5,0.95,adaptive,2025-05-18 20:06:00,baseline,92.58064516,104.57150500570188,91.23358154296875
5,0.95,adaptive,2025-05-18 21:31:00,baseline,93.03225806,106.88963190056295,97.23894500732422
5,0.95,adaptive,2025-05-18 22:57:00,baseline,100.2580645,105.10286813727909,95.86114501953125
5,0.95,adaptive,2025-05-19 00:23:00,elevated_risk,101.1612903,127.51146543218829,108.26982116699219
5,0.95,adaptive,2025-05-19 01:48:00,elevated_risk,101.1612903,120.93641576817026,107.59783172607422
5,0.95,adaptive,2025-05-19 03:14:00,elevated_risk,121.483871,119.93954277605678,100.40530395507812
5,0.95,adaptive,2025-05-19 04:39:00,elevated_risk,122.3870968,129.43986594081838,114.36021423339844
5,0.95,adaptive,2025-05-19 06:05:00,elevated_risk,122.3870968,131.6241023373657,112.99549865722656
5,0.95,adaptive,2025-05-19 07:31:00,elevated_risk,121.9354839,124.80954200036682,109.46385955810547
5,0.95,adaptive,2025-05-19 08:56:00,elevated_risk,110.1935484,133.06372971397508,107.32421112060547
5,0.95,adaptive,2025-05-19 10:22:00,elevated_risk,109.2903226,109.30978052393047,96.08563995361328
5,0.95,adaptive,2025-05-19 11:48:00,elevated_risk,74.51612903,111.76798588146059,97.03864288330078
5,0.95,adaptive,2025-05-19 13:13:00,elevated_risk,76.32258065,92.49682757911737,77.61174774169922
5,0.95,adaptive,2025-05-19 14:39:00,elevated_risk,76.77419355,92.62801644532856,76.79898834228516
5,0.95,adaptive,2025-05-19 16:04:00,elevated_risk,102.516129,97.88627588716858,87.21541595458984
5,0.95,adaptive,2025-05-19 17:30:00,elevated_risk,102.9677419,112.27385560561316,102.99066925048828
5,0.95,adaptive,2025-05-19 18:56:00,elevated_risk,102.9677419,110.41927769076146,103.98162841796875
5,0.95,adaptive,2025-05-19 20:21:00,elevated_risk,115.1612903,115.81217889319582,96.02212524414062
5,0.95,adaptive,2025-05-19 21:47:00,elevated_risk,115.6129032,124.02542677092093,112.12755584716797
5,0.95,adaptive,2025-05-19 23:12:00,elevated_risk,133.6774194,122.48903673585943,108.69278717041016
5,0.95,adaptive,2025-05-20 00:38:00,elevated_risk,133.6774194,134.5143112755745,108.25933837890625
5,0.95,adaptive,2025-05-20 02:04:00,elevated_risk,134.1290323,132.54599557037847,111.86866760253906
5,0.95,adaptive,2025-05-20 03:29:00,elevated_risk,134.1290323,133.1708911240334,109.42188262939453
5,0.95,adaptive,2025-05-20 04:55:00,elevated_risk,134.1290323,126.05542060204752,101.82003784179688
5,0.95,adaptive,2025-05-20 06:20:00,elevated_risk,112.0,126.5943123449091,104.60872650146484
5,0.95,adaptive,2025-05-20 07:46:00,elevated_risk,112.0,113.98489687622515,92.67268371582031
5,0.95,adaptive,2025-05-20 09:12:00,elevated_risk,110.6451613,120.55229035660679,94.14439392089844
5,0.95,adaptive,2025-05-20 10:37:00,elevated_risk,72.25806452,125.17643804592419,99.91600799560547
5,0.95,mondrian,2025-05-16 13:52:00,elevated_risk,113.8064516,108.2909927368164,94.60411071777344
5,0.95,mondrian,2025-05-16 15:18:00,elevated_risk,113.3548387,115.09867858886719,101.41179656982422
5,0.95,mondrian,2025-05-16 16:44:00,elevated_risk,104.7741935,115.19007110595703,101.50318908691406
5,0.95,mondrian,2025-05-16 18:09:00,elevated_risk,104.3225806,113.1178207397461,99.43093872070312
5,0.95,mondrian,2025-05-16 19:35:00,elevated_risk,103.4193548,105.0452651977539,91.35838317871094
5,0.95,mondrian,2025-05-16 21:00:00,elevated_risk,63.67741935,99.22206115722656,85.5351791381836
5,0.95,mondrian,2025-05-16 22:26:00,elevated_risk,64.12903226,80.60506439208984,66.91818237304688
5,0.95,mondrian,2025-05-16 23:52:00,elevated_risk,64.12903226,99.0418472290039,85.35496520996094
5,0.95,mondrian,2025-05-17 01:17:00,baseline,86.25806452,103.10572740947265,89.18205261230469
5,0.95,mondrian,2025-05-17 02:43:00,baseline,86.70967742,103.16530535136718,89.24163055419922
5,0.95,mondrian,2025-05-17 04:09:00,baseline,92.12903226,100.99955675517577,87.07588195800781
5,0.95,mondrian,2025-05-17 05:34:00,baseline,93.03225806,102.39259264384765,88.46891784667969
5,0.95,mondrian,2025-05-17 07:00:00,baseline,93.03225806,109.98126146708984,96.05758666992188
5,0.95,mondrian,2025-05-17 08:25:00,baseline,108.8387097,121.16771624003906,107.2440414428711
5,0.95,mondrian,2025-05-17 09:51:00,baseline,108.8387097,122.61627123271484,108.69259643554688
5,0.95,mondrian,2025-05-17 11:17:00,baseline,108.8387097,124.15120623027343,110.22753143310547
5,0.95,mondrian,2025-05-17 12:42:00,baseline,108.8387097,119.20969316875,105.28601837158203
5,0.95,mondrian,2025-05-17 14:08:00,baseline,108.3870968,121.65261003886718,107.72893524169922
5,0.95,mondrian,2025-05-17 15:33:00,baseline,88.06451613,119.4889442673828,105.56526947021484
5,0.95,mondrian,2025-05-17 16:59:00,baseline,61.87096774,93.00401232158202,79.08033752441406
5,0.95,mondrian,2025-05-17 18:25:00,baseline,63.22580645,85.1595222703125,71.23584747314453
5,0.95,mondrian,2025-05-17 19:50:00,baseline,63.67741935,81.53824541484374,67.61457061767578
5,0.95,mondrian,2025-05-17 21:16:00,baseline,86.70967742,96.1094276658203,82.18575286865234
5,0.95,mondrian,2025-05-17 22:42:00,baseline,87.61290323,98.89968035136718,84.97600555419922
5,0.95,mondrian,2025-05-18 00:07:00,baseline,87.61290323,103.34285662089843,89.41918182373047
5,0.95,mondrian,2025-05-18 01:33:00,baseline,92.58064516,117.22228166972656,103.2986068725586
5,0.95,mondrian,2025-05-18 02:58:00,baseline,92.58064516,109.24849626933593,95.32482147216797
5,0.95,mondrian,2025-05-18 04:24:00,baseline,116.9677419,105.33631822978515,91.41264343261719
5,0.95,mondrian,2025-05-18 05:50:00,baseline,117.4193548,123.50707170878906,109.5833969116211
5,0.95,mondrian,2025-05-18 07:15:00,baseline,117.8709677,127.03140947734374,113.10773468017578
5,0.95,mondrian,2025-05-18 08:41:00,baseline,117.8709677,123.6447288743164,109.72105407714844
5,0.95,mondrian,2025-05-18 10:06:00,baseline,117.4193548,125.85025713359374,111.92658233642578
5,0.95,mondrian,2025-05-18 11:32:00,baseline,104.3225806,120.9932167283203,107.06954193115234
5,0.95,mondrian,2025-05-18 12:58:00,baseline,104.3225806,104.71226427470702,90.78858947753906
5,0.95,mondrian,2025-05-18 14:23:00,baseline,102.9677419,104.688452934375,90.76477813720703
5,0.95,mondrian,2025-05-18 15:49:00,baseline,67.29032258,105.7393333665039,91.81565856933594
5,0.95,mondrian,2025-05-18 17:15:00,baseline,68.19354839,92.07910845195312,78.15543365478516
5,0.95,mondrian,2025-05-18 18:40:00,baseline,68.19354839,104.08557817851562,90.16190338134766
5,0.95,mondrian,2025-05-18 20:06:00,baseline,92.58064516,105.15725634013671,91.23358154296875
5,0.95,mondrian,2025-05-18 21:31:00,baseline,93.03225806,111.16261980449218,97.23894500732422
5,0.95,mondrian,2025-05-18 22:57:00,baseline,100.2580645,109.78481981669921,95.86114501953125
5,0.95,mondrian,2025-05-19 00:23:00,elevated_risk,101.1612903,121.95670318603516,108.26982116699219
5,0.95,mondrian,2025-05-19 01:48:00,elevated_risk,101.1612903,121.28471374511719,107.59783172607422
5,0.95,mondrian,2025-05-19 03:14:00,elevated_risk,121.483871,114.0921859741211,100.40530395507812
5,0.95,mondrian,2025-05-19 04:39:00,elevated_risk,122.3870968,128.0470962524414,114.36021423339844
5,0.95,mondrian,2025-05-19 06:05:00,elevated_risk,122.3870968,126.68238067626953,112.99549865722656
5,0.95,mondrian,2025-05-19 07:31:00,elevated_risk,121.9354839,123.15074157714844,109.46385955810547
5,0.95,mondrian,2025-05-19 08:56:00,elevated_risk,110.1935484,121.01109313964844,107.32421112060547
5,0.95,mondrian,2025-05-19 10:22:00,elevated_risk,109.2903226,109.77252197265625,96.08563995361328
5,0.95,mondrian,2025-05-19 11:48:00,elevated_risk,74.51612903,110.72552490234375,97.03864288330078
5,0.95,mondrian,2025-05-19 13:13:00,elevated_risk,76.32258065,91.29862976074219,77.61174774169922
5,0.95,mondrian,2025-05-19 14:39:00,elevated_risk,76.77419355,90.48587036132812,76.79898834228516
5,0.95,mondrian,2025-05-19 16:04:00,elevated_risk,102.516129,100.90229797363281,87.21541595458984
5,0.95,mondrian,2025-05-19 17:30:00,elevated_risk,102.9677419,116.67755126953125,102.99066925048828
5,0.95,mondrian,2025-05-19 18:56:00,elevated_risk,102.9677419,117.66851043701172,103.98162841796875
5,0.95,mondrian,2025-05-19 20:21:00,elevated_risk,115.1612903,109.7090072631836,96.02212524414062
5,0.95,mondrian,2025-05-19 21:47:00,elevated_risk,115.6129032,125.81443786621094,112.12755584716797
5,0.95,mondrian,2025-05-19 23:12:00,elevated_risk,133.6774194,122.37966918945312,108.69278717041016
5,0.95,mondrian,2025-05-20 00:38:00,elevated_risk,133.6774194,121.94622039794922,108.25933837890625
5,0.95,mondrian,2025-05-20 02:04:00,elevated_risk,134.1290323,125.55554962158203,111.86866760253906
5,0.95,mondrian,2025-05-20 03:29:00,elevated_risk,134.1290323,123.1087646484375,109.42188262939453
5,0.95,mondrian,2025-05-20 04:55:00,elevated_risk,134.1290323,115.50691986083984,101.82003784179688
5,0.95,mondrian,2025-05-20 06:20:00,elevated_risk,112.0,118.29560852050781,104.60872650146484
5,0.95,mondrian,2025-05-20 07:46:00,elevated_risk,112.0,106.35956573486328,92.67268371582031
5,0.95,mondrian,2025-05-20 09:12:00,elevated_risk,110.6451613,107.8312759399414,94.14439392089844
5,0.95,mondrian,2025-05-20 10:37:00,elevated_risk,72.25806452,113.60289001464844,99.91600799560547
5,0.95,aci,2025-05-16 13:52:00,elevated_risk,113.8064516,108.31717656886718,94.60411071777344
5,0.95,aci,2025-05-16 15:18:00,elevated_risk,113.3548387,125.68571768144531,101.41179656982422
5,0.95,aci,2025-05-16 16:44:00,elevated_risk,104.7741935,125.77711019853515,101.50318908691406
5,0.95,aci,2025-05-16 18:09:00,elevated_risk,104.3225806,123.70485983232422,99.43093872070312
5,0.95,aci,2025-05-16 19:35:00,elevated_risk,103.4193548,115.04477778143554,91.35838317871094
5,0.95,aci,2025-05-16 21:00:00,elevated_risk,63.67741935,109.2215737409082,85.5351791381836
5,0.95,aci,2025-05-16 22:26:00,elevated_risk,64.12903226,87.99672652978515,66.91818237304688
5,0.95,aci,2025-05-16 23:52:00,elevated_risk,64.12903226,106.43350936669921,85.35496520996094
5,0.95,aci,2025-05-17 01:17:00,baseline,86.25806452,108.64517531888671,89.18205261230469
5,0.95,aci,2025-05-17 02:43:00,baseline,86.70967742,108.70475326078125,89.24163055419922
5,0.95,aci,2025-05-17 04:09:00,baseline,92.12903226,106.27822284023438,87.07588195800781
5,0.95,aci,2025-05-17 05:34:00,baseline,93.03225806,107.67125872890625,88.46891784667969
5,0.95,aci,2025-05-17 07:00:00,baseline,93.03225806,114.70983123779297,96.05758666992188
5,0.95,aci,2025-05-17 08:25:00,baseline,108.8387097,124.18512307863281,107.2440414428711
5,0.95,aci,2025-05-17 09:51:00,baseline,108.8387097,125.6336780713086,108.69259643554688
5,0.95,aci,2025-05-17 11:17:00,baseline,108.8387097,124.73812915207031,110.22753143310547
5,0.95,aci,2025-05-17 12:42:00,baseline,108.8387097,119.79661609054688,105.28601837158203
5,0.95,aci,2025-05-17 14:08:00,baseline,108.3870968,121.94539076378906,107.72893524169922
5,0.95,aci,2025-05-17 15:33:00,baseline,88.06451613,119.4889442673828,105.56526947021484
5,0.95,aci,2025-05-17 16:59:00,baseline,61.87096774,93.00401232158202,79.08033752441406
5,0.95,aci,2025-05-17 18:25:00,baseline,63.22580645,84.94891332423828,71.23584747314453
5,0.95,aci,2025-05-17 19:50:00,baseline,63.67741935,81.32763646876953,67.61457061767578
5,0.95,aci,2025-05-17 21:16:00,baseline,86.70967742,95.87263488769531,82.18575286865234
5,0.95,aci,2025-05-17 22:42:00,baseline,87.61290323,98.20514235990234,84.97600555419922
5,0.95,aci,2025-05-18 00:07:00,baseline,87.61290323,102.64831862943359,89.41918182373047
5,0.95,aci,2025-05-18 01:33:00,baseline,92.58064516,116.11647698638671,103.2986068725586
5,0.95,aci,2025-05-18 02:58:00,baseline,92.58064516,107.8971341234375,95.32482147216797
5,0.95,aci,2025-05-18 04:24:00,baseline,116.9677419,103.98495608388671,91.41264343261719
5,0.95,aci,2025-05-18 05:50:00,baseline,117.4193548,130.66194106835937,109.5833969116211
5,0.95,aci,2025-05-18 07:15:00,baseline,117.8709677,132.5708573867578,113.10773468017578
5,0.95,aci,2025-05-18 08:41:00,baseline,117.8709677,129.18417678373046,109.72105407714844
5,0.95,aci,2025-05-18 10:06:00,baseline,117.4193548,131.12892321865235,111.92658233642578
5,0.95,aci,2025-05-18 11:32:00,baseline,104.3225806,125.72178649902344,107.06954193115234
5,0.95,aci,2025-05-18 12:58:00,baseline,104.3225806,109.44083404541016,90.78858947753906
5,0.95,aci,2025-05-18 14:23:00,baseline,102.9677419,107.70585977296875,90.76477813720703
5,0.95,aci,2025-05-18 15:49:00,baseline,67.29032258,106.32625628830078,91.81565856933594
5,0.95,aci,2025-05-18 17:15:00,baseline,68.19354839,92.66603137375,78.15543365478516
5,0.95,aci,2025-05-18 18:40:00,baseline,68.19354839,104.3783589034375,90.16190338134766
5,0.95,aci,2025-05-18 20:06:00,baseline,92.58064516,105.15725634013671,91.23358154296875
5,0.95,aci,2025-05-18 21:31:00,baseline,93.03225806,111.16261980449218,97.23894500732422
5,0.95,aci,2025-05-18 22:57:00,baseline,100.2580645,109.574210870625,95.86114501953125
5,0.95,aci,2025-05-19 00:23:00,elevated_risk,101.1612903,121.95670318603516,108.26982116699219
5,0.95,aci,2025-05-19 01:48:00,elevated_risk,101.1612903,121.28471374511719,107.59783172607422
5,0.95,aci,2025-05-19 03:14:00,elevated_risk,121.483871,113.93929507753906,100.40530395507812
5,0.95,aci,2025-05-19 04:39:00,elevated_risk,122.3870968,138.63413534501953,114.36021423339844
5,0.95,aci,2025-05-19 06:05:00,elevated_risk,122.3870968,136.68189325995115,112.99549865722656
5,0.95,aci,2025-05-19 07:31:00,elevated_risk,121.9354839,133.15025416083006,109.46385955810547
5,0.95,aci,2025-05-19 08:56:00,elevated_risk,110.1935484,128.40277816552734,107.32421112060547
5,0.95,aci,2025-05-19 10:22:00,elevated_risk,109.2903226,117.16418411035156,96.08563995361328
5,0.95,aci,2025-05-19 11:48:00,elevated_risk,74.51612903,118.11718704003906,97.03864288330078
5,0.95,aci,2025-05-19 13:13:00,elevated_risk,76.32258065,97.07487044828125,77.61174774169922
5,0.95,aci,2025-05-19 14:39:00,elevated_risk,76.77419355,96.00132922451172,76.79898834228516
5,0.95,aci,2025-05-19 16:04:00,elevated_risk,102.516129,106.41775683681641,87.21541595458984
5,0.95,aci,2025-05-19 17:30:00,elevated_risk,102.9677419,121.64291381835938,102.99066925048828
5,0.95,aci,2025-05-19 18:56:00,elevated_risk,102.9677419,120.92271005373047,103.98162841796875
5,0.95,aci,2025-05-19 20:21:00,elevated_risk,115.1612903,112.96320687990234,96.02212524414062
5,0.95,aci,2025-05-19 21:47:00,elevated_risk,115.6129032,137.68265431455077,112.12755584716797
5,0.95,aci,2025-05-19 23:12:00,elevated_risk,133.6774194,134.24788563779296,108.69278717041016
5,0.95,aci,2025-05-20 00:38:00,elevated_risk,133.6774194,133.81443684628906,108.25933837890625
5,0.95,aci,2025-05-20 02:04:00,elevated_risk,134.1290323,137.42376606992187,111.86866760253906
5,0.95,aci,2025-05-20 03:29:00,elevated_risk,134.1290323,134.97698109677734,109.42188262939453
5,0.95,aci,2025-05-20 04:55:00,elevated_risk,134.1290323,127.37513630917968,101.82003784179688
5,0.95,aci,2025-05-20 06:20:00,elevated_risk,112.0,136.91772095966797,104.60872650146484
5,0.95,aci,2025-05-20 07:46:00,elevated_risk,112.0,124.98167817402344,92.67268371582031
5,0.95,aci,2025-05-20 09:12:00,elevated_risk,110.6451613,126.45338837910157,94.14439392089844
5,0.95,aci,2025-05-20 10:37:00,elevated_risk,72.25806452,132.2250024538086,99.91600799560547
6,0.8,marginal,2025-05-20 12:03:00,elevated_risk,73.16129032,85.07734803166015,77.06324005126953
6,0.8,marginal,2025-05-20 13:29:00,elevated_risk,73.16129032,89.97609833683593,81.96199035644531
6,0.8,marginal,2025-05-20 14:54:00,elevated_risk,99.80645161,100.5805828949414,92.56647491455078
6,0.8,marginal,2025-05-20 16:20:00,elevated_risk,100.2580645,109.64931611027343,101.63520812988281
6,0.8,marginal,2025-05-20 17:45:00,elevated_risk,104.3225806,112.16565827335937,104.15155029296875
6,0.8,marginal,2025-05-20 19:11:00,elevated_risk,104.3225806,110.31303528751953,102.2989273071289
6,0.8,marginal,2025-05-20 20:37:00,elevated_risk,104.7741935,109.24399689640624,101.22988891601562
6,0.8,marginal,2025-05-20 22:02:00,elevated_risk,128.2580645,112.93893555607421,104.9248275756836
6,0.8,marginal,2025-05-20 23:28:00,elevated_risk,127.3548387,113.32320527042968,105.30909729003906
6,0.8,marginal,2025-05-21 00:53:00,elevated_risk,127.3548387,115.14556244816406,107.13145446777344
6,0.8,marginal,2025-05-21 02:19:00,elevated_risk,127.3548387,114.11982850041015,106.10572052001953
6,0.8,marginal,2025-05-21 03:45:00,elevated_risk,108.3870968,113.76004151310546,105.74593353271484
6,0.8,marginal,2025-05-21 05:10:00,elevated_risk,107.483871,103.50572327580078,95.49161529541016
6,0.8,marginal,2025-05-21 06:36:00,elevated_risk,69.5483871,105.5609524628125,97.54684448242188
6,0.8,marginal,2025-05-21 08:02:00,elevated_risk,70.90322581,85.37468079533203,77.3605728149414
6,0.8,marginal,2025-05-21 09:27:00,elevated_risk,71.35483871,91.5432522675,83.52914428710938
6,0.8,marginal,2025-05-21 10:53:00,elevated_risk,93.03225806,99.99631623234374,91.98220825195312
6,0.8,marginal,2025-05-21 12:18:00,elevated_risk,94.38709677,101.217324533125,93.20321655273438
6,0.8,marginal,2025-05-21 13:44:00,elevated_risk,94.38709677,98.51585511173828,90.50174713134766
6,0.8,marginal,2025-05-21 15:10:00,elevated_risk,103.4193548,88.28484467472656,80.27073669433594
6,0.8,marginal,2025-05-21 16:35:00,elevated_risk,103.4193548,111.38525513615234,103.37114715576172
6,0.8,marginal,2025-05-21 18:01:00,elevated_risk,124.6451613,110.43549469914062,102.42138671875
6,0.8,marginal,2025-05-21 19:26:00,elevated_risk,125.0967742,112.1319516083203,104.11784362792969
6,0.8,marginal,2025-05-21 20:52:00,elevated_risk,125.5483871,114.75147370304687,106.73736572265625
6,0.8,marginal,2025-05-21 22:18:00,elevated_risk,125.5483871,109.94676331486328,101.93265533447266
6,0.8,marginal,2025-05-21 23:43:00,elevated_risk,124.6451613,115.29956940617187,107.28546142578125
6,0.8,marginal,2025-05-22 01:09:00,baseline,108.3870968,114.55642823185546,106.54232025146484
6,0.8,marginal,2025-05-22 02:35:00,baseline,108.3870968,102.76369599308593,94.74958801269531
6,0.8,marginal,2025-05-22 04:00:00,baseline,107.0322581,82.01094178166015,73.99683380126953
6,0.8,marginal,2025-05-22 05:26:00,baseline,67.29032258,108.58740357365234,100.57329559326172
6,0.8,marginal,2025-05-22 06:51:00,baseline,67.74193548,79.1682064911328,71.15409851074219
6,0.8,marginal,2025-05-22 08:17:00,baseline,67.74193548,92.75911835636718,84.74501037597656
6,0.8,marginal,2025-05-22 09:43:00,baseline,89.87096774,99.85036591496093,91.83625793457031
6,0.8,marginal,2025-05-22 11:08:00,baseline,91.22580645,94.81167725529296,86.79756927490234
6,0.8,marginal,2025-05-22 12:34:00,baseline,98.0,93.26875428166015,85.25464630126953
6,0.8,marginal,2025-05-22 13:59:00,baseline,98.90322581,108.14213685001953,100.1280288696289
6,0.8,marginal,2025-05-22 15:25:00,baseline,118.3225806,104.55830506291015,96.54419708251953
6,0.8,marginal,2025-05-22 16:51:00,baseline,118.3225806,116.20742920841796,108.19332122802734
6,0.8,marginal,2025-05-22 18:16:00,baseline,118.3225806,117.24095276798828,109.22684478759766
6,0.8,marginal,2025-05-22 19:42:00,baseline,117.8709677,109.49493531193359,101.48082733154297
6,0.8,marginal,2025-05-22 21:08:00,baseline,116.9677419,109.11444214787109,101.10033416748047
6,0.8,marginal,2025-05-22 22:33:00,baseline,100.2580645,104.30898407902343,96.29487609863281
6,0.8,marginal,2025-05-22 23:59:00,baseline,98.90322581,101.02588013615234,93.01177215576172
6,0.8,marginal,2025-05-23 01:24:00,elevated_risk,65.48387097,105.4832699676953,97.46916198730469
6,0.8,marginal,2025-05-23 02:50:00,elevated_risk,66.83870968,78.0094159027539,69.99530792236328
6,0.8,marginal,2025-05-23 04:16:00,elevated_risk,67.29032258,83.8019192596875,75.78781127929688
6,0.8,marginal,2025-05-23 05:41:00,elevated_risk,89.41935484,92.37754944767578,84.36344146728516
6,0.8,marginal,2025-05-23 07:07:00,elevated_risk,89.87096774,97.95077637638671,89.9366683959961
6,0.8,marginal,2025-05-23 08:32:00,elevated_risk,90.77419355,98.52411774601562,90.510009765625
6,0.8,marginal,2025-05-23 09:58:00,elevated_risk,96.19354839,81.19320801701171,73.1791000366211
6,0.8,marginal,2025-05-23 11:24:00,elevated_risk,96.64516129,106.31222657169921,98.2981185913086
6,0.8,marginal,2025-05-23 12:49:00,elevated_risk,115.6129032,100.24475983585937,92.23065185546875
6,0.8,marginal,2025-05-23 14:15:00,elevated_risk,116.9677419,117.3952572723828,109.38114929199219
6,0.8,marginal,2025-05-23 15:40:00,elevated_risk,116.9677419,120.98700074162109,112.97289276123047
6,0.8,marginal,2025-05-23 17:06:00,elevated_risk,116.9677419,114.72622803654296,106.71212005615234
6,0.8,marginal,2025-05-23 18:32:00,elevated_risk,116.9677419,119.54670075382812,111.5325927734375
6,0.8,marginal,2025-05-23 19:57:00,elevated_risk,104.7741935,97.2202313324414,89.20612335205078
6,0.8,marginal,2025-05-23 21:23:00,elevated_risk,104.3225806,109.39378479923828,101.37967681884766
6,0.8,marginal,2025-05-23 22:49:00,elevated_risk,103.4193548,104.25979737248046,96.24568939208984
6,0.8,marginal,2025-05-24 00:14:00,elevated_risk,67.74193548,98.59145478214843,90.57734680175781
6,0.8,marginal,2025-05-24 01:40:00,elevated_risk,67.74193548,87.81254700626953,79.7984390258789
6,0.8,marginal,2025-05-24 03:05:00,elevated_risk,67.74193548,97.61958435978515,89.60547637939453
6,0.8,marginal,2025-05-24 04:31:00,elevated_risk,87.61290323,100.1732342621289,92.15912628173828
6,0.8,marginal,2025-05-24 05:57:00,elevated_risk,92.58064516,97.68194703068359,89.66783905029297
6,0.8,marginal,2025-05-24 07:22:00,elevated_risk,92.58064516,102.38656739201171,94.3724594116211
6,0.8,marginal,2025-05-24 08:48:00,elevated_risk,92.58064516,103.97898224796874,95.96487426757812
6,0.8,adaptive,2025-05-20 12:03:00,elevated_risk,73.16129032,91.08223853859138,77.06324005126953
6,0.8,adaptive,2025-05-20 13:29:00,elevated_risk,73.16129032,92.87751008415731,81.96199035644531
6,0.8,adaptive,2025-05-20 14:54:00,elevated_risk,99.80645161,100.0968413366852,92.56647491455078
6,0.8,adaptive,2025-05-20 16:20:00,elevated_risk,100.2580645,108.78879029995493,101.63520812988281
6,0.8,adaptive,2025-05-20 17:45:00,elevated_risk,104.3225806,110.6252042014901,104.15155029296875
6,0.8,adaptive,2025-05-20 19:11:00,elevated_risk,104.3225806,112.79120607015776,102.2989273071289
6,0.8,adaptive,2025-05-20 20:37:00,elevated_risk,104.7741935,108.51982242429818,101.22988891601562
6,0.8,adaptive,2025-05-20 22:02:00,elevated_risk,128.2580645,112.87739627777303,104.9248275756836
6,0.8,adaptive,2025-05-20 23:28:00,elevated_risk,127.3548387,117.10379453441848,105.30909729003906
6,0.8,adaptive,2025-05-21 00:53:00,elevated_risk,127.3548387,119.29687246575305,107.13145446777344
6,0.8,adaptive,2025-05-21 02:19:00,elevated_risk,127.3548387,116.62338088240651,106.10572052001953
6,0.8,adaptive,2025-05-21 03:45:00,elevated_risk,108.3870968,116.26359389510182,105.74593353271484
6,0.8,adaptive,2025-05-21 05:10:00,elevated_risk,107.483871,102.89029258979409,95.49161529541016
6,0.8,adaptive,2025-05-21 06:36:00,elevated_risk,69.5483871,104.01863323147931,97.54684448242188
6,0.8,adaptive,2025-05-21 08:02:00,elevated_risk,70.90322581,82.14274965222786,77.3605728149414
6,0.8,adaptive,2025-05-21 09:27:00,elevated_risk,71.35483871,92.53532534057017,83.52914428710938
6,0.8,adaptive,2025-05-21 10:53:00,elevated_risk,93.03225806,98.43932179764116,91.98220825195312
6,0.8,adaptive,2025-05-21 12:18:00,elevated_risk,94.38709677,96.08651365547186,93.20321655273438
6,0.8,adaptive,2025-05-21 13:44:00,elevated_risk,94.38709677,92.86480054811567,90.50174713134766
6,0.8,adaptive,2025-05-21 15:10:00,elevated_risk,103.4193548,96.79511989035596,80.27073669433594
6,0.8,adaptive,2025-05-21 16:35:00,elevated_risk,103.4193548,114.7316110672635,103.37114715576172
6,0.8,adaptive,2025-05-21 18:01:00,elevated_risk,124.6451613,113.21149711544716,102.42138671875
6,0.8,adaptive,2025-05-21 19:26:00,elevated_risk,125.0967742,118.32326915178683,104.11784362792969
6,0.8,adaptive,2025-05-21 20:52:00,elevated_risk,125.5483871,121.80363798489114,106.73736572265625
6,0.8,adaptive,2025-05-21 22:18:00,elevated_risk,125.5483871,111.93708556616596,101.93265533447266
6,0.8,adaptive,2025-05-21 23:43:00,elevated_risk,124.6451613,119.78061044137812,107.28546142578125
6,0.8,adaptive,2025-05-22 01:09:00,baseline,108.3870968,119.81448734604362,106.54232025146484
6,0.8,adaptive,2025-05-22 02:35:00,baseline,108.3870968,104.04654643711207,94.74958801269531
6,0.8,adaptive,2025-05-22 04:00:00,baseline,107.0322581,99.79910847126459,73.99683380126953
6,0.8,adaptive,2025-05-22 05:26:00,baseline,67.29032258,107.76763959435506,100.57329559326172
6,0.8,adaptive,2025-05-22 06:51:00,baseline,67.74193548,79.2074068603629,71.15409851074219
6,0.8,adaptive,2025-05-22 08:17:00,baseline,67.74193548,94.07773542148425,84.74501037597656
6,0.8,adaptive,2025-05-22 09:43:00,baseline,89.87096774,96.97454962596234,91.83625793457031
6,0.8,adaptive,2025-05-22 11:08:00,baseline,91.22580645,91.3223480795067,86.79756927490234
6,0.8,adaptive,2025-05-22 12:34:00,baseline,98.0,89.46788113572417,85.25464630126953
6,0.8,adaptive,2025-05-22 13:59:00,baseline,98.90322581,107.02485932519971,100.1280288696289
6,0.8,adaptive,2025-05-22 15:25:00,baseline,118.3225806,110.2231862032179,96.54419708251953
6,0.8,adaptive,2025-05-22 16:51:00,baseline,118.3225806,120.72326487155166,108.19332122802734
6,0.8,adaptive,2025-05-22 18:16:00,baseline,118.3225806,121.60560385601764,109.22684478759766
6,0.8,adaptive,2025-05-22 19:42:00,baseline,117.8709677,112.3196793895944,101.48082733154297
6,0.8,adaptive,2025-05-22 21:08:00,baseline,116.9677419,113.89147536038186,101.10033416748047
6,0.8,adaptive,2025-05-22 22:33:00,baseline,100.2580645,108.1038783334796,96.29487609863281
6,0.8,adaptive,2025-05-22 23:59:00,baseline,98.90322581,110.02550890893947,93.01177215576172
6,0.8,adaptive,2025-05-23 01:24:00,elevated_risk,65.48387097,108.37645195568965,97.46916198730469
6,0.8,adaptive,2025-05-23 02:50:00,elevated_risk,66.83870968,76.65463342651462,69.99530792236328
6,0.8,adaptive,2025-05-23 04:16:00,elevated_risk,67.29032258,82.4162991093084,75.78781127929688
6,0.8,adaptive,2025-05-23 05:41:00,elevated_risk,89.41935484,92.93088518445428,84.36344146728516
6,0.8,adaptive,2025-05-23 07:07:00,elevated_risk,89.87096774,94.5707476557409,89.9366683959961
6,0.8,adaptive,2025-05-23 08:32:00,elevated_risk,90.77419355,93.77437027149145,90.510009765625
6,0.8,adaptive,2025-05-23 09:58:00,elevated_risk,96.19354839,86.7073443783751,73.1791000366211
6,0.8,adaptive,2025-05-23 11:24:00,elevated_risk,96.64516129,105.31792413399704,98.2981185913086
6,0.8,adaptive,2025-05-23 12:49:00,elevated_risk,115.6129032,105.32783839012872,92.23065185546875
6,0.8,adaptive,2025-05-23 14:15:00,elevated_risk,116.9677419,121.4468117226948,109.38114929199219
6,0.8,adaptive,2025-05-23 15:40:00,elevated_risk,116.9677419,124.0407860165281,112.97289276123047
6,0.8,adaptive,2025-05-23 17:06:00,elevated_risk,116.9677419,121.31008243393741,106.71212005615234
6,0.8,adaptive,2025-05-23 18:32:00,elevated_risk,116.9677419,134.36407781345724,111.5325927734375
6,0.8,adaptive,2025-05-23 19:57:00,elevated_risk,104.7741935,124.6742917208407,89.20612335205078
6,0.8,adaptive,2025-05-23 21:23:00,elevated_risk,104.3225806,111.09445971460525,101.37967681884766
6,0.8,adaptive,2025-05-23 22:49:00,elevated_risk,103.4193548,107.70518056467307,96.24568939208984
6,0.8,adaptive,2025-05-24 00:14:00,elevated_risk,67.74193548,102.23227456708747,90.57734680175781
6,0.8,adaptive,2025-05-24 01:40:00,elevated_risk,67.74193548,86.43105192879642,79.7984390258789
6,0.8,adaptive,2025-05-24 03:05:00,elevated_risk,67.74193548,97.83519374816233,89.60547637939453
6,0.8,adaptive,2025-05-24 04:31:00,elevated_risk,87.61290323,98.25912608126333,92.15912628173828
6,0.8,adaptive,2025-05-24 05:57:00,elevated_risk,92.58064516,95.88027306535832,89.66783905029297
6,0.8,adaptive,2025-05-24 07:22:00,elevated_risk,92.58064516,100.24320323425411,94.3724594116211
6,0.8,adaptive,2025-05-24 08:48:00,elevated_risk,92.58064516,101.51274668716401,95.96487426757812
6,0.8,mondrian,2025-05-20 12:03:00,elevated_risk,73.16129032,88.29659590214844,77.06324005126953
6,0.8,mondrian,2025-05-20 13:29:00,elevated_risk,73.16129032,93.19534620732422,81.96199035644531
6,0.8,mondrian,2025-05-20 14:54:00,elevated_risk,99.80645161,103.79983076542969,92.56647491455078
6,0.8,mondrian,2025-05-20 16:20:00,elevated_risk,100.2580645,112.86856398076172,101.63520812988281
6,0.8,mondrian,2025-05-20 17:45:00,elevated_risk,104.3225806,115.38490614384766,104.15155029296875
6,0.8,mondrian,2025-05-20 19:11:00,elevated_risk,104.3225806,113.53228315800781,102.2989273071289
6,0.8,mondrian,2025-05-20 20:37:00,elevated_risk,104.7741935,112.46324476689453,101.22988891601562
6,0.8,mondrian,2025-05-20 22:02:00,elevated_risk,128.2580645,116.1581834265625,104.9248275756836
6,0.8,mondrian,2025-05-20 23:28:00,elevated_risk,127.3548387,116.54245314091797,105.30909729003906
6,0.8,mondrian,2025-05-21 00:53:00,elevated_risk,127.3548387,118.36481031865235,107.13145446777344
6,0.8,mondrian,2025-05-21 02:19:00,elevated_risk,127.3548387,117.33907637089844,106.10572052001953
6,0.8,mondrian,2025-05-21 03:45:00,elevated_risk,108.3870968,116.97928938359375,105.74593353271484
6,0.8,mondrian,2025-05-21 05:10:00,elevated_risk,107.483871,106.72497114628906,95.49161529541016
6,0.8,mondrian,2025-05-21 06:36:00,elevated_risk,69.5483871,108.78020033330078,97.54684448242188
6,0.8,mondrian,2025-05-21 08:02:00,elevated_risk,70.90322581,88.59392866582031,77.3605728149414
6,0.8,mondrian,2025-05-21 09:27:00,elevated_risk,71.35483871,94.76250013798828,83.52914428710938
6,0.8,mondrian,2025-05-21 10:53:00,elevated_risk,93.03225806,103.21556410283203,91.98220825195312
6,0.8,mondrian,2025-05-21 12:18:00,elevated_risk,94.38709677,104.43657240361328,93.20321655273438
6,0.8,mondrian,2025-05-21 13:44:00,elevated_risk,94.38709677,101.73510298222656,90.50174713134766
6,0.8,mondrian,2025-05-21 15:10:00,elevated_risk,103.4193548,91.50409254521485,80.27073669433594
6,0.8,mondrian,2025-05-21 16:35:00,elevated_risk,103.4193548,114.60450300664063,103.37114715576172
6,0.8,mondrian,2025-05-21 18:01:00,elevated_risk,124.6451613,113.65474256962891,102.42138671875
6,0.8,mondrian,2025-05-21 19:26:00,elevated_risk,125.0967742,115.3511994788086,104.11784362792969
6,0.8,mondrian,2025-05-21 20:52:00,elevated_risk,125.5483871,117.97072157353516,106.73736572265625
6,0.8,mondrian,2025-05-21 22:18:00,elevated_risk,125.5483871,113.16601118535156,101.93265533447266
6,0.8,mondrian,2025-05-21 23:43:00,elevated_risk,124.6451613,118.51881727666016,107.28546142578125
6,0.8,mondrian,2025-05-22 01:09:00,baseline,108.3870968,113.06553103945312,106.54232025146484
6,0.8,mondrian,2025-05-22 02:35:00,baseline,108.3870968,101.27279880068359,94.74958801269531
6,0.8,mondrian,2025-05-22 04:00:00,baseline,107.0322581,80.52004458925781,73.99683380126953
6,0.8,mondrian,2025-05-22 05:26:00,baseline,67.29032258,107.09650638125,100.57329559326172
6,0.8,mondrian,2025-05-22 06:51:00,baseline,67.74193548,77.67730929873046,71.15409851074219
6,0.8,mondrian,2025-05-22 08:17:00,baseline,67.74193548,91.26822116396484,84.74501037597656
6,0.8,mondrian,2025-05-22 09:43:00,baseline,89.87096774,98.35946872255859,91.83625793457031
6,0.8,mondrian,2025-05-22 11:08:00,baseline,91.22580645,93.32078006289062,86.79756927490234
6,0.8,mondrian,2025-05-22 12:34:00,baseline,98.0,91.77785708925781,85.25464630126953
6,0.8,mondrian,2025-05-22 13:59:00,baseline,98.90322581,106.65123965761718,100.1280288696289
6,0.8,mondrian,2025-05-22 15:25:00,baseline,118.3225806,103.06740787050781,96.54419708251953
6,0.8,mondrian,2025-05-22 16:51:00,baseline,118.3225806,114.71653201601562,108.19332122802734
6,0.8,mondrian,2025-05-22 18:16:00,baseline,118.3225806,115.75005557558593,109.22684478759766
6,0.8,mondrian,2025-05-22 19:42:00,baseline,117.8709677,108.00403811953124,101.48082733154297
6,0.8,mondrian,2025-05-22 21:08:00,baseline,116.9677419,107.62354495546874,101.10033416748047
6,0.8,mondrian,2025-05-22 22:33:00,baseline,100.2580645,102.81808688662109,96.29487609863281
6,0.8,mondrian,2025-05-22 23:59:00,baseline,98.90322581,99.53498294375,93.01177215576172
6,0.8,mondrian,2025-05-23 01:24:00,elevated_risk,65.48387097,108.7025178381836,97.46916198730469
6,0.8,mondrian,2025-05-23 02:50:00,elevated_risk,66.83870968,81.22866377324219,69.99530792236328
6,0.8,mondrian,2025-05-23 04:16:00,elevated_risk,67.29032258,87.02116713017578,75.78781127929688
6,0.8,mondrian,2025-05-23 05:41:00,elevated_risk,89.41935484,95.59679731816406,84.36344146728516
6,0.8,mondrian,2025-05-23 07:07:00,elevated_risk,89.87096774,101.170024246875,89.9366683959961
6,0.8,mondrian,2025-05-23 08:32:00,elevated_risk,90.77419355,101.74336561650391,90.510009765625
6,0.8,mondrian,2025-05-23 09:58:00,elevated_risk,96.19354839,84.4124558875,73.1791000366211
6,0.8,mondrian,2025-05-23 11:24:00,elevated_risk,96.64516129,109.5314744421875,98.2981185913086
6,0.8,mondrian,2025-05-23 12:49:00,elevated_risk,115.6129032,103.46400770634766,92.23065185546875
6,0.8,mondrian,2025-05-23 14:15:00,elevated_risk,116.9677419,120.6145051428711,109.38114929199219
6,0.8,mondrian,2025-05-23 15:40:00,elevated_risk,116.9677419,124.20624861210938,112.97289276123047
6,0.8,mondrian,2025-05-23 17:06:00,elevated_risk,116.9677419,117.94547590703125,106.71212005615234
6,0.8,mondrian,2025-05-23 18:32:00,elevated_risk,116.9677419,122.76594862431641,111.5325927734375
6,0.8,mondrian,2025-05-23 19:57:00,elevated_risk,104.7741935,100.43947920292969,89.20612335205078
6,0.8,mondrian,2025-05-23 21:23:00,elevated_risk,104.3225806,112.61303266972656,101.37967681884766
6,0.8,mondrian,2025-05-23 22:49:00,elevated_risk,103.4193548,107.47904524296875,96.24568939208984
6,0.8,mondrian,2025-05-24 00:14:00,elevated_risk,67.74193548,101.81070265263672,90.57734680175781
6,0.8,mondrian,2025-05-24 01:40:00,elevated_risk,67.74193548,91.03179487675781,79.7984390258789
6,0.8,mondrian,2025-05-24 03:05:00,elevated_risk,67.74193548,100.83883223027344,89.60547637939453
6,0.8,mondrian,2025-05-24 04:31:00,elevated_risk,87.61290323,103.39248213261719,92.15912628173828
6,0.8,mondrian,2025-05-24 05:57:00,elevated_risk,92.58064516,100.90119490117188,89.66783905029297
6,0.8,mondrian,2025-05-24 07:22:00,elevated_risk,92.58064516,105.6058152625,94.3724594116211
6,0.8,mondrian,2025-05-24 08:48:00,elevated_risk,92.58064516,107.19823011845703,95.96487426757812
6,0.8,aci,2025-05-20 12:03:00,elevated_risk,73.16129032,85.07734803166015,77.06324005126953
6,0.8,aci,2025-05-20 13:29:00,elevated_risk,73.16129032,89.75604273044922,81.96199035644531
6,0.8,aci,2025-05-20 14:54:00,elevated_risk,99.80645161,99.94065366972656,92.56647491455078
6,0.8,aci,2025-05-20 16:20:00,elevated_risk,100.2580645,108.87518482533203,101.63520812988281
6,0.8,aci,2025-05-20 17:45:00,elevated_risk,104.3225806,110.8866675140625,104.15155029296875
6,0.8,aci,2025-05-20 19:11:00,elevated_risk,104.3225806,108.28475238205078,102.2989273071289
6,0.8,aci,2025-05-20 20:37:00,elevated_risk,104.7741935,106.79351461667969,101.22988891601562
6,0.8,aci,2025-05-20 22:02:00,elevated_risk,128.2580645,110.39134881255859,104.9248275756836
6,0.8,aci,2025-05-20 23:28:00,elevated_risk,127.3548387,112.54907398548828,105.30909729003906
6,0.8,aci,2025-05-21 00:53:00,elevated_risk,127.3548387,115.79972494382812,107.13145446777344
6,0.8,aci,2025-05-21 02:19:00,elevated_risk,127.3548387,116.76769601564453,106.10572052001953
6,0.8,aci,2025-05-21 03:45:00,elevated_risk,108.3870968,118.04649328029296,105.74593353271484
6,0.8,aci,2025-05-21 05:10:00,elevated_risk,107.483871,107.44746595910156,95.49161529541016
6,0.8,aci,2025-05-21 06:36:00,elevated_risk,69.5483871,113.60894677398437,97.54684448242188
6,0.8,aci,2025-05-21 08:02:00,elevated_risk,70.90322581,92.24838576810546,77.3605728149414
6,0.8,aci,2025-05-21 09:27:00,elevated_risk,71.35483871,96.5739399121289,83.52914428710938
6,0.8,aci,2025-05-21 10:53:00,elevated_risk,93.03225806,104.28276799953125,91.98220825195312
6,0.8,aci,2025-05-21 12:18:00,elevated_risk,94.38709677,105.15906721642578,93.20321655273438
6,0.8,aci,2025-05-21 13:44:00,elevated_risk,94.38709677,102.18700977890624,90.50174713134766
6,0.8,aci,2025-05-21 15:10:00,elevated_risk,103.4193548,91.50409254521485,80.27073669433594
6,0.8,aci,2025-05-21 16:35:00,elevated_risk,103.4193548,117.65768876582031,103.37114715576172
6,0.8,aci,2025-05-21 18:01:00,elevated_risk,124.6451613,114.72194646632812,102.42138671875
6,0.8,aci,2025-05-21 19:26:00,elevated_risk,125.0967742,124.34122786015625,104.11784362792969
6,0.8,aci,2025-05-21 20:52:00,elevated_risk,125.5483871,131.4862344024414,106.73736572265625
6,0.8,aci,2025-05-21 22:18:00,elevated_risk,125.5483871,125.29149923662109,101.93265533447266
6,0.8,aci,2025-05-21 23:43:00,elevated_risk,124.6451613,142.0572903734375,107.28546142578125
6,0.8,aci,2025-05-22 01:09:00,baseline,108.3870968,136.24821107197266,106.54232025146484
6,0.8,aci,2025-05-22 02:35:00,baseline,108.3870968,120.11984423916016,94.74958801269531
6,0.8,aci,2025-05-22 04:00:00,baseline,107.0322581,98.74570248105468,73.99683380126953
6,0.8,aci,2025-05-22 05:26:00,baseline,67.29032258,135.34512454091796,100.57329559326172
6,0.8,aci,2025-05-22 06:51:00,baseline,67.74193548,105.92592745839843,71.15409851074219
6,0.8,aci,2025-05-22 08:17:00,baseline,67.74193548,117.78043467470704,84.74501037597656
6,0.8,aci,2025-05-22 09:43:00,baseline,89.87096774,117.44991700458985,91.83625793457031
6,0.8,aci,2025-05-22 11:08:00,baseline,91.22580645,111.99858754208984,86.79756927490234
6,0.8,aci,2025-05-22 12:34:00,baseline,98.0,108.87037806679687,85.25464630126953
6,0.8,aci,2025-05-22 13:59:00,baseline,98.90322581,123.27664697529296,100.1280288696289
6,0.8,aci,2025-05-22 15:25:00,baseline,118.3225806,118.58993849248047,96.54419708251953
6,0.8,aci,2025-05-22 16:51:00,baseline,118.3225806,129.44243940800783,108.19332122802734
6,0.8,aci,2025-05-22 18:16:00,baseline,118.3225806,129.45022901982423,109.22684478759766
6,0.8,aci,2025-05-22 19:42:00,baseline,117.8709677,120.29184870888672,101.48082733154297
6,0.8,aci,2025-05-22 21:08:00,baseline,116.9677419,118.4054349046875,101.10033416748047
6,0.8,aci,2025-05-22 22:33:00,baseline,100.2580645,112.25935363769531,96.29487609863281
6,0.8,aci,2025-05-22 23:59:00,baseline,98.90322581,107.7409439086914,93.01177215576172
6,0.8,aci,2025-05-23 01:24:00,elevated_risk,65.48387097,111.10667077460937,97.46916198730469
6,0.8,aci,2025-05-23 02:50:00,elevated_risk,66.83870968,82.61886050722656,69.99530792236328
6,0.8,aci,2025-05-23 04:16:00,elevated_risk,67.29032258,87.76532130410156,75.78781127929688
6,0.8,aci,2025-05-23 05:41:00,elevated_risk,89.41935484,96.04870411484374,84.36344146728516
6,0.8,aci,2025-05-23 07:07:00,elevated_risk,89.87096774,101.170024246875,89.9366683959961
6,0.8,aci,2025-05-23 08:32:00,elevated_risk,90.77419355,101.17198526125,90.510009765625
6,0.8,aci,2025-05-23 09:58:00,elevated_risk,96.19354839,83.40567877533204,73.1791000366211
6,0.8,aci,2025-05-23 11:24:00,elevated_risk,96.64516129,110.27562861611328,98.2981185913086
6,0.8,aci,2025-05-23 12:49:00,elevated_risk,115.6129032,103.91591450302734,92.23065185546875
6,0.8,aci,2025-05-23 14:15:00,elevated_risk,116.9677419,124.26896224515625,109.38114929199219
6,0.8,aci,2025-05-23 15:40:00,elevated_risk,116.9677419,126.61040154853515,112.97289276123047
6,0.8,aci,2025-05-23 17:06:00,elevated_risk,116.9677419,119.33567264101562,106.71212005615234
6,0.8,aci,2025-05-23 18:32:00,elevated_risk,116.9677419,123.51010279824219,111.5325927734375
6,0.8,aci,2025-05-23 19:57:00,elevated_risk,104.7741935,100.89138599960937,89.20612335205078
6,0.8,aci,2025-05-23 21:23:00,elevated_risk,104.3225806,116.94774696679687,101.37967681884766
6,0.8,aci,2025-05-23 22:49:00,elevated_risk,103.4193548,110.53223100214844,96.24568939208984
6,0.8,aci,2025-05-24 00:14:00,elevated_risk,67.74193548,103.32270050048828,90.57734680175781
6,0.8,aci,2025-05-24 01:40:00,elevated_risk,67.74193548,91.79069473046874,79.7984390258789
6,0.8,aci,2025-05-24 03:05:00,elevated_risk,67.74193548,101.30174304367188,89.60547637939453
6,0.8,aci,2025-05-24 04:31:00,elevated_risk,87.61290323,103.54053543310548,92.15912628173828
6,0.8,aci,2025-05-24 05:57:00,elevated_risk,92.58064516,100.32981454591797,89.66783905029297
6,0.8,aci,2025-05-24 07:22:00,elevated_risk,92.58064516,104.62808125546874,94.3724594116211
6,0.8,aci,2025-05-24 08:48:00,elevated_risk,92.58064516,106.08637750507812,95.96487426757812
6,0.9,marginal,2025-05-20 12:03:00,elevated_risk,73.16129032,89.36379979884765,77.06324005126953
6,0.9,marginal,2025-05-20 13:29:00,elevated_risk,73.16129032,94.26255010402343,81.96199035644531
6,0.9,marginal,2025-05-20 14:54:00,elevated_risk,99.80645161,104.8670346621289,92.56647491455078
6,0.9,marginal,2025-05-20 16:20:00,elevated_risk,100.2580645,113.93576787746093,101.63520812988281
6,0.9,marginal,2025-05-20 17:45:00,elevated_risk,104.3225806,116.45211004054687,104.15155029296875
6,0.9,marginal,2025-05-20 19:11:00,elevated_risk,104.3225806,114.59948705470703,102.2989273071289
6,0.9,marginal,2025-05-20 20:37:00,elevated_risk,104.7741935,113.53044866359375,101.22988891601562
6,0.9,marginal,2025-05-20 22:02:00,elevated_risk,128.2580645,117.22538732326171,104.9248275756836
6,0.9,marginal,2025-05-20 23:28:00,elevated_risk,127.3548387,117.60965703761718,105.30909729003906
6,0.9,marginal,2025-05-21 00:53:00,elevated_risk,127.3548387,119.43201421535156,107.13145446777344
6,0.9,marginal,2025-05-21 02:19:00,elevated_risk,127.3548387,118.40628026759765,106.10572052001953
6,0.9,marginal,2025-05-21 03:45:00,elevated_risk,108.3870968,118.04649328029296,105.74593353271484
6,0.9,marginal,2025-05-21 05:10:00,elevated_risk,107.483871,107.79217504298828,95.49161529541016
6,0.9,marginal,2025-05-21 06:36:00,elevated_risk,69.5483871,109.84740423,97.54684448242188
6,0.9,marginal,2025-05-21 08:02:00,elevated_risk,70.90322581,89.66113256251953,77.3605728149414
6,0.9,marginal,2025-05-21 09:27:00,elevated_risk,71.35483871,95.8297040346875,83.52914428710938
6,0.9,marginal,2025-05-21 10:53:00,elevated_risk,93.03225806,104.28276799953125,91.98220825195312
6,0.9,marginal,2025-05-21 12:18:00,elevated_risk,94.38709677,105.5037763003125,93.20321655273438
6,0.9,marginal,2025-05-21 13:44:00,elevated_risk,94.38709677,102.80230687892578,90.50174713134766
6,0.9,marginal,2025-05-21 15:10:00,elevated_risk,103.4193548,92.57129644191406,80.27073669433594
6,0.9,marginal,2025-05-21 16:35:00,elevated_risk,103.4193548,115.67170690333984,103.37114715576172
6,0.9,marginal,2025-05-21 18:01:00,elevated_risk,124.6451613,114.72194646632812,102.42138671875
6,0.9,marginal,2025-05-21 19:26:00,elevated_risk,125.0967742,116.41840337550781,104.11784362792969
6,0.9,marginal,2025-05-21 20:52:00,elevated_risk,125.5483871,119.03792547023437,106.73736572265625
6,0.9,marginal,2025-05-21 22:18:00,elevated_risk,125.5483871,114.23321508205078,101.93265533447266
6,0.9,marginal,2025-05-21 23:43:00,elevated_risk,124.6451613,119.58602117335937,107.28546142578125
6,0.9,marginal,2025-05-22 01:09:00,baseline,108.3870968,118.84287999904296,106.54232025146484
6,0.9,marginal,2025-05-22 02:35:00,baseline,108.3870968,107.05014776027343,94.74958801269531
6,0.9,marginal,2025-05-22 04:00:00,baseline,107.0322581,86.29739354884765,73.99683380126953
6,0.9,marginal,2025-05-22 05:26:00,baseline,67.29032258,112.87385534083984,100.57329559326172
6,0.9,marginal,2025-05-22 06:51:00,baseline,67.74193548,83.45465825832031,71.15409851074219
6,0.9,marginal,2025-05-22 08:17:00,baseline,67.74193548,97.04557012355468,84.74501037597656
6,0.9,marginal,2025-05-22 09:43:00,baseline,89.87096774,104.13681768214843,91.83625793457031
6,0.9,marginal,2025-05-22 11:08:00,baseline,91.22580645,99.09812902248046,86.79756927490234
6,0.9,marginal,2025-05-22 12:34:00,baseline,98.0,97.55520604884765,85.25464630126953
6,0.9,marginal,2025-05-22 13:59:00,baseline,98.90322581,112.42858861720703,100.1280288696289
6,0.9,marginal,2025-05-22 15:25:00,baseline,118.3225806,108.84475683009765,96.54419708251953
6,0.9,marginal,2025-05-22 16:51:00,baseline,118.3225806,120.49388097560546,108.19332122802734
6,0.9,marginal,2025-05-22 18:16:00,baseline,118.3225806,121.52740453517578,109.22684478759766
6,0.9,marginal,2025-05-22 19:42:00,baseline,117.8709677,113.78138707912109,101.48082733154297
6,0.9,marginal,2025-05-22 21:08:00,baseline,116.9677419,113.40089391505859,101.10033416748047
6,0.9,marginal,2025-05-22 22:33:00,baseline,100.2580645,108.59543584621093,96.29487609863281
6,0.9,marginal,2025-05-22 23:59:00,baseline,98.90322581,105.31233190333984,93.01177215576172
6,0.9,marginal,2025-05-23 01:24:00,elevated_risk,65.48387097,109.76972173488281,97.46916198730469
6,0.9,marginal,2025-05-23 02:50:00,elevated_risk,66.83870968,82.2958676699414,69.99530792236328
6,0.9,marginal,2025-05-23 04:16:00,elevated_risk,67.29032258,88.088371026875,75.78781127929688
6,0.9,marginal,2025-05-23 05:41:00,elevated_risk,89.41935484,96.66400121486328,84.36344146728516
6,0.9,marginal,2025-05-23 07:07:00,elevated_risk,89.87096774,102.23722814357421,89.9366683959961
6,0.9,marginal,2025-05-23 08:32:00,elevated_risk,90.77419355,102.81056951320312,90.510009765625
6,0.9,marginal,2025-05-23 09:58:00,elevated_risk,96.19354839,85.47965978419921,73.1791000366211
6,0.9,marginal,2025-05-23 11:24:00,elevated_risk,96.64516129,110.59867833888671,98.2981185913086
6,0.9,marginal,2025-05-23 12:49:00,elevated_risk,115.6129032,104.53121160304687,92.23065185546875
6,0.9,marginal,2025-05-23 14:15:00,elevated_risk,116.9677419,121.68170903957031,109.38114929199219
6,0.9,marginal,2025-05-23 15:40:00,elevated_risk,116.9677419,125.27345250880859,112.97289276123047
6,0.9,marginal,2025-05-23 17:06:00,elevated_risk,116.9677419,119.01267980373046,106.71212005615234
6,0.9,marginal,2025-05-23 18:32:00,elevated_risk,116.9677419,123.83315252101562,111.5325927734375
6,0.9,marginal,2025-05-23 19:57:00,elevated_risk,104.7741935,101.5066830996289,89.20612335205078
6,0.9,marginal,2025-05-23 21:23:00,elevated_risk,104.3225806,113.68023656642578,101.37967681884766
6,0.9,marginal,2025-05-23 22:49:00,elevated_risk,103.4193548,108.54624913966796,96.24568939208984
6,0.9,marginal,2025-05-24 00:14:00,elevated_risk,67.74193548,102.87790654933593,90.57734680175781
6,0.9,marginal,2025-05-24 01:40:00,elevated_risk,67.74193548,92.09899877345703,79.7984390258789
6,0.9,marginal,2025-05-24 03:05:00,elevated_risk,67.74193548,101.90603612697265,89.60547637939453
6,0.9,marginal,2025-05-24 04:31:00,elevated_risk,87.61290323,104.4596860293164,92.15912628173828
6,0.9,marginal,2025-05-24 05:57:00,elevated_risk,92.58064516,101.96839879787109,89.66783905029297
6,0.9,marginal,2025-05-24 07:22:00,elevated_risk,92.58064516,106.67301915919921,94.3724594116211
6,0.9,marginal,2025-05-24 08:48:00,elevated_risk,92.58064516,108.26543401515625,95.96487426757812
6,0.9,adaptive,2025-05-20 12:03:00,elevated_risk,73.16129032,96.54397271201324,77.06324005126953
6,0.9,adaptive,2025-05-20 13:29:00,elevated_risk,73.16129032,97.13014390613971,81.96199035644531
6,0.9,adaptive,2025-05-20 14:54:00,elevated_risk,99.80645161,103.03063576310983,92.56647491455078
6,0.9,adaptive,2025-05-20 16:20:00,elevated_risk,100.2580645,111.57579139964105,101.63520812988281
6,0.9,adaptive,2025-05-20 17:45:00,elevated_risk,104.3225806,113.1473085309151,104.15155029296875
6,0.9,adaptive,2025-05-20 19:11:00,elevated_risk,104.3225806,116.87894725430354,102.2989273071289
6,0.9,adaptive,2025-05-20 20:37:00,elevated_risk,104.7741935,111.35994534749896,101.22988891601562
6,0.9,adaptive,2025-05-20 22:02:00,elevated_risk,128.2580645,115.9756786754755,104.9248275756836
6,0.9,adaptive,2025-05-20 23:28:00,elevated_risk,127.3548387,121.69895167514075,105.30909729003906
6,0.9,adaptive,2025-05-21 00:53:00,elevated_risk,127.3548387,124.03646062346743,107.13145446777344
6,0.9,adaptive,2025-05-21 02:19:00,elevated_risk,127.3548387,120.72101061520401,106.10572052001953
6,0.9,adaptive,2025-05-21 03:45:00,elevated_risk,108.3870968,120.36122362789932,105.74593353271484
6,0.9,adaptive,2025-05-21 05:10:00,elevated_risk,107.483871,105.77278156740554,95.49161529541016
6,0.9,adaptive,2025-05-21 06:36:00,elevated_risk,69.5483871,106.54001090377598,97.54684448242188
6,0.9,adaptive,2025-05-21 08:02:00,elevated_risk,70.90322581,84.00586267554223,77.3605728149414
6,0.9,adaptive,2025-05-21 09:27:00,elevated_risk,71.35483871,96.04409002702019,83.52914428710938
6,0.9,adaptive,2025-05-21 10:53:00,elevated_risk,93.03225806,100.95498208150832,91.98220825195312
6,0.9,adaptive,2025-05-21 12:18:00,elevated_risk,94.38709677,97.20983229570078,93.20321655273438
6,0.9,adaptive,2025-05-21 13:44:00,elevated_risk,94.38709677,93.7854347583023,90.50174713134766
6,0.9,adaptive,2025-05-21 15:10:00,elevated_risk,103.4193548,103.23293985859691,80.27073669433594
6,0.9,adaptive,2025-05-21 16:35:00,elevated_risk,103.4193548,119.15759299653527,103.37114715576172
6,0.9,adaptive,2025-05-21 18:01:00,elevated_risk,124.6451613,117.41527206712658,102.42138671875
6,0.9,adaptive,2025-05-21 19:26:00,elevated_risk,125.0967742,123.85763439919128,104.11784362792969
6,0.9,adaptive,2025-05-21 20:52:00,elevated_risk,125.5483871,127.673384968254,106.73736572265625
6,0.9,adaptive,2025-05-21 22:18:00,elevated_risk,125.5483871,115.83476331621847,101.93265533447266
6,0.9,adaptive,2025-05-21 23:43:00,elevated_risk,124.6451613,124.6486602127082,107.28546142578125
6,0.9,adaptive,2025-05-22 01:09:00,baseline,108.3870968,124.9852596120783,106.54232025146484
6,0.9,adaptive,2025-05-22 02:35:00,baseline,108.3870968,107.66859658437758,94.74958801269531
6,0.9,adaptive,2025-05-22 04:00:00,baseline,107.0322581,109.85155019487098,73.99683380126953
6,0.9,adaptive,2025-05-22 05:26:00,baseline,67.29032258,110.5705213067441,100.57329559326172
6,0.9,adaptive,2025-05-22 06:51:00,baseline,67.74193548,82.34493693870658,71.15409851074219
6,0.9,adaptive,2025-05-22 08:17:00,baseline,67.74193548,97.71372007176414,84.74501037597656
6,0.9,adaptive,2025-05-22 09:43:00,baseline,89.87096774,98.97640327829458,91.83625793457031
6,0.9,adaptive,2025-05-22 11:08:00,baseline,91.22580645,93.08518007115232,86.79756927490234
6,0.9,adaptive,2025-05-22 12:34:00,baseline,98.0,91.1093370997007,85.25464630126953
6,0.9,adaptive,2025-05-22 13:59:00,baseline,98.90322581,109.71183119566203,100.1280288696289
6,0.9,adaptive,2025-05-22 15:25:00,baseline,118.3225806,115.55245436784102,96.54419708251953
6,0.9,adaptive,2025-05-22 16:51:00,baseline,118.3225806,125.60487046204918,108.19332122802734
6,0.9,adaptive,2025-05-22 18:16:00,baseline,118.3225806,126.42830866547233,109.22684478759766
6,0.9,adaptive,2025-05-22 19:42:00,baseline,117.8709677,116.54244385737431,101.48082733154297
6,0.9,adaptive,2025-05-22 21:08:00,baseline,116.9677419,118.87484225592102,101.10033416748047
6,0.9,adaptive,2025-05-22 22:33:00,baseline,100.2580645,112.7046086294709,96.29487609863281
6,0.9,adaptive,2025-05-22 23:59:00,baseline,98.90322581,116.65397866207277,93.01177215576172
6,0.9,adaptive,2025-05-23 01:24:00,elevated_risk,65.48387097,112.62587950314422,97.46916198730469
6,0.9,adaptive,2025-05-23 02:50:00,elevated_risk,66.83870968,79.24907451379028,69.99530792236328
6,0.9,adaptive,2025-05-23 04:16:00,elevated_risk,67.29032258,84.99872598752121,75.78781127929688
6,0.9,adaptive,2025-05-23 05:41:00,elevated_risk,89.41935484,96.2687199214541,84.36344146728516
6,0.9,adaptive,2025-05-23 07:07:00,elevated_risk,89.87096774,96.37616257736906,89.9366683959961
6,0.9,adaptive,2025-05-23 08:32:00,elevated_risk,90.77419355,95.04614937506886,90.510009765625
6,0.9,adaptive,2025-05-23 09:58:00,elevated_risk,96.19354839,91.97788310441742,73.1791000366211
6,0.9,adaptive,2025-05-23 11:24:00,elevated_risk,96.64516129,108.05280650508445,98.2981185913086
6,0.9,adaptive,2025-05-23 12:49:00,elevated_risk,115.6129032,110.43043907424496,92.23065185546875
6,0.9,adaptive,2025-05-23 14:15:00,elevated_risk,116.9677419,126.14753559268716,109.38114929199219
6,0.9,adaptive,2025-05-23 15:40:00,elevated_risk,116.9677419,128.35278382970372,112.97289276123047
6,0.9,adaptive,2025-05-23 17:06:00,elevated_risk,116.9677419,126.99737814576588,106.71212005615234
6,0.9,adaptive,2025-05-23 18:32:00,elevated_risk,116.9677419,143.25911423034665,111.5325927734375
6,0.9,adaptive,2025-05-23 19:57:00,elevated_risk,104.7741935,138.49251899461416,89.20612335205078
6,0.9,adaptive,2025-05-23 21:23:00,elevated_risk,104.3225806,114.87929226003409,101.37967681884766
6,0.9,adaptive,2025-05-23 22:49:00,elevated_risk,103.4193548,112.16974303708693,96.24568939208984
6,0.9,adaptive,2025-05-24 00:14:00,elevated_risk,67.74193548,106.77297819311553,90.57734680175781
6,0.9,adaptive,2025-05-24 01:40:00,elevated_risk,67.74193548,89.01508591551124,79.7984390258789
6,0.9,adaptive,2025-05-24 03:05:00,elevated_risk,67.74193548,101.04145192924794,89.60547637939453
6,0.9,adaptive,2025-05-24 04:31:00,elevated_risk,87.61290323,100.6356565725864,92.15912628173828
6,0.9,adaptive,2025-05-24 05:57:00,elevated_risk,92.58064516,98.30060738459633,89.66783905029297
6,0.9,adaptive,2025-05-24 07:22:00,elevated_risk,92.58064516,102.5304167030677,94.3724594116211
6,0.9,adaptive,2025-05-24 08:48:00,elevated_risk,92.58064516,103.67417101510296,95.96487426757812
6,0.9,mondrian,2025-05-20 12:03:00,elevated_risk,73.16129032,97.80546523828124,77.06324005126953
6,0.9,mondrian,2025-05-20 13:29:00,elevated_risk,73.16129032,102.70421554345702,81.96199035644531
6,0.9,mondrian,2025-05-20 14:54:00,elevated_risk,99.80645161,113.3087001015625,92.56647491455078
6,0.9,mondrian,2025-05-20 16:20:00,elevated_risk,100.2580645,122.37743331689452,101.63520812988281
6,0.9,mondrian,2025-05-20 17:45:00,elevated_risk,104.3225806,124.89377547998046,104.15155029296875
6,0.9,mondrian,2025-05-20 19:11:00,elevated_risk,104.3225806,123.04115249414062,102.2989273071289
6,0.9,mondrian,2025-05-20 20:37:00,elevated_risk,104.7741935,121.97211410302734,101.22988891601562
6,0.9,mondrian,2025-05-20 22:02:00,elevated_risk,128.2580645,125.6670527626953,104.9248275756836
6,0.9,mondrian,2025-05-20 23:28:00,elevated_risk,127.3548387,126.05132247705077,105.30909729003906
6,0.9,mondrian,2025-05-21 00:53:00,elevated_risk,127.3548387,127.87367965478515,107.13145446777344
6,0.9,mondrian,2025-05-21 02:19:00,elevated_risk,127.3548387,126.84794570703124,106.10572052001953
6,0.9,mondrian,2025-05-21 03:45:00,elevated_risk,108.3870968,126.48815871972656,105.74593353271484
6,0.9,mondrian,2025-05-21 05:10:00,elevated_risk,107.483871,116.23384048242187,95.49161529541016
6,0.9,mondrian,2025-05-21 06:36:00,elevated_risk,69.5483871,118.28906966943359,97.54684448242188
6,0.9,mondrian,2025-05-21 08:02:00,elevated_risk,70.90322581,98.10279800195312,77.3605728149414
6,0.9,mondrian,2025-05-21 09:27:00,elevated_risk,71.35483871,104.27136947412109,83.52914428710938
6,0.9,mondrian,2025-05-21 10:53:00,elevated_risk,93.03225806,112.72443343896484,91.98220825195312
6,0.9,mondrian,2025-05-21 12:18:00,elevated_risk,94.38709677,113.94544173974609,93.20321655273438
6,0.9,mondrian,2025-05-21 13:44:00,elevated_risk,94.38709677,111.24397231835937,90.50174713134766
6,0.9,mondrian,2025-05-21 15:10:00,elevated_risk,103.4193548,101.01296188134765,80.27073669433594
6,0.9,mondrian,2025-05-21 16:35:00,elevated_risk,103.4193548,124.11337234277343,103.37114715576172
6,0.9,mondrian,2025-05-21 18:01:00,elevated_risk,124.6451613,123.16361190576171,102.42138671875
6,0.9,mondrian,2025-05-21 19:26:00,elevated_risk,125.0967742,124.8600688149414,104.11784362792969
6,0.9,mondrian,2025-05-21 20:52:00,elevated_risk,125.5483871,127.47959090966796,106.73736572265625
6,0.9,mondrian,2025-05-21 22:18:00,elevated_risk,125.5483871,122.67488052148437,101.93265533447266
6,0.9,mondrian,2025-05-21 23:43:00,elevated_risk,124.6451613,128.02768661279296,107.28546142578125
6,0.9,mondrian,2025-05-22 01:09:00,baseline,108.3870968,117.08814137509765,106.54232025146484
6,0.9,mondrian,2025-05-22 02:35:00,baseline,108.3870968,105.29540913632812,94.74958801269531
6,0.9,mondrian,2025-05-22 04:00:00,baseline,107.0322581,84.54265492490234,73.99683380126953
6,0.9,mondrian,2025-05-22 05:26:00,baseline,67.29032258,111.11911671689452,100.57329559326172
6,0.9,mondrian,2025-05-22 06:51:00,baseline,67.74193548,81.699919634375,71.15409851074219
6,0.9,mondrian,2025-05-22 08:17:00,baseline,67.74193548,95.29083149960937,84.74501037597656
6,0.9,mondrian,2025-05-22 09:43:00,baseline,89.87096774,102.38207905820312,91.83625793457031
6,0.9,mondrian,2025-05-22 11:08:00,baseline,91.22580645,97.34339039853515,86.79756927490234
6,0.9,mondrian,2025-05-22 12:34:00,baseline,98.0,95.80046742490234,85.25464630126953
6,0.9,mondrian,2025-05-22 13:59:00,baseline,98.90322581,110.67384999326171,100.1280288696289
6,0.9,mondrian,2025-05-22 15:25:00,baseline,118.3225806,107.09001820615234,96.54419708251953
6,0.9,mondrian,2025-05-22 16:51:00,baseline,118.3225806,118.73914235166015,108.19332122802734
6,0.9,mondrian,2025-05-22 18:16:00,baseline,118.3225806,119.77266591123046,109.22684478759766
6,0.9,mondrian,2025-05-22 19:42:00,baseline,117.8709677,112.02664845517577,101.48082733154297
6,0.9,mondrian,2025-05-22 21:08:00,baseline,116.9677419,111.64615529111327,101.10033416748047
6,0.9,mondrian,2025-05-22 22:33:00,baseline,100.2580645,106.84069722226562,96.29487609863281
6,0.9,mondrian,2025-05-22 23:59:00,baseline,98.90322581,103.55759327939452,93.01177215576172
6,0.9,mondrian,2025-05-23 01:24:00,elevated_risk,65.48387097,118.2113871743164,97.46916198730469
6,0.9,mondrian,2025-05-23 02:50:00,elevated_risk,66.83870968,90.737533109375,69.99530792236328
6,0.9,mondrian,2025-05-23 04:16:00,elevated_risk,67.29032258,96.53003646630859,75.78781127929688
6,0.9,mondrian,2025-05-23 05:41:00,elevated_risk,89.41935484,105.10566665429687,84.36344146728516
6,0.9,mondrian,2025-05-23 07:07:00,elevated_risk,89.87096774,110.6788935830078,89.9366683959961
6,0.9,mondrian,2025-05-23 08:32:00,elevated_risk,90.77419355,111.25223495263671,90.510009765625
6,0.9,mondrian,2025-05-23 09:58:00,elevated_risk,96.19354839,93.9213252236328,73.1791000366211
6,0.9,mondrian,2025-05-23 11:24:00,elevated_risk,96.64516129,119.0403437783203,98.2981185913086
6,0.9,mondrian,2025-05-23 12:49:00,elevated_risk,115.6129032,112.97287704248046,92.23065185546875
6,0.9,mondrian,2025-05-23 14:15:00,elevated_risk,116.9677419,130.1233744790039,109.38114929199219
6,0.9,mondrian,2025-05-23 15:40:00,elevated_risk,116.9677419,133.71511794824218,112.97289276123047
6,0.9,mondrian,2025-05-23 17:06:00,elevated_risk,116.9677419,127.45434524316406,106.71212005615234
6,0.9,mondrian,2025-05-23 18:32:00,elevated_risk,116.9677419,132.2748179604492,111.5325927734375
6,0.9,mondrian,2025-05-23 19:57:00,elevated_risk,104.7741935,109.9483485390625,89.20612335205078
6,0.9,mondrian,2025-05-23 21:23:00,elevated_risk,104.3225806,122.12190200585937,101.37967681884766
6,0.9,mondrian,2025-05-23 22:49:00,elevated_risk,103.4193548,116.98791457910156,96.24568939208984
6,0.9,mondrian,2025-05-24 00:14:00,elevated_risk,67.74193548,111.31957198876952,90.57734680175781
6,0.9,mondrian,2025-05-24 01:40:00,elevated_risk,67.74193548,100.54066421289062,79.7984390258789
6,0.9,mondrian,2025-05-24 03:05:00,elevated_risk,67.74193548,110.34770156640624,89.60547637939453
6,0.9,mondrian,2025-05-24 04:31:00,elevated_risk,87.61290323,112.90135146875,92.15912628173828
6,0.9,mondrian,2025-05-24 05:57:00,elevated_risk,92.58064516,110.41006423730468,89.66783905029297
6,0.9,mondrian,2025-05-24 07:22:00,elevated_risk,92.58064516,115.1146845986328,94.3724594116211
6,0.9,mondrian,2025-05-24 08:48:00,elevated_risk,92.58064516,116.70709945458984,95.96487426757812
6,0.9,aci,2025-05-20 12:03:00,elevated_risk,73.16129032,89.36379979884765,77.06324005126953
6,0.9,aci,2025-05-20 13:29:00,elevated_risk,73.16129032,93.93950038125,81.96199035644531
6,0.9,aci,2025-05-20 14:54:00,elevated_risk,99.80645161,104.26274157882813,92.56647491455078
6,0.9,aci,2025-05-20 16:20:00,elevated_risk,100.2580645,113.3204707774414,101.63520812988281
6,0.9,aci,2025-05-20 17:45:00,elevated_risk,104.3225806,115.63586277792969,104.15155029296875
6,0.9,aci,2025-05-20 19:11:00,elevated_risk,104.3225806,113.6803364584961,102.2989273071289
6,0.9,aci,2025-05-20 20:37:00,elevated_risk,104.7741935,112.43761467089844,101.22988891601562
6,0.9,aci,2025-05-20 22:02:00,elevated_risk,128.2580645,115.72955447255859,104.9248275756836
6,0.9,aci,2025-05-20 23:28:00,elevated_risk,127.3548387,118.3538929150586,105.30909729003906
6,0.9,aci,2025-05-21 00:53:00,elevated_risk,127.3548387,130.46469139208983,107.13145446777344
6,0.9,aci,2025-05-21 02:19:00,elevated_risk,127.3548387,128.15146192998048,106.10572052001953
6,0.9,aci,2025-05-21 03:45:00,elevated_risk,108.3870968,126.99505171269531,105.74593353271484
6,0.9,aci,2025-05-21 05:10:00,elevated_risk,107.483871,116.23384048242187,95.49161529541016
6,0.9,aci,2025-05-21 06:36:00,elevated_risk,69.5483871,117.77022871464844,97.54684448242188
6,0.9,aci,2025-05-21 08:02:00,elevated_risk,70.90322581,96.5088685561914,77.3605728149414
6,0.9,aci,2025-05-21 09:27:00,elevated_risk,71.35483871,100.8342450243164,83.52914428710938
6,0.9,aci,2025-05-21 10:53:00,elevated_risk,93.03225806,108.04431054351562,91.98220825195312
6,0.9,aci,2025-05-21 12:18:00,elevated_risk,94.38709677,109.16769409179688,93.20321655273438
6,0.9,aci,2025-05-21 13:44:00,elevated_risk,94.38709677,105.38956008451171,90.50174713134766
6,0.9,aci,2025-05-21 15:10:00,elevated_risk,103.4193548,94.55727830439453,80.27073669433594
6,0.9,aci,2025-05-21 16:35:00,elevated_risk,103.4193548,125.41688856572266,103.37114715576172
6,0.9,aci,2025-05-21 18:01:00,elevated_risk,124.6451613,124.29715433783203,102.42138671875
6,0.9,aci,2025-05-21 19:26:00,elevated_risk,125.0967742,133.8237344484375,104.11784362792969
6,0.9,aci,2025-05-21 20:52:00,elevated_risk,125.5483871,132.3901650665039,106.73736572265625
6,0.9,aci,2025-05-21 22:18:00,elevated_risk,125.5483871,127.3029115609375,101.93265533447266
6,0.9,aci,2025-05-21 23:43:00,elevated_risk,124.6451613,132.48647969296874,107.28546142578125
6,0.9,aci,2025-05-22 01:09:00,baseline,108.3870968,131.29118893125,106.54232025146484
6,0.9,aci,2025-05-22 02:35:00,baseline,108.3870968,119.0234643678711,94.74958801269531
6,0.9,aci,2025-05-22 04:00:00,baseline,107.0322581,97.35567770341797,73.99683380126953
6,0.9,aci,2025-05-22 05:26:00,baseline,67.29032258,135.34512454091796,100.57329559326172
6,0.9,aci,2025-05-22 06:51:00,baseline,67.74193548,105.92592745839843,71.15409851074219
6,0.9,aci,2025-05-22 08:17:00,baseline,67.74193548,119.51683932363281,84.74501037597656
6,0.9,aci,2025-05-22 09:43:00,baseline,89.87096774,124.87168223330079,91.83625793457031
6,0.9,aci,2025-05-22 11:08:00,baseline,91.22580645,116.50346009541016,86.79756927490234
6,0.9,aci,2025-05-22 12:34:00,baseline,98.0,110.86830537128907,85.25464630126953
6,0.9,aci,2025-05-22 13:59:00,baseline,98.90322581,125.49828509609375,100.1280288696289
6,0.9,aci,2025-05-22 15:25:00,baseline,118.3225806,121.74521534970702,96.54419708251953
6,0.9,aci,2025-05-22 16:51:00,baseline,118.3225806,132.46719758320313,108.19332122802734
6,0.9,aci,2025-05-22 18:16:00,baseline,118.3225806,132.842576553125,109.22684478759766
6,0.9,aci,2025-05-22 19:42:00,baseline,117.8709677,124.8396712336914,101.48082733154297
6,0.9,aci,2025-05-22 21:08:00,baseline,116.9677419,124.24895227314452,101.10033416748047
6,0.9,aci,2025-05-22 22:33:00,baseline,100.2580645,118.51865067988281,96.29487609863281
6,0.9,aci,2025-05-22 23:59:00,baseline,98.90322581,114.88753977484375,93.01177215576172
6,0.9,aci,2025-05-23 01:24:00,elevated_risk,65.48387097,119.24754550478515,97.46916198730469
6,0.9,aci,2025-05-23 02:50:00,elevated_risk,66.83870968,91.24442610234375,69.99530792236328
6,0.9,aci,2025-05-23 04:16:00,elevated_risk,67.29032258,96.53003646630859,75.78781127929688
6,0.9,aci,2025-05-23 05:41:00,elevated_risk,89.41935484,104.58682569951172,84.36344146728516
6,0.9,aci,2025-05-23 07:07:00,elevated_risk,89.87096774,108.74768977333984,89.9366683959961
6,0.9,aci,2025-05-23 08:32:00,elevated_risk,90.77419355,108.5803576828125,90.510009765625
6,0.9,aci,2025-05-23 09:58:00,elevated_risk,96.19354839,90.48420077382812,73.1791000366211
6,0.9,aci,2025-05-23 11:24:00,elevated_risk,96.64516129,121.44673669697265,98.2981185913086
6,0.9,aci,2025-05-23 12:49:00,elevated_risk,115.6129032,114.45442643671875,92.23065185546875
6,0.9,aci,2025-05-23 14:15:00,elevated_risk,116.9677419,142.41657359072266,109.38114929199219
6,0.9,aci,2025-05-23 15:40:00,elevated_risk,116.9677419,138.62569210507812,112.97289276123047
6,0.9,aci,2025-05-23 17:06:00,elevated_risk,116.9677419,132.32577912617188,106.71212005615234
6,0.9,aci,2025-05-23 18:32:00,elevated_risk,116.9677419,136.733611040625,111.5325927734375
6,0.9,aci,2025-05-23 19:57:00,elevated_risk,104.7741935,113.95499203183593,89.20612335205078
6,0.9,aci,2025-05-23 21:23:00,elevated_risk,104.3225806,125.65355317402344,101.37967681884766
6,0.9,aci,2025-05-23 22:49:00,elevated_risk,103.4193548,119.6279407366211,96.24568939208984
6,0.9,aci,2025-05-24 00:14:00,elevated_risk,67.74193548,113.93619070390625,90.57734680175781
6,0.9,aci,2025-05-24 01:40:00,elevated_risk,67.74193548,102.94705713154296,79.7984390258789
6,0.9,aci,2025-05-24 03:05:00,elevated_risk,67.74193548,112.61992473277344,89.60547637939453
6,0.9,aci,2025-05-24 04:31:00,elevated_risk,87.61290323,114.20486769169922,92.15912628173828
6,0.9,aci,2025-05-24 05:57:00,elevated_risk,92.58064516,111.543606669375,89.66783905029297
6,0.9,aci,2025-05-24 07:22:00,elevated_risk,92.58064516,115.62157759160156,94.3724594116211
6,0.9,aci,2025-05-24 08:48:00,elevated_risk,92.58064516,116.94380483964844,95.96487426757812
6,0.95,marginal,2025-05-20 12:03:00,elevated_risk,73.16129032,97.80546523828124,77.06324005126953
6,0.95,marginal,2025-05-20 13:29:00,elevated_risk,73.16129032,102.70421554345702,81.96199035644531
6,0.95,marginal,2025-05-20 14:54:00,elevated_risk,99.80645161,113.3087001015625,92.56647491455078
6,0.95,marginal,2025-05-20 16:20:00,elevated_risk,100.2580645,122.37743331689452,101.63520812988281
6,0.95,marginal,2025-05-20 17:45:00,elevated_risk,104.3225806,124.89377547998046,104.15155029296875
6,0.95,marginal,2025-05-20 19:11:00,elevated_risk,104.3225806,123.04115249414062,102.2989273071289
6,0.95,marginal,2025-05-20 20:37:00,elevated_risk,104.7741935,121.97211410302734,101.22988891601562
6,0.95,marginal,2025-05-20 22:02:00,elevated_risk,128.2580645,125.6670527626953,104.9248275756836
6,0.95,marginal,2025-05-20 23:28:00,elevated_risk,127.3548387,126.05132247705077,105.30909729003906
6,0.95,marginal,2025-05-21 00:53:00,elevated_risk,127.3548387,127.87367965478515,107.13145446777344
6,0.95,marginal,2025-05-21 02:19:00,elevated_risk,127.3548387,126.84794570703124,106.10572052001953
6,0.95,marginal,2025-05-21 03:45:00,elevated_risk,108.3870968,126.48815871972656,105.74593353271484
6,0.95,marginal,2025-05-21 05:10:00,elevated_risk,107.483871,116.23384048242187,95.49161529541016
6,0.95,marginal,2025-05-21 06:36:00,elevated_risk,69.5483871,118.28906966943359,97.54684448242188
6,0.95,marginal,2025-05-21 08:02:00,elevated_risk,70.90322581,98.10279800195312,77.3605728149414
6,0.95,marginal,2025-05-21 09:27:00,elevated_risk,71.35483871,104.27136947412109,83.52914428710938
6,0.95,marginal,2025-05-21 10:53:00,elevated_risk,93.03225806,112.72443343896484,91.98220825195312
6,0.95,marginal,2025-05-21 12:18:00,elevated_risk,94.38709677,113.94544173974609,93.20321655273438
6,0.95,marginal,2025-05-21 13:44:00,elevated_risk,94.38709677,111.24397231835937,90.50174713134766
6,0.95,marginal,2025-05-21 15:10:00,elevated_risk,103.4193548,101.01296188134765,80.27073669433594
6,0.95,marginal,2025-05-21 16:35:00,elevated_risk,103.4193548,124.11337234277343,103.37114715576172
6,0.95,marginal,2025-05-21 18:01:00,elevated_risk,124.6451613,123.16361190576171,102.42138671875
6,0.95,marginal,2025-05-21 19:26:00,elevated_risk,125.0967742,124.8600688149414,104.11784362792969
6,0.95,marginal,2025-05-21 20:52:00,elevated_risk,125.5483871,127.47959090966796,106.73736572265625
6,0.95,marginal,2025-05-21 22:18:00,elevated_risk,125.5483871,122.67488052148437,101.93265533447266
6,0.95,marginal,2025-05-21 23:43:00,elevated_risk,124.6451613,128.02768661279296,107.28546142578125
6,0.95,marginal,2025-05-22 01:09:00,baseline,108.3870968,127.28454543847656,106.54232025146484
6,0.95,marginal,2025-05-22 02:35:00,baseline,108.3870968,115.49181319970702,94.74958801269531
6,0.95,marginal,2025-05-22 04:00:00,baseline,107.0322581,94.73905898828124,73.99683380126953
6,0.95,marginal,2025-05-22 05:26:00,baseline,67.29032258,121.31552078027343,100.57329559326172
6,0.95,marginal,2025-05-22 06:51:00,baseline,67.74193548,91.8963236977539,71.15409851074219
6,0.95,marginal,2025-05-22 08:17:00,baseline,67.74193548,105.48723556298827,84.74501037597656
6,0.95,marginal,2025-05-22 09:43:00,baseline,89.87096774,112.57848312158202,91.83625793457031
6,0.95,marginal,2025-05-22 11:08:00,baseline,91.22580645,107.53979446191406,86.79756927490234
6,0.95,marginal,2025-05-22 12:34:00,baseline,98.0,105.99687148828124,85.25464630126953
6,0.95,marginal,2025-05-22 13:59:00,baseline,98.90322581,120.87025405664062,100.1280288696289
6,0.95,marginal,2025-05-22 15:25:00,baseline,118.3225806,117.28642226953124,96.54419708251953
6,0.95,marginal,2025-05-22 16:51:00,baseline,118.3225806,128.93554641503906,108.19332122802734
6,0.95,marginal,2025-05-22 18:16:00,baseline,118.3225806,129.96906997460937,109.22684478759766
6,0.95,marginal,2025-05-22 19:42:00,baseline,117.8709677,122.22305251855468,101.48082733154297
6,0.95,marginal,2025-05-22 21:08:00,baseline,116.9677419,121.84255935449218,101.10033416748047
6,0.95,marginal,2025-05-22 22:33:00,baseline,100.2580645,117.03710128564452,96.29487609863281
6,0.95,marginal,2025-05-22 23:59:00,baseline,98.90322581,113.75399734277343,93.01177215576172
6,0.95,marginal,2025-05-23 01:24:00,elevated_risk,65.48387097,118.2113871743164,97.46916198730469
6,0.95,marginal,2025-05-23 02:50:00,elevated_risk,66.83870968,90.737533109375,69.99530792236328
6,0.95,marginal,2025-05-23 04:16:00,elevated_risk,67.29032258,96.53003646630859,75.78781127929688
6,0.95,marginal,2025-05-23 05:41:00,elevated_risk,89.41935484,105.10566665429687,84.36344146728516
6,0.95,marginal,2025-05-23 07:07:00,elevated_risk,89.87096774,110.6788935830078,89.9366683959961
6,0.95,marginal,2025-05-23 08:32:00,elevated_risk,90.77419355,111.25223495263671,90.510009765625
6,0.95,marginal,2025-05-23 09:58:00,elevated_risk,96.19354839,93.9213252236328,73.1791000366211
6,0.95,marginal,2025-05-23 11:24:00,elevated_risk,96.64516129,119.0403437783203,98.2981185913086
6,0.95,marginal,2025-05-23 12:49:00,elevated_risk,115.6129032,112.97287704248046,92.23065185546875
6,0.95,marginal,2025-05-23 14:15:00,elevated_risk,116.9677419,130.1233744790039,109.38114929199219
6,0.95,marginal,2025-05-23 15:40:00,elevated_risk,116.9677419,133.71511794824218,112.97289276123047
6,0.95,marginal,2025-05-23 17:06:00,elevated_risk,116.9677419,127.45434524316406,106.71212005615234
6,0.95,marginal,2025-05-23 18:32:00,elevated_risk,116.9677419,132.2748179604492,111.5325927734375
6,0.95,marginal,2025-05-23 19:57:00,elevated_risk,104.7741935,109.9483485390625,89.20612335205078
6,0.95,marginal,2025-05-23 21:23:00,elevated_risk,104.3225806,122.12190200585937,101.37967681884766
6,0.95,marginal,2025-05-23 22:49:00,elevated_risk,103.4193548,116.98791457910156,96.24568939208984
6,0.95,marginal,2025-05-24 00:14:00,elevated_risk,67.74193548,111.31957198876952,90.57734680175781
6,0.95,marginal,2025-05-24 01:40:00,elevated_risk,67.74193548,100.54066421289062,79.7984390258789
6,0.95,marginal,2025-05-24 03:05:00,elevated_risk,67.74193548,110.34770156640624,89.60547637939453
6,0.95,marginal,2025-05-24 04:31:00,elevated_risk,87.61290323,112.90135146875,92.15912628173828
6,0.95,marginal,2025-05-24 05:57:00,elevated_risk,92.58064516,110.41006423730468,89.66783905029297
6,0.95,marginal,2025-05-24 07:22:00,elevated_risk,92.58064516,115.1146845986328,94.3724594116211
6,0.95,marginal,2025-05-24 08:48:00,elevated_risk,92.58064516,116.70709945458984,95.96487426757812
6,0.95,adaptive,2025-05-20 12:03:00,elevated_risk,73.16129032,102.36335844712814,77.06324005126953
6,0.95,adaptive,2025-05-20 13:29:00,elevated_risk,73.16129032,101.66125358934985,81.96199035644531
6,0.95,adaptive,2025-05-20 14:54:00,elevated_risk,99.80645161,106.15654429193862,92.56647491455078
6,0.95,adaptive,2025-05-20 16:20:00,elevated_risk,100.2580645,114.54529411220199,101.63520812988281
6,0.95,adaptive,2025-05-20 17:45:00,elevated_risk,104.3225806,115.834568198101,104.15155029296875
6,0.95,adaptive,2025-05-20 19:11:00,elevated_risk,104.3225806,121.2343666102324,102.2989273071289
6,0.95,adaptive,2025-05-20 20:37:00,elevated_risk,104.7741935,114.38604846794661,101.22988891601562
6,0.95,adaptive,2025-05-20 22:02:00,elevated_risk,128.2580645,119.27684636618558,104.9248275756836
6,0.95,adaptive,2025-05-20 23:28:00,elevated_risk,127.3548387,126.59501418317322,105.30909729003906
6,0.95,adaptive,2025-05-21 00:53:00,elevated_risk,127.3548387,129.0864119465364,107.13145446777344
6,0.95,adaptive,2025-05-21 02:19:00,elevated_risk,127.3548387,125.08696605310568,106.10572052001953
6,0.95,adaptive,2025-05-21 03:45:00,elevated_risk,108.3870968,124.727179065801,105.74593353271484
6,0.95,adaptive,2025-05-21 05:10:00,elevated_risk,107.483871,108.84402500498734,95.49161529541016
6,0.95,adaptive,2025-05-21 06:36:00,elevated_risk,69.5483871,109.22649633003532,97.54684448242188
6,0.95,adaptive,2025-05-21 08:02:00,elevated_risk,70.90322581,85.99097820964185,77.3605728149414
6,0.95,adaptive,2025-05-21 09:27:00,elevated_risk,71.35483871,99.78261968003137,83.52914428710938
6,0.95,adaptive,2025-05-21 10:53:00,elevated_risk,93.03225806,103.63537572673032,91.98220825195312
6,0.95,adaptive,2025-05-21 12:18:00,elevated_risk,94.38709677,98.4067093796767,93.20321655273438
6,0.95,adaptive,2025-05-21 13:44:00,elevated_risk,94.38709677,94.76635499716889,90.50174713134766
6,0.95,adaptive,2025-05-21 15:10:00,elevated_risk,103.4193548,110.0923285616812,80.27073669433594
6,0.95,adaptive,2025-05-21 16:35:00,elevated_risk,103.4193548,123.87340216725947,103.37114715576172
6,0.95,adaptive,2025-05-21 18:01:00,elevated_risk,124.6451613,121.89432344726907,102.42138671875
6,0.95,adaptive,2025-05-21 19:26:00,elevated_risk,125.0967742,129.7544073198483,104.11784362792969
6,0.95,adaptive,2025-05-21 20:52:00,elevated_risk,125.5483871,133.92750147761075,106.73736572265625
6,0.95,adaptive,2025-05-21 22:18:00,elevated_risk,125.5483871,119.9876732855661,101.93265533447266
6,0.95,adaptive,2025-05-21 23:43:00,elevated_risk,124.6451613,129.83548522059007,107.28546142578125
6,0.95,adaptive,2025-05-22 01:09:00,baseline,108.3870968,130.49463033739093,106.54232025146484
6,0.95,adaptive,2025-05-22 02:35:00,baseline,108.3870968,111.5278299871014,94.74958801269531
6,0.95,adaptive,2025-05-22 04:00:00,baseline,107.0322581,120.56225747427311,73.99683380126953
6,0.95,adaptive,2025-05-22 05:26:00,baseline,67.29032258,113.556944544562,100.57329559326172
6,0.95,adaptive,2025-05-22 06:51:00,baseline,67.74193548,85.687922371842,71.15409851074219
6,0.95,adaptive,2025-05-22 08:17:00,baseline,67.74193548,101.58780045266246,84.74501037597656
6,0.95,adaptive,2025-05-22 09:43:00,baseline,89.87096774,101.10934461492343,91.83625793457031
6,0.95,adaptive,2025-05-22 11:08:00,baseline,91.22580645,94.963447855679,86.79756927490234
6,0.95,adaptive,2025-05-22 12:34:00,baseline,98.0,92.85828077185302,85.25464630126953
6,0.95,adaptive,2025-05-22 13:59:00,baseline,98.90322581,112.5747544499124,100.1280288696289
6,0.95,adaptive,2025-05-22 15:25:00,baseline,118.3225806,121.2306998025469,96.54419708251953
6,0.95,adaptive,2025-05-22 16:51:00,baseline,118.3225806,130.80613896684724,108.19332122802734
6,0.95,adaptive,2025-05-22 18:16:00,baseline,118.3225806,131.5668193805091,109.22684478759766
6,0.95,adaptive,2025-05-22 19:42:00,baseline,117.8709677,121.0417282469609,101.48082733154297
6,0.95,adaptive,2025-05-22 21:08:00,baseline,116.9677419,124.18453571662921,101.10033416748047
6,0.95,adaptive,2025-05-22 22:33:00,baseline,100.2580645,117.60660924053849,96.29487609863281
6,0.95,adaptive,2025-05-22 23:59:00,baseline,98.90322581,123.71650149863504,93.01177215576172
6,0.95,adaptive,2025-05-23 01:24:00,elevated_risk,65.48387097,117.1535729548686,97.46916198730469
6,0.95,adaptive,2025-05-23 02:50:00,elevated_risk,66.83870968,82.01340777763873,69.99530792236328
6,0.95,adaptive,2025-05-23 04:16:00,elevated_risk,67.29032258,87.75025831404483,75.78781127929688
6,0.95,adaptive,2025-05-23 05:41:00,elevated_risk,89.41935484,99.82512659338452,84.36344146728516
6,0.95,adaptive,2025-05-23 07:07:00,elevated_risk,89.87096774,98.2998017562975,89.9366683959961
6,0.95,adaptive,2025-05-23 08:32:00,elevated_risk,90.77419355,96.40120858128046,90.510009765625
6,0.95,adaptive,2025-05-23 09:58:00,elevated_risk,96.19354839,97.59355331186828,73.1791000366211
6,0.95,adaptive,2025-05-23 11:24:00,elevated_risk,96.64516129,110.96677759049011,98.2981185913086
6,0.95,adaptive,2025-05-23 12:49:00,elevated_risk,115.6129032,115.86717412767027,92.23065185546875
6,0.95,adaptive,2025-05-23 14:15:00,elevated_risk,116.9677419,131.15607767202624,109.38114929199219
6,0.95,adaptive,2025-05-23 15:40:00,elevated_risk,116.9677419,132.94714484528564,112.97289276123047
6,0.95,adaptive,2025-05-23 17:06:00,elevated_risk,116.9677419,133.05709589948788,106.71212005615234
6,0.95,adaptive,2025-05-23 18:32:00,elevated_risk,116.9677419,152.73662565696802,111.5325927734375
6,0.95,adaptive,2025-05-23 19:57:00,elevated_risk,104.7741935,153.21560732668374,89.20612335205078
6,0.95,adaptive,2025-05-23 21:23:00,elevated_risk,104.3225806,118.91196756522346,101.37967681884766
6,0.95,adaptive,2025-05-23 22:49:00,elevated_risk,103.4193548,116.92665912647198,96.24568939208984
6,0.95,adaptive,2025-05-24 00:14:00,elevated_risk,67.74193548,111.61102139874762,90.57734680175781
6,0.95,adaptive,2025-05-24 01:40:00,elevated_risk,67.74193548,91.76833058906502,79.7984390258789
6,0.95,adaptive,2025-05-24 03:05:00,elevated_risk,67.74193548,104.45766599783107,89.60547637939453
6,0.95,adaptive,2025-05-24 04:31:00,elevated_risk,87.61290323,103.1678097680991,92.15912628173828
6,0.95,adaptive,2025-05-24 05:57:00,elevated_risk,92.58064516,100.87943282068642,89.66783905029297
6,0.95,adaptive,2025-05-24 07:22:00,elevated_risk,92.58064516,104.96740411603027,94.3724594116211
6,0.95,adaptive,2025-05-24 08:48:00,elevated_risk,92.58064516,105.97713221792873,95.96487426757812
6,0.95,mondrian,2025-05-20 12:03:00,elevated_risk,73.16129032,102.67689912128907,77.06324005126953
6,0.95,mondrian,2025-05-20 13:29:00,elevated_risk,73.16129032,107.57564942646485,81.96199035644531
6,0.95,mondrian,2025-05-20 14:54:00,elevated_risk,99.80645161,118.18013398457032,92.56647491455078
6,0.95,mondrian,2025-05-20 16:20:00,elevated_risk,100.2580645,127.24886719990235,101.63520812988281
6,0.95,mondrian,2025-05-20 17:45:00,elevated_risk,104.3225806,129.7652093629883,104.15155029296875
6,0.95,mondrian,2025-05-20 19:11:00,elevated_risk,104.3225806,127.91258637714844,102.2989273071289
6,0.95,mondrian,2025-05-20 20:37:00,elevated_risk,104.7741935,126.84354798603516,101.22988891601562
6,0.95,mondrian,2025-05-20 22:02:00,elevated_risk,128.2580645,130.53848664570313,104.9248275756836
6,0.95,mondrian,2025-05-20 23:28:00,elevated_risk,127.3548387,130.9227563600586,105.30909729003906
6,0.95,mondrian,2025-05-21 00:53:00,elevated_risk,127.3548387,132.74511353779297,107.13145446777344
6,0.95,mondrian,2025-05-21 02:19:00,elevated_risk,127.3548387,131.71937959003907,106.10572052001953
6,0.95,mondrian,2025-05-21 03:45:00,elevated_risk,108.3870968,131.35959260273438,105.74593353271484
6,0.95,mondrian,2025-05-21 05:10:00,elevated_risk,107.483871,121.1052743654297,95.49161529541016
6,0.95,mondrian,2025-05-21 06:36:00,elevated_risk,69.5483871,123.16050355244141,97.54684448242188
6,0.95,mondrian,2025-05-21 08:02:00,elevated_risk,70.90322581,102.97423188496094,77.3605728149414
6,0.95,mondrian,2025-05-21 09:27:00,elevated_risk,71.35483871,109.14280335712891,83.52914428710938
6,0.95,mondrian,2025-05-21 10:53:00,elevated_risk,93.03225806,117.59586732197266,91.98220825195312
6,0.95,mondrian,2025-05-21 12:18:00,elevated_risk,94.38709677,118.81687562275391,93.20321655273438
6,0.95,mondrian,2025-05-21 13:44:00,elevated_risk,94.38709677,116.1154062013672,90.50174713134766
6,0.95,mondrian,2025-05-21 15:10:00,elevated_risk,103.4193548,105.88439576435547,80.27073669433594
6,0.95,mondrian,2025-05-21 16:35:00,elevated_risk,103.4193548,128.98480622578126,103.37114715576172
6,0.95,mondrian,2025-05-21 18:01:00,elevated_risk,124.6451613,128.03504578876954,102.42138671875
6,0.95,mondrian,2025-05-21 19:26:00,elevated_risk,125.0967742,129.73150269794922,104.11784362792969
6,0.95,mondrian,2025-05-21 20:52:00,elevated_risk,125.5483871,132.3510247926758,106.73736572265625
6,0.95,mondrian,2025-05-21 22:18:00,elevated_risk,125.5483871,127.5463144044922,101.93265533447266
6,0.95,mondrian,2025-05-21 23:43:00,elevated_risk,124.6451613,132.8991204958008,107.28546142578125
6,0.95,mondrian,2025-05-22 01:09:00,baseline,108.3870968,119.16587283632812,106.54232025146484
6,0.95,mondrian,2025-05-22 02:35:00,baseline,108.3870968,107.37314059755859,94.74958801269531
6,0.95,mondrian,2025-05-22 04:00:00,baseline,107.0322581,86.62038638613281,73.99683380126953
6,0.95,mondrian,2025-05-22 05:26:00,baseline,67.29032258,113.196848178125,100.57329559326172
6,0.95,mondrian,2025-05-22 06:51:00,baseline,67.74193548,83.77765109560546,71.15409851074219
6,0.95,mondrian,2025-05-22 08:17:00,baseline,67.74193548,97.36856296083984,84.74501037597656
6,0.95,mondrian,2025-05-22 09:43:00,baseline,89.87096774,104.45981051943359,91.83625793457031
6,0.95,mondrian,2025-05-22 11:08:00,baseline,91.22580645,99.42112185976562,86.79756927490234
6,0.95,mondrian,2025-05-22 12:34:00,baseline,98.0,97.87819888613281,85.25464630126953
6,0.95,mondrian,2025-05-22 13:59:00,baseline,98.90322581,112.75158145449218,100.1280288696289
6,0.95,mondrian,2025-05-22 15:25:00,baseline,118.3225806,109.16774966738281,96.54419708251953
6,0.95,mondrian,2025-05-22 16:51:00,baseline,118.3225806,120.81687381289062,108.19332122802734
6,0.95,mondrian,2025-05-22 18:16:00,baseline,118.3225806,121.85039737246093,109.22684478759766
6,0.95,mondrian,2025-05-22 19:42:00,baseline,117.8709677,114.10437991640624,101.48082733154297
6,0.95,mondrian,2025-05-22 21:08:00,baseline,116.9677419,113.72388675234374,101.10033416748047
6,0.95,mondrian,2025-05-22 22:33:00,baseline,100.2580645,108.91842868349609,96.29487609863281
6,0.95,mondrian,2025-05-22 23:59:00,baseline,98.90322581,105.635324740625,93.01177215576172
6,0.95,mondrian,2025-05-23 01:24:00,elevated_risk,65.48387097,123.08282105732422,97.46916198730469
6,0.95,mondrian,2025-05-23 02:50:00,elevated_risk,66.83870968,95.60896699238282,69.99530792236328
6,0.95,mondrian,2025-05-23 04:16:00,elevated_risk,67.29032258,101.40147034931641,75.78781127929688
6,0.95,mondrian,2025-05-23 05:41:00,elevated_risk,89.41935484,109.9771005373047,84.36344146728516
6,0.95,mondrian,2025-05-23 07:07:00,elevated_risk,89.87096774,115.55032746601563,89.9366683959961
6,0.95,mondrian,2025-05-23 08:32:00,elevated_risk,90.77419355,116.12366883564454,90.510009765625
6,0.95,mondrian,2025-05-23 09:58:00,elevated_risk,96.19354839,98.79275910664063,73.1791000366211
6,0.95,mondrian,2025-05-23 11:24:00,elevated_risk,96.64516129,123.91177766132813,98.2981185913086
6,0.95,mondrian,2025-05-23 12:49:00,elevated_risk,115.6129032,117.84431092548829,92.23065185546875
6,0.95,mondrian,2025-05-23 14:15:00,elevated_risk,116.9677419,134.99480836201172,109.38114929199219
6,0.95,mondrian,2025-05-23 15:40:00,elevated_risk,116.9677419,138.58655183125,112.97289276123047
6,0.95,mondrian,2025-05-23 17:06:00,elevated_risk,116.9677419,132.32577912617188,106.71212005615234
6,0.95,mondrian,2025-05-23 18:32:00,elevated_risk,116.9677419,137.14625184345704,111.5325927734375
6,0.95,mondrian,2025-05-23 19:57:00,elevated_risk,104.7741935,114.81978242207032,89.20612335205078
6,0.95,mondrian,2025-05-23 21:23:00,elevated_risk,104.3225806,126.9933358888672,101.37967681884766
6,0.95,mondrian,2025-05-23 22:49:00,elevated_risk,103.4193548,121.85934846210938,96.24568939208984
6,0.95,mondrian,2025-05-24 00:14:00,elevated_risk,67.74193548,116.19100587177735,90.57734680175781
6,0.95,mondrian,2025-05-24 01:40:00,elevated_risk,67.74193548,105.41209809589844,79.7984390258789
6,0.95,mondrian,2025-05-24 03:05:00,elevated_risk,67.74193548,115.21913544941407,89.60547637939453
6,0.95,mondrian,2025-05-24 04:31:00,elevated_risk,87.61290323,117.77278535175782,92.15912628173828
6,0.95,mondrian,2025-05-24 05:57:00,elevated_risk,92.58064516,115.2814981203125,89.66783905029297
6,0.95,mondrian,2025-05-24 07:22:00,elevated_risk,92.58064516,119.98611848164063,94.3724594116211
6,0.95,mondrian,2025-05-24 08:48:00,elevated_risk,92.58064516,121.57853333759766,95.96487426757812
6,0.95,aci,2025-05-20 12:03:00,elevated_risk,73.16129032,97.80546523828124,77.06324005126953
6,0.95,aci,2025-05-20 13:29:00,elevated_risk,73.16129032,102.70421554345702,81.96199035644531
6,0.95,aci,2025-05-20 14:54:00,elevated_risk,99.80645161,111.71477065580078,92.56647491455078
6,0.95,aci,2025-05-20 16:20:00,elevated_risk,100.2580645,119.70555604707032,101.63520812988281
6,0.95,aci,2025-05-20 17:45:00,elevated_risk,104.3225806,122.22189821015625,104.15155029296875
6,0.95,aci,2025-05-20 19:11:00,elevated_risk,104.3225806,119.60402804433593,102.2989273071289
6,0.95,aci,2025-05-20 20:37:00,elevated_risk,104.7741935,117.29199120757812,101.22988891601562
6,0.95,aci,2025-05-20 22:02:00,elevated_risk,128.2580645,120.98692986724609,104.9248275756836
6,0.95,aci,2025-05-20 23:28:00,elevated_risk,127.3548387,130.9227563600586,105.30909729003906
6,0.95,aci,2025-05-21 00:53:00,elevated_risk,127.3548387,132.50171069423828,107.13145446777344
6,0.95,aci,2025-05-21 02:19:00,elevated_risk,127.3548387,131.47597674648438,106.10572052001953
6,0.95,aci,2025-05-21 03:45:00,elevated_risk,108.3870968,130.94695179990234,105.74593353271484
6,0.95,aci,2025-05-21 05:10:00,elevated_risk,107.483871,120.2404839751953,95.49161529541016
6,0.95,aci,2025-05-21 06:36:00,elevated_risk,69.5483871,122.29571316220702,97.54684448242188
6,0.95,aci,2025-05-21 08:02:00,elevated_risk,70.90322581,101.6344491701172,77.3605728149414
6,0.95,aci,2025-05-21 09:27:00,elevated_risk,71.35483871,106.88798818925781,83.52914428710938
6,0.95,aci,2025-05-21 10:53:00,elevated_risk,93.03225806,115.34105215410156,91.98220825195312
6,0.95,aci,2025-05-21 12:18:00,elevated_risk,94.38709677,116.53645347705077,93.20321655273438
6,0.95,aci,2025-05-21 13:44:00,elevated_risk,94.38709677,113.83498405566405,90.50174713134766
6,0.95,aci,2025-05-21 15:10:00,elevated_risk,103.4193548,102.31647810429688,80.27073669433594
6,0.95,aci,2025-05-21 16:35:00,elevated_risk,103.4193548,138.14297610341796,103.37114715576172
6,0.95,aci,2025-05-21 18:01:00,elevated_risk,124.6451613,137.19321566640625,102.42138671875
6,0.95,aci,2025-05-21 19:26:00,elevated_risk,125.0967742,138.88967257558593,104.11784362792969
6,0.95,aci,2025-05-21 20:52:00,elevated_risk,125.5483871,141.5091946703125,106.73736572265625
6,0.95,aci,2025-05-21 22:18:00,elevated_risk,125.5483871,131.63854615498047,101.93265533447266
6,0.95,aci,2025-05-21 23:43:00,elevated_risk,124.6451613,132.9382607696289,107.28546142578125
6,0.95,aci,2025-05-22 01:09:00,baseline,108.3870968,132.1951195953125,106.54232025146484
6,0.95,aci,2025-05-22 02:35:00,baseline,108.3870968,120.36324708271485,94.74958801269531
6,0.95,aci,2025-05-22 04:00:00,baseline,107.0322581,99.36709002773438,73.99683380126953
6,0.95,aci,2025-05-22 05:26:00,baseline,67.29032258,135.34512454091796,100.57329559326172
6,0.95,aci,2025-05-22 06:51:00,baseline,67.74193548,105.92592745839843,71.15409851074219
6,0.95,aci,2025-05-22 08:17:00,baseline,67.74193548,119.51683932363281,84.74501037597656
6,0.95,aci,2025-05-22 09:43:00,baseline,89.87096774,126.60808688222656,91.83625793457031
6,0.95,aci,2025-05-22 11:08:00,baseline,91.22580645,121.56939822255859,86.79756927490234
6,0.95,aci,2025-05-22 12:34:00,baseline,98.0,120.02647524892578,85.25464630126953
6,0.95,aci,2025-05-22 13:59:00,baseline,98.90322581,134.89985781728515,100.1280288696289
6,0.95,aci,2025-05-22 15:25:00,baseline,118.3225806,131.31602603017578,96.54419708251953
6,0.95,aci,2025-05-22 16:51:00,baseline,118.3225806,142.9651501756836,108.19332122802734
6,0.95,aci,2025-05-22 18:16:00,baseline,118.3225806,143.9986737352539,109.22684478759766
6,0.95,aci,2025-05-22 19:42:00,baseline,117.8709677,136.25265627919921,101.48082733154297
6,0.95,aci,2025-05-22 21:08:00,baseline,116.9677419,135.87216311513671,101.10033416748047
6,0.95,aci,2025-05-22 22:33:00,baseline,100.2580645,131.06670504628906,96.29487609863281
6,0.95,aci,2025-05-22 23:59:00,baseline,98.90322581,127.78360110341796,93.01177215576172
6,0.95,aci,2025-05-23 01:24:00,elevated_risk,65.48387097,130.50458628603516,97.46916198730469
6,0.95,aci,2025-05-23 02:50:00,elevated_risk,66.83870968,103.03073222109376,69.99530792236328
6,0.95,aci,2025-05-23 04:16:00,elevated_risk,67.29032258,105.4937020998047,75.78781127929688
6,0.95,aci,2025-05-23 05:41:00,elevated_risk,89.41935484,110.0162408111328,84.36344146728516
6,0.95,aci,2025-05-23 07:07:00,elevated_risk,89.87096774,115.58946773984374,89.9366683959961
6,0.95,aci,2025-05-23 08:32:00,elevated_risk,90.77419355,116.12366883564454,90.510009765625
6,0.95,aci,2025-05-23 09:58:00,elevated_risk,96.19354839,98.54935626308594,73.1791000366211
6,0.95,aci,2025-05-23 11:24:00,elevated_risk,96.64516129,123.66837481777344,98.2981185913086
6,0.95,aci,2025-05-23 12:49:00,elevated_risk,115.6129032,117.43167012265624,92.23065185546875
6,0.95,aci,2025-05-23 14:15:00,elevated_risk,116.9677419,134.13001797177733,109.38114929199219
6,0.95,aci,2025-05-23 15:40:00,elevated_risk,116.9677419,137.24676911640626,112.97289276123047
6,0.95,aci,2025-05-23 17:06:00,elevated_risk,116.9677419,130.98599641132813,106.71212005615234
6,0.95,aci,2025-05-23 18:32:00,elevated_risk,116.9677419,135.14832453896486,111.5325927734375
6,0.95,aci,2025-05-23 19:57:00,elevated_risk,104.7741935,112.58837469658204,89.20612335205078
6,0.95,aci,2025-05-23 21:23:00,elevated_risk,104.3225806,124.73852072099609,101.37967681884766
6,0.95,aci,2025-05-23 22:49:00,elevated_risk,103.4193548,119.60453329423828,96.24568939208984
6,0.95,aci,2025-05-24 00:14:00,elevated_risk,67.74193548,113.91058372607421,90.57734680175781
6,0.95,aci,2025-05-24 01:40:00,elevated_risk,67.74193548,102.94705713154296,79.7984390258789
6,0.95,aci,2025-05-24 03:05:00,elevated_risk,67.74193548,112.61992473277344,89.60547637939453
6,0.95,aci,2025-05-24 04:31:00,elevated_risk,87.61290323,115.17357463511719,92.15912628173828
6,0.95,aci,2025-05-24 05:57:00,elevated_risk,92.58064516,111.89161363154297,89.66783905029297
6,0.95,aci,2025-05-24 07:22:00,elevated_risk,92.58064516,116.41820082158203,94.3724594116211
6,0.95,aci,2025-05-24 08:48:00,elevated_risk,92.58064516,117.84064188666015,95.96487426757812
7,0.8,marginal,2025-05-24 10:13:00,elevated_risk,110.6451613,120.79780703603515,110.93756866455078
7,0.8,marginal,2025-05-24 11:39:00,elevated_risk,111.0967742,120.89428072988281,111.03404235839844
7,0.8,marginal,2025-05-24 13:05:00,elevated_risk,111.0967742,121.4249661546875,111.56472778320312
7,0.8,marginal,2025-05-24 14:30:00,elevated_risk,111.0967742,110.9228680711914,101.06262969970703
7,0.8,marginal,2025-05-24 15:56:00,elevated_risk,110.6451613,120.65561038076171,110.79537200927734
7,0.8,marginal,2025-05-24 17:22:00,elevated_risk,99.35483871,112.76825076162109,102.90801239013672
7,0.8,marginal,2025-05-24 18:47:00,elevated_risk,98.4516129,106.59639864980468,96.73616027832031
7,0.8,marginal,2025-05-24 20:13:00,elevated_risk,62.77419355,105.47333651601562,95.61309814453125
7,0.8,marginal,2025-05-24 21:38:00,elevated_risk,66.38709677,75.84906130849609,65.98882293701172
7,0.8,marginal,2025-05-24 23:04:00,elevated_risk,66.83870968,83.9856122118164,74.12537384033203
7,0.8,marginal,2025-05-25 00:30:00,baseline,88.96774194,94.80211001455078,84.9418716430664
7,0.8,marginal,2025-05-25 01:55:00,baseline,89.87096774,100.90130740224609,91.04106903076172
7,0.8,marginal,2025-05-25 03:21:00,baseline,89.87096774,99.13565188466796,89.2754135131836
7,0.8,marginal,2025-05-25 04:46:00,baseline,92.58064516,104.42945223867187,94.5692138671875
7,0.8,marginal,2025-05-25 06:12:00,baseline,92.58064516,98.44880801259765,88.58856964111328
7,0.8,marginal,2025-05-25 07:38:00,baseline,104.3225806,105.9576809984375,96.09744262695312
7,0.8,marginal,2025-05-25 09:03:00,baseline,105.2258065,113.35823184072265,103.49799346923828
7,0.8,marginal,2025-05-25 10:29:00,baseline,104.7741935,118.36498385488281,108.50474548339844
7,0.8,marginal,2025-05-25 11:55:00,baseline,104.7741935,104.13172274648437,94.271484375
7,0.8,marginal,2025-05-25 13:20:00,baseline,104.3225806,112.03717928945312,102.17694091796875
7,0.8,marginal,2025-05-25 14:46:00,baseline,82.64516129,109.92187624990234,100.06163787841797
7,0.8,marginal,2025-05-25 16:11:00,baseline,82.64516129,92.07521945058593,82.21498107910156
7,0.8,marginal,2025-05-25 17:37:00,baseline,81.74193548,88.56781893789062,78.70758056640625
7,0.8,marginal,2025-05-25 19:03:00,baseline,53.74193548,102.68371707021484,92.82347869873047
7,0.8,marginal,2025-05-25 20:28:00,baseline,54.19354839,83.04551821767578,73.1852798461914
7,0.8,marginal,2025-05-25 21:54:00,baseline,54.19354839,83.33186465322265,73.47162628173828
7,0.8,marginal,2025-05-25 23:19:00,baseline,78.58064516,84.71810275136718,74.85786437988281
7,0.8,marginal,2025-05-26 00:45:00,baseline,93.93548387,86.0413983446289,76.18115997314453
7,0.8,marginal,2025-05-26 02:11:00,baseline,94.38709677,103.03936892568359,93.17913055419922
7,0.8,marginal,2025-05-26 03:36:00,baseline,94.38709677,102.39985781728515,92.53961944580078
7,0.8,marginal,2025-05-26 05:02:00,baseline,118.3225806,115.7131741625,105.85293579101562
7,0.8,marginal,2025-05-26 06:28:00,baseline,118.7741935,125.043008146875,115.18276977539062
7,0.8,marginal,2025-05-26 07:53:00,baseline,118.7741935,118.37040835439453,108.51016998291016
7,0.8,marginal,2025-05-26 09:19:00,baseline,118.3225806,109.92382937490234,100.06359100341797
7,0.8,marginal,2025-05-26 10:44:00,baseline,117.4193548,119.57079440175781,109.71055603027344
7,0.8,marginal,2025-05-26 12:10:00,baseline,106.1290323,112.91332369863281,103.05308532714844
7,0.8,marginal,2025-05-26 13:36:00,baseline,103.4193548,102.89460116445312,93.03436279296875
7,0.8,marginal,2025-05-26 15:01:00,baseline,62.77419355,98.95646792470703,89.09622955322266
7,0.8,marginal,2025-05-26 16:27:00,baseline,65.93548387,85.69365817128906,75.83341979980469
7,0.8,marginal,2025-05-26 17:52:00,baseline,65.93548387,100.97276431142578,91.1125259399414
7,0.8,marginal,2025-05-26 19:18:00,baseline,89.41935484,95.48053103505859,85.62029266357422
7,0.8,marginal,2025-05-26 20:44:00,baseline,89.87096774,100.72625857412109,90.86602020263672
7,0.8,marginal,2025-05-26 22:09:00,baseline,90.77419355,101.62770968496093,91.76747131347656
7,0.8,marginal,2025-05-26 23:35:00,baseline,98.4516129,95.86633425771484,86.00609588623047
7,0.8,marginal,2025-05-27 01:00:00,baseline,98.4516129,111.41804629384765,101.55780792236328
7,0.8,marginal,2025-05-27 02:26:00,baseline,111.5483871,110.13037997304687,100.2701416015625
7,0.8,marginal,2025-05-27 03:52:00,baseline,112.0,116.19860964833984,106.33837127685547
7,0.8,marginal,2025-05-27 05:17:00,baseline,112.0,121.25057345449218,111.39033508300781
7,0.8,marginal,2025-05-27 06:43:00,baseline,111.5483871,116.67154055654296,106.8113021850586
7,0.8,marginal,2025-05-27 08:09:00,baseline,109.7419355,115.50459414541015,105.64435577392578
7,0.8,marginal,2025-05-27 09:34:00,baseline,98.90322581,110.53557711660156,100.67533874511719
7,0.8,marginal,2025-05-27 11:00:00,baseline,98.90322581,108.69965487539062,98.83941650390625
7,0.8,marginal,2025-05-27 12:25:00,baseline,97.5483871,105.00515109121093,95.14491271972656
7,0.8,marginal,2025-05-27 13:51:00,baseline,64.58064516,92.23520785390625,82.37496948242188
7,0.8,marginal,2025-05-27 15:17:00,baseline,89.41935484,80.10588198720703,70.24564361572266
7,0.8,marginal,2025-05-27 16:42:00,baseline,89.87096774,100.91278964101562,91.05255126953125
7,0.8,marginal,2025-05-27 18:08:00,baseline,90.32258065,102.42892581044921,92.56868743896484
7,0.8,marginal,2025-05-27 19:33:00,baseline,98.90322581,104.21911746083984,94.35887908935547
7,0.8,marginal,2025-05-27 20:59:00,baseline,98.90322581,113.81990939199218,103.95967102050781
7,0.8,marginal,2025-05-27 22:25:00,baseline,98.90322581,108.41140109121093,98.55116271972656
7,0.8,marginal,2025-05-27 23:50:00,baseline,118.7741935,105.67369967519531,95.81346130371094
7,0.8,marginal,2025-05-28 01:16:00,elevated_risk,119.2258065,127.655312834375,117.79507446289062
7,0.8,marginal,2025-05-28 02:42:00,elevated_risk,119.2258065,128.58347445546875,118.72323608398438
7,0.8,marginal,2025-05-28 04:07:00,elevated_risk,119.2258065,124.6485760790039,114.78833770751953
7,0.8,marginal,2025-05-28 05:33:00,elevated_risk,118.3225806,128.88415652333984,119.02391815185547
7,0.8,marginal,2025-05-28 06:58:00,elevated_risk,110.6451613,123.75413638173828,113.8938980102539
7,0.8,marginal,2025-05-28 08:24:00,elevated_risk,109.7419355,107.89269381582031,98.03245544433594
7,0.8,marginal,2025-05-28 09:50:00,elevated_risk,65.93548387,103.87103396474609,94.01079559326172
7,0.8,marginal,2025-05-28 11:15:00,elevated_risk,66.83870968,81.54137545644531,71.68113708496094
7,0.8,marginal,2025-05-28 12:41:00,elevated_risk,67.29032258,82.98851138173828,73.1282730102539
7,0.8,marginal,2025-05-28 14:06:00,elevated_risk,67.29032258,94.0089276415039,84.14868927001953
7,0.8,adaptive,2025-05-24 10:13:00,elevated_risk,110.6451613,124.28417802401587,110.93756866455078
7,0.8,adaptive,2025-05-24 11:39:00,elevated_risk,111.0967742,118.72175380445003,111.03404235839844
7,0.8,adaptive,2025-05-24 13:05:00,elevated_risk,111.0967742,116.27740973681543,111.56472778320312
7,0.8,adaptive,2025-05-24 14:30:00,elevated_risk,111.0967742,109.92500442401051,101.06262969970703
7,0.8,adaptive,2025-05-24 15:56:00,elevated_risk,110.6451613,118.21101949909486,110.79537200927734
7,0.8,adaptive,2025-05-24 17:22:00,elevated_risk,99.35483871,110.80079221656852,102.90801239013672
7,0.8,adaptive,2025-05-24 18:47:00,elevated_risk,98.4516129,103.34288057771413,96.73616027832031
7,0.8,adaptive,2025-05-24 20:13:00,elevated_risk,62.77419355,105.7828688822987,95.61309814453125
7,0.8,adaptive,2025-05-24 21:38:00,elevated_risk,66.38709677,68.98264718540867,65.98882293701172
7,0.8,adaptive,2025-05-24 23:04:00,elevated_risk,66.83870968,83.23589888256774,74.12537384033203
7,0.8,adaptive,2025-05-25 00:30:00,baseline,88.96774194,90.71125715529652,84.9418716430664
7,0.8,adaptive,2025-05-25 01:55:00,baseline,89.87096774,94.4066935419379,91.04106903076172
7,0.8,adaptive,2025-05-25 03:21:00,baseline,89.87096774,93.09347689248297,89.2754135131836
7,0.8,adaptive,2025-05-25 04:46:00,baseline,92.58064516,106.60731870565486,94.5692138671875
7,0.8,adaptive,2025-05-25 06:12:00,baseline,92.58064516,105.17054684192712,88.58856964111328
7,0.8,adaptive,2025-05-25 07:38:00,baseline,104.3225806,111.04362546763977,96.09744262695312
7,0.8,adaptive,2025-05-25 09:03:00,baseline,105.2258065,115.8556766675224,103.49799346923828
7,0.8,adaptive,2025-05-25 10:29:00,baseline,104.7741935,114.79459925991347,108.50474548339844
7,0.8,adaptive,2025-05-25 11:55:00,baseline,104.7741935,114.21530799989299,94.271484375
7,0.8,adaptive,2025-05-25 13:20:00,baseline,104.3225806,112.44242590101152,102.17694091796875
7,0.8,adaptive,2025-05-25 14:46:00,baseline,82.64516129,109.35150426870443,100.06163787841797
7,0.8,adaptive,2025-05-25 16:11:00,baseline,82.64516129,88.58072418847523,82.21498107910156
7,0.8,adaptive,2025-05-25 17:37:00,baseline,81.74193548,89.00050056184813,78.70758056640625
7,0.8,adaptive,2025-05-25 19:03:00,baseline,53.74193548,102.586940243813,92.82347869873047
7,0.8,adaptive,2025-05-25 20:28:00,baseline,54.19354839,76.95634946222883,73.1852798461914
7,0.8,adaptive,2025-05-25 21:54:00,baseline,54.19354839,79.2546171906883,73.47162628173828
7,0.8,adaptive,2025-05-25 23:19:00,baseline,78.58064516,87.93589248787568,74.85786437988281
7,0.8,adaptive,2025-05-26 00:45:00,baseline,93.93548387,80.49810174972602,76.18115997314453
7,0.8,adaptive,2025-05-26 02:11:00,baseline,94.38709677,97.29262367594872,93.17913055419922
7,0.8,adaptive,2025-05-26 03:36:00,baseline,94.38709677,96.55876907207619,92.53961944580078
7,0.8,adaptive,2025-05-26 05:02:00,baseline,118.3225806,118.90229520715057,105.85293579101562
7,0.8,adaptive,2025-05-26 06:28:00,baseline,118.7741935,127.45542383314681,115.18276977539062
7,0.8,adaptive,2025-05-26 07:53:00,baseline,118.7741935,119.48642022772745,108.51016998291016
7,0.8,adaptive,2025-05-26 09:19:00,baseline,118.3225806,110.25335167195743,100.06359100341797
7,0.8,adaptive,2025-05-26 10:44:00,baseline,117.4193548,117.67152224206573,109.71055603027344
7,0.8,adaptive,2025-05-26 12:10:00,baseline,106.1290323,113.26222502002696,103.05308532714844
7,0.8,adaptive,2025-05-26 13:36:00,baseline,103.4193548,102.21622478681113,93.03436279296875
7,0.8,adaptive,2025-05-26 15:01:00,baseline,62.77419355,99.31816621774998,89.09622955322266
7,0.8,adaptive,2025-05-26 16:27:00,baseline,65.93548387,80.15495155132052,75.83341979980469
7,0.8,adaptive,2025-05-26 17:52:00,baseline,65.93548387,98.89669639756461,91.1125259399414
7,0.8,adaptive,2025-05-26 19:18:00,baseline,89.41935484,95.08933068102036,85.62029266357422
7,0.8,adaptive,2025-05-26 20:44:00,baseline,89.87096774,98.2043741924106,90.86602020263672
7,0.8,adaptive,2025-05-26 22:09:00,baseline,90.77419355,96.57807330197582,91.76747131347656
7,0.8,adaptive,2025-05-26 23:35:00,baseline,98.4516129,101.77825095390547,86.00609588623047
7,0.8,adaptive,2025-05-27 01:00:00,baseline,98.4516129,110.39510821784224,101.55780792236328
7,0.8,adaptive,2025-05-27 02:26:00,baseline,111.5483871,110.10647752798496,100.2701416015625
7,0.8,adaptive,2025-05-27 03:52:00,baseline,112.0,116.69431840868877,106.33837127685547
7,0.8,adaptive,2025-05-27 05:17:00,baseline,112.0,118.15075888570811,111.39033508300781
7,0.8,adaptive,2025-05-27 06:43:00,baseline,111.5483871,114.78577128389755,106.8113021850586
7,0.8,adaptive,2025-05-27 08:09:00,baseline,109.7419355,111.5228137361103,105.64435577392578
7,0.8,adaptive,2025-05-27 09:34:00,baseline,98.90322581,108.43917537466673,100.67533874511719
7,0.8,adaptive,2025-05-27 11:00:00,baseline,98.90322581,104.86226700717546,98.83941650390625
7,0.8,adaptive,2025-05-27 12:25:00,baseline,97.5483871,102.56845436013352,95.14491271972656
7,0.8,adaptive,2025-05-27 13:51:00,baseline,64.58064516,95.5156026781462,82.37496948242188
7,0.8,adaptive,2025-05-27 15:17:00,baseline,89.41935484,77.03576109965333,70.24564361572266
7,0.8,adaptive,2025-05-27 16:42:00,baseline,89.87096774,100.58419801842588,91.05255126953125
7,0.8,adaptive,2025-05-27 18:08:00,baseline,90.32258065,94.9109122860297,92.56868743896484
7,0.8,adaptive,2025-05-27 19:33:00,baseline,98.90322581,106.10782879690267,94.35887908935547
7,0.8,adaptive,2025-05-27 20:59:00,baseline,98.90322581,113.36438153995523,103.95967102050781
7,0.8,adaptive,2025-05-27 22:25:00,baseline,98.90322581,107.10266372780474,98.55116271972656
7,0.8,adaptive,2025-05-27 23:50:00,baseline,118.7741935,110.60978606089263,95.81346130371094
7,0.8,adaptive,2025-05-28 01:16:00,elevated_risk,119.2258065,131.26801382000085,117.79507446289062
7,0.8,adaptive,2025-05-28 02:42:00,elevated_risk,119.2258065,132.1831240996313,118.72323608398438
7,0.8,adaptive,2025-05-28 04:07:00,elevated_risk,119.2258065,136.51609932424924,114.78833770751953
7,0.8,adaptive,2025-05-28 05:33:00,elevated_risk,118.3225806,132.14029041625847,119.02391815185547
7,0.8,adaptive,2025-05-28 06:58:00,elevated_risk,110.6451613,125.81947341191372,113.8938980102539
7,0.8,adaptive,2025-05-28 08:24:00,elevated_risk,109.7419355,108.20512049394893,98.03245544433594
7,0.8,adaptive,2025-05-28 09:50:00,elevated_risk,65.93548387,105.47066857837899,94.01079559326172
7,0.8,adaptive,2025-05-28 11:15:00,elevated_risk,66.83870968,79.64081654379066,71.68113708496094
7,0.8,adaptive,2025-05-28 12:41:00,elevated_risk,67.29032258,80.36259072732548,73.1282730102539
7,0.8,adaptive,2025-05-28 14:06:00,elevated_risk,67.29032258,92.31878762188128,84.14868927001953
7,0.8,mondrian,2025-05-24 10:13:00,elevated_risk,110.6451613,125.18433426123048,110.93756866455078
7,0.8,mondrian,2025-05-24 11:39:00,elevated_risk,111.0967742,125.28080795507813,111.03404235839844
7,0.8,mondrian,2025-05-24 13:05:00,elevated_risk,111.0967742,125.81149337988282,111.56472778320312
7,0.8,mondrian,2025-05-24 14:30:00,elevated_risk,111.0967742,115.30939529638673,101.06262969970703
7,0.8,mondrian,2025-05-24 15:56:00,elevated_risk,110.6451613,125.04213760595704,110.79537200927734
7,0.8,mondrian,2025-05-24 17:22:00,elevated_risk,99.35483871,117.15477798681641,102.90801239013672
7,0.8,mondrian,2025-05-24 18:47:00,elevated_risk,98.4516129,110.982925875,96.73616027832031
7,0.8,mondrian,2025-05-24 20:13:00,elevated_risk,62.77419355,109.85986374121094,95.61309814453125
7,0.8,mondrian,2025-05-24 21:38:00,elevated_risk,66.38709677,80.23558853369141,65.98882293701172
7,0.8,mondrian,2025-05-24 23:04:00,elevated_risk,66.83870968,88.37213943701173,74.12537384033203
7,0.8,mondrian,2025-05-25 00:30:00,baseline,88.96774194,91.97959579927735,84.9418716430664
7,0.8,mondrian,2025-05-25 01:55:00,baseline,89.87096774,98.07879318697266,91.04106903076172
7,0.8,mondrian,2025-05-25 03:21:00,baseline,89.87096774,96.31313766939454,89.2754135131836
7,0.8,mondrian,2025-05-25 04:46:00,baseline,92.58064516,101.60693802339844,94.5692138671875
7,0.8,mondrian,2025-05-25 06:12:00,baseline,92.58064516,95.62629379732422,88.58856964111328
7,0.8,mondrian,2025-05-25 07:38:00,baseline,104.3225806,103.13516678316407,96.09744262695312
7,0.8,mondrian,2025-05-25 09:03:00,baseline,105.2258065,110.53571762544922,103.49799346923828
7,0.8,mondrian,2025-05-25 10:29:00,baseline,104.7741935,115.54246963960938,108.50474548339844
7,0.8,mondrian,2025-05-25 11:55:00,baseline,104.7741935,101.30920853121094,94.271484375
7,0.8,mondrian,2025-05-25 13:20:00,baseline,104.3225806,109.21466507417969,102.17694091796875
7,0.8,mondrian,2025-05-25 14:46:00,baseline,82.64516129,107.09936203462891,100.06163787841797
7,0.8,mondrian,2025-05-25 16:11:00,baseline,82.64516129,89.2527052353125,82.21498107910156
7,0.8,mondrian,2025-05-25 17:37:00,baseline,81.74193548,85.74530472261719,78.70758056640625
7,0.8,mondrian,2025-05-25 19:03:00,baseline,53.74193548,99.86120285494141,92.82347869873047
7,0.8,mondrian,2025-05-25 20:28:00,baseline,54.19354839,80.22300400240235,73.1852798461914
7,0.8,mondrian,2025-05-25 21:54:00,baseline,54.19354839,80.50935043794922,73.47162628173828
7,0.8,mondrian,2025-05-25 23:19:00,baseline,78.58064516,81.89558853609375,74.85786437988281
7,0.8,mondrian,2025-05-26 00:45:00,baseline,93.93548387,83.21888412935547,76.18115997314453
7,0.8,mondrian,2025-05-26 02:11:00,baseline,94.38709677,100.21685471041016,93.17913055419922
7,0.8,mondrian,2025-05-26 03:36:00,baseline,94.38709677,99.57734360201172,92.53961944580078
7,0.8,mondrian,2025-05-26 05:02:00,baseline,118.3225806,112.89065994722657,105.85293579101562
7,0.8,mondrian,2025-05-26 06:28:00,baseline,118.7741935,122.22049393160157,115.18276977539062
7,0.8,mondrian,2025-05-26 07:53:00,baseline,118.7741935,115.5478941391211,108.51016998291016
7,0.8,mondrian,2025-05-26 09:19:00,baseline,118.3225806,107.10131515962891,100.06359100341797
7,0.8,mondrian,2025-05-26 10:44:00,baseline,117.4193548,116.74828018648438,109.71055603027344
7,0.8,mondrian,2025-05-26 12:10:00,baseline,106.1290323,110.09080948335938,103.05308532714844
7,0.8,mondrian,2025-05-26 13:36:00,baseline,103.4193548,100.07208694917969,93.03436279296875
7,0.8,mondrian,2025-05-26 15:01:00,baseline,62.77419355,96.1339537094336,89.09622955322266
7,0.8,mondrian,2025-05-26 16:27:00,baseline,65.93548387,82.87114395601563,75.83341979980469
7,0.8,mondrian,2025-05-26 17:52:00,baseline,65.93548387,98.15025009615235,91.1125259399414
7,0.8,mondrian,2025-05-26 19:18:00,baseline,89.41935484,92.65801681978516,85.62029266357422
7,0.8,mondrian,2025-05-26 20:44:00,baseline,89.87096774,97.90374435884766,90.86602020263672
7,0.8,mondrian,2025-05-26 22:09:00,baseline,90.77419355,98.8051954696875,91.76747131347656
7,0.8,mondrian,2025-05-26 23:35:00,baseline,98.4516129,93.04382004244141,86.00609588623047
7,0.8,mondrian,2025-05-27 01:00:00,baseline,98.4516129,108.59553207857422,101.55780792236328
7,0.8,mondrian,2025-05-27 02:26:00,baseline,111.5483871,107.30786575777344,100.2701416015625
7,0.8,mondrian,2025-05-27 03:52:00,baseline,112.0,113.37609543306641,106.33837127685547
7,0.8,mondrian,2025-05-27 05:17:00,baseline,112.0,118.42805923921875,111.39033508300781
7,0.8,mondrian,2025-05-27 06:43:00,baseline,111.5483871,113.84902634126954,106.8113021850586
7,0.8,mondrian,2025-05-27 08:09:00,baseline,109.7419355,112.68207993013672,105.64435577392578
7,0.8,mondrian,2025-05-27 09:34:00,baseline,98.90322581,107.71306290132813,100.67533874511719
7,0.8,mondrian,2025-05-27 11:00:00,baseline,98.90322581,105.87714066011719,98.83941650390625
7,0.8,mondrian,2025-05-27 12:25:00,baseline,97.5483871,102.1826368759375,95.14491271972656
7,0.8,mondrian,2025-05-27 13:51:00,baseline,64.58064516,89.41269363863282,82.37496948242188
7,0.8,mondrian,2025-05-27 15:17:00,baseline,89.41935484,77.2833677719336,70.24564361572266
7,0.8,mondrian,2025-05-27 16:42:00,baseline,89.87096774,98.09027542574219,91.05255126953125
7,0.8,mondrian,2025-05-27 18:08:00,baseline,90.32258065,99.60641159517579,92.56868743896484
7,0.8,mondrian,2025-05-27 19:33:00,baseline,98.90322581,101.39660324556641,94.35887908935547
7,0.8,mondrian,2025-05-27 20:59:00,baseline,98.90322581,110.99739517671875,103.95967102050781
7,0.8,mondrian,2025-05-27 22:25:00,baseline,98.90322581,105.5888868759375,98.55116271972656
7,0.8,mondrian,2025-05-27 23:50:00,baseline,118.7741935,102.85118545992188,95.81346130371094
7,0.8,mondrian,2025-05-28 01:16:00,elevated_risk,119.2258065,132.04184005957032,117.79507446289062
7,0.8,mondrian,2025-05-28 02:42:00,elevated_risk,119.2258065,132.97000168066407,118.72323608398438
7,0.8,mondrian,2025-05-28 04:07:00,elevated_risk,119.2258065,129.03510330419923,114.78833770751953
7,0.8,mondrian,2025-05-28 05:33:00,elevated_risk,118.3225806,133.27068374853516,119.02391815185547
7,0.8,mondrian,2025-05-28 06:58:00,elevated_risk,110.6451613,128.1406636069336,113.8938980102539
7,0.8,mondrian,2025-05-28 08:24:00,elevated_risk,109.7419355,112.27922104101563,98.03245544433594
7,0.8,mondrian,2025-05-28 09:50:00,elevated_risk,65.93548387,108.25756118994141,94.01079559326172
7,0.8,mondrian,2025-05-28 11:15:00,elevated_risk,66.83870968,85.92790268164063,71.68113708496094
7,0.8,mondrian,2025-05-28 12:41:00,elevated_risk,67.29032258,87.3750386069336,73.1282730102539
7,0.8,mondrian,2025-05-28 14:06:00,elevated_risk,67.29032258,98.39545486669923,84.14868927001953
7,0.8,aci,2025-05-24 10:13:00,elevated_risk,110.6451613,120.79780703603515,110.93756866455078
7,0.8,aci,2025-05-24 11:39:00,elevated_risk,111.0967742,120.2842788696289,111.03404235839844
7,0.8,aci,2025-05-24 13:05:00,elevated_risk,111.0967742,119.57256067158202,111.56472778320312
7,0.8,aci,2025-05-24 14:30:00,elevated_risk,111.0967742,108.88204291107422,101.06262969970703
7,0.8,aci,2025-05-24 15:56:00,elevated_risk,110.6451613,120.82951650957031,110.79537200927734
7,0.8,aci,2025-05-24 17:22:00,elevated_risk,99.35483871,112.76825076162109,102.90801239013672
7,0.8,aci,2025-05-24 18:47:00,elevated_risk,98.4516129,105.98639678955078,96.73616027832031
7,0.8,aci,2025-05-24 20:13:00,elevated_risk,62.77419355,103.62093103291015,95.61309814453125
7,0.8,aci,2025-05-24 21:38:00,elevated_risk,66.38709677,73.80823614837891,65.98882293701172
7,0.8,aci,2025-05-24 23:04:00,elevated_risk,66.83870968,81.16309799654297,74.12537384033203
7,0.8,aci,2025-05-25 00:30:00,baseline,88.96774194,91.64764302304687,84.9418716430664
7,0.8,aci,2025-05-25 01:55:00,baseline,89.87096774,97.36087457099609,91.04106903076172
7,0.8,aci,2025-05-25 03:21:00,baseline,89.87096774,94.79549065986328,89.2754135131836
7,0.8,aci,2025-05-25 04:46:00,baseline,92.58064516,99.76999073353515,94.5692138671875
7,0.8,aci,2025-05-25 06:12:00,baseline,92.58064516,93.32772458177735,88.58856964111328
7,0.8,aci,2025-05-25 07:38:00,baseline,104.3225806,100.19350946308593,96.09744262695312
7,0.8,aci,2025-05-25 09:03:00,baseline,105.2258065,109.62052940478516,103.49799346923828
7,0.8,aci,2025-05-25 10:29:00,baseline,104.7741935,113.90598346115235,108.50474548339844
7,0.8,aci,2025-05-25 11:55:00,baseline,104.7741935,99.47226124134765,94.271484375
7,0.8,aci,2025-05-25 13:20:00,baseline,104.3225806,109.21466507417969,102.17694091796875
7,0.8,aci,2025-05-25 14:46:00,baseline,82.64516129,106.76740925839843,100.06163787841797
7,0.8,aci,2025-05-25 16:11:00,baseline,82.64516129,88.33751701464844,82.21498107910156
7,0.8,aci,2025-05-25 17:37:00,baseline,81.74193548,84.10881854416016,78.70758056640625
7,0.8,aci,2025-05-25 19:03:00,baseline,53.74193548,97.74921885199218,92.82347869873047
7,0.8,aci,2025-05-25 20:28:00,baseline,54.19354839,77.48663547060546,73.1852798461914
7,0.8,aci,2025-05-25 21:54:00,baseline,54.19354839,77.55042539824218,73.47162628173828
7,0.8,aci,2025-05-25 23:19:00,baseline,78.58064516,78.82029896107422,74.85786437988281
7,0.8,aci,2025-05-26 00:45:00,baseline,93.93548387,79.98043573261718,76.18115997314453
7,0.8,aci,2025-05-26 02:11:00,baseline,94.38709677,98.10487070746093,93.17913055419922
7,0.8,aci,2025-05-26 03:36:00,baseline,94.38709677,96.84097507021484,92.53961944580078
7,0.8,aci,2025-05-26 05:02:00,baseline,118.3225806,109.93173490751953,105.85293579101562
7,0.8,aci,2025-05-26 06:28:00,baseline,118.7741935,121.14016157677734,115.18276977539062
7,0.8,aci,2025-05-26 07:53:00,baseline,118.7741935,113.73161413910157,108.51016998291016
7,0.8,aci,2025-05-26 09:19:00,baseline,118.3225806,107.66314595273437,100.06359100341797
7,0.8,aci,2025-05-26 10:44:00,baseline,117.4193548,119.61942610234375,109.71055603027344
7,0.8,aci,2025-05-26 12:10:00,baseline,106.1290323,112.45247502158203,103.05308532714844
7,0.8,aci,2025-05-26 13:36:00,baseline,103.4193548,101.7043048463672,93.03436279296875
7,0.8,aci,2025-05-26 15:01:00,baseline,62.77419355,99.9943106415039,89.09622955322266
7,0.8,aci,2025-05-26 16:27:00,baseline,65.93548387,86.21841180683593,75.83341979980469
7,0.8,aci,2025-05-26 17:52:00,baseline,65.93548387,101.02139601201172,91.1125259399414
7,0.8,aci,2025-05-26 19:18:00,baseline,89.41935484,95.01968235800781,85.62029266357422
7,0.8,aci,2025-05-26 20:44:00,baseline,89.87096774,99.53596225603516,90.86602020263672
7,0.8,aci,2025-05-26 22:09:00,baseline,90.77419355,99.7746557033203,91.76747131347656
7,0.8,aci,2025-05-26 23:35:00,baseline,98.4516129,93.71489465595702,86.00609588623047
7,0.8,aci,2025-05-27 01:00:00,baseline,98.4516129,111.4666779944336,101.55780792236328
7,0.8,aci,2025-05-27 02:26:00,baseline,111.5483871,109.6695312959961,100.2701416015625
7,0.8,aci,2025-05-27 03:52:00,baseline,112.0,118.783888290625,106.33837127685547
7,0.8,aci,2025-05-27 05:17:00,baseline,112.0,122.66858058144531,111.39033508300781
7,0.8,aci,2025-05-27 06:43:00,baseline,111.5483871,117.31401131005859,106.8113021850586
7,0.8,aci,2025-05-27 08:09:00,baseline,109.7419355,115.5532258459961,105.64435577392578
7,0.8,aci,2025-05-27 09:34:00,baseline,98.90322581,110.07472843955078,100.67533874511719
7,0.8,aci,2025-05-27 11:00:00,baseline,98.90322581,107.5093585573047,98.83941650390625
7,0.8,aci,2025-05-27 12:25:00,baseline,97.5483871,103.1520971095703,95.14491271972656
7,0.8,aci,2025-05-27 13:51:00,baseline,64.58064516,90.08376825214843,82.37496948242188
7,0.8,aci,2025-05-27 15:17:00,baseline,89.41935484,77.10812008958985,70.24564361572266
7,0.8,aci,2025-05-27 16:42:00,baseline,89.87096774,100.45194096396484,91.05255126953125
7,0.8,aci,2025-05-27 18:08:00,baseline,90.32258065,101.23862949236329,92.56868743896484
7,0.8,aci,2025-05-27 19:33:00,baseline,98.90322581,102.36606347919921,94.35887908935547
7,0.8,aci,2025-05-27 20:59:00,baseline,98.90322581,111.66846979023437,103.95967102050781
7,0.8,aci,2025-05-27 22:25:00,baseline,98.90322581,105.41363919359375,98.55116271972656
7,0.8,aci,2025-05-27 23:50:00,baseline,118.7741935,102.32871519316406,95.81346130371094
7,0.8,aci,2025-05-28 01:16:00,elevated_risk,119.2258065,126.46501651628907,117.79507446289062
7,0.8,aci,2025-05-28 02:42:00,elevated_risk,119.2258065,126.73042047382812,118.72323608398438
7,0.8,aci,2025-05-28 04:07:00,elevated_risk,119.2258065,122.38789265683593,114.78833770751953
7,0.8,aci,2025-05-28 05:33:00,elevated_risk,118.3225806,125.88639462572266,119.02391815185547
7,0.8,aci,2025-05-28 06:58:00,elevated_risk,110.6451613,120.40915189970703,113.8938980102539
7,0.8,aci,2025-05-28 08:24:00,elevated_risk,109.7419355,103.69408416748047,98.03245544433594
7,0.8,aci,2025-05-28 09:50:00,elevated_risk,65.93548387,102.01797998310546,94.01079559326172
7,0.8,aci,2025-05-28 11:15:00,elevated_risk,66.83870968,79.28069203427734,71.68113708496094
7,0.8,aci,2025-05-28 12:41:00,elevated_risk,67.29032258,79.9907494841211,73.1282730102539
7,0.8,aci,2025-05-28 14:06:00,elevated_risk,67.29032258,90.4684948102539,84.14868927001953
7,0.9,marginal,2025-05-24 10:13:00,elevated_risk,110.6451613,130.38814077714844,110.93756866455078
7,0.9,marginal,2025-05-24 11:39:00,elevated_risk,111.0967742,130.4846144709961,111.03404235839844
7,0.9,marginal,2025-05-24 13:05:00,elevated_risk,111.0967742,131.01529989580078,111.56472778320312
7,0.9,marginal,2025-05-24 14:30:00,elevated_risk,111.0967742,120.51320181230469,101.06262969970703
7,0.9,marginal,2025-05-24 15:56:00,elevated_risk,110.6451613,130.245944121875,110.79537200927734
7,0.9,marginal,2025-05-24 17:22:00,elevated_risk,99.35483871,122.35858450273437,102.90801239013672
7,0.9,marginal,2025-05-24 18:47:00,elevated_risk,98.4516129,116.18673239091797,96.73616027832031
7,0.9,marginal,2025-05-24 20:13:00,elevated_risk,62.77419355,115.0636702571289,95.61309814453125
7,0.9,marginal,2025-05-24 21:38:00,elevated_risk,66.38709677,85.43939504960937,65.98882293701172
7,0.9,marginal,2025-05-24 23:04:00,elevated_risk,66.83870968,93.57594595292969,74.12537384033203
7,0.9,marginal,2025-05-25 00:30:00,baseline,88.96774194,104.39244375566406,84.9418716430664
7,0.9,marginal,2025-05-25 01:55:00,baseline,89.87096774,110.49164114335937,91.04106903076172
7,0.9,marginal,2025-05-25 03:21:00,baseline,89.87096774,108.72598562578125,89.2754135131836
7,0.9,marginal,2025-05-25 04:46:00,baseline,92.58064516,114.01978597978515,94.5692138671875
7,0.9,marginal,2025-05-25 06:12:00,baseline,92.58064516,108.03914175371094,88.58856964111328
7,0.9,marginal,2025-05-25 07:38:00,baseline,104.3225806,115.54801473955078,96.09744262695312
7,0.9,marginal,2025-05-25 09:03:00,baseline,105.2258065,122.94856558183594,103.49799346923828
7,0.9,marginal,2025-05-25 10:29:00,baseline,104.7741935,127.95531759599609,108.50474548339844
7,0.9,marginal,2025-05-25 11:55:00,baseline,104.7741935,113.72205648759765,94.271484375
7,0.9,marginal,2025-05-25 13:20:00,baseline,104.3225806,121.6275130305664,102.17694091796875
7,0.9,marginal,2025-05-25 14:46:00,baseline,82.64516129,119.51220999101562,100.06163787841797
7,0.9,marginal,2025-05-25 16:11:00,baseline,82.64516129,101.66555319169922,82.21498107910156
7,0.9,marginal,2025-05-25 17:37:00,baseline,81.74193548,98.1581526790039,78.70758056640625
7,0.9,marginal,2025-05-25 19:03:00,baseline,53.74193548,112.27405081132812,92.82347869873047
7,0.9,marginal,2025-05-25 20:28:00,baseline,54.19354839,92.63585195878906,73.1852798461914
7,0.9,marginal,2025-05-25 21:54:00,baseline,54.19354839,92.92219839433594,73.47162628173828
7,0.9,marginal,2025-05-25 23:19:00,baseline,78.58064516,94.30843649248047,74.85786437988281
7,0.9,marginal,2025-05-26 00:45:00,baseline,93.93548387,95.63173208574219,76.18115997314453
7,0.9,marginal,2025-05-26 02:11:00,baseline,94.38709677,112.62970266679687,93.17913055419922
7,0.9,marginal,2025-05-26 03:36:00,baseline,94.38709677,111.99019155839844,92.53961944580078
7,0.9,marginal,2025-05-26 05:02:00,baseline,118.3225806,125.30350790361328,105.85293579101562
7,0.9,marginal,2025-05-26 06:28:00,baseline,118.7741935,134.63334188798828,115.18276977539062
7,0.9,marginal,2025-05-26 07:53:00,baseline,118.7741935,127.96074209550781,108.51016998291016
7,0.9,marginal,2025-05-26 09:19:00,baseline,118.3225806,119.51416311601562,100.06359100341797
7,0.9,marginal,2025-05-26 10:44:00,baseline,117.4193548,129.1611281428711,109.71055603027344
7,0.9,marginal,2025-05-26 12:10:00,baseline,106.1290323,122.50365743974609,103.05308532714844
7,0.9,marginal,2025-05-26 13:36:00,baseline,103.4193548,112.4849349055664,93.03436279296875
7,0.9,marginal,2025-05-26 15:01:00,baseline,62.77419355,108.54680166582031,89.09622955322266
7,0.9,marginal,2025-05-26 16:27:00,baseline,65.93548387,95.28399191240234,75.83341979980469
7,0.9,marginal,2025-05-26 17:52:00,baseline,65.93548387,110.56309805253906,91.1125259399414
7,0.9,marginal,2025-05-26 19:18:00,baseline,89.41935484,105.07086477617187,85.62029266357422
7,0.9,marginal,2025-05-26 20:44:00,baseline,89.87096774,110.31659231523437,90.86602020263672
7,0.9,marginal,2025-05-26 22:09:00,baseline,90.77419355,111.21804342607422,91.76747131347656
7,0.9,marginal,2025-05-26 23:35:00,baseline,98.4516129,105.45666799882812,86.00609588623047
7,0.9,marginal,2025-05-27 01:00:00,baseline,98.4516129,121.00838003496094,101.55780792236328
7,0.9,marginal,2025-05-27 02:26:00,baseline,111.5483871,119.72071371416015,100.2701416015625
7,0.9,marginal,2025-05-27 03:52:00,baseline,112.0,125.78894338945312,106.33837127685547
7,0.9,marginal,2025-05-27 05:17:00,baseline,112.0,130.84090719560547,111.39033508300781
7,0.9,marginal,2025-05-27 06:43:00,baseline,111.5483871,126.26187429765625,106.8113021850586
7,0.9,marginal,2025-05-27 08:09:00,baseline,109.7419355,125.09492788652344,105.64435577392578
7,0.9,marginal,2025-05-27 09:34:00,baseline,98.90322581,120.12591085771484,100.67533874511719
7,0.9,marginal,2025-05-27 11:00:00,baseline,98.90322581,118.2899886165039,98.83941650390625
7,0.9,marginal,2025-05-27 12:25:00,baseline,97.5483871,114.59548483232422,95.14491271972656
7,0.9,marginal,2025-05-27 13:51:00,baseline,64.58064516,101.82554159501953,82.37496948242188
7,0.9,marginal,2025-05-27 15:17:00,baseline,89.41935484,89.69621572832031,70.24564361572266
7,0.9,marginal,2025-05-27 16:42:00,baseline,89.87096774,110.5031233821289,91.05255126953125
7,0.9,marginal,2025-05-27 18:08:00,baseline,90.32258065,112.0192595515625,92.56868743896484
7,0.9,marginal,2025-05-27 19:33:00,baseline,98.90322581,113.80945120195312,94.35887908935547
7,0.9,marginal,2025-05-27 20:59:00,baseline,98.90322581,123.41024313310547,103.95967102050781
7,0.9,marginal,2025-05-27 22:25:00,baseline,98.90322581,118.00173483232422,98.55116271972656
7,0.9,marginal,2025-05-27 23:50:00,baseline,118.7741935,115.26403341630859,95.81346130371094
7,0.9,marginal,2025-05-28 01:16:00,elevated_risk,119.2258065,137.24564657548828,117.79507446289062
7,0.9,marginal,2025-05-28 02:42:00,elevated_risk,119.2258065,138.17380819658203,118.72323608398438
7,0.9,marginal,2025-05-28 04:07:00,elevated_risk,119.2258065,134.2389098201172,114.78833770751953
7,0.9,marginal,2025-05-28 05:33:00,elevated_risk,118.3225806,138.47449026445312,119.02391815185547
7,0.9,marginal,2025-05-28 06:58:00,elevated_risk,110.6451613,133.34447012285156,113.8938980102539
7,0.9,marginal,2025-05-28 08:24:00,elevated_risk,109.7419355,117.48302755693359,98.03245544433594
7,0.9,marginal,2025-05-28 09:50:00,elevated_risk,65.93548387,113.46136770585937,94.01079559326172
7,0.9,marginal,2025-05-28 11:15:00,elevated_risk,66.83870968,91.13170919755859,71.68113708496094
7,0.9,marginal,2025-05-28 12:41:00,elevated_risk,67.29032258,92.57884512285156,73.1282730102539
7,0.9,marginal,2025-05-28 14:06:00,elevated_risk,67.29032258,103.59926138261719,84.14868927001953
7,0.9,adaptive,2025-05-24 10:13:00,elevated_risk,110.6451613,131.84457313555436,110.93756866455078
7,0.9,adaptive,2025-05-24 11:39:00,elevated_risk,111.0967742,123.07657790023642,111.03404235839844
7,0.9,adaptive,2025-05-24 13:05:00,elevated_risk,111.0967742,118.94698195884637,111.56472778320312
7,0.9,adaptive,2025-05-24 14:30:00,elevated_risk,111.0967742,114.94523486139342,101.06262969970703
7,0.9,adaptive,2025-05-24 15:56:00,elevated_risk,110.6451613,122.41172872200688,110.79537200927734
7,0.9,adaptive,2025-05-24 17:22:00,elevated_risk,99.35483871,115.27178049599144,102.90801239013672
7,0.9,adaptive,2025-05-24 18:47:00,elevated_risk,98.4516129,107.0853603723607,96.73616027832031
7,0.9,adaptive,2025-05-24 20:13:00,elevated_risk,62.77419355,111.5436941900955,95.61309814453125
7,0.9,adaptive,2025-05-24 21:38:00,elevated_risk,66.38709677,70.67854564192068,65.98882293701172
7,0.9,adaptive,2025-05-24 23:04:00,elevated_risk,66.83870968,88.39669793929748,74.12537384033203
7,0.9,adaptive,2025-05-25 00:30:00,baseline,88.96774194,93.97941559527604,84.9418716430664
7,0.9,adaptive,2025-05-25 01:55:00,baseline,89.87096774,96.31320405829801,91.04106903076172
7,0.9,adaptive,2025-05-25 03:21:00,baseline,89.87096774,95.25627846484846,89.2754135131836
7,0.9,adaptive,2025-05-25 04:46:00,baseline,92.58064516,113.42649101539149,94.5692138671875
7,0.9,adaptive,2025-05-25 06:12:00,baseline,92.58064516,114.56366654687814,88.58856964111328
7,0.9,adaptive,2025-05-25 07:38:00,baseline,104.3225806,119.51012393488917,96.09744262695312
7,0.9,adaptive,2025-05-25 09:03:00,baseline,105.2258065,122.85587912538418,103.49799346923828
7,0.9,adaptive,2025-05-25 10:29:00,baseline,104.7741935,118.35758506877977,108.50474548339844
7,0.9,adaptive,2025-05-25 11:55:00,baseline,104.7741935,125.51279806482057,94.271484375
7,0.9,adaptive,2025-05-25 13:20:00,baseline,104.3225806,118.2574700364217,102.17694091796875
7,0.9,adaptive,2025-05-25 14:46:00,baseline,82.64516129,114.61389403020279,100.06163787841797
7,0.9,adaptive,2025-05-25 16:11:00,baseline,82.64516129,92.18669869399918,82.21498107910156
7,0.9,adaptive,2025-05-25 17:37:00,baseline,81.74193548,94.83108568808532,78.70758056640625
7,0.9,adaptive,2025-05-25 19:03:00,baseline,53.74193548,108.1176053699926,92.82347869873047
7,0.9,adaptive,2025-05-25 20:28:00,baseline,54.19354839,79.09253068417652,73.1852798461914
7,0.9,adaptive,2025-05-25 21:54:00,baseline,54.19354839,82.53048261991738,73.47162628173828
7,0.9,adaptive,2025-05-25 23:19:00,baseline,78.58064516,95.34414555899086,74.85786437988281
7,0.9,adaptive,2025-05-26 00:45:00,baseline,93.93548387,82.94350077395961,76.18115997314453
7,0.9,adaptive,2025-05-26 02:11:00,baseline,94.38709677,99.62277603535429,93.17913055419922
7,0.9,adaptive,2025-05-26 03:36:00,baseline,94.38709677,98.83547908648032,92.53961944580078
7,0.9,adaptive,2025-05-26 05:02:00,baseline,118.3225806,126.29430845046087,105.85293579101562
7,0.9,adaptive,2025-05-26 06:28:00,baseline,118.7741935,134.4074602076932,115.18276977539062
7,0.9,adaptive,2025-05-26 07:53:00,baseline,118.7741935,125.70408843535269,108.51016998291016
7,0.9,adaptive,2025-05-26 09:19:00,baseline,118.3225806,116.02550058793203,100.06359100341797
7,0.9,adaptive,2025-05-26 10:44:00,baseline,117.4193548,122.1811357633511,109.71055603027344
7,0.9,adaptive,2025-05-26 12:10:00,baseline,106.1290323,119.04535148669875,103.05308532714844
7,0.9,adaptive,2025-05-26 13:36:00,baseline,103.4193548,107.41743377281001,93.03436279296875
7,0.9,adaptive,2025-05-26 15:01:00,baseline,62.77419355,105.10854172867641,89.09622955322266
7,0.9,adaptive,2025-05-26 16:27:00,baseline,65.93548387,82.60295063847056,75.83341979980469
7,0.9,adaptive,2025-05-26 17:52:00,baseline,65.93548387,103.30616120545312,91.1125259399414
7,0.9,adaptive,2025-05-26 19:18:00,baseline,89.41935484,100.45321500624054,85.62029266357422
7,0.9,adaptive,2025-05-26 20:44:00,baseline,89.87096774,102.36129930625455,90.86602020263672
7,0.9,adaptive,2025-05-26 22:09:00,baseline,90.77419355,99.30311385556138,91.76747131347656
7,0.9,adaptive,2025-05-26 23:35:00,baseline,98.4516129,110.71263427632675,86.00609588623047
7,0.9,adaptive,2025-05-27 01:00:00,baseline,98.4516129,115.40113485379484,101.55780792236328
7,0.9,adaptive,2025-05-27 02:26:00,baseline,111.5483871,115.67842348449382,100.2701416015625
7,0.9,adaptive,2025-05-27 03:52:00,baseline,112.0,122.56060623971294,106.33837127685547
7,0.9,adaptive,2025-05-27 05:17:00,baseline,112.0,121.98030642795462,111.39033508300781
7,0.9,adaptive,2025-05-27 06:43:00,baseline,111.5483871,119.30303372622868,106.8113021850586
7,0.9,adaptive,2025-05-27 08:09:00,baseline,109.7419355,114.85275796716445,105.64435577392578
7,0.9,adaptive,2025-05-27 09:34:00,baseline,98.90322581,112.83712176838529,100.67533874511719
7,0.9,adaptive,2025-05-27 11:00:00,baseline,98.90322581,108.27400464600514,98.83941650390625
7,0.9,adaptive,2025-05-27 12:25:00,baseline,97.5483871,106.77363534781504,95.14491271972656
7,0.9,adaptive,2025-05-27 13:51:00,baseline,64.58064516,102.95931937799993,82.37496948242188
7,0.9,adaptive,2025-05-27 15:17:00,baseline,89.41935484,80.88212909092708,70.24564361572266
7,0.9,adaptive,2025-05-27 16:42:00,baseline,89.87096774,105.98354803642496,91.05255126953125
7,0.9,adaptive,2025-05-27 18:08:00,baseline,90.32258065,96.23770209510693,92.56868743896484
7,0.9,adaptive,2025-05-27 19:33:00,baseline,98.90322581,112.76320467119972,94.35887908935547
7,0.9,adaptive,2025-05-27 20:59:00,baseline,98.90322581,118.69182655026715,103.95967102050781
7,0.9,adaptive,2025-05-27 22:25:00,baseline,98.90322581,111.94679489823871,98.55116271972656
7,0.9,adaptive,2025-05-27 23:50:00,baseline,118.7741935,118.99139507858666,95.81346130371094
7,0.9,adaptive,2025-05-28 01:16:00,elevated_risk,119.2258065,138.8999705297635,117.79507446289062
7,0.9,adaptive,2025-05-28 02:42:00,elevated_risk,119.2258065,139.8076876733891,118.72323608398438
7,0.9,adaptive,2025-05-28 04:07:00,elevated_risk,119.2258065,148.82412889846464,114.78833770751953
7,0.9,adaptive,2025-05-28 05:33:00,elevated_risk,118.3225806,139.57026413303512,119.02391815185547
7,0.9,adaptive,2025-05-28 06:58:00,elevated_risk,110.6451613,132.57490166643527,113.8938980102539
7,0.9,adaptive,2025-05-28 08:24:00,elevated_risk,109.7419355,113.96758532984899,98.03245544433594
7,0.9,adaptive,2025-05-28 09:50:00,elevated_risk,65.93548387,111.96229243294911,94.01079559326172
7,0.9,adaptive,2025-05-28 11:15:00,elevated_risk,66.83870968,84.14970116378385,71.68113708496094
7,0.9,adaptive,2025-05-28 12:41:00,elevated_risk,67.29032258,84.46058287127599,73.1282730102539
7,0.9,adaptive,2025-05-28 14:06:00,elevated_risk,67.29032258,96.94686730688375,84.14868927001953
7,0.9,mondrian,2025-05-24 10:13:00,elevated_risk,110.6451613,132.9645665919922,110.93756866455078
7,0.9,mondrian,2025-05-24 11:39:00,elevated_risk,111.0967742,133.06104028583985,111.03404235839844
7,0.9,mondrian,2025-05-24 13:05:00,elevated_risk,111.0967742,133.59172571064454,111.56472778320312
7,0.9,mondrian,2025-05-24 14:30:00,elevated_risk,111.0967742,123.08962762714843,101.06262969970703
7,0.9,mondrian,2025-05-24 15:56:00,elevated_risk,110.6451613,132.82236993671876,110.79537200927734
7,0.9,mondrian,2025-05-24 17:22:00,elevated_risk,99.35483871,124.93501031757812,102.90801239013672
7,0.9,mondrian,2025-05-24 18:47:00,elevated_risk,98.4516129,118.76315820576171,96.73616027832031
7,0.9,mondrian,2025-05-24 20:13:00,elevated_risk,62.77419355,117.64009607197265,95.61309814453125
7,0.9,mondrian,2025-05-24 21:38:00,elevated_risk,66.38709677,88.01582086445312,65.98882293701172
7,0.9,mondrian,2025-05-24 23:04:00,elevated_risk,66.83870968,96.15237176777343,74.12537384033203
7,0.9,mondrian,2025-05-25 00:30:00,baseline,88.96774194,100.28063349892578,84.9418716430664
7,0.9,mondrian,2025-05-25 01:55:00,baseline,89.87096774,106.3798308866211,91.04106903076172
7,0.9,mondrian,2025-05-25 03:21:00,baseline,89.87096774,104.61417536904297,89.2754135131836
7,0.9,mondrian,2025-05-25 04:46:00,baseline,92.58064516,109.90797572304687,94.5692138671875
7,0.9,mondrian,2025-05-25 06:12:00,baseline,92.58064516,103.92733149697266,88.58856964111328
7,0.9,mondrian,2025-05-25 07:38:00,baseline,104.3225806,111.4362044828125,96.09744262695312
7,0.9,mondrian,2025-05-25 09:03:00,baseline,105.2258065,118.83675532509766,103.49799346923828
7,0.9,mondrian,2025-05-25 10:29:00,baseline,104.7741935,123.84350733925781,108.50474548339844
7,0.9,mondrian,2025-05-25 11:55:00,baseline,104.7741935,109.61024623085937,94.271484375
7,0.9,mondrian,2025-05-25 13:20:00,baseline,104.3225806,117.51570277382812,102.17694091796875
7,0.9,mondrian,2025-05-25 14:46:00,baseline,82.64516129,115.40039973427734,100.06163787841797
7,0.9,mondrian,2025-05-25 16:11:00,baseline,82.64516129,97.55374293496094,82.21498107910156
7,0.9,mondrian,2025-05-25 17:37:00,baseline,81.74193548,94.04634242226562,78.70758056640625
7,0.9,mondrian,2025-05-25 19:03:00,baseline,53.74193548,108.16224055458984,92.82347869873047
7,0.9,mondrian,2025-05-25 20:28:00,baseline,54.19354839,88.52404170205078,73.1852798461914
7,0.9,mondrian,2025-05-25 21:54:00,baseline,54.19354839,88.81038813759766,73.47162628173828
7,0.9,mondrian,2025-05-25 23:19:00,baseline,78.58064516,90.19662623574219,74.85786437988281
7,0.9,mondrian,2025-05-26 00:45:00,baseline,93.93548387,91.5199218290039,76.18115997314453
7,0.9,mondrian,2025-05-26 02:11:00,baseline,94.38709677,108.5178924100586,93.17913055419922
7,0.9,mondrian,2025-05-26 03:36:00,baseline,94.38709677,107.87838130166016,92.53961944580078
7,0.9,mondrian,2025-05-26 05:02:00,baseline,118.3225806,121.191697646875,105.85293579101562
7,0.9,mondrian,2025-05-26 06:28:00,baseline,118.7741935,130.52153163125,115.18276977539062
7,0.9,mondrian,2025-05-26 07:53:00,baseline,118.7741935,123.84893183876953,108.51016998291016
7,0.9,mondrian,2025-05-26 09:19:00,baseline,118.3225806,115.40235285927734,100.06359100341797
7,0.9,mondrian,2025-05-26 10:44:00,baseline,117.4193548,125.04931788613281,109.71055603027344
7,0.9,mondrian,2025-05-26 12:10:00,baseline,106.1290323,118.39184718300781,103.05308532714844
7,0.9,mondrian,2025-05-26 13:36:00,baseline,103.4193548,108.37312464882812,93.03436279296875
7,0.9,mondrian,2025-05-26 15:01:00,baseline,62.77419355,104.43499140908203,89.09622955322266
7,0.9,mondrian,2025-05-26 16:27:00,baseline,65.93548387,91.17218165566406,75.83341979980469
7,0.9,mondrian,2025-05-26 17:52:00,baseline,65.93548387,106.45128779580078,91.1125259399414
7,0.9,mondrian,2025-05-26 19:18:00,baseline,89.41935484,100.9590545194336,85.62029266357422
7,0.9,mondrian,2025-05-26 20:44:00,baseline,89.87096774,106.2047820584961,90.86602020263672
7,0.9,mondrian,2025-05-26 22:09:00,baseline,90.77419355,107.10623316933594,91.76747131347656
7,0.9,mondrian,2025-05-26 23:35:00,baseline,98.4516129,101.34485774208984,86.00609588623047
7,0.9,mondrian,2025-05-27 01:00:00,baseline,98.4516129,116.89656977822266,101.55780792236328
7,0.9,mondrian,2025-05-27 02:26:00,baseline,111.5483871,115.60890345742187,100.2701416015625
7,0.9,mondrian,2025-05-27 03:52:00,baseline,112.0,121.67713313271484,106.33837127685547
7,0.9,mondrian,2025-05-27 05:17:00,baseline,112.0,126.72909693886719,111.39033508300781
7,0.9,mondrian,2025-05-27 06:43:00,baseline,111.5483871,122.15006404091797,106.8113021850586
7,0.9,mondrian,2025-05-27 08:09:00,baseline,109.7419355,120.98311762978516,105.64435577392578
7,0.9,mondrian,2025-05-27 09:34:00,baseline,98.90322581,116.01410060097656,100.67533874511719
7,0.9,mondrian,2025-05-27 11:00:00,baseline,98.90322581,114.17817835976562,98.83941650390625
7,0.9,mondrian,2025-05-27 12:25:00,baseline,97.5483871,110.48367457558594,95.14491271972656
7,0.9,mondrian,2025-05-27 13:51:00,baseline,64.58064516,97.71373133828125,82.37496948242188
7,0.9,mondrian,2025-05-27 15:17:00,baseline,89.41935484,85.58440547158203,70.24564361572266
7,0.9,mondrian,2025-05-27 16:42:00,baseline,89.87096774,106.39131312539062,91.05255126953125
7,0.9,mondrian,2025-05-27 18:08:00,baseline,90.32258065,107.90744929482422,92.56868743896484
7,0.9,mondrian,2025-05-27 19:33:00,baseline,98.90322581,109.69764094521484,94.35887908935547
7,0.9,mondrian,2025-05-27 20:59:00,baseline,98.90322581,119.29843287636719,103.95967102050781
7,0.9,mondrian,2025-05-27 22:25:00,baseline,98.90322581,113.88992457558594,98.55116271972656
7,0.9,mondrian,2025-05-27 23:50:00,baseline,118.7741935,111.15222315957031,95.81346130371094
7,0.9,mondrian,2025-05-28 01:16:00,elevated_risk,119.2258065,139.82207239033204,117.79507446289062
7,0.9,mondrian,2025-05-28 02:42:00,elevated_risk,119.2258065,140.7502340114258,118.72323608398438
7,0.9,mondrian,2025-05-28 04:07:00,elevated_risk,119.2258065,136.81533563496095,114.78833770751953
7,0.9,mondrian,2025-05-28 05:33:00,elevated_risk,118.3225806,141.05091607929688,119.02391815185547
7,0.9,mondrian,2025-05-28 06:58:00,elevated_risk,110.6451613,135.92089593769532,113.8938980102539
7,0.9,mondrian,2025-05-28 08:24:00,elevated_risk,109.7419355,120.05945337177734,98.03245544433594
7,0.9,mondrian,2025-05-28 09:50:00,elevated_risk,65.93548387,116.03779352070312,94.01079559326172
7,0.9,mondrian,2025-05-28 11:15:00,elevated_risk,66.83870968,93.70813501240234,71.68113708496094
7,0.9,mondrian,2025-05-28 12:41:00,elevated_risk,67.29032258,95.1552709376953,73.1282730102539
7,0.9,mondrian,2025-05-28 14:06:00,elevated_risk,67.29032258,106.17568719746093,84.14868927001953
7,0.9,aci,2025-05-24 10:13:00,elevated_risk,110.6451613,130.38814077714844,110.93756866455078
7,0.9,aci,2025-05-24 11:39:00,elevated_risk,111.0967742,130.31019319306643,111.03404235839844
7,0.9,aci,2025-05-24 13:05:00,elevated_risk,111.0967742,129.34067433408202,111.56472778320312
7,0.9,aci,2025-05-24 14:30:00,elevated_risk,111.0967742,118.69338989257812,101.06262969970703
7,0.9,aci,2025-05-24 15:56:00,elevated_risk,110.6451613,127.92865728175781,110.79537200927734
7,0.9,aci,2025-05-24 17:22:00,elevated_risk,99.35483871,119.88072648554687,102.90801239013672
7,0.9,aci,2025-05-24 18:47:00,elevated_risk,98.4516129,113.56384425332031,96.73616027832031
7,0.9,aci,2025-05-24 20:13:00,elevated_risk,62.77419355,111.28950181513672,95.61309814453125
7,0.9,aci,2025-05-24 21:38:00,elevated_risk,66.38709677,81.3275847928711,65.98882293701172
7,0.9,aci,2025-05-24 23:04:00,elevated_risk,66.83870968,88.46498378888671,74.12537384033203
7,0.9,aci,2025-05-25 00:30:00,baseline,88.96774194,99.1886372397461,84.9418716430664
7,0.9,aci,2025-05-25 01:55:00,baseline,89.87096774,104.88136245507812,91.04106903076172
7,0.9,aci,2025-05-25 03:21:00,baseline,89.87096774,102.33793298164062,89.2754135131836
7,0.9,aci,2025-05-25 04:46:00,baseline,92.58064516,107.50821660792968,94.5692138671875
7,0.9,aci,2025-05-25 06:12:00,baseline,92.58064516,99.90737050107421,88.58856964111328
7,0.9,aci,2025-05-25 07:38:00,baseline,104.3225806,106.99552371523437,96.09744262695312
7,0.9,aci,2025-05-25 09:03:00,baseline,105.2258065,113.53213796953125,103.49799346923828
7,0.9,aci,2025-05-25 10:29:00,baseline,104.7741935,118.41361555546875,108.50474548339844
7,0.9,aci,2025-05-25 11:55:00,baseline,104.7741935,104.13172274648437,94.271484375
7,0.9,aci,2025-05-25 13:20:00,baseline,104.3225806,116.42370651464844,102.17694091796875
7,0.9,aci,2025-05-25 14:46:00,baseline,82.64516129,113.90193130273437,100.06163787841797
7,0.9,aci,2025-05-25 16:11:00,baseline,82.64516129,95.27750054755859,82.21498107910156
7,0.9,aci,2025-05-25 17:37:00,baseline,81.74193548,91.64658330714843,78.70758056640625
7,0.9,aci,2025-05-25 19:03:00,baseline,53.74193548,104.1422795586914,92.82347869873047
7,0.9,aci,2025-05-25 20:28:00,baseline,54.19354839,84.08336093447265,73.1852798461914
7,0.9,aci,2025-05-25 21:54:00,baseline,54.19354839,83.97433540673828,73.47162628173828
7,0.9,aci,2025-05-25 23:19:00,baseline,78.58064516,84.89200888017578,74.85786437988281
7,0.9,aci,2025-05-26 00:45:00,baseline,93.93548387,86.06604220888671,76.18115997314453
7,0.9,aci,2025-05-26 02:11:00,baseline,94.38709677,107.47309998478515,93.17913055419922
7,0.9,aci,2025-05-26 03:36:00,baseline,94.38709677,106.78638504248048,92.53961944580078
7,0.9,aci,2025-05-26 05:02:00,baseline,118.3225806,119.16888996689453,105.85293579101562
7,0.9,aci,2025-05-26 06:28:00,baseline,118.7741935,128.24528924384765,115.18276977539062
7,0.9,aci,2025-05-26 07:53:00,baseline,118.7741935,120.97981479189453,108.51016998291016
7,0.9,aci,2025-05-26 09:19:00,baseline,118.3225806,111.3823918633789,100.06359100341797
7,0.9,aci,2025-05-26 10:44:00,baseline,117.4193548,126.68327012568359,109.71055603027344
7,0.9,aci,2025-05-26 12:10:00,baseline,106.1290323,119.56996474759765,103.05308532714844
7,0.9,aci,2025-05-26 13:36:00,baseline,103.4193548,108.71076646357422,93.03436279296875
7,0.9,aci,2025-05-26 15:01:00,baseline,62.77419355,103.43583950177734,89.09622955322266
7,0.9,aci,2025-05-26 16:27:00,baseline,65.93548387,90.12738923039062,75.83341979980469
7,0.9,aci,2025-05-26 17:52:00,baseline,65.93548387,104.9528193642578,91.1125259399414
7,0.9,aci,2025-05-26 19:18:00,baseline,89.41935484,98.93624683945312,85.62029266357422
7,0.9,aci,2025-05-26 20:44:00,baseline,89.87096774,103.8050229433789,90.86602020263672
7,0.9,aci,2025-05-26 22:09:00,baseline,90.77419355,103.7103160693164,91.76747131347656
7,0.9,aci,2025-05-26 23:35:00,baseline,98.4516129,97.3248967461914,86.00609588623047
7,0.9,aci,2025-05-27 01:00:00,baseline,98.4516129,118.38549189736328,101.55780792236328
7,0.9,aci,2025-05-27 02:26:00,baseline,111.5483871,115.94654527216797,100.2701416015625
7,0.9,aci,2025-05-27 03:52:00,baseline,112.0,121.67713313271484,106.33837127685547
7,0.9,aci,2025-05-27 05:17:00,baseline,112.0,125.68430451359374,111.39033508300781
7,0.9,aci,2025-05-27 06:43:00,baseline,111.5483871,120.651595609375,106.8113021850586
7,0.9,aci,2025-05-27 08:09:00,baseline,109.7419355,118.96030994980468,105.64435577392578
7,0.9,aci,2025-05-27 09:34:00,baseline,98.90322581,113.61434148585937,100.67533874511719
7,0.9,aci,2025-05-27 11:00:00,baseline,98.90322581,111.28493351767578,98.83941650390625
7,0.9,aci,2025-05-27 12:25:00,baseline,97.5483871,107.0877574755664,95.14491271972656
7,0.9,aci,2025-05-27 13:51:00,baseline,64.58064516,93.65321498085937,82.37496948242188
7,0.9,aci,2025-05-27 15:17:00,baseline,89.41935484,80.91584231875,70.24564361572266
7,0.9,aci,2025-05-27 16:42:00,baseline,89.87096774,106.72895494013672,91.05255126953125
7,0.9,aci,2025-05-27 18:08:00,baseline,90.32258065,106.90829738751953,92.56868743896484
7,0.9,aci,2025-05-27 19:33:00,baseline,98.90322581,108.6528485199414,94.35887908935547
7,0.9,aci,2025-05-27 20:59:00,baseline,98.90322581,117.79996444482421,103.95967102050781
7,0.9,aci,2025-05-27 22:25:00,baseline,98.90322581,111.61368218818359,98.55116271972656
7,0.9,aci,2025-05-27 23:50:00,baseline,118.7741935,108.75246404445312,95.81346130371094
7,0.9,aci,2025-05-28 01:16:00,elevated_risk,119.2258065,135.42583465576172,117.79507446289062
7,0.9,aci,2025-05-28 02:42:00,elevated_risk,119.2258065,136.19952757548828,118.72323608398438
7,0.9,aci,2025-05-28 04:07:00,elevated_risk,119.2258065,131.76105180292967,114.78833770751953
7,0.9,aci,2025-05-28 05:33:00,elevated_risk,118.3225806,135.54079757230468,119.02391815185547
7,0.9,aci,2025-05-28 06:58:00,elevated_risk,110.6451613,129.57030168085936,113.8938980102539
7,0.9,aci,2025-05-28 08:24:00,elevated_risk,109.7419355,112.37206539289062,98.03245544433594
7,0.9,aci,2025-05-28 09:50:00,elevated_risk,65.93548387,108.25756118994141,94.01079559326172
7,0.9,aci,2025-05-28 11:15:00,elevated_risk,66.83870968,85.52143050927734,71.68113708496094
7,0.9,aci,2025-05-28 12:41:00,elevated_risk,67.29032258,86.19079247871093,73.1282730102539
7,0.9,aci,2025-05-28 14:06:00,elevated_risk,67.29032258,96.6183340790039,84.14868927001953
7,0.95,marginal,2025-05-24 10:13:00,elevated_risk,110.6451613,134.86083392421875,110.93756866455078
7,0.95,marginal,2025-05-24 11:39:00,elevated_risk,111.0967742,134.9573076180664,111.03404235839844
7,0.95,marginal,2025-05-24 13:05:00,elevated_risk,111.0967742,135.4879930428711,111.56472778320312
7,0.95,marginal,2025-05-24 14:30:00,elevated_risk,111.0967742,124.985894959375,101.06262969970703
7,0.95,marginal,2025-05-24 15:56:00,elevated_risk,110.6451613,134.71863726894532,110.79537200927734
7,0.95,marginal,2025-05-24 17:22:00,elevated_risk,99.35483871,126.83127764980469,102.90801239013672
7,0.95,marginal,2025-05-24 18:47:00,elevated_risk,98.4516129,120.65942553798828,96.73616027832031
7,0.95,marginal,2025-05-24 20:13:00,elevated_risk,62.77419355,119.53636340419922,95.61309814453125
7,0.95,marginal,2025-05-24 21:38:00,elevated_risk,66.38709677,89.91208819667969,65.98882293701172
7,0.95,marginal,2025-05-24 23:04:00,elevated_risk,66.83870968,98.0486391,74.12537384033203
7,0.95,marginal,2025-05-25 00:30:00,baseline,88.96774194,108.86513690273438,84.9418716430664
7,0.95,marginal,2025-05-25 01:55:00,baseline,89.87096774,114.96433429042969,91.04106903076172
7,0.95,marginal,2025-05-25 03:21:00,baseline,89.87096774,113.19867877285157,89.2754135131836
7,0.95,marginal,2025-05-25 04:46:00,baseline,92.58064516,118.49247912685547,94.5692138671875
7,0.95,marginal,2025-05-25 06:12:00,baseline,92.58064516,112.51183490078125,88.58856964111328
7,0.95,marginal,2025-05-25 07:38:00,baseline,104.3225806,120.0207078866211,96.09744262695312
7,0.95,marginal,2025-05-25 09:03:00,baseline,105.2258065,127.42125872890625,103.49799346923828
7,0.95,marginal,2025-05-25 10:29:00,baseline,104.7741935,132.4280107430664,108.50474548339844
7,0.95,marginal,2025-05-25 11:55:00,baseline,104.7741935,118.19474963466797,94.271484375
7,0.95,marginal,2025-05-25 13:20:00,baseline,104.3225806,126.10020617763672,102.17694091796875
7,0.95,marginal,2025-05-25 14:46:00,baseline,82.64516129,123.98490313808594,100.06163787841797
7,0.95,marginal,2025-05-25 16:11:00,baseline,82.64516129,106.13824633876953,82.21498107910156
7,0.95,marginal,2025-05-25 17:37:00,baseline,81.74193548,102.63084582607422,78.70758056640625
7,0.95,marginal,2025-05-25 19:03:00,baseline,53.74193548,116.74674395839844,92.82347869873047
7,0.95,marginal,2025-05-25 20:28:00,baseline,54.19354839,97.10854510585938,73.1852798461914
7,0.95,marginal,2025-05-25 21:54:00,baseline,54.19354839,97.39489154140625,73.47162628173828
7,0.95,marginal,2025-05-25 23:19:00,baseline,78.58064516,98.78112963955078,74.85786437988281
7,0.95,marginal,2025-05-26 00:45:00,baseline,93.93548387,100.1044252328125,76.18115997314453
7,0.95,marginal,2025-05-26 02:11:00,baseline,94.38709677,117.10239581386719,93.17913055419922
7,0.95,marginal,2025-05-26 03:36:00,baseline,94.38709677,116.46288470546875,92.53961944580078
7,0.95,marginal,2025-05-26 05:02:00,baseline,118.3225806,129.7762010506836,105.85293579101562
7,0.95,marginal,2025-05-26 06:28:00,baseline,118.7741935,139.1060350350586,115.18276977539062
7,0.95,marginal,2025-05-26 07:53:00,baseline,118.7741935,132.43343524257813,108.51016998291016
7,0.95,marginal,2025-05-26 09:19:00,baseline,118.3225806,123.98685626308594,100.06359100341797
7,0.95,marginal,2025-05-26 10:44:00,baseline,117.4193548,133.6338212899414,109.71055603027344
7,0.95,marginal,2025-05-26 12:10:00,baseline,106.1290323,126.97635058681641,103.05308532714844
7,0.95,marginal,2025-05-26 13:36:00,baseline,103.4193548,116.95762805263672,93.03436279296875
7,0.95,marginal,2025-05-26 15:01:00,baseline,62.77419355,113.01949481289063,89.09622955322266
7,0.95,marginal,2025-05-26 16:27:00,baseline,65.93548387,99.75668505947266,75.83341979980469
7,0.95,marginal,2025-05-26 17:52:00,baseline,65.93548387,115.03579119960938,91.1125259399414
7,0.95,marginal,2025-05-26 19:18:00,baseline,89.41935484,109.54355792324219,85.62029266357422
7,0.95,marginal,2025-05-26 20:44:00,baseline,89.87096774,114.78928546230469,90.86602020263672
7,0.95,marginal,2025-05-26 22:09:00,baseline,90.77419355,115.69073657314453,91.76747131347656
7,0.95,marginal,2025-05-26 23:35:00,baseline,98.4516129,109.92936114589844,86.00609588623047
7,0.95,marginal,2025-05-27 01:00:00,baseline,98.4516129,125.48107318203125,101.55780792236328
7,0.95,marginal,2025-05-27 02:26:00,baseline,111.5483871,124.19340686123047,100.2701416015625
7,0.95,marginal,2025-05-27 03:52:00,baseline,112.0,130.26163653652344,106.33837127685547
7,0.95,marginal,2025-05-27 05:17:00,baseline,112.0,135.31360034267578,111.39033508300781
7,0.95,marginal,2025-05-27 06:43:00,baseline,111.5483871,130.73456744472657,106.8113021850586
7,0.95,marginal,2025-05-27 08:09:00,baseline,109.7419355,129.56762103359375,105.64435577392578
7,0.95,marginal,2025-05-27 09:34:00,baseline,98.90322581,124.59860400478516,100.67533874511719
7,0.95,marginal,2025-05-27 11:00:00,baseline,98.90322581,122.76268176357422,98.83941650390625
7,0.95,marginal,2025-05-27 12:25:00,baseline,97.5483871,119.06817797939453,95.14491271972656
7,0.95,marginal,2025-05-27 13:51:00,baseline,64.58064516,106.29823474208985,82.37496948242188
7,0.95,marginal,2025-05-27 15:17:00,baseline,89.41935484,94.16890887539063,70.24564361572266
7,0.95,marginal,2025-05-27 16:42:00,baseline,89.87096774,114.97581652919922,91.05255126953125
7,0.95,marginal,2025-05-27 18:08:00,baseline,90.32258065,116.49195269863282,92.56868743896484
7,0.95,marginal,2025-05-27 19:33:00,baseline,98.90322581,118.28214434902344,94.35887908935547
7,0.95,marginal,2025-05-27 20:59:00,baseline,98.90322581,127.88293628017578,103.95967102050781
7,0.95,marginal,2025-05-27 22:25:00,baseline,98.90322581,122.47442797939453,98.55116271972656
7,0.95,marginal,2025-05-27 23:50:00,baseline,118.7741935,119.73672656337891,95.81346130371094
7,0.95,marginal,2025-05-28 01:16:00,elevated_risk,119.2258065,141.7183397225586,117.79507446289062
7,0.95,marginal,2025-05-28 02:42:00,elevated_risk,119.2258065,142.64650134365235,118.72323608398438
7,0.95,marginal,2025-05-28 04:07:00,elevated_risk,119.2258065,138.7116029671875,114.78833770751953
7,0.95,marginal,2025-05-28 05:33:00,elevated_risk,118.3225806,142.94718341152344,119.02391815185547
7,0.95,marginal,2025-05-28 06:58:00,elevated_risk,110.6451613,137.81716326992188,113.8938980102539
7,0.95,marginal,2025-05-28 08:24:00,elevated_risk,109.7419355,121.95572070400391,98.03245544433594
7,0.95,marginal,2025-05-28 09:50:00,elevated_risk,65.93548387,117.93406085292969,94.01079559326172
7,0.95,marginal,2025-05-28 11:15:00,elevated_risk,66.83870968,95.60440234462891,71.68113708496094
7,0.95,marginal,2025-05-28 12:41:00,elevated_risk,67.29032258,97.05153826992188,73.1282730102539
7,0.95,marginal,2025-05-28 14:06:00,elevated_risk,67.29032258,108.0719545296875,84.14868927001953
7,0.95,adaptive,2025-05-24 10:13:00,elevated_risk,110.6451613,138.53634595498323,110.93756866455078
7,0.95,adaptive,2025-05-24 11:39:00,elevated_risk,111.0967742,126.93107136091581,111.03404235839844
7,0.95,adaptive,2025-05-24 13:05:00,elevated_risk,111.0967742,121.30984402773814,111.56472778320312
7,0.95,adaptive,2025-05-24 14:30:00,elevated_risk,111.0967742,119.3886853811788,101.06262969970703
7,0.95,adaptive,2025-05-24 15:56:00,elevated_risk,110.6451613,126.12981374077872,110.79537200927734
7,0.95,adaptive,2025-05-24 17:22:00,elevated_risk,99.35483871,119.22909190668294,102.90801239013672
7,0.95,adaptive,2025-05-24 18:47:00,elevated_risk,98.4516129,110.39786245692194,96.73616027832031
7,0.95,adaptive,2025-05-24 20:13:00,elevated_risk,62.77419355,116.64265180321793,95.61309814453125
7,0.95,adaptive,2025-05-24 21:38:00,elevated_risk,66.38709677,72.17960041860539,65.98882293701172
7,0.95,adaptive,2025-05-24 23:04:00,elevated_risk,66.83870968,92.96456699175641,74.12537384033203
7,0.95,adaptive,2025-05-25 00:30:00,baseline,88.96774194,96.87209163873639,84.9418716430664
7,0.95,adaptive,2025-05-25 01:55:00,baseline,89.87096774,98.00067343855079,91.04106903076172
7,0.95,adaptive,2025-05-25 03:21:00,baseline,89.87096774,97.17059333361573,89.2754135131836
7,0.95,adaptive,2025-05-25 04:46:00,baseline,92.58064516,119.46220095383836,94.5692138671875
7,0.95,adaptive,2025-05-25 06:12:00,baseline,92.58064516,122.87760017123372,88.58856964111328
7,0.95,adaptive,2025-05-25 07:38:00,baseline,104.3225806,127.00389687704785,96.09744262695312
7,0.95,adaptive,2025-05-25 09:03:00,baseline,105.2258065,129.05182045476352,103.49799346923828
7,0.95,adaptive,2025-05-25 10:29:00,baseline,104.7741935,121.51121543333494,108.50474548339844
7,0.95,adaptive,2025-05-25 11:55:00,baseline,104.7741935,135.51230679801776,94.271484375
7,0.95,adaptive,2025-05-25 13:20:00,baseline,104.3225806,123.40441721511205,102.17694091796875
7,0.95,adaptive,2025-05-25 14:46:00,baseline,82.64516129,119.2716819171734,100.06163787841797
7,0.95,adaptive,2025-05-25 16:11:00,baseline,82.64516129,95.37837873553451,82.21498107910156
7,0.95,adaptive,2025-05-25 17:37:00,baseline,81.74193548,99.9917883356988,78.70758056640625
7,0.95,adaptive,2025-05-25 19:03:00,baseline,53.74193548,113.01284616345964,92.82347869873047
7,0.95,adaptive,2025-05-25 20:28:00,baseline,54.19354839,80.98328364450627,73.1852798461914
7,0.95,adaptive,2025-05-25 21:54:00,baseline,54.19354839,85.42998018796989,73.47162628173828
7,0.95,adaptive,2025-05-25 23:19:00,baseline,78.58064516,101.90125610802556,74.85786437988281
7,0.95,adaptive,2025-05-26 00:45:00,baseline,93.93548387,85.10794515571553,76.18115997314453
7,0.95,adaptive,2025-05-26 02:11:00,baseline,94.38709677,101.6852145711394,93.17913055419922
7,0.95,adaptive,2025-05-26 03:36:00,baseline,94.38709677,100.85061532834943,92.53961944580078
7,0.95,adaptive,2025-05-26 05:02:00,baseline,118.3225806,132.83704498376045,105.85293579101562
7,0.95,adaptive,2025-05-26 06:28:00,baseline,118.7741935,140.56076930920705,115.18276977539062
7,0.95,adaptive,2025-05-26 07:53:00,baseline,118.7741935,131.20740175405928,108.51016998291016
7,0.95,adaptive,2025-05-26 09:19:00,baseline,118.3225806,121.13448082716118,100.06359100341797
7,0.95,adaptive,2025-05-26 10:44:00,baseline,117.4193548,126.1726347184534,109.71055603027344
7,0.95,adaptive,2025-05-26 12:10:00,baseline,106.1290323,124.16404805348694,103.05308532714844
7,0.95,adaptive,2025-05-26 13:36:00,baseline,103.4193548,112.02107001234435,93.03436279296875
7,0.95,adaptive,2025-05-26 15:01:00,baseline,62.77419355,110.23365448887704,89.09622955322266
7,0.95,adaptive,2025-05-26 16:27:00,baseline,65.93548387,84.76969635899202,75.83341979980469
7,0.95,adaptive,2025-05-26 17:52:00,baseline,65.93548387,107.20901764540605,91.1125259399414
7,0.95,adaptive,2025-05-26 19:18:00,baseline,89.41935484,105.20083663242893,85.62029266357422
7,0.95,adaptive,2025-05-26 20:44:00,baseline,89.87096774,106.04063062146167,90.86602020263672
7,0.95,adaptive,2025-05-26 22:09:00,baseline,90.77419355,101.71507143705009,91.76747131347656
7,0.95,adaptive,2025-05-26 23:35:00,baseline,98.4516129,118.6205362567527,86.00609588623047
7,0.95,adaptive,2025-05-27 01:00:00,baseline,98.4516129,119.83201346286107,101.55780792236328
7,0.95,adaptive,2025-05-27 02:26:00,baseline,111.5483871,120.61020230729468,100.2701416015625
7,0.95,adaptive,2025-05-27 03:52:00,baseline,112.0,127.75290966823121,106.33837127685547
7,0.95,adaptive,2025-05-27 05:17:00,baseline,112.0,125.36987294873148,111.39033508300781
7,0.95,adaptive,2025-05-27 06:43:00,baseline,111.5483871,123.30130280924055,106.8113021850586
7,0.95,adaptive,2025-05-27 08:09:00,baseline,109.7419355,117.80012116271679,105.64435577392578
7,0.95,adaptive,2025-05-27 09:34:00,baseline,98.90322581,116.72978315771873,100.67533874511719
7,0.95,adaptive,2025-05-27 11:00:00,baseline,98.90322581,111.29376391277938,98.83941650390625
7,0.95,adaptive,2025-05-27 12:25:00,baseline,97.5483871,110.49567836527584,95.14491271972656
7,0.95,adaptive,2025-05-27 13:51:00,baseline,64.58064516,109.54781909960693,82.37496948242188
7,0.95,adaptive,2025-05-27 15:17:00,baseline,89.41935484,84.2865835404366,70.24564361572266
7,0.95,adaptive,2025-05-27 16:42:00,baseline,89.87096774,110.7625606620861,91.05255126953125
7,0.95,adaptive,2025-05-27 18:08:00,baseline,90.32258065,97.41205553173195,92.56868743896484
7,0.95,adaptive,2025-05-27 19:33:00,baseline,98.90322581,118.65393693077881,94.35887908935547
7,0.95,adaptive,2025-05-27 20:59:00,baseline,98.90322581,123.40719541539423,103.95967102050781
7,0.95,adaptive,2025-05-27 22:25:00,baseline,98.90322581,116.23437839378727,98.55116271972656
7,0.95,adaptive,2025-05-27 23:50:00,baseline,118.7741935,126.4100316154636,95.81346130371094
7,0.95,adaptive,2025-05-28 01:16:00,elevated_risk,119.2258065,145.65508315496265,117.79507446289062
7,0.95,adaptive,2025-05-28 02:42:00,elevated_risk,119.2258065,146.55625656828877,118.72323608398438
7,0.95,adaptive,2025-05-28 04:07:00,elevated_risk,119.2258065,159.71807512089978,114.78833770751953
7,0.95,adaptive,2025-05-28 05:33:00,elevated_risk,118.3225806,146.14659981833768,119.02391815185547
7,0.95,adaptive,2025-05-28 06:58:00,elevated_risk,110.6451613,138.55419117581783,113.8938980102539
7,0.95,adaptive,2025-05-28 08:24:00,elevated_risk,109.7419355,119.06799410384812,98.03245544433594
7,0.95,adaptive,2025-05-28 09:50:00,elevated_risk,65.93548387,117.70808632640197,94.01079559326172
7,0.95,adaptive,2025-05-28 11:15:00,elevated_risk,66.83870968,88.14055496188273,71.68113708496094
7,0.95,adaptive,2025-05-28 12:41:00,elevated_risk,67.29032258,88.08775209174028,73.1282730102539
7,0.95,adaptive,2025-05-28 14:06:00,elevated_risk,67.29032258,101.0432217149999,84.14868927001953
7,0.95,mondrian,2025-05-24 10:13:00,elevated_risk,110.6451613,135.6644341705078,110.93756866455078
7,0.95,mondrian,2025-05-24 11:39:00,elevated_risk,111.0967742,135.76090786435546,111.03404235839844
7,0.95,mondrian,2025-05-24 13:05:00,elevated_risk,111.0967742,136.29159328916015,111.56472778320312
7,0.95,mondrian,2025-05-24 14:30:00,elevated_risk,111.0967742,125.78949520566405,101.06262969970703
7,0.95,mondrian,2025-05-24 15:56:00,elevated_risk,110.6451613,135.52223751523437,110.79537200927734
7,0.95,mondrian,2025-05-24 17:22:00,elevated_risk,99.35483871,127.63487789609374,102.90801239013672
7,0.95,mondrian,2025-05-24 18:47:00,elevated_risk,98.4516129,121.46302578427733,96.73616027832031
7,0.95,mondrian,2025-05-24 20:13:00,elevated_risk,62.77419355,120.33996365048827,95.61309814453125
7,0.95,mondrian,2025-05-24 21:38:00,elevated_risk,66.38709677,90.71568844296874,65.98882293701172
7,0.95,mondrian,2025-05-24 23:04:00,elevated_risk,66.83870968,98.85223934628905,74.12537384033203
7,0.95,mondrian,2025-05-25 00:30:00,baseline,88.96774194,107.05116653442383,84.9418716430664
7,0.95,mondrian,2025-05-25 01:55:00,baseline,89.87096774,113.15036392211914,91.04106903076172
7,0.95,mondrian,2025-05-25 03:21:00,baseline,89.87096774,111.38470840454102,89.2754135131836
7,0.95,mondrian,2025-05-25 04:46:00,baseline,92.58064516,116.67850875854492,94.5692138671875
7,0.95,mondrian,2025-05-25 06:12:00,baseline,92.58064516,110.6978645324707,88.58856964111328
7,0.95,mondrian,2025-05-25 07:38:00,baseline,104.3225806,118.20673751831055,96.09744262695312
7,0.95,mondrian,2025-05-25 09:03:00,baseline,105.2258065,125.6072883605957,103.49799346923828
7,0.95,mondrian,2025-05-25 10:29:00,baseline,104.7741935,130.61404037475586,108.50474548339844
7,0.95,mondrian,2025-05-25 11:55:00,baseline,104.7741935,116.38077926635742,94.271484375
7,0.95,mondrian,2025-05-25 13:20:00,baseline,104.3225806,124.28623580932617,102.17694091796875
7,0.95,mondrian,2025-05-25 14:46:00,baseline,82.64516129,122.17093276977539,100.06163787841797
7,0.95,mondrian,2025-05-25 16:11:00,baseline,82.64516129,104.32427597045898,82.21498107910156
7,0.95,mondrian,2025-05-25 17:37:00,baseline,81.74193548,100.81687545776367,78.70758056640625
7,0.95,mondrian,2025-05-25 19:03:00,baseline,53.74193548,114.93277359008789,92.82347869873047
7,0.95,mondrian,2025-05-25 20:28:00,baseline,54.19354839,95.29457473754883,73.1852798461914
7,0.95,mondrian,2025-05-25 21:54:00,baseline,54.19354839,95.5809211730957,73.47162628173828
7,0.95,mondrian,2025-05-25 23:19:00,baseline,78.58064516,96.96715927124023,74.85786437988281
7,0.95,mondrian,2025-05-26 00:45:00,baseline,93.93548387,98.29045486450195,76.18115997314453
7,0.95,mondrian,2025-05-26 02:11:00,baseline,94.38709677,115.28842544555664,93.17913055419922
7,0.95,mondrian,2025-05-26 03:36:00,baseline,94.38709677,114.6489143371582,92.53961944580078
7,0.95,mondrian,2025-05-26 05:02:00,baseline,118.3225806,127.96223068237305,105.85293579101562
7,0.95,mondrian,2025-05-26 06:28:00,baseline,118.7741935,137.29206466674805,115.18276977539062
7,0.95,mondrian,2025-05-26 07:53:00,baseline,118.7741935,130.61946487426758,108.51016998291016
7,0.95,mondrian,2025-05-26 09:19:00,baseline,118.3225806,122.17288589477539,100.06359100341797
7,0.95,mondrian,2025-05-26 10:44:00,baseline,117.4193548,131.81985092163086,109.71055603027344
7,0.95,mondrian,2025-05-26 12:10:00,baseline,106.1290323,125.16238021850586,103.05308532714844
7,0.95,mondrian,2025-05-26 13:36:00,baseline,103.4193548,115.14365768432617,93.03436279296875
7,0.95,mondrian,2025-05-26 15:01:00,baseline,62.77419355,111.20552444458008,89.09622955322266
7,0.95,mondrian,2025-05-26 16:27:00,baseline,65.93548387,97.94271469116211,75.83341979980469
7,0.95,mondrian,2025-05-26 17:52:00,baseline,65.93548387,113.22182083129883,91.1125259399414
7,0.95,mondrian,2025-05-26 19:18:00,baseline,89.41935484,107.72958755493164,85.62029266357422
7,0.95,mondrian,2025-05-26 20:44:00,baseline,89.87096774,112.97531509399414,90.86602020263672
7,0.95,mondrian,2025-05-26 22:09:00,baseline,90.77419355,113.87676620483398,91.76747131347656
7,0.95,mondrian,2025-05-26 23:35:00,baseline,98.4516129,108.11539077758789,86.00609588623047
7,0.95,mondrian,2025-05-27 01:00:00,baseline,98.4516129,123.6671028137207,101.55780792236328
7,0.95,mondrian,2025-05-27 02:26:00,baseline,111.5483871,122.37943649291992,100.2701416015625
7,0.95,mondrian,2025-05-27 03:52:00,baseline,112.0,128.4476661682129,106.33837127685547
7,0.95,mondrian,2025-05-27 05:17:00,baseline,112.0,133.49962997436523,111.39033508300781
7,0.95,mondrian,2025-05-27 06:43:00,baseline,111.5483871,128.92059707641602,106.8113021850586
7,0.95,mondrian,2025-05-27 08:09:00,baseline,109.7419355,127.7536506652832,105.64435577392578
7,0.95,mondrian,2025-05-27 09:34:00,baseline,98.90322581,122.78463363647461,100.67533874511719
7,0.95,mondrian,2025-05-27 11:00:00,baseline,98.90322581,120.94871139526367,98.83941650390625
7,0.95,mondrian,2025-05-27 12:25:00,baseline,97.5483871,117.25420761108398,95.14491271972656
7,0.95,mondrian,2025-05-27 13:51:00,baseline,64.58064516,104.4842643737793,82.37496948242188
7,0.95,mondrian,2025-05-27 15:17:00,baseline,89.41935484,92.35493850708008,70.24564361572266
7,0.95,mondrian,2025-05-27 16:42:00,baseline,89.87096774,113.16184616088867,91.05255126953125
7,0.95,mondrian,2025-05-27 18:08:00,baseline,90.32258065,114.67798233032227,92.56868743896484
7,0.95,mondrian,2025-05-27 19:33:00,baseline,98.90322581,116.46817398071289,94.35887908935547
7,0.95,mondrian,2025-05-27 20:59:00,baseline,98.90322581,126.06896591186523,103.95967102050781
7,0.95,mondrian,2025-05-27 22:25:00,baseline,98.90322581,120.66045761108398,98.55116271972656
7,0.95,mondrian,2025-05-27 23:50:00,baseline,118.7741935,117.92275619506836,95.81346130371094
7,0.95,mondrian,2025-05-28 01:16:00,elevated_risk,119.2258065,142.52193996884765,117.79507446289062
7,0.95,mondrian,2025-05-28 02:42:00,elevated_risk,119.2258065,143.4501015899414,118.72323608398438
7,0.95,mondrian,2025-05-28 04:07:00,elevated_risk,119.2258065,139.51520321347655,114.78833770751953
7,0.95,mondrian,2025-05-28 05:33:00,elevated_risk,118.3225806,143.7507836578125,119.02391815185547
7,0.95,mondrian,2025-05-28 06:58:00,elevated_risk,110.6451613,138.62076351621093,113.8938980102539
7,0.95,mondrian,2025-05-28 08:24:00,elevated_risk,109.7419355,122.75932095029296,98.03245544433594
7,0.95,mondrian,2025-05-28 09:50:00,elevated_risk,65.93548387,118.73766109921874,94.01079559326172
7,0.95,mondrian,2025-05-28 11:15:00,elevated_risk,66.83870968,96.40800259091796,71.68113708496094
7,0.95,mondrian,2025-05-28 12:41:00,elevated_risk,67.29032258,97.85513851621093,73.1282730102539
7,0.95,mondrian,2025-05-28 14:06:00,elevated_risk,67.29032258,108.87555477597655,84.14868927001953
7,0.95,aci,2025-05-24 10:13:00,elevated_risk,110.6451613,134.86083392421875,110.93756866455078
7,0.95,aci,2025-05-24 11:39:00,elevated_risk,111.0967742,134.9573076180664,111.03404235839844
7,0.95,aci,2025-05-24 13:05:00,elevated_risk,111.0967742,135.0923921977539,111.56472778320312
7,0.95,aci,2025-05-24 14:30:00,elevated_risk,111.0967742,124.4725947548828,101.06262969970703
7,0.95,aci,2025-05-24 15:56:00,elevated_risk,110.6451613,133.07861670097657,110.79537200927734
7,0.95,aci,2025-05-24 17:22:00,elevated_risk,99.35483871,125.19125708183594,102.90801239013672
7,0.95,aci,2025-05-24 18:47:00,elevated_risk,98.4516129,118.84545516967773,96.73616027832031
7,0.95,aci,2025-05-24 20:13:00,elevated_risk,62.77419355,117.64009607197265,95.61309814453125
7,0.95,aci,2025-05-24 21:38:00,elevated_risk,66.38709677,88.01582086445312,65.98882293701172
7,0.95,aci,2025-05-24 23:04:00,elevated_risk,66.83870968,95.83723388211914,74.12537384033203
7,0.95,aci,2025-05-25 00:30:00,baseline,88.96774194,106.48922285527344,84.9418716430664
7,0.95,aci,2025-05-25 01:55:00,baseline,89.87096774,112.58842024296875,91.04106903076172
7,0.95,aci,2025-05-25 03:21:00,baseline,89.87096774,110.73988740253907,89.2754135131836
7,0.95,aci,2025-05-25 04:46:00,baseline,92.58064516,115.91630110234375,94.5692138671875
7,0.95,aci,2025-05-25 06:12:00,baseline,92.58064516,108.99290147333984,88.58856964111328
7,0.95,aci,2025-05-25 07:38:00,baseline,104.3225806,116.50177445917969,96.09744262695312
7,0.95,aci,2025-05-25 09:03:00,baseline,105.2258065,123.63070997685547,103.49799346923828
7,0.95,aci,2025-05-25 10:29:00,baseline,104.7741935,127.95531759599609,108.50474548339844
7,0.95,aci,2025-05-25 11:55:00,baseline,104.7741935,113.54763520966797,94.271484375
7,0.95,aci,2025-05-25 13:20:00,baseline,104.3225806,121.45309175263672,102.17694091796875
7,0.95,aci,2025-05-25 14:46:00,baseline,82.64516129,118.54571533203125,100.06163787841797
7,0.95,aci,2025-05-25 16:11:00,baseline,82.64516129,99.99092762998046,82.21498107910156
7,0.95,aci,2025-05-25 17:37:00,baseline,81.74193548,96.33834075927734,78.70758056640625
7,0.95,aci,2025-05-25 19:03:00,baseline,53.74193548,110.45423889160156,92.82347869873047
7,0.95,aci,2025-05-25 20:28:00,baseline,54.19354839,90.6615713376953,73.1852798461914
7,0.95,aci,2025-05-25 21:54:00,baseline,54.19354839,90.60491155421875,73.47162628173828
7,0.95,aci,2025-05-25 23:19:00,baseline,78.58064516,91.83057847529297,74.85786437988281
7,0.95,aci,2025-05-26 00:45:00,baseline,93.93548387,93.00884394814453,76.18115997314453
7,0.95,aci,2025-05-26 02:11:00,baseline,94.38709677,114.72648176640625,93.17913055419922
7,0.95,aci,2025-05-26 03:36:00,baseline,94.38709677,114.08697065800781,92.53961944580078
7,0.95,aci,2025-05-26 05:02:00,baseline,118.3225806,127.3174096803711,105.85293579101562
7,0.95,aci,2025-05-26 06:28:00,baseline,118.7741935,136.5298570105469,115.18276977539062
7,0.95,aci,2025-05-26 07:53:00,baseline,118.7741935,128.9145018151367,108.51016998291016
7,0.95,aci,2025-05-26 09:19:00,baseline,118.3225806,120.19630751103516,100.06359100341797
7,0.95,aci,2025-05-26 10:44:00,baseline,117.4193548,129.84327253789064,109.71055603027344
7,0.95,aci,2025-05-26 12:10:00,baseline,106.1290323,122.50365743974609,103.05308532714844
7,0.95,aci,2025-05-26 13:36:00,baseline,103.4193548,112.31051362763672,93.03436279296875
7,0.95,aci,2025-05-26 15:01:00,baseline,62.77419355,107.58030700683594,89.09622955322266
7,0.95,aci,2025-05-26 16:27:00,baseline,65.93548387,94.31749725341797,75.83341979980469
7,0.95,aci,2025-05-26 17:52:00,baseline,65.93548387,109.37151553652343,91.1125259399414
7,0.95,aci,2025-05-26 19:18:00,baseline,89.41935484,103.39623921445312,85.62029266357422
7,0.95,aci,2025-05-26 20:44:00,baseline,89.87096774,108.62034409949219,90.86602020263672
7,0.95,aci,2025-05-26 22:09:00,baseline,90.77419355,109.39823150634766,91.76747131347656
7,0.95,aci,2025-05-26 23:35:00,baseline,98.4516129,103.48238737773437,86.00609588623047
7,0.95,aci,2025-05-27 01:00:00,baseline,98.4516129,119.03409941386718,101.55780792236328
7,0.95,aci,2025-05-27 02:26:00,baseline,111.5483871,117.40342687404296,100.2701416015625
7,0.95,aci,2025-05-27 03:52:00,baseline,112.0,123.31108537226562,106.33837127685547
7,0.95,aci,2025-05-27 05:17:00,baseline,112.0,128.21801905800783,111.39033508300781
7,0.95,aci,2025-05-27 06:43:00,baseline,111.5483871,123.32818160550781,106.8113021850586
7,0.95,aci,2025-05-27 08:09:00,baseline,109.7419355,121.32075944453125,105.64435577392578
7,0.95,aci,2025-05-27 09:34:00,baseline,98.90322581,116.01410060097656,100.67533874511719
7,0.95,aci,2025-05-27 11:00:00,baseline,98.90322581,114.17817835976562,98.83941650390625
7,0.95,aci,2025-05-27 12:25:00,baseline,97.5483871,109.48452266828124,95.14491271972656
7,0.95,aci,2025-05-27 13:51:00,baseline,64.58064516,96.6689389130078,82.37496948242188
7,0.95,aci,2025-05-27 15:17:00,baseline,89.41935484,84.49240921240235,70.24564361572266
7,0.95,aci,2025-05-27 16:42:00,baseline,89.87096774,110.22626249380859,91.05255126953125
7,0.95,aci,2025-05-27 18:08:00,baseline,90.32258065,111.05276489257812,92.56868743896484
7,0.95,aci,2025-05-27 19:33:00,baseline,98.90322581,112.6178686859375,94.35887908935547
7,0.95,aci,2025-05-27 20:59:00,baseline,98.90322581,122.21866061708984,103.95967102050781
7,0.95,aci,2025-05-27 22:25:00,baseline,98.90322581,116.32710927060546,98.55116271972656
7,0.95,aci,2025-05-27 23:50:00,baseline,118.7741935,113.5677852005664,95.81346130371094
7,0.95,aci,2025-05-28 01:16:00,elevated_risk,119.2258065,140.07831915458985,117.79507446289062
7,0.95,aci,2025-05-28 02:42:00,elevated_risk,119.2258065,141.0064807756836,118.72323608398438
7,0.95,aci,2025-05-28 04:07:00,elevated_risk,119.2258065,136.89763259887695,114.78833770751953
7,0.95,aci,2025-05-28 05:33:00,elevated_risk,118.3225806,141.05091607929688,119.02391815185547
7,0.95,aci,2025-05-28 06:58:00,elevated_risk,110.6451613,135.605758052041,113.8938980102539
7,0.95,aci,2025-05-28 08:24:00,elevated_risk,109.7419355,119.57980665654297,98.03245544433594
7,0.95,aci,2025-05-28 09:50:00,elevated_risk,65.93548387,115.4752694826172,94.01079559326172
7,0.95,aci,2025-05-28 11:15:00,elevated_risk,66.83870968,93.14561097431641,71.68113708496094
7,0.95,aci,2025-05-28 12:41:00,elevated_risk,67.29032258,94.47536024541016,73.1282730102539
7,0.95,aci,2025-05-28 14:06:00,elevated_risk,67.29032258,104.55302110224609,84.14868927001953
