model,fold,timestamp,y_true,y_pred
persistence,0,2025-04-27 12:41:00,91.52,98.56
persistence,0,2025-04-27 14:20:00,93.28,91.52
persistence,0,2025-04-27 15:59:00,101.2,93.28
persistence,0,2025-04-27 17:38:00,109.12,101.2
persistence,0,2025-04-27 19:17:00,145.2,109.12
persistence,0,2025-04-27 20:56:00,153.12,145.2
persistence,0,2025-04-27 22:35:00,157.52,153.12
persistence,0,2025-04-28 00:14:00,192.72,157.52
persistence,0,2025-04-28 01:53:00,193.6,192.72
persistence,0,2025-04-28 03:32:00,193.6,193.6
persistence,0,2025-04-28 05:11:00,192.72,193.6
persistence,0,2025-04-28 06:50:00,161.04,192.72
persistence,0,2025-04-28 08:28:00,154.0,161.04
persistence,0,2025-04-28 10:07:00,93.28,154.0
persistence,0,2025-04-28 11:46:00,93.28,93.28
persistence,0,2025-04-28 13:25:00,125.84,93.28
persistence,0,2025-04-28 15:04:00,139.04,125.84
persistence,0,2025-04-28 16:43:00,146.08,139.04
persistence,0,2025-04-28 18:22:00,148.72,146.08
persistence,0,2025-04-28 20:01:00,151.36,148.72
persistence,0,2025-04-28 21:40:00,161.04,151.36
persistence,0,2025-04-28 23:19:00,194.48,161.04
persistence,0,2025-04-29 00:58:00,195.36,194.48
persistence,0,2025-04-29 02:37:00,195.36,195.36
persistence,0,2025-04-29 04:16:00,193.6,195.36
persistence,0,2025-04-29 05:54:00,153.12,193.6
persistence,0,2025-04-29 07:33:00,131.12,153.12
persistence,0,2025-04-29 09:12:00,58.08,131.12
persistence,0,2025-04-29 10:51:00,95.92,58.08
persistence,0,2025-04-29 12:30:00,98.56,95.92
persistence,0,2025-04-29 14:09:00,118.8,98.56
persistence,0,2025-04-29 15:48:00,112.2,118.8
persistence,0,2025-04-29 17:27:00,126.72,112.2
persistence,0,2025-04-29 19:06:00,141.24,126.72
persistence,0,2025-04-29 20:45:00,155.76,141.24
persistence,0,2025-04-29 22:24:00,176.0,155.76
persistence,0,2025-04-30 00:03:00,186.56,176.0
persistence,0,2025-04-30 01:41:00,190.96,186.56
persistence,0,2025-04-30 03:20:00,190.96,190.96
persistence,0,2025-04-30 04:59:00,190.08,190.96
persistence,0,2025-04-30 06:38:00,161.04,190.08
persistence,0,2025-04-30 08:17:00,160.16,161.04
persistence,0,2025-04-30 09:56:00,101.2,160.16
persistence,0,2025-04-30 11:35:00,101.2,101.2
persistence,0,2025-04-30 13:14:00,112.64,101.2
persistence,0,2025-04-30 14:53:00,130.24,112.64
persistence,0,2025-04-30 16:32:00,146.96,130.24
persistence,0,2025-04-30 18:11:00,148.72,146.96
persistence,0,2025-04-30 19:50:00,150.48,148.72
persistence,0,2025-04-30 21:28:00,163.68,150.48
persistence,0,2025-04-30 23:07:00,172.48,163.68
persistence,0,2025-05-01 00:46:00,177.76,172.48
persistence,0,2025-05-01 02:25:00,178.64,177.76
persistence,0,2025-05-01 04:04:00,178.64,178.64
persistence,0,2025-05-01 05:43:00,168.08,178.64
persistence,0,2025-05-01 07:22:00,166.32,168.08
persistence,0,2025-05-01 09:01:00,164.56,166.32
persistence,0,2025-05-01 10:40:00,93.28,164.56
persistence,0,2025-05-01 12:19:00,100.32,93.28
persistence,0,2025-05-01 13:58:00,119.68,100.32
persistence,0,2025-05-01 15:37:00,129.36,119.68
persistence,0,2025-05-01 17:16:00,152.24,129.36
persistence,0,2025-05-01 18:54:00,153.12,152.24
persistence,0,2025-05-01 20:33:00,154.0,153.12
persistence,0,2025-05-01 22:12:00,154.88,154.0
seasonal_naive_15,0,2025-04-27 12:41:00,91.52,98.56
seasonal_naive_15,0,2025-04-27 14:20:00,93.28,119.68
seasonal_naive_15,0,2025-04-27 15:59:00,101.2,139.92
seasonal_naive_15,0,2025-04-27 17:38:00,109.12,140.8
seasonal_naive_15,0,2025-04-27 19:17:00,145.2,145.2
seasonal_naive_15,0,2025-04-27 20:56:00,153.12,146.08
seasonal_naive_15,0,2025-04-27 22:35:00,157.52,181.28
seasonal_naive_15,0,2025-04-28 00:14:00,192.72,186.56
seasonal_naive_15,0,2025-04-28 01:53:00,193.6,186.56
seasonal_naive_15,0,2025-04-28 03:32:00,193.6,185.68
seasonal_naive_15,0,2025-04-28 05:11:00,192.72,154.88
seasonal_naive_15,0,2025-04-28 06:50:00,161.04,154.0
seasonal_naive_15,0,2025-04-28 08:28:00,154.0,113.52
seasonal_naive_15,0,2025-04-28 10:07:00,93.28,106.04
seasonal_naive_15,0,2025-04-28 11:46:00,93.28,98.56
seasonal_naive_15,0,2025-04-28 13:25:00,125.84,91.52
seasonal_naive_15,0,2025-04-28 15:04:00,139.04,93.28
seasonal_naive_15,0,2025-04-28 16:43:00,146.08,101.2
seasonal_naive_15,0,2025-04-28 18:22:00,148.72,109.12
seasonal_naive_15,0,2025-04-28 20:01:00,151.36,145.2
seasonal_naive_15,0,2025-04-28 21:40:00,161.04,153.12
seasonal_naive_15,0,2025-04-28 23:19:00,194.48,157.52
seasonal_naive_15,0,2025-04-29 00:58:00,195.36,192.72
seasonal_naive_15,0,2025-04-29 02:37:00,195.36,193.6
seasonal_naive_15,0,2025-04-29 04:16:00,193.6,193.6
seasonal_naive_15,0,2025-04-29 05:54:00,153.12,192.72
seasonal_naive_15,0,2025-04-29 07:33:00,131.12,161.04
seasonal_naive_15,0,2025-04-29 09:12:00,58.08,154.0
seasonal_naive_15,0,2025-04-29 10:51:00,95.92,93.28
seasonal_naive_15,0,2025-04-29 12:30:00,98.56,93.28
seasonal_naive_15,0,2025-04-29 14:09:00,118.8,125.84
seasonal_naive_15,0,2025-04-29 15:48:00,112.2,139.04
seasonal_naive_15,0,2025-04-29 17:27:00,126.72,146.08
seasonal_naive_15,0,2025-04-29 19:06:00,141.24,148.72
seasonal_naive_15,0,2025-04-29 20:45:00,155.76,151.36
seasonal_naive_15,0,2025-04-29 22:24:00,176.0,161.04
seasonal_naive_15,0,2025-04-30 00:03:00,186.56,194.48
seasonal_naive_15,0,2025-04-30 01:41:00,190.96,195.36
seasonal_naive_15,0,2025-04-30 03:20:00,190.96,195.36
seasonal_naive_15,0,2025-04-30 04:59:00,190.08,193.6
seasonal_naive_15,0,2025-04-30 06:38:00,161.04,153.12
seasonal_naive_15,0,2025-04-30 08:17:00,160.16,131.12
seasonal_naive_15,0,2025-04-30 09:56:00,101.2,58.08
seasonal_naive_15,0,2025-04-30 11:35:00,101.2,95.92
seasonal_naive_15,0,2025-04-30 13:14:00,112.64,98.56
seasonal_naive_15,0,2025-04-30 14:53:00,130.24,118.8
seasonal_naive_15,0,2025-04-30 16:32:00,146.96,112.2
seasonal_naive_15,0,2025-04-30 18:11:00,148.72,126.72
seasonal_naive_15,0,2025-04-30 19:50:00,150.48,141.24
seasonal_naive_15,0,2025-04-30 21:28:00,163.68,155.76
seasonal_naive_15,0,2025-04-30 23:07:00,172.48,176.0
seasonal_naive_15,0,2025-05-01 00:46:00,177.76,186.56
seasonal_naive_15,0,2025-05-01 02:25:00,178.64,190.96
seasonal_naive_15,0,2025-05-01 04:04:00,178.64,190.96
seasonal_naive_15,0,2025-05-01 05:43:00,168.08,190.08
seasonal_naive_15,0,2025-05-01 07:22:00,166.32,161.04
seasonal_naive_15,0,2025-05-01 09:01:00,164.56,160.16
seasonal_naive_15,0,2025-05-01 10:40:00,93.28,101.2
seasonal_naive_15,0,2025-05-01 12:19:00,100.32,101.2
seasonal_naive_15,0,2025-05-01 13:58:00,119.68,112.64
seasonal_naive_15,0,2025-05-01 15:37:00,129.36,130.24
seasonal_naive_15,0,2025-05-01 17:16:00,152.24,146.96
seasonal_naive_15,0,2025-05-01 18:54:00,153.12,148.72
seasonal_naive_15,0,2025-05-01 20:33:00,154.0,150.48
seasonal_naive_15,0,2025-05-01 22:12:00,154.88,163.68
drift,0,2025-04-27 12:41:00,91.52,98.33241379310346
drift,0,2025-04-27 14:20:00,93.28,98.1048275862069
drift,0,2025-04-27 15:59:00,101.2,97.87724137931035
drift,0,2025-04-27 17:38:00,109.12,97.6496551724138
drift,0,2025-04-27 19:17:00,145.2,97.42206896551724
drift,0,2025-04-27 20:56:00,153.12,97.1944827586207
drift,0,2025-04-27 22:35:00,157.52,96.96689655172415
drift,0,2025-04-28 00:14:00,192.72,96.73931034482759
drift,0,2025-04-28 01:53:00,193.6,96.51172413793104
drift,0,2025-04-28 03:32:00,193.6,96.28413793103448
drift,0,2025-04-28 05:11:00,192.72,96.05655172413793
drift,0,2025-04-28 06:50:00,161.04,95.82896551724139
drift,0,2025-04-28 08:28:00,154.0,95.60137931034483
drift,0,2025-04-28 10:07:00,93.28,95.37379310344828
drift,0,2025-04-28 11:46:00,93.28,95.14620689655173
drift,0,2025-04-28 13:25:00,125.84,94.91862068965517
drift,0,2025-04-28 15:04:00,139.04,94.69103448275862
drift,0,2025-04-28 16:43:00,146.08,94.46344827586208
drift,0,2025-04-28 18:22:00,148.72,94.23586206896552
drift,0,2025-04-28 20:01:00,151.36,94.00827586206897
drift,0,2025-04-28 21:40:00,161.04,93.78068965517242
drift,0,2025-04-28 23:19:00,194.48,93.55310344827586
drift,0,2025-04-29 00:58:00,195.36,93.32551724137932
drift,0,2025-04-29 02:37:00,195.36,93.09793103448277
drift,0,2025-04-29 04:16:00,193.6,92.87034482758621
drift,0,2025-04-29 05:54:00,153.12,92.64275862068966
drift,0,2025-04-29 07:33:00,131.12,92.4151724137931
drift,0,2025-04-29 09:12:00,58.08,92.18758620689655
drift,0,2025-04-29 10:51:00,95.92,91.96000000000001
drift,0,2025-04-29 12:30:00,98.56,91.73241379310345
drift,0,2025-04-29 14:09:00,118.8,91.5048275862069
drift,0,2025-04-29 15:48:00,112.2,91.27724137931035
drift,0,2025-04-29 17:27:00,126.72,91.0496551724138
drift,0,2025-04-29 19:06:00,141.24,90.82206896551725
drift,0,2025-04-29 20:45:00,155.76,90.5944827586207
drift,0,2025-04-29 22:24:00,176.0,90.36689655172414
drift,0,2025-04-30 00:03:00,186.56,90.13931034482759
drift,0,2025-04-30 01:41:00,190.96,89.91172413793103
drift,0,2025-04-30 03:20:00,190.96,89.68413793103448
drift,0,2025-04-30 04:59:00,190.08,89.45655172413794
drift,0,2025-04-30 06:38:00,161.04,89.22896551724138
drift,0,2025-04-30 08:17:00,160.16,89.00137931034483
drift,0,2025-04-30 09:56:00,101.2,88.77379310344828
drift,0,2025-04-30 11:35:00,101.2,88.54620689655172
drift,0,2025-04-30 13:14:00,112.64,88.31862068965518
drift,0,2025-04-30 14:53:00,130.24,88.09103448275863
drift,0,2025-04-30 16:32:00,146.96,87.86344827586207
drift,0,2025-04-30 18:11:00,148.72,87.63586206896552
drift,0,2025-04-30 19:50:00,150.48,87.40827586206898
drift,0,2025-04-30 21:28:00,163.68,87.18068965517242
drift,0,2025-04-30 23:07:00,172.48,86.95310344827587
drift,0,2025-05-01 00:46:00,177.76,86.72551724137932
drift,0,2025-05-01 02:25:00,178.64,86.49793103448276
drift,0,2025-05-01 04:04:00,178.64,86.27034482758621
drift,0,2025-05-01 05:43:00,168.08,86.04275862068965
drift,0,2025-05-01 07:22:00,166.32,85.8151724137931
drift,0,2025-05-01 09:01:00,164.56,85.58758620689656
drift,0,2025-05-01 10:40:00,93.28,85.36
drift,0,2025-05-01 12:19:00,100.32,85.13241379310345
drift,0,2025-05-01 13:58:00,119.68,84.9048275862069
drift,0,2025-05-01 15:37:00,129.36,84.67724137931035
drift,0,2025-05-01 17:16:00,152.24,84.4496551724138
drift,0,2025-05-01 18:54:00,153.12,84.22206896551725
drift,0,2025-05-01 20:33:00,154.0,83.99448275862069
drift,0,2025-05-01 22:12:00,154.88,83.76689655172414
rolling_mean_15,0,2025-04-27 12:41:00,91.52,143.8213333333333
rolling_mean_15,0,2025-04-27 14:20:00,93.28,143.35199999999998
rolling_mean_15,0,2025-04-27 15:59:00,101.2,141.592
rolling_mean_15,0,2025-04-27 17:38:00,109.12,139.01066666666665
rolling_mean_15,0,2025-04-27 19:17:00,145.2,136.89866666666666
rolling_mean_15,0,2025-04-27 20:56:00,153.12,136.89866666666663
rolling_mean_15,0,2025-04-27 22:35:00,157.52,137.368
rolling_mean_15,0,2025-04-28 00:14:00,192.72,135.78400000000002
rolling_mean_15,0,2025-04-28 01:53:00,193.6,136.19466666666668
rolling_mean_15,0,2025-04-28 03:32:00,193.6,136.66400000000004
rolling_mean_15,0,2025-04-28 05:11:00,192.72,137.192
rolling_mean_15,0,2025-04-28 06:50:00,161.04,139.71466666666666
rolling_mean_15,0,2025-04-28 08:28:00,154.0,140.18400000000003
rolling_mean_15,0,2025-04-28 10:07:00,93.28,142.88266666666667
rolling_mean_15,0,2025-04-28 11:46:00,93.28,142.032
rolling_mean_15,0,2025-04-28 13:25:00,125.84,141.67999999999998
rolling_mean_15,0,2025-04-28 15:04:00,139.04,143.968
rolling_mean_15,0,2025-04-28 16:43:00,146.08,147.01866666666666
rolling_mean_15,0,2025-04-28 18:22:00,148.72,150.01066666666665
rolling_mean_15,0,2025-04-28 20:01:00,151.36,152.65066666666664
rolling_mean_15,0,2025-04-28 21:40:00,161.04,153.0613333333333
rolling_mean_15,0,2025-04-28 23:19:00,194.48,153.58933333333331
rolling_mean_15,0,2025-04-29 00:58:00,195.36,156.0533333333333
rolling_mean_15,0,2025-04-29 02:37:00,195.36,156.22933333333333
rolling_mean_15,0,2025-04-29 04:16:00,193.6,156.3466666666667
rolling_mean_15,0,2025-04-29 05:54:00,153.12,156.3466666666667
rolling_mean_15,0,2025-04-29 07:33:00,131.12,153.70666666666665
rolling_mean_15,0,2025-04-29 09:12:00,58.08,151.712
rolling_mean_15,0,2025-04-29 10:51:00,95.92,145.31733333333332
rolling_mean_15,0,2025-04-29 12:30:00,98.56,145.49333333333334
rolling_mean_15,0,2025-04-29 14:09:00,118.8,145.84533333333331
rolling_mean_15,0,2025-04-29 15:48:00,112.2,145.376
rolling_mean_15,0,2025-04-29 17:27:00,126.72,143.58666666666664
rolling_mean_15,0,2025-04-29 19:06:00,141.24,142.29599999999996
rolling_mean_15,0,2025-04-29 20:45:00,155.76,141.79733333333334
rolling_mean_15,0,2025-04-29 22:24:00,176.0,142.09066666666666
rolling_mean_15,0,2025-04-30 00:03:00,186.56,143.088
rolling_mean_15,0,2025-04-30 01:41:00,190.96,142.56
rolling_mean_15,0,2025-04-30 03:20:00,190.96,142.26666666666668
rolling_mean_15,0,2025-04-30 04:59:00,190.08,141.97333333333333
rolling_mean_15,0,2025-04-30 06:38:00,161.04,141.73866666666666
rolling_mean_15,0,2025-04-30 08:17:00,160.16,142.26666666666668
rolling_mean_15,0,2025-04-30 09:56:00,101.2,144.20266666666666
rolling_mean_15,0,2025-04-30 11:35:00,101.2,147.0773333333333
rolling_mean_15,0,2025-04-30 13:14:00,112.64,147.42933333333332
rolling_mean_15,0,2025-04-30 14:53:00,130.24,148.368
rolling_mean_15,0,2025-04-30 16:32:00,146.96,149.13066666666666
rolling_mean_15,0,2025-04-30 18:11:00,148.72,151.448
rolling_mean_15,0,2025-04-30 19:50:00,150.48,152.91466666666665
rolling_mean_15,0,2025-04-30 21:28:00,163.68,153.53066666666666
rolling_mean_15,0,2025-04-30 23:07:00,172.48,154.05866666666668
rolling_mean_15,0,2025-05-01 00:46:00,177.76,153.824
rolling_mean_15,0,2025-05-01 02:25:00,178.64,153.23733333333337
rolling_mean_15,0,2025-05-01 04:04:00,178.64,152.41600000000003
rolling_mean_15,0,2025-05-01 05:43:00,168.08,151.59466666666668
rolling_mean_15,0,2025-05-01 07:22:00,166.32,150.128
rolling_mean_15,0,2025-05-01 09:01:00,164.56,150.48000000000002
rolling_mean_15,0,2025-05-01 10:40:00,93.28,150.77333333333334
rolling_mean_15,0,2025-05-01 12:19:00,100.32,150.24533333333335
rolling_mean_15,0,2025-05-01 13:58:00,119.68,150.18666666666667
rolling_mean_15,0,2025-05-01 15:37:00,129.36,150.65599999999998
rolling_mean_15,0,2025-05-01 17:16:00,152.24,150.5973333333333
rolling_mean_15,0,2025-05-01 18:54:00,153.12,150.94933333333333
rolling_mean_15,0,2025-05-01 20:33:00,154.0,151.24266666666662
rolling_mean_15,0,2025-05-01 22:12:00,154.88,151.47733333333332
train_mean,0,2025-04-27 12:41:00,91.52,152.98131805157593
train_mean,0,2025-04-27 14:20:00,93.28,152.98131805157593
train_mean,0,2025-04-27 15:59:00,101.2,152.98131805157593
train_mean,0,2025-04-27 17:38:00,109.12,152.98131805157593
train_mean,0,2025-04-27 19:17:00,145.2,152.98131805157593
train_mean,0,2025-04-27 20:56:00,153.12,152.98131805157593
train_mean,0,2025-04-27 22:35:00,157.52,152.98131805157593
train_mean,0,2025-04-28 00:14:00,192.72,152.98131805157593
train_mean,0,2025-04-28 01:53:00,193.6,152.98131805157593
train_mean,0,2025-04-28 03:32:00,193.6,152.98131805157593
train_mean,0,2025-04-28 05:11:00,192.72,152.98131805157593
train_mean,0,2025-04-28 06:50:00,161.04,152.98131805157593
train_mean,0,2025-04-28 08:28:00,154.0,152.98131805157593
train_mean,0,2025-04-28 10:07:00,93.28,152.98131805157593
train_mean,0,2025-04-28 11:46:00,93.28,152.98131805157593
train_mean,0,2025-04-28 13:25:00,125.84,152.98131805157593
train_mean,0,2025-04-28 15:04:00,139.04,152.98131805157593
train_mean,0,2025-04-28 16:43:00,146.08,152.98131805157593
train_mean,0,2025-04-28 18:22:00,148.72,152.98131805157593
train_mean,0,2025-04-28 20:01:00,151.36,152.98131805157593
train_mean,0,2025-04-28 21:40:00,161.04,152.98131805157593
train_mean,0,2025-04-28 23:19:00,194.48,152.98131805157593
train_mean,0,2025-04-29 00:58:00,195.36,152.98131805157593
train_mean,0,2025-04-29 02:37:00,195.36,152.98131805157593
train_mean,0,2025-04-29 04:16:00,193.6,152.98131805157593
train_mean,0,2025-04-29 05:54:00,153.12,152.98131805157593
train_mean,0,2025-04-29 07:33:00,131.12,152.98131805157593
train_mean,0,2025-04-29 09:12:00,58.08,152.98131805157593
train_mean,0,2025-04-29 10:51:00,95.92,152.98131805157593
train_mean,0,2025-04-29 12:30:00,98.56,152.98131805157593
train_mean,0,2025-04-29 14:09:00,118.8,152.98131805157593
train_mean,0,2025-04-29 15:48:00,112.2,152.98131805157593
train_mean,0,2025-04-29 17:27:00,126.72,152.98131805157593
train_mean,0,2025-04-29 19:06:00,141.24,152.98131805157593
train_mean,0,2025-04-29 20:45:00,155.76,152.98131805157593
train_mean,0,2025-04-29 22:24:00,176.0,152.98131805157593
train_mean,0,2025-04-30 00:03:00,186.56,152.98131805157593
train_mean,0,2025-04-30 01:41:00,190.96,152.98131805157593
train_mean,0,2025-04-30 03:20:00,190.96,152.98131805157593
train_mean,0,2025-04-30 04:59:00,190.08,152.98131805157593
train_mean,0,2025-04-30 06:38:00,161.04,152.98131805157593
train_mean,0,2025-04-30 08:17:00,160.16,152.98131805157593
train_mean,0,2025-04-30 09:56:00,101.2,152.98131805157593
train_mean,0,2025-04-30 11:35:00,101.2,152.98131805157593
train_mean,0,2025-04-30 13:14:00,112.64,152.98131805157593
train_mean,0,2025-04-30 14:53:00,130.24,152.98131805157593
train_mean,0,2025-04-30 16:32:00,146.96,152.98131805157593
train_mean,0,2025-04-30 18:11:00,148.72,152.98131805157593
train_mean,0,2025-04-30 19:50:00,150.48,152.98131805157593
train_mean,0,2025-04-30 21:28:00,163.68,152.98131805157593
train_mean,0,2025-04-30 23:07:00,172.48,152.98131805157593
train_mean,0,2025-05-01 00:46:00,177.76,152.98131805157593
train_mean,0,2025-05-01 02:25:00,178.64,152.98131805157593
train_mean,0,2025-05-01 04:04:00,178.64,152.98131805157593
train_mean,0,2025-05-01 05:43:00,168.08,152.98131805157593
train_mean,0,2025-05-01 07:22:00,166.32,152.98131805157593
train_mean,0,2025-05-01 09:01:00,164.56,152.98131805157593
train_mean,0,2025-05-01 10:40:00,93.28,152.98131805157593
train_mean,0,2025-05-01 12:19:00,100.32,152.98131805157593
train_mean,0,2025-05-01 13:58:00,119.68,152.98131805157593
train_mean,0,2025-05-01 15:37:00,129.36,152.98131805157593
train_mean,0,2025-05-01 17:16:00,152.24,152.98131805157593
train_mean,0,2025-05-01 18:54:00,153.12,152.98131805157593
train_mean,0,2025-05-01 20:33:00,154.0,152.98131805157593
train_mean,0,2025-05-01 22:12:00,154.88,152.98131805157593
seasonal_naive_24,0,2025-04-27 12:41:00,91.52,166.32
seasonal_naive_24,0,2025-04-27 14:20:00,93.28,187.44
seasonal_naive_24,0,2025-04-27 15:59:00,101.2,194.48
seasonal_naive_24,0,2025-04-27 17:38:00,109.12,193.6
seasonal_naive_24,0,2025-04-27 19:17:00,145.2,192.72
seasonal_naive_24,0,2025-04-27 20:56:00,153.12,163.68
seasonal_naive_24,0,2025-04-27 22:35:00,157.52,119.68
seasonal_naive_24,0,2025-04-28 00:14:00,192.72,53.68
seasonal_naive_24,0,2025-04-28 01:53:00,193.6,58.08
seasonal_naive_24,0,2025-04-28 03:32:00,193.6,98.56
seasonal_naive_24,0,2025-04-28 05:11:00,192.72,119.68
seasonal_naive_24,0,2025-04-28 06:50:00,161.04,139.92
seasonal_naive_24,0,2025-04-28 08:28:00,154.0,140.8
seasonal_naive_24,0,2025-04-28 10:07:00,93.28,145.2
seasonal_naive_24,0,2025-04-28 11:46:00,93.28,146.08
seasonal_naive_24,0,2025-04-28 13:25:00,125.84,181.28
seasonal_naive_24,0,2025-04-28 15:04:00,139.04,186.56
seasonal_naive_24,0,2025-04-28 16:43:00,146.08,186.56
seasonal_naive_24,0,2025-04-28 18:22:00,148.72,185.68
seasonal_naive_24,0,2025-04-28 20:01:00,151.36,154.88
seasonal_naive_24,0,2025-04-28 21:40:00,161.04,154.0
seasonal_naive_24,0,2025-04-28 23:19:00,194.48,113.52
seasonal_naive_24,0,2025-04-29 00:58:00,195.36,106.04
seasonal_naive_24,0,2025-04-29 02:37:00,195.36,98.56
seasonal_naive_24,0,2025-04-29 04:16:00,193.6,91.52
seasonal_naive_24,0,2025-04-29 05:54:00,153.12,93.28
seasonal_naive_24,0,2025-04-29 07:33:00,131.12,101.2
seasonal_naive_24,0,2025-04-29 09:12:00,58.08,109.12
seasonal_naive_24,0,2025-04-29 10:51:00,95.92,145.2
seasonal_naive_24,0,2025-04-29 12:30:00,98.56,153.12
seasonal_naive_24,0,2025-04-29 14:09:00,118.8,157.52
seasonal_naive_24,0,2025-04-29 15:48:00,112.2,192.72
seasonal_naive_24,0,2025-04-29 17:27:00,126.72,193.6
seasonal_naive_24,0,2025-04-29 19:06:00,141.24,193.6
seasonal_naive_24,0,2025-04-29 20:45:00,155.76,192.72
seasonal_naive_24,0,2025-04-29 22:24:00,176.0,161.04
seasonal_naive_24,0,2025-04-30 00:03:00,186.56,154.0
seasonal_naive_24,0,2025-04-30 01:41:00,190.96,93.28
seasonal_naive_24,0,2025-04-30 03:20:00,190.96,93.28
seasonal_naive_24,0,2025-04-30 04:59:00,190.08,125.84
seasonal_naive_24,0,2025-04-30 06:38:00,161.04,139.04
seasonal_naive_24,0,2025-04-30 08:17:00,160.16,146.08
seasonal_naive_24,0,2025-04-30 09:56:00,101.2,148.72
seasonal_naive_24,0,2025-04-30 11:35:00,101.2,151.36
seasonal_naive_24,0,2025-04-30 13:14:00,112.64,161.04
seasonal_naive_24,0,2025-04-30 14:53:00,130.24,194.48
seasonal_naive_24,0,2025-04-30 16:32:00,146.96,195.36
seasonal_naive_24,0,2025-04-30 18:11:00,148.72,195.36
seasonal_naive_24,0,2025-04-30 19:50:00,150.48,193.6
seasonal_naive_24,0,2025-04-30 21:28:00,163.68,153.12
seasonal_naive_24,0,2025-04-30 23:07:00,172.48,131.12
seasonal_naive_24,0,2025-05-01 00:46:00,177.76,58.08
seasonal_naive_24,0,2025-05-01 02:25:00,178.64,95.92
seasonal_naive_24,0,2025-05-01 04:04:00,178.64,98.56
seasonal_naive_24,0,2025-05-01 05:43:00,168.08,118.8
seasonal_naive_24,0,2025-05-01 07:22:00,166.32,112.2
seasonal_naive_24,0,2025-05-01 09:01:00,164.56,126.72
seasonal_naive_24,0,2025-05-01 10:40:00,93.28,141.24
seasonal_naive_24,0,2025-05-01 12:19:00,100.32,155.76
seasonal_naive_24,0,2025-05-01 13:58:00,119.68,176.0
seasonal_naive_24,0,2025-05-01 15:37:00,129.36,186.56
seasonal_naive_24,0,2025-05-01 17:16:00,152.24,190.96
seasonal_naive_24,0,2025-05-01 18:54:00,153.12,190.96
seasonal_naive_24,0,2025-05-01 20:33:00,154.0,190.08
seasonal_naive_24,0,2025-05-01 22:12:00,154.88,161.04
ridge,0,2025-04-27 12:41:00,91.52,113.33271735143461
ridge,0,2025-04-27 14:20:00,93.28,116.00367814791784
ridge,0,2025-04-27 15:59:00,101.2,118.6188604118001
ridge,0,2025-04-27 17:38:00,109.12,127.96750442628674
ridge,0,2025-04-27 19:17:00,145.2,141.98667059493366
ridge,0,2025-04-27 20:56:00,153.12,165.7913254347505
ridge,0,2025-04-27 22:35:00,157.52,177.5624305491734
ridge,0,2025-04-28 00:14:00,192.72,172.34276474619315
ridge,0,2025-04-28 01:53:00,193.6,185.60014860530083
ridge,0,2025-04-28 03:32:00,193.6,174.00404991823626
ridge,0,2025-04-28 05:11:00,192.72,141.3334988528165
ridge,0,2025-04-28 06:50:00,161.04,122.1810096838005
ridge,0,2025-04-28 08:28:00,154.0,105.77583142869344
ridge,0,2025-04-28 10:07:00,93.28,117.94195436875623
ridge,0,2025-04-28 11:46:00,93.28,116.68113079673412
ridge,0,2025-04-28 13:25:00,125.84,120.72019664754399
ridge,0,2025-04-28 15:04:00,139.04,132.1113094008654
ridge,0,2025-04-28 16:43:00,146.08,141.6237812933075
ridge,0,2025-04-28 18:22:00,148.72,149.628917267624
ridge,0,2025-04-28 20:01:00,151.36,162.61308330594733
ridge,0,2025-04-28 21:40:00,161.04,167.93702434364513
ridge,0,2025-04-28 23:19:00,194.48,173.40693237264648
ridge,0,2025-04-29 00:58:00,195.36,194.84372706104327
ridge,0,2025-04-29 02:37:00,195.36,188.7576711374442
ridge,0,2025-04-29 04:16:00,193.6,164.787333825084
ridge,0,2025-04-29 05:54:00,153.12,139.6103080489882
ridge,0,2025-04-29 07:33:00,131.12,108.39165479975176
ridge,0,2025-04-29 09:12:00,58.08,105.60620848142872
ridge,0,2025-04-29 10:51:00,95.92,94.8159070185269
ridge,0,2025-04-29 12:30:00,98.56,119.90160143539626
ridge,0,2025-04-29 14:09:00,118.8,131.52233200831822
ridge,0,2025-04-29 15:48:00,112.2,137.28882871106487
ridge,0,2025-04-29 17:27:00,126.72,140.53409551993022
ridge,0,2025-04-29 19:06:00,141.24,153.73918613715432
ridge,0,2025-04-29 20:45:00,155.76,168.7417731778219
ridge,0,2025-04-29 22:24:00,176.0,177.8950423050508
ridge,0,2025-04-30 00:03:00,186.56,191.4759022598935
ridge,0,2025-04-30 01:41:00,190.96,192.3255839851974
ridge,0,2025-04-30 03:20:00,190.96,179.37138361631978
ridge,0,2025-04-30 04:59:00,190.08,154.25714331674158
ridge,0,2025-04-30 06:38:00,161.04,125.52216530321971
ridge,0,2025-04-30 08:17:00,160.16,109.55613840222941
ridge,0,2025-04-30 09:56:00,101.2,113.02357703881862
ridge,0,2025-04-30 11:35:00,101.2,116.91297800263307
ridge,0,2025-04-30 13:14:00,112.64,123.26194385900357
ridge,0,2025-04-30 14:53:00,130.24,127.10585774205508
ridge,0,2025-04-30 16:32:00,146.96,135.1752241719099
ridge,0,2025-04-30 18:11:00,148.72,151.16402288347916
ridge,0,2025-04-30 19:50:00,150.48,161.2133962955329
ridge,0,2025-04-30 21:28:00,163.68,165.77336537759007
ridge,0,2025-04-30 23:07:00,172.48,175.21417488967137
ridge,0,2025-05-01 00:46:00,177.76,179.81860108325242
ridge,0,2025-05-01 02:25:00,178.64,174.43119766985075
ridge,0,2025-05-01 04:04:00,178.64,155.04086932095123
ridge,0,2025-05-01 05:43:00,168.08,128.54045616728203
ridge,0,2025-05-01 07:22:00,166.32,104.5592780903062
ridge,0,2025-05-01 09:01:00,164.56,108.97128528860254
ridge,0,2025-05-01 10:40:00,93.28,119.66692130067847
ridge,0,2025-05-01 12:19:00,100.32,115.14435656945653
ridge,0,2025-05-01 13:58:00,119.68,118.9200403626362
ridge,0,2025-05-01 15:37:00,129.36,125.81197020105039
ridge,0,2025-05-01 17:16:00,152.24,136.1287137236709
ridge,0,2025-05-01 18:54:00,153.12,154.0924426051278
ridge,0,2025-05-01 20:33:00,154.0,161.99102204173545
ridge,0,2025-05-01 22:12:00,154.88,162.93605215484243
random_forest,0,2025-04-27 12:41:00,91.52,123.61930137566131
random_forest,0,2025-04-27 14:20:00,93.28,122.28291555555555
random_forest,0,2025-04-27 15:59:00,101.2,123.07161777777777
random_forest,0,2025-04-27 17:38:00,109.12,133.10612973544974
random_forest,0,2025-04-27 19:17:00,145.2,148.61068444444462
random_forest,0,2025-04-27 20:56:00,153.12,158.59402621082637
random_forest,0,2025-04-27 22:35:00,157.52,179.88855954415953
random_forest,0,2025-04-28 00:14:00,192.72,183.1276228571428
random_forest,0,2025-04-28 01:53:00,193.6,192.25734931882823
random_forest,0,2025-04-28 03:32:00,193.6,178.85201597871747
random_forest,0,2025-04-28 05:11:00,192.72,154.80554455004227
random_forest,0,2025-04-28 06:50:00,161.04,140.73387195744985
random_forest,0,2025-04-28 08:28:00,154.0,112.04168148148145
random_forest,0,2025-04-28 10:07:00,93.28,96.29343453763711
random_forest,0,2025-04-28 11:46:00,93.28,100.06231739153236
random_forest,0,2025-04-28 13:25:00,125.84,117.44408888888883
random_forest,0,2025-04-28 15:04:00,139.04,138.9110009523809
random_forest,0,2025-04-28 16:43:00,146.08,147.06795983101313
random_forest,0,2025-04-28 18:22:00,148.72,138.6586272812374
random_forest,0,2025-04-28 20:01:00,151.36,157.54273333333356
random_forest,0,2025-04-28 21:40:00,161.04,165.38284353276362
random_forest,0,2025-04-28 23:19:00,194.48,166.9614385184074
random_forest,0,2025-04-29 00:58:00,195.36,195.29935395433006
random_forest,0,2025-04-29 02:37:00,195.36,190.69277607073252
random_forest,0,2025-04-29 04:16:00,193.6,176.68915380545405
random_forest,0,2025-04-29 05:54:00,153.12,151.68022222211127
random_forest,0,2025-04-29 07:33:00,131.12,116.28949348589437
random_forest,0,2025-04-29 09:12:00,58.08,109.44899219552147
random_forest,0,2025-04-29 10:51:00,95.92,84.28680382493613
random_forest,0,2025-04-29 12:30:00,98.56,105.49230332859727
random_forest,0,2025-04-29 14:09:00,118.8,119.63852825396823
random_forest,0,2025-04-29 15:48:00,112.2,142.301101468131
random_forest,0,2025-04-29 17:27:00,126.72,150.61716007263763
random_forest,0,2025-04-29 19:06:00,141.24,156.71861772079805
random_forest,0,2025-04-29 20:45:00,155.76,162.6971948148152
random_forest,0,2025-04-29 22:24:00,176.0,171.6653262108262
random_forest,0,2025-04-30 00:03:00,186.56,191.34052848872463
random_forest,0,2025-04-30 01:41:00,190.96,193.80322308233303
random_forest,0,2025-04-30 03:20:00,190.96,184.50702645501923
random_forest,0,2025-04-30 04:59:00,190.08,169.32362090249092
random_forest,0,2025-04-30 06:38:00,161.04,134.56336666666678
random_forest,0,2025-04-30 08:17:00,160.16,107.71021426903371
random_forest,0,2025-04-30 09:56:00,101.2,97.98286115288215
random_forest,0,2025-04-30 11:35:00,101.2,99.204902004044
random_forest,0,2025-04-30 13:14:00,112.64,123.53285777777782
random_forest,0,2025-04-30 14:53:00,130.24,138.92874583877997
random_forest,0,2025-04-30 16:32:00,146.96,149.01620632650025
random_forest,0,2025-04-30 18:11:00,148.72,147.4000178731016
random_forest,0,2025-04-30 19:50:00,150.48,152.08769105413128
random_forest,0,2025-04-30 21:28:00,163.68,161.2277768660969
random_forest,0,2025-04-30 23:07:00,172.48,180.65436669779024
random_forest,0,2025-05-01 00:46:00,177.76,190.22007421587162
random_forest,0,2025-05-01 02:25:00,178.64,188.6791630439804
random_forest,0,2025-05-01 04:04:00,178.64,176.0113724866539
random_forest,0,2025-05-01 05:43:00,168.08,134.3622459257039
random_forest,0,2025-05-01 07:22:00,166.32,104.77271269852366
random_forest,0,2025-05-01 09:01:00,164.56,110.22042253957133
random_forest,0,2025-05-01 10:40:00,93.28,94.17837004830913
random_forest,0,2025-05-01 12:19:00,100.32,103.14967174603186
random_forest,0,2025-05-01 13:58:00,119.68,119.45266666666674
random_forest,0,2025-05-01 15:37:00,129.36,138.59226957264966
random_forest,0,2025-05-01 17:16:00,152.24,146.62420561017933
random_forest,0,2025-05-01 18:54:00,153.12,150.99449723646748
random_forest,0,2025-05-01 20:33:00,154.0,165.3167488888891
random_forest,0,2025-05-01 22:12:00,154.88,174.14073706816032
xgboost,0,2025-04-27 12:41:00,91.52,123.35769653320312
xgboost,0,2025-04-27 14:20:00,93.28,120.21505737304688
xgboost,0,2025-04-27 15:59:00,101.2,122.70802307128906
xgboost,0,2025-04-27 17:38:00,109.12,136.92410278320312
xgboost,0,2025-04-27 19:17:00,145.2,159.12255859375
xgboost,0,2025-04-27 20:56:00,153.12,159.53768920898438
xgboost,0,2025-04-27 22:35:00,157.52,178.9061737060547
xgboost,0,2025-04-28 00:14:00,192.72,183.8814239501953
xgboost,0,2025-04-28 01:53:00,193.6,191.63665771484375
xgboost,0,2025-04-28 03:32:00,193.6,184.67454528808594
xgboost,0,2025-04-28 05:11:00,192.72,163.29708862304688
xgboost,0,2025-04-28 06:50:00,161.04,150.92112731933594
xgboost,0,2025-04-28 08:28:00,154.0,108.70526885986328
xgboost,0,2025-04-28 10:07:00,93.28,95.88800811767578
xgboost,0,2025-04-28 11:46:00,93.28,98.59982299804688
xgboost,0,2025-04-28 13:25:00,125.84,106.08890533447266
xgboost,0,2025-04-28 15:04:00,139.04,133.97360229492188
xgboost,0,2025-04-28 16:43:00,146.08,151.51649475097656
xgboost,0,2025-04-28 18:22:00,148.72,152.58181762695312
xgboost,0,2025-04-28 20:01:00,151.36,164.4381103515625
xgboost,0,2025-04-28 21:40:00,161.04,158.02259826660156
xgboost,0,2025-04-28 23:19:00,194.48,171.13980102539062
xgboost,0,2025-04-29 00:58:00,195.36,195.3479766845703
xgboost,0,2025-04-29 02:37:00,195.36,190.03207397460938
xgboost,0,2025-04-29 04:16:00,193.6,176.9342803955078
xgboost,0,2025-04-29 05:54:00,153.12,148.1435089111328
xgboost,0,2025-04-29 07:33:00,131.12,112.32836151123047
xgboost,0,2025-04-29 09:12:00,58.08,99.76393127441406
xgboost,0,2025-04-29 10:51:00,95.92,75.70893096923828
xgboost,0,2025-04-29 12:30:00,98.56,99.4463882446289
xgboost,0,2025-04-29 14:09:00,118.8,114.84847259521484
xgboost,0,2025-04-29 15:48:00,112.2,144.18002319335938
xgboost,0,2025-04-29 17:27:00,126.72,150.10861206054688
xgboost,0,2025-04-29 19:06:00,141.24,152.58531188964844
xgboost,0,2025-04-29 20:45:00,155.76,156.6920623779297
xgboost,0,2025-04-29 22:24:00,176.0,169.85911560058594
xgboost,0,2025-04-30 00:03:00,186.56,189.47300720214844
xgboost,0,2025-04-30 01:41:00,190.96,194.82568359375
xgboost,0,2025-04-30 03:20:00,190.96,180.4025115966797
xgboost,0,2025-04-30 04:59:00,190.08,165.21751403808594
xgboost,0,2025-04-30 06:38:00,161.04,148.8623504638672
xgboost,0,2025-04-30 08:17:00,160.16,118.73463439941406
xgboost,0,2025-04-30 09:56:00,101.2,106.12747192382812
xgboost,0,2025-04-30 11:35:00,101.2,93.47176361083984
xgboost,0,2025-04-30 13:14:00,112.64,125.69544219970703
xgboost,0,2025-04-30 14:53:00,130.24,144.12014770507812
xgboost,0,2025-04-30 16:32:00,146.96,152.4805908203125
xgboost,0,2025-04-30 18:11:00,148.72,155.4839324951172
xgboost,0,2025-04-30 19:50:00,150.48,146.9205780029297
xgboost,0,2025-04-30 21:28:00,163.68,142.52210998535156
xgboost,0,2025-04-30 23:07:00,172.48,166.9060516357422
xgboost,0,2025-05-01 00:46:00,177.76,176.08502197265625
xgboost,0,2025-05-01 02:25:00,178.64,174.1095428466797
xgboost,0,2025-05-01 04:04:00,178.64,157.2535858154297
xgboost,0,2025-05-01 05:43:00,168.08,111.2536392211914
xgboost,0,2025-05-01 07:22:00,166.32,95.29195404052734
xgboost,0,2025-05-01 09:01:00,164.56,101.57734680175781
xgboost,0,2025-05-01 10:40:00,93.28,83.72440338134766
xgboost,0,2025-05-01 12:19:00,100.32,92.76457214355469
xgboost,0,2025-05-01 13:58:00,119.68,106.93333435058594
xgboost,0,2025-05-01 15:37:00,129.36,135.28269958496094
xgboost,0,2025-05-01 17:16:00,152.24,140.64125061035156
xgboost,0,2025-05-01 18:54:00,153.12,149.8145751953125
xgboost,0,2025-05-01 20:33:00,154.0,158.32330322265625
xgboost,0,2025-05-01 22:12:00,154.88,165.93075561523438
persistence,1,2025-05-01 23:51:00,183.92,154.88
persistence,1,2025-05-02 01:30:00,192.72,183.92
persistence,1,2025-05-02 03:09:00,192.72,192.72
persistence,1,2025-05-02 04:48:00,192.72,192.72
persistence,1,2025-05-02 06:27:00,59.84,192.72
persistence,1,2025-05-02 08:06:00,58.96,59.84
persistence,1,2025-05-02 09:45:00,79.2,58.96
persistence,1,2025-05-02 11:24:00,102.08,79.2
persistence,1,2025-05-02 13:03:00,102.96,102.08
persistence,1,2025-05-02 14:41:00,113.52,102.96
persistence,1,2025-05-02 16:20:00,151.36,113.52
persistence,1,2025-05-02 17:59:00,151.36,151.36
persistence,1,2025-05-02 19:38:00,161.04,151.36
persistence,1,2025-05-02 21:17:00,161.92,161.04
persistence,1,2025-05-02 22:56:00,190.08,161.92
persistence,1,2025-05-03 00:35:00,196.24,190.08
persistence,1,2025-05-03 02:14:00,196.24,196.24
persistence,1,2025-05-03 03:53:00,195.36,196.24
persistence,1,2025-05-03 05:32:00,189.2,195.36
persistence,1,2025-05-03 07:11:00,188.32,189.2
persistence,1,2025-05-03 08:50:00,55.44,188.32
persistence,1,2025-05-03 10:28:00,58.08,55.44
persistence,1,2025-05-03 12:07:00,91.52,58.08
persistence,1,2025-05-03 13:46:00,100.32,91.52
persistence,1,2025-05-03 15:25:00,118.8,100.32
persistence,1,2025-05-03 17:04:00,135.52,118.8
persistence,1,2025-05-03 18:43:00,147.84,135.52
persistence,1,2025-05-03 20:22:00,150.48,147.84
persistence,1,2025-05-03 22:01:00,152.24,150.48
persistence,1,2025-05-03 23:40:00,169.84,152.24
persistence,1,2025-05-04 01:19:00,190.96,169.84
persistence,1,2025-05-04 02:58:00,192.72,190.96
persistence,1,2025-05-04 04:37:00,190.96,192.72
persistence,1,2025-05-04 06:16:00,178.64,190.96
persistence,1,2025-05-04 07:54:00,54.56,178.64
persistence,1,2025-05-04 09:33:00,58.08,54.56
persistence,1,2025-05-04 11:12:00,92.4,58.08
persistence,1,2025-05-04 12:51:00,93.28,92.4
persistence,1,2025-05-04 14:30:00,95.04,93.28
persistence,1,2025-05-04 16:09:00,119.68,95.04
persistence,1,2025-05-04 17:48:00,135.52,119.68
persistence,1,2025-05-04 19:27:00,137.28,135.52
persistence,1,2025-05-04 21:06:00,144.32,137.28
persistence,1,2025-05-04 22:45:00,146.08,144.32
persistence,1,2025-05-05 00:24:00,187.44,146.08
persistence,1,2025-05-05 02:03:00,190.08,187.44
persistence,1,2025-05-05 03:41:00,190.08,190.08
persistence,1,2025-05-05 05:20:00,187.44,190.08
persistence,1,2025-05-05 06:59:00,143.44,187.44
persistence,1,2025-05-05 08:38:00,98.56,143.44
persistence,1,2025-05-05 10:17:00,67.76,98.56
persistence,1,2025-05-05 11:56:00,56.32,67.76
persistence,1,2025-05-05 13:35:00,90.64,56.32
persistence,1,2025-05-05 15:14:00,91.52,90.64
persistence,1,2025-05-05 16:53:00,129.36,91.52
persistence,1,2025-05-05 18:32:00,130.24,129.36
persistence,1,2025-05-05 20:11:00,133.76,130.24
persistence,1,2025-05-05 21:50:00,135.52,133.76
persistence,1,2025-05-05 23:28:00,140.8,135.52
persistence,1,2025-05-06 01:07:00,153.12,140.8
persistence,1,2025-05-06 02:46:00,163.68,153.12
persistence,1,2025-05-06 04:25:00,161.92,163.68
persistence,1,2025-05-06 06:04:00,136.4,161.92
persistence,1,2025-05-06 07:43:00,79.2,136.4
persistence,1,2025-05-06 09:22:00,78.32,79.2
seasonal_naive_15,1,2025-05-01 23:51:00,183.92,172.48
seasonal_naive_15,1,2025-05-02 01:30:00,192.72,177.76
seasonal_naive_15,1,2025-05-02 03:09:00,192.72,178.64
seasonal_naive_15,1,2025-05-02 04:48:00,192.72,178.64
seasonal_naive_15,1,2025-05-02 06:27:00,59.84,168.08
seasonal_naive_15,1,2025-05-02 08:06:00,58.96,166.32
seasonal_naive_15,1,2025-05-02 09:45:00,79.2,164.56
seasonal_naive_15,1,2025-05-02 11:24:00,102.08,93.28
seasonal_naive_15,1,2025-05-02 13:03:00,102.96,100.32
seasonal_naive_15,1,2025-05-02 14:41:00,113.52,119.68
seasonal_naive_15,1,2025-05-02 16:20:00,151.36,129.36
seasonal_naive_15,1,2025-05-02 17:59:00,151.36,152.24
seasonal_naive_15,1,2025-05-02 19:38:00,161.04,153.12
seasonal_naive_15,1,2025-05-02 21:17:00,161.92,154.0
seasonal_naive_15,1,2025-05-02 22:56:00,190.08,154.88
seasonal_naive_15,1,2025-05-03 00:35:00,196.24,183.92
seasonal_naive_15,1,2025-05-03 02:14:00,196.24,192.72
seasonal_naive_15,1,2025-05-03 03:53:00,195.36,192.72
seasonal_naive_15,1,2025-05-03 05:32:00,189.2,192.72
seasonal_naive_15,1,2025-05-03 07:11:00,188.32,59.84
seasonal_naive_15,1,2025-05-03 08:50:00,55.44,58.96
seasonal_naive_15,1,2025-05-03 10:28:00,58.08,79.2
seasonal_naive_15,1,2025-05-03 12:07:00,91.52,102.08
seasonal_naive_15,1,2025-05-03 13:46:00,100.32,102.96
seasonal_naive_15,1,2025-05-03 15:25:00,118.8,113.52
seasonal_naive_15,1,2025-05-03 17:04:00,135.52,151.36
seasonal_naive_15,1,2025-05-03 18:43:00,147.84,151.36
seasonal_naive_15,1,2025-05-03 20:22:00,150.48,161.04
seasonal_naive_15,1,2025-05-03 22:01:00,152.24,161.92
seasonal_naive_15,1,2025-05-03 23:40:00,169.84,190.08
seasonal_naive_15,1,2025-05-04 01:19:00,190.96,196.24
seasonal_naive_15,1,2025-05-04 02:58:00,192.72,196.24
seasonal_naive_15,1,2025-05-04 04:37:00,190.96,195.36
seasonal_naive_15,1,2025-05-04 06:16:00,178.64,189.2
seasonal_naive_15,1,2025-05-04 07:54:00,54.56,188.32
seasonal_naive_15,1,2025-05-04 09:33:00,58.08,55.44
seasonal_naive_15,1,2025-05-04 11:12:00,92.4,58.08
seasonal_naive_15,1,2025-05-04 12:51:00,93.28,91.52
seasonal_naive_15,1,2025-05-04 14:30:00,95.04,100.32
seasonal_naive_15,1,2025-05-04 16:09:00,119.68,118.8
seasonal_naive_15,1,2025-05-04 17:48:00,135.52,135.52
seasonal_naive_15,1,2025-05-04 19:27:00,137.28,147.84
seasonal_naive_15,1,2025-05-04 21:06:00,144.32,150.48
seasonal_naive_15,1,2025-05-04 22:45:00,146.08,152.24
seasonal_naive_15,1,2025-05-05 00:24:00,187.44,169.84
seasonal_naive_15,1,2025-05-05 02:03:00,190.08,190.96
seasonal_naive_15,1,2025-05-05 03:41:00,190.08,192.72
seasonal_naive_15,1,2025-05-05 05:20:00,187.44,190.96
seasonal_naive_15,1,2025-05-05 06:59:00,143.44,178.64
seasonal_naive_15,1,2025-05-05 08:38:00,98.56,54.56
seasonal_naive_15,1,2025-05-05 10:17:00,67.76,58.08
seasonal_naive_15,1,2025-05-05 11:56:00,56.32,92.4
seasonal_naive_15,1,2025-05-05 13:35:00,90.64,93.28
seasonal_naive_15,1,2025-05-05 15:14:00,91.52,95.04
seasonal_naive_15,1,2025-05-05 16:53:00,129.36,119.68
seasonal_naive_15,1,2025-05-05 18:32:00,130.24,135.52
seasonal_naive_15,1,2025-05-05 20:11:00,133.76,137.28
seasonal_naive_15,1,2025-05-05 21:50:00,135.52,144.32
seasonal_naive_15,1,2025-05-05 23:28:00,140.8,146.08
seasonal_naive_15,1,2025-05-06 01:07:00,153.12,187.44
seasonal_naive_15,1,2025-05-06 02:46:00,163.68,190.08
seasonal_naive_15,1,2025-05-06 04:25:00,161.92,190.08
seasonal_naive_15,1,2025-05-06 06:04:00,136.4,187.44
seasonal_naive_15,1,2025-05-06 07:43:00,79.2,143.44
seasonal_naive_15,1,2025-05-06 09:22:00,78.32,98.56
drift,1,2025-05-01 23:51:00,183.92,154.8246004842615
drift,1,2025-05-02 01:30:00,192.72,154.769200968523
drift,1,2025-05-02 03:09:00,192.72,154.7138014527845
drift,1,2025-05-02 04:48:00,192.72,154.658401937046
drift,1,2025-05-02 06:27:00,59.84,154.6030024213075
drift,1,2025-05-02 08:06:00,58.96,154.547602905569
drift,1,2025-05-02 09:45:00,79.2,154.4922033898305
drift,1,2025-05-02 11:24:00,102.08,154.436803874092
drift,1,2025-05-02 13:03:00,102.96,154.3814043583535
drift,1,2025-05-02 14:41:00,113.52,154.32600484261502
drift,1,2025-05-02 16:20:00,151.36,154.2706053268765
drift,1,2025-05-02 17:59:00,151.36,154.21520581113802
drift,1,2025-05-02 19:38:00,161.04,154.1598062953995
drift,1,2025-05-02 21:17:00,161.92,154.10440677966102
drift,1,2025-05-02 22:56:00,190.08,154.0490072639225
drift,1,2025-05-03 00:35:00,196.24,153.99360774818402
drift,1,2025-05-03 02:14:00,196.24,153.9382082324455
drift,1,2025-05-03 03:53:00,195.36,153.88280871670702
drift,1,2025-05-03 05:32:00,189.2,153.82740920096853
drift,1,2025-05-03 07:11:00,188.32,153.77200968523002
drift,1,2025-05-03 08:50:00,55.44,153.71661016949153
drift,1,2025-05-03 10:28:00,58.08,153.66121065375302
drift,1,2025-05-03 12:07:00,91.52,153.60581113801453
drift,1,2025-05-03 13:46:00,100.32,153.55041162227602
drift,1,2025-05-03 15:25:00,118.8,153.49501210653753
drift,1,2025-05-03 17:04:00,135.52,153.43961259079902
drift,1,2025-05-03 18:43:00,147.84,153.38421307506053
drift,1,2025-05-03 20:22:00,150.48,153.32881355932204
drift,1,2025-05-03 22:01:00,152.24,153.27341404358353
drift,1,2025-05-03 23:40:00,169.84,153.21801452784504
drift,1,2025-05-04 01:19:00,190.96,153.16261501210653
drift,1,2025-05-04 02:58:00,192.72,153.10721549636804
drift,1,2025-05-04 04:37:00,190.96,153.05181598062953
drift,1,2025-05-04 06:16:00,178.64,152.99641646489104
drift,1,2025-05-04 07:54:00,54.56,152.94101694915253
drift,1,2025-05-04 09:33:00,58.08,152.88561743341404
drift,1,2025-05-04 11:12:00,92.4,152.83021791767555
drift,1,2025-05-04 12:51:00,93.28,152.77481840193704
drift,1,2025-05-04 14:30:00,95.04,152.71941888619855
drift,1,2025-05-04 16:09:00,119.68,152.66401937046004
drift,1,2025-05-04 17:48:00,135.52,152.60861985472155
drift,1,2025-05-04 19:27:00,137.28,152.55322033898304
drift,1,2025-05-04 21:06:00,144.32,152.49782082324455
drift,1,2025-05-04 22:45:00,146.08,152.44242130750604
drift,1,2025-05-05 00:24:00,187.44,152.38702179176755
drift,1,2025-05-05 02:03:00,190.08,152.33162227602907
drift,1,2025-05-05 03:41:00,190.08,152.27622276029055
drift,1,2025-05-05 05:20:00,187.44,152.22082324455207
drift,1,2025-05-05 06:59:00,143.44,152.16542372881355
drift,1,2025-05-05 08:38:00,98.56,152.11002421307506
drift,1,2025-05-05 10:17:00,67.76,152.05462469733655
drift,1,2025-05-05 11:56:00,56.32,151.99922518159806
drift,1,2025-05-05 13:35:00,90.64,151.94382566585955
drift,1,2025-05-05 15:14:00,91.52,151.88842615012106
drift,1,2025-05-05 16:53:00,129.36,151.83302663438258
drift,1,2025-05-05 18:32:00,130.24,151.77762711864406
drift,1,2025-05-05 20:11:00,133.76,151.72222760290558
drift,1,2025-05-05 21:50:00,135.52,151.66682808716706
drift,1,2025-05-05 23:28:00,140.8,151.61142857142858
drift,1,2025-05-06 01:07:00,153.12,151.55602905569006
drift,1,2025-05-06 02:46:00,163.68,151.50062953995157
drift,1,2025-05-06 04:25:00,161.92,151.44523002421306
drift,1,2025-05-06 06:04:00,136.4,151.38983050847457
drift,1,2025-05-06 07:43:00,79.2,151.33443099273606
drift,1,2025-05-06 09:22:00,78.32,151.27903147699757
rolling_mean_15,1,2025-05-01 23:51:00,183.92,150.89066666666668
rolling_mean_15,1,2025-05-02 01:30:00,192.72,151.65333333333334
rolling_mean_15,1,2025-05-02 03:09:00,192.72,152.6506666666667
rolling_mean_15,1,2025-05-02 04:48:00,192.72,153.58933333333331
rolling_mean_15,1,2025-05-02 06:27:00,59.84,154.528
rolling_mean_15,1,2025-05-02 08:06:00,58.96,147.312
rolling_mean_15,1,2025-05-02 09:45:00,79.2,140.15466666666669
rolling_mean_15,1,2025-05-02 11:24:00,102.08,134.46400000000003
rolling_mean_15,1,2025-05-02 13:03:00,102.96,135.05066666666667
rolling_mean_15,1,2025-05-02 14:41:00,113.52,135.22666666666666
rolling_mean_15,1,2025-05-02 16:20:00,151.36,134.816
rolling_mean_15,1,2025-05-02 17:59:00,151.36,136.28266666666664
rolling_mean_15,1,2025-05-02 19:38:00,161.04,136.22400000000002
rolling_mean_15,1,2025-05-02 21:17:00,161.92,136.752
rolling_mean_15,1,2025-05-02 22:56:00,190.08,137.28000000000003
rolling_mean_15,1,2025-05-03 00:35:00,196.24,139.62666666666667
rolling_mean_15,1,2025-05-03 02:14:00,196.24,140.448
rolling_mean_15,1,2025-05-03 03:53:00,195.36,140.68266666666668
rolling_mean_15,1,2025-05-03 05:32:00,189.2,140.85866666666666
rolling_mean_15,1,2025-05-03 07:11:00,188.32,140.62399999999997
rolling_mean_15,1,2025-05-03 08:50:00,55.44,149.18933333333334
rolling_mean_15,1,2025-05-03 10:28:00,58.08,148.95466666666667
rolling_mean_15,1,2025-05-03 12:07:00,91.52,147.54666666666665
rolling_mean_15,1,2025-05-03 13:46:00,100.32,146.84266666666664
rolling_mean_15,1,2025-05-03 15:25:00,118.8,146.66666666666666
rolling_mean_15,1,2025-05-03 17:04:00,135.52,147.0186666666667
rolling_mean_15,1,2025-05-03 18:43:00,147.84,145.96266666666668
rolling_mean_15,1,2025-05-03 20:22:00,150.48,145.728
rolling_mean_15,1,2025-05-03 22:01:00,152.24,145.02399999999997
rolling_mean_15,1,2025-05-03 23:40:00,169.84,144.37866666666665
rolling_mean_15,1,2025-05-04 01:19:00,190.96,143.02933333333334
rolling_mean_15,1,2025-05-04 02:58:00,192.72,142.67733333333334
rolling_mean_15,1,2025-05-04 04:37:00,190.96,142.44266666666667
rolling_mean_15,1,2025-05-04 06:16:00,178.64,142.14933333333332
rolling_mean_15,1,2025-05-04 07:54:00,54.56,141.4453333333333
rolling_mean_15,1,2025-05-04 09:33:00,58.08,132.528
rolling_mean_15,1,2025-05-04 11:12:00,92.4,132.704
rolling_mean_15,1,2025-05-04 12:51:00,93.28,134.99200000000002
rolling_mean_15,1,2025-05-04 14:30:00,95.04,135.10933333333335
rolling_mean_15,1,2025-05-04 16:09:00,119.68,134.75733333333332
rolling_mean_15,1,2025-05-04 17:48:00,135.52,134.81599999999997
rolling_mean_15,1,2025-05-04 19:27:00,137.28,134.816
rolling_mean_15,1,2025-05-04 21:06:00,144.32,134.112
rolling_mean_15,1,2025-05-04 22:45:00,146.08,133.70133333333334
rolling_mean_15,1,2025-05-05 00:24:00,187.44,133.29066666666665
rolling_mean_15,1,2025-05-05 02:03:00,190.08,134.464
rolling_mean_15,1,2025-05-05 03:41:00,190.08,134.40533333333332
rolling_mean_15,1,2025-05-05 05:20:00,187.44,134.22933333333333
rolling_mean_15,1,2025-05-05 06:59:00,143.44,133.99466666666666
rolling_mean_15,1,2025-05-05 08:38:00,98.56,131.648
rolling_mean_15,1,2025-05-05 10:17:00,67.76,134.58133333333333
rolling_mean_15,1,2025-05-05 11:56:00,56.32,135.22666666666666
rolling_mean_15,1,2025-05-05 13:35:00,90.64,132.8213333333333
rolling_mean_15,1,2025-05-05 15:14:00,91.52,132.64533333333333
rolling_mean_15,1,2025-05-05 16:53:00,129.36,132.41066666666669
rolling_mean_15,1,2025-05-05 18:32:00,130.24,133.056
rolling_mean_15,1,2025-05-05 20:11:00,133.76,132.70399999999998
rolling_mean_15,1,2025-05-05 21:50:00,135.52,132.46933333333334
rolling_mean_15,1,2025-05-05 23:28:00,140.8,131.8826666666667
rolling_mean_15,1,2025-05-06 01:07:00,153.12,131.53066666666666
rolling_mean_15,1,2025-05-06 02:46:00,163.68,129.24266666666665
rolling_mean_15,1,2025-05-06 04:25:00,161.92,127.48266666666667
rolling_mean_15,1,2025-05-06 06:04:00,136.4,125.60533333333335
rolling_mean_15,1,2025-05-06 07:43:00,79.2,122.20266666666667
rolling_mean_15,1,2025-05-06 09:22:00,78.32,117.92000000000002
train_mean,1,2025-05-01 23:51:00,183.92,152.01043478260868
train_mean,1,2025-05-02 01:30:00,192.72,152.01043478260868
train_mean,1,2025-05-02 03:09:00,192.72,152.01043478260868
train_mean,1,2025-05-02 04:48:00,192.72,152.01043478260868
train_mean,1,2025-05-02 06:27:00,59.84,152.01043478260868
train_mean,1,2025-05-02 08:06:00,58.96,152.01043478260868
train_mean,1,2025-05-02 09:45:00,79.2,152.01043478260868
train_mean,1,2025-05-02 11:24:00,102.08,152.01043478260868
train_mean,1,2025-05-02 13:03:00,102.96,152.01043478260868
train_mean,1,2025-05-02 14:41:00,113.52,152.01043478260868
train_mean,1,2025-05-02 16:20:00,151.36,152.01043478260868
train_mean,1,2025-05-02 17:59:00,151.36,152.01043478260868
train_mean,1,2025-05-02 19:38:00,161.04,152.01043478260868
train_mean,1,2025-05-02 21:17:00,161.92,152.01043478260868
train_mean,1,2025-05-02 22:56:00,190.08,152.01043478260868
train_mean,1,2025-05-03 00:35:00,196.24,152.01043478260868
train_mean,1,2025-05-03 02:14:00,196.24,152.01043478260868
train_mean,1,2025-05-03 03:53:00,195.36,152.01043478260868
train_mean,1,2025-05-03 05:32:00,189.2,152.01043478260868
train_mean,1,2025-05-03 07:11:00,188.32,152.01043478260868
train_mean,1,2025-05-03 08:50:00,55.44,152.01043478260868
train_mean,1,2025-05-03 10:28:00,58.08,152.01043478260868
train_mean,1,2025-05-03 12:07:00,91.52,152.01043478260868
train_mean,1,2025-05-03 13:46:00,100.32,152.01043478260868
train_mean,1,2025-05-03 15:25:00,118.8,152.01043478260868
train_mean,1,2025-05-03 17:04:00,135.52,152.01043478260868
train_mean,1,2025-05-03 18:43:00,147.84,152.01043478260868
train_mean,1,2025-05-03 20:22:00,150.48,152.01043478260868
train_mean,1,2025-05-03 22:01:00,152.24,152.01043478260868
train_mean,1,2025-05-03 23:40:00,169.84,152.01043478260868
train_mean,1,2025-05-04 01:19:00,190.96,152.01043478260868
train_mean,1,2025-05-04 02:58:00,192.72,152.01043478260868
train_mean,1,2025-05-04 04:37:00,190.96,152.01043478260868
train_mean,1,2025-05-04 06:16:00,178.64,152.01043478260868
train_mean,1,2025-05-04 07:54:00,54.56,152.01043478260868
train_mean,1,2025-05-04 09:33:00,58.08,152.01043478260868
train_mean,1,2025-05-04 11:12:00,92.4,152.01043478260868
train_mean,1,2025-05-04 12:51:00,93.28,152.01043478260868
train_mean,1,2025-05-04 14:30:00,95.04,152.01043478260868
train_mean,1,2025-05-04 16:09:00,119.68,152.01043478260868
train_mean,1,2025-05-04 17:48:00,135.52,152.01043478260868
train_mean,1,2025-05-04 19:27:00,137.28,152.01043478260868
train_mean,1,2025-05-04 21:06:00,144.32,152.01043478260868
train_mean,1,2025-05-04 22:45:00,146.08,152.01043478260868
train_mean,1,2025-05-05 00:24:00,187.44,152.01043478260868
train_mean,1,2025-05-05 02:03:00,190.08,152.01043478260868
train_mean,1,2025-05-05 03:41:00,190.08,152.01043478260868
train_mean,1,2025-05-05 05:20:00,187.44,152.01043478260868
train_mean,1,2025-05-05 06:59:00,143.44,152.01043478260868
train_mean,1,2025-05-05 08:38:00,98.56,152.01043478260868
train_mean,1,2025-05-05 10:17:00,67.76,152.01043478260868
train_mean,1,2025-05-05 11:56:00,56.32,152.01043478260868
train_mean,1,2025-05-05 13:35:00,90.64,152.01043478260868
train_mean,1,2025-05-05 15:14:00,91.52,152.01043478260868
train_mean,1,2025-05-05 16:53:00,129.36,152.01043478260868
train_mean,1,2025-05-05 18:32:00,130.24,152.01043478260868
train_mean,1,2025-05-05 20:11:00,133.76,152.01043478260868
train_mean,1,2025-05-05 21:50:00,135.52,152.01043478260868
train_mean,1,2025-05-05 23:28:00,140.8,152.01043478260868
train_mean,1,2025-05-06 01:07:00,153.12,152.01043478260868
train_mean,1,2025-05-06 02:46:00,163.68,152.01043478260868
train_mean,1,2025-05-06 04:25:00,161.92,152.01043478260868
train_mean,1,2025-05-06 06:04:00,136.4,152.01043478260868
train_mean,1,2025-05-06 07:43:00,79.2,152.01043478260868
train_mean,1,2025-05-06 09:22:00,78.32,152.01043478260868
seasonal_naive_24,1,2025-05-01 23:51:00,183.92,160.16
seasonal_naive_24,1,2025-05-02 01:30:00,192.72,101.2
seasonal_naive_24,1,2025-05-02 03:09:00,192.72,101.2
seasonal_naive_24,1,2025-05-02 04:48:00,192.72,112.64
seasonal_naive_24,1,2025-05-02 06:27:00,59.84,130.24
seasonal_naive_24,1,2025-05-02 08:06:00,58.96,146.96
seasonal_naive_24,1,2025-05-02 09:45:00,79.2,148.72
seasonal_naive_24,1,2025-05-02 11:24:00,102.08,150.48
seasonal_naive_24,1,2025-05-02 13:03:00,102.96,163.68
seasonal_naive_24,1,2025-05-02 14:41:00,113.52,172.48
seasonal_naive_24,1,2025-05-02 16:20:00,151.36,177.76
seasonal_naive_24,1,2025-05-02 17:59:00,151.36,178.64
seasonal_naive_24,1,2025-05-02 19:38:00,161.04,178.64
seasonal_naive_24,1,2025-05-02 21:17:00,161.92,168.08
seasonal_naive_24,1,2025-05-02 22:56:00,190.08,166.32
seasonal_naive_24,1,2025-05-03 00:35:00,196.24,164.56
seasonal_naive_24,1,2025-05-03 02:14:00,196.24,93.28
seasonal_naive_24,1,2025-05-03 03:53:00,195.36,100.32
seasonal_naive_24,1,2025-05-03 05:32:00,189.2,119.68
seasonal_naive_24,1,2025-05-03 07:11:00,188.32,129.36
seasonal_naive_24,1,2025-05-03 08:50:00,55.44,152.24
seasonal_naive_24,1,2025-05-03 10:28:00,58.08,153.12
seasonal_naive_24,1,2025-05-03 12:07:00,91.52,154.0
seasonal_naive_24,1,2025-05-03 13:46:00,100.32,154.88
seasonal_naive_24,1,2025-05-03 15:25:00,118.8,183.92
seasonal_naive_24,1,2025-05-03 17:04:00,135.52,192.72
seasonal_naive_24,1,2025-05-03 18:43:00,147.84,192.72
seasonal_naive_24,1,2025-05-03 20:22:00,150.48,192.72
seasonal_naive_24,1,2025-05-03 22:01:00,152.24,59.84
seasonal_naive_24,1,2025-05-03 23:40:00,169.84,58.96
seasonal_naive_24,1,2025-05-04 01:19:00,190.96,79.2
seasonal_naive_24,1,2025-05-04 02:58:00,192.72,102.08
seasonal_naive_24,1,2025-05-04 04:37:00,190.96,102.96
seasonal_naive_24,1,2025-05-04 06:16:00,178.64,113.52
seasonal_naive_24,1,2025-05-04 07:54:00,54.56,151.36
seasonal_naive_24,1,2025-05-04 09:33:00,58.08,151.36
seasonal_naive_24,1,2025-05-04 11:12:00,92.4,161.04
seasonal_naive_24,1,2025-05-04 12:51:00,93.28,161.92
seasonal_naive_24,1,2025-05-04 14:30:00,95.04,190.08
seasonal_naive_24,1,2025-05-04 16:09:00,119.68,196.24
seasonal_naive_24,1,2025-05-04 17:48:00,135.52,196.24
seasonal_naive_24,1,2025-05-04 19:27:00,137.28,195.36
seasonal_naive_24,1,2025-05-04 21:06:00,144.32,189.2
seasonal_naive_24,1,2025-05-04 22:45:00,146.08,188.32
seasonal_naive_24,1,2025-05-05 00:24:00,187.44,55.44
seasonal_naive_24,1,2025-05-05 02:03:00,190.08,58.08
seasonal_naive_24,1,2025-05-05 03:41:00,190.08,91.52
seasonal_naive_24,1,2025-05-05 05:20:00,187.44,100.32
seasonal_naive_24,1,2025-05-05 06:59:00,143.44,118.8
seasonal_naive_24,1,2025-05-05 08:38:00,98.56,135.52
seasonal_naive_24,1,2025-05-05 10:17:00,67.76,147.84
seasonal_naive_24,1,2025-05-05 11:56:00,56.32,150.48
seasonal_naive_24,1,2025-05-05 13:35:00,90.64,152.24
seasonal_naive_24,1,2025-05-05 15:14:00,91.52,169.84
seasonal_naive_24,1,2025-05-05 16:53:00,129.36,190.96
seasonal_naive_24,1,2025-05-05 18:32:00,130.24,192.72
seasonal_naive_24,1,2025-05-05 20:11:00,133.76,190.96
seasonal_naive_24,1,2025-05-05 21:50:00,135.52,178.64
seasonal_naive_24,1,2025-05-05 23:28:00,140.8,54.56
seasonal_naive_24,1,2025-05-06 01:07:00,153.12,58.08
seasonal_naive_24,1,2025-05-06 02:46:00,163.68,92.4
seasonal_naive_24,1,2025-05-06 04:25:00,161.92,93.28
seasonal_naive_24,1,2025-05-06 06:04:00,136.4,95.04
seasonal_naive_24,1,2025-05-06 07:43:00,79.2,119.68
seasonal_naive_24,1,2025-05-06 09:22:00,78.32,135.52
ridge,1,2025-05-01 23:51:00,183.92,164.5711642326751
ridge,1,2025-05-02 01:30:00,192.72,183.01996743795172
ridge,1,2025-05-02 03:09:00,192.72,179.7901919113978
ridge,1,2025-05-02 04:48:00,192.72,158.89131730495015
ridge,1,2025-05-02 06:27:00,59.84,139.04253771996304
ridge,1,2025-05-02 08:06:00,58.96,85.36317046339487
ridge,1,2025-05-02 09:45:00,79.2,90.06353163719899
ridge,1,2025-05-02 11:24:00,102.08,102.90861613273094
ridge,1,2025-05-02 13:03:00,102.96,124.83395015911158
ridge,1,2025-05-02 14:41:00,113.52,127.62267434360376
ridge,1,2025-05-02 16:20:00,151.36,131.72020517050913
ridge,1,2025-05-02 17:59:00,151.36,161.9703182541132
ridge,1,2025-05-02 19:38:00,161.04,169.7665124885964
ridge,1,2025-05-02 21:17:00,161.92,173.39363703147643
ridge,1,2025-05-02 22:56:00,190.08,175.44931951206627
ridge,1,2025-05-03 00:35:00,196.24,187.74272505735476
ridge,1,2025-05-03 02:14:00,196.24,189.21963557294174
ridge,1,2025-05-03 03:53:00,195.36,171.9218089738497
ridge,1,2025-05-03 05:32:00,189.2,152.12462529794988
ridge,1,2025-05-03 07:11:00,188.32,109.30315745389278
ridge,1,2025-05-03 08:50:00,55.44,110.63836829056748
ridge,1,2025-05-03 10:28:00,58.08,77.30662522143759
ridge,1,2025-05-03 12:07:00,91.52,89.93919639008098
ridge,1,2025-05-03 13:46:00,100.32,114.18305908809089
ridge,1,2025-05-03 15:25:00,118.8,121.36221009161855
ridge,1,2025-05-03 17:04:00,135.52,136.70772263199825
ridge,1,2025-05-03 18:43:00,147.84,151.83649793090157
ridge,1,2025-05-03 20:22:00,150.48,164.75609231588993
ridge,1,2025-05-03 22:01:00,152.24,167.05741343811553
ridge,1,2025-05-03 23:40:00,169.84,172.31141438761478
ridge,1,2025-05-04 01:19:00,190.96,182.3462501773202
ridge,1,2025-05-04 02:58:00,192.72,185.2528930858366
ridge,1,2025-05-04 04:37:00,190.96,167.9494319949808
ridge,1,2025-05-04 06:16:00,178.64,145.47360381064993
ridge,1,2025-05-04 07:54:00,54.56,134.3874013019396
ridge,1,2025-05-04 09:33:00,58.08,66.928983697583
ridge,1,2025-05-04 11:12:00,92.4,78.24463897447066
ridge,1,2025-05-04 12:51:00,93.28,113.88423024871271
ridge,1,2025-05-04 14:30:00,95.04,118.28098210872741
ridge,1,2025-05-04 16:09:00,119.68,117.78970621588547
ridge,1,2025-05-04 17:48:00,135.52,139.1080203627873
ridge,1,2025-05-04 19:27:00,137.28,158.225586404086
ridge,1,2025-05-04 21:06:00,144.32,161.73301063282088
ridge,1,2025-05-04 22:45:00,146.08,164.7700746654727
ridge,1,2025-05-05 00:24:00,187.44,168.98576664067662
ridge,1,2025-05-05 02:03:00,190.08,190.75475996969854
ridge,1,2025-05-05 03:41:00,190.08,182.2291131865945
ridge,1,2025-05-05 05:20:00,187.44,157.3250214581949
ridge,1,2025-05-05 06:59:00,143.44,139.8848765857903
ridge,1,2025-05-05 08:38:00,98.56,96.93106960758922
ridge,1,2025-05-05 10:17:00,67.76,89.42098137590011
ridge,1,2025-05-05 11:56:00,56.32,96.25451008954728
ridge,1,2025-05-05 13:35:00,90.64,97.52919803391269
ridge,1,2025-05-05 15:14:00,91.52,114.47503074991744
ridge,1,2025-05-05 16:53:00,129.36,125.03806705936442
ridge,1,2025-05-05 18:32:00,130.24,149.78831249658822
ridge,1,2025-05-05 20:11:00,133.76,159.0947229876645
ridge,1,2025-05-05 21:50:00,135.52,159.61552939592022
ridge,1,2025-05-05 23:28:00,140.8,161.2526851687994
ridge,1,2025-05-06 01:07:00,153.12,170.6271461960185
ridge,1,2025-05-06 02:46:00,163.68,169.0598548262303
ridge,1,2025-05-06 04:25:00,161.92,157.5189290632983
ridge,1,2025-05-06 06:04:00,136.4,136.0251152435121
ridge,1,2025-05-06 07:43:00,79.2,105.86377341144139
ridge,1,2025-05-06 09:22:00,78.32,80.31349620713843
random_forest,1,2025-05-01 23:51:00,183.92,168.6709292307692
random_forest,1,2025-05-02 01:30:00,192.72,185.44165129111735
random_forest,1,2025-05-02 03:09:00,192.72,185.29742718957021
random_forest,1,2025-05-02 04:48:00,192.72,172.28208532781258
random_forest,1,2025-05-02 06:27:00,59.84,144.45947632403286
random_forest,1,2025-05-02 08:06:00,58.96,119.24671407407412
random_forest,1,2025-05-02 09:45:00,79.2,118.93409333322236
random_forest,1,2025-05-02 11:24:00,102.08,103.19952147633403
random_forest,1,2025-05-02 13:03:00,102.96,112.59530853982605
random_forest,1,2025-05-02 14:41:00,113.52,124.00394772486771
random_forest,1,2025-05-02 16:20:00,151.36,138.60519891963216
random_forest,1,2025-05-02 17:59:00,151.36,151.30934973463576
random_forest,1,2025-05-02 19:38:00,161.04,158.2462267538128
random_forest,1,2025-05-02 21:17:00,161.92,170.6915996825396
random_forest,1,2025-05-02 22:56:00,190.08,174.94410888877766
random_forest,1,2025-05-03 00:35:00,196.24,189.0000147890237
random_forest,1,2025-05-03 02:14:00,196.24,194.4712832275134
random_forest,1,2025-05-03 03:53:00,195.36,183.10540698407956
random_forest,1,2025-05-03 05:32:00,189.2,162.895006597606
random_forest,1,2025-05-03 07:11:00,188.32,135.9103472222223
random_forest,1,2025-05-03 08:50:00,55.44,110.57518563492063
random_forest,1,2025-05-03 10:28:00,58.08,76.34301144316741
random_forest,1,2025-05-03 12:07:00,91.52,101.68723562881571
random_forest,1,2025-05-03 13:46:00,100.32,109.50796825396812
random_forest,1,2025-05-03 15:25:00,118.8,115.99529333333335
random_forest,1,2025-05-03 17:04:00,135.52,138.90465693121706
random_forest,1,2025-05-03 18:43:00,147.84,148.78651941391948
random_forest,1,2025-05-03 20:22:00,150.48,154.99506095238112
random_forest,1,2025-05-03 22:01:00,152.24,164.47048068376054
random_forest,1,2025-05-03 23:40:00,169.84,176.60824045584033
random_forest,1,2025-05-04 01:19:00,190.96,188.35854811567143
random_forest,1,2025-05-04 02:58:00,192.72,190.04724532117118
random_forest,1,2025-05-04 04:37:00,190.96,177.27348338624319
random_forest,1,2025-05-04 06:16:00,178.64,162.6832618356377
random_forest,1,2025-05-04 07:54:00,54.56,161.61598444458332
random_forest,1,2025-05-04 09:33:00,58.08,81.72013987621577
random_forest,1,2025-05-04 11:12:00,92.4,97.62790748127459
random_forest,1,2025-05-04 12:51:00,93.28,108.3754361435576
random_forest,1,2025-05-04 14:30:00,95.04,108.78809333333312
random_forest,1,2025-05-04 16:09:00,119.68,113.76407777777766
random_forest,1,2025-05-04 17:48:00,135.52,136.64630518518516
random_forest,1,2025-05-04 19:27:00,137.28,148.5387115832316
random_forest,1,2025-05-04 21:06:00,144.32,153.55272999593
random_forest,1,2025-05-04 22:45:00,146.08,156.16097989417997
random_forest,1,2025-05-05 00:24:00,187.44,165.2365244444446
random_forest,1,2025-05-05 02:03:00,190.08,189.320698934533
random_forest,1,2025-05-05 03:41:00,190.08,186.14966775498587
random_forest,1,2025-05-05 05:20:00,187.44,174.60360215316143
random_forest,1,2025-05-05 06:59:00,143.44,155.5898684120953
random_forest,1,2025-05-05 08:38:00,98.56,92.30973060953474
random_forest,1,2025-05-05 10:17:00,67.76,90.55530211617972
random_forest,1,2025-05-05 11:56:00,56.32,100.91263044699268
random_forest,1,2025-05-05 13:35:00,90.64,110.25818222222208
random_forest,1,2025-05-05 15:14:00,91.52,108.92147037037024
random_forest,1,2025-05-05 16:53:00,129.36,110.67454444444438
random_forest,1,2025-05-05 18:32:00,130.24,138.37793333333346
random_forest,1,2025-05-05 20:11:00,133.76,144.67359936507953
random_forest,1,2025-05-05 21:50:00,135.52,152.52954850630854
random_forest,1,2025-05-05 23:28:00,140.8,148.05381004477013
random_forest,1,2025-05-06 01:07:00,153.12,173.73237037037038
random_forest,1,2025-05-06 02:46:00,163.68,170.86318391539953
random_forest,1,2025-05-06 04:25:00,161.92,166.8183244445556
random_forest,1,2025-05-06 06:04:00,136.4,151.2764000000002
random_forest,1,2025-05-06 07:43:00,79.2,114.3116057671959
random_forest,1,2025-05-06 09:22:00,78.32,88.71412653409901
xgboost,1,2025-05-01 23:51:00,183.92,170.194091796875
xgboost,1,2025-05-02 01:30:00,192.72,184.46876525878906
xgboost,1,2025-05-02 03:09:00,192.72,185.94725036621094
xgboost,1,2025-05-02 04:48:00,192.72,174.87359619140625
xgboost,1,2025-05-02 06:27:00,59.84,138.23989868164062
xgboost,1,2025-05-02 08:06:00,58.96,105.24100494384766
xgboost,1,2025-05-02 09:45:00,79.2,106.81421661376953
xgboost,1,2025-05-02 11:24:00,102.08,103.29718017578125
xgboost,1,2025-05-02 13:03:00,102.96,107.32967376708984
xgboost,1,2025-05-02 14:41:00,113.52,136.84144592285156
xgboost,1,2025-05-02 16:20:00,151.36,156.3672637939453
xgboost,1,2025-05-02 17:59:00,151.36,156.64715576171875
xgboost,1,2025-05-02 19:38:00,161.04,162.56129455566406
xgboost,1,2025-05-02 21:17:00,161.92,173.97439575195312
xgboost,1,2025-05-02 22:56:00,190.08,181.5838165283203
xgboost,1,2025-05-03 00:35:00,196.24,192.7710418701172
xgboost,1,2025-05-03 02:14:00,196.24,189.69065856933594
xgboost,1,2025-05-03 03:53:00,195.36,181.8789825439453
xgboost,1,2025-05-03 05:32:00,189.2,156.99053955078125
xgboost,1,2025-05-03 07:11:00,188.32,123.61736297607422
xgboost,1,2025-05-03 08:50:00,55.44,104.04312896728516
xgboost,1,2025-05-03 10:28:00,58.08,68.08488464355469
xgboost,1,2025-05-03 12:07:00,91.52,100.45860290527344
xgboost,1,2025-05-03 13:46:00,100.32,107.19207000732422
xgboost,1,2025-05-03 15:25:00,118.8,109.46208190917969
xgboost,1,2025-05-03 17:04:00,135.52,138.0621795654297
xgboost,1,2025-05-03 18:43:00,147.84,151.18943786621094
xgboost,1,2025-05-03 20:22:00,150.48,155.35345458984375
xgboost,1,2025-05-03 22:01:00,152.24,166.24774169921875
xgboost,1,2025-05-03 23:40:00,169.84,175.40960693359375
xgboost,1,2025-05-04 01:19:00,190.96,180.35903930664062
xgboost,1,2025-05-04 02:58:00,192.72,187.193603515625
xgboost,1,2025-05-04 04:37:00,190.96,149.27520751953125
xgboost,1,2025-05-04 06:16:00,178.64,157.23983764648438
xgboost,1,2025-05-04 07:54:00,54.56,148.52601623535156
xgboost,1,2025-05-04 09:33:00,58.08,75.53390502929688
xgboost,1,2025-05-04 11:12:00,92.4,95.96630096435547
xgboost,1,2025-05-04 12:51:00,93.28,103.75882720947266
xgboost,1,2025-05-04 14:30:00,95.04,104.10108947753906
xgboost,1,2025-05-04 16:09:00,119.68,114.11463165283203
xgboost,1,2025-05-04 17:48:00,135.52,139.39561462402344
xgboost,1,2025-05-04 19:27:00,137.28,150.56808471679688
xgboost,1,2025-05-04 21:06:00,144.32,154.4664306640625
xgboost,1,2025-05-04 22:45:00,146.08,164.39573669433594
xgboost,1,2025-05-05 00:24:00,187.44,174.3443603515625
xgboost,1,2025-05-05 02:03:00,190.08,191.20034790039062
xgboost,1,2025-05-05 03:41:00,190.08,190.14712524414062
xgboost,1,2025-05-05 05:20:00,187.44,179.5014190673828
xgboost,1,2025-05-05 06:59:00,143.44,161.68557739257812
xgboost,1,2025-05-05 08:38:00,98.56,94.4137191772461
xgboost,1,2025-05-05 10:17:00,67.76,92.18473815917969
xgboost,1,2025-05-05 11:56:00,56.32,102.98843383789062
xgboost,1,2025-05-05 13:35:00,90.64,109.0513687133789
xgboost,1,2025-05-05 15:14:00,91.52,110.96710205078125
xgboost,1,2025-05-05 16:53:00,129.36,104.1476821899414
xgboost,1,2025-05-05 18:32:00,130.24,141.86903381347656
xgboost,1,2025-05-05 20:11:00,133.76,146.8991241455078
xgboost,1,2025-05-05 21:50:00,135.52,163.58380126953125
xgboost,1,2025-05-05 23:28:00,140.8,164.82366943359375
xgboost,1,2025-05-06 01:07:00,153.12,173.32994079589844
xgboost,1,2025-05-06 02:46:00,163.68,169.5279541015625
xgboost,1,2025-05-06 04:25:00,161.92,166.4879150390625
xgboost,1,2025-05-06 06:04:00,136.4,148.91151428222656
xgboost,1,2025-05-06 07:43:00,79.2,112.38993072509766
xgboost,1,2025-05-06 09:22:00,78.32,89.19603729248047
persistence,2,2025-05-06 11:01:00,79.2,78.32
persistence,2,2025-05-06 12:40:00,89.76,79.2
persistence,2,2025-05-06 14:19:00,90.64,89.76
persistence,2,2025-05-06 15:58:00,118.8,90.64
persistence,2,2025-05-06 17:37:00,130.24,118.8
persistence,2,2025-05-06 19:16:00,132.0,130.24
persistence,2,2025-05-06 20:54:00,138.16,132.0
persistence,2,2025-05-06 22:33:00,140.8,138.16
persistence,2,2025-05-07 00:12:00,161.92,140.8
persistence,2,2025-05-07 01:51:00,166.32,161.92
persistence,2,2025-05-07 03:30:00,166.32,166.32
persistence,2,2025-05-07 05:09:00,149.6,166.32
persistence,2,2025-05-07 06:48:00,137.28,149.6
persistence,2,2025-05-07 08:27:00,72.16,137.28
persistence,2,2025-05-07 10:06:00,72.16,72.16
persistence,2,2025-05-07 11:45:00,73.92,72.16
persistence,2,2025-05-07 13:24:00,89.76,73.92
persistence,2,2025-05-07 15:03:00,91.52,89.76
persistence,2,2025-05-07 16:41:00,102.08,91.52
persistence,2,2025-05-07 18:20:00,129.36,102.08
persistence,2,2025-05-07 19:59:00,130.24,129.36
persistence,2,2025-05-07 21:38:00,134.64,130.24
persistence,2,2025-05-07 23:17:00,133.76,134.64
persistence,2,2025-05-08 00:56:00,170.72,133.76
persistence,2,2025-05-08 02:35:00,174.24,170.72
persistence,2,2025-05-08 04:14:00,174.24,174.24
persistence,2,2025-05-08 05:53:00,168.96,174.24
persistence,2,2025-05-08 07:32:00,69.52,168.96
persistence,2,2025-05-08 09:11:00,63.36,69.52
persistence,2,2025-05-08 10:50:00,63.36,63.36
persistence,2,2025-05-08 12:28:00,96.8,63.36
persistence,2,2025-05-08 14:07:00,101.2,96.8
persistence,2,2025-05-08 15:46:00,118.8,101.2
persistence,2,2025-05-08 17:25:00,136.4,118.8
persistence,2,2025-05-08 19:04:00,139.04,136.4
persistence,2,2025-05-08 20:43:00,140.8,139.04
persistence,2,2025-05-08 22:22:00,142.56,140.8
persistence,2,2025-05-09 00:01:00,161.04,142.56
persistence,2,2025-05-09 01:40:00,171.6,161.04
persistence,2,2025-05-09 03:19:00,171.6,171.6
persistence,2,2025-05-09 04:58:00,170.72,171.6
persistence,2,2025-05-09 06:37:00,146.96,170.72
persistence,2,2025-05-09 08:16:00,145.2,146.96
persistence,2,2025-05-09 09:54:00,60.72,145.2
persistence,2,2025-05-09 11:33:00,60.72,60.72
persistence,2,2025-05-09 13:12:00,88.88,60.72
persistence,2,2025-05-09 14:51:00,100.32,88.88
persistence,2,2025-05-09 16:30:00,119.68,100.32
persistence,2,2025-05-09 18:09:00,142.56,119.68
persistence,2,2025-05-09 19:48:00,124.08,142.56
persistence,2,2025-05-09 21:27:00,144.32,124.08
persistence,2,2025-05-09 23:06:00,164.56,144.32
persistence,2,2025-05-10 00:45:00,165.44,164.56
persistence,2,2025-05-10 02:24:00,165.44,165.44
persistence,2,2025-05-10 04:03:00,163.68,165.44
persistence,2,2025-05-10 05:41:00,138.16,163.68
persistence,2,2025-05-10 07:20:00,137.28,138.16
persistence,2,2025-05-10 08:59:00,51.04,137.28
persistence,2,2025-05-10 10:38:00,51.04,51.04
persistence,2,2025-05-10 12:17:00,66.0,51.04
persistence,2,2025-05-10 13:56:00,88.88,66.0
persistence,2,2025-05-10 15:35:00,102.08,88.88
persistence,2,2025-05-10 17:14:00,135.52,102.08
persistence,2,2025-05-10 18:53:00,136.4,135.52
persistence,2,2025-05-10 20:32:00,137.28,136.4
seasonal_naive_15,2,2025-05-06 11:01:00,79.2,67.76
seasonal_naive_15,2,2025-05-06 12:40:00,89.76,56.32
seasonal_naive_15,2,2025-05-06 14:19:00,90.64,90.64
seasonal_naive_15,2,2025-05-06 15:58:00,118.8,91.52
seasonal_naive_15,2,2025-05-06 17:37:00,130.24,129.36
seasonal_naive_15,2,2025-05-06 19:16:00,132.0,130.24
seasonal_naive_15,2,2025-05-06 20:54:00,138.16,133.76
seasonal_naive_15,2,2025-05-06 22:33:00,140.8,135.52
seasonal_naive_15,2,2025-05-07 00:12:00,161.92,140.8
seasonal_naive_15,2,2025-05-07 01:51:00,166.32,153.12
seasonal_naive_15,2,2025-05-07 03:30:00,166.32,163.68
seasonal_naive_15,2,2025-05-07 05:09:00,149.6,161.92
seasonal_naive_15,2,2025-05-07 06:48:00,137.28,136.4
seasonal_naive_15,2,2025-05-07 08:27:00,72.16,79.2
seasonal_naive_15,2,2025-05-07 10:06:00,72.16,78.32
seasonal_naive_15,2,2025-05-07 11:45:00,73.92,79.2
seasonal_naive_15,2,2025-05-07 13:24:00,89.76,89.76
seasonal_naive_15,2,2025-05-07 15:03:00,91.52,90.64
seasonal_naive_15,2,2025-05-07 16:41:00,102.08,118.8
seasonal_naive_15,2,2025-05-07 18:20:00,129.36,130.24
seasonal_naive_15,2,2025-05-07 19:59:00,130.24,132.0
seasonal_naive_15,2,2025-05-07 21:38:00,134.64,138.16
seasonal_naive_15,2,2025-05-07 23:17:00,133.76,140.8
seasonal_naive_15,2,2025-05-08 00:56:00,170.72,161.92
seasonal_naive_15,2,2025-05-08 02:35:00,174.24,166.32
seasonal_naive_15,2,2025-05-08 04:14:00,174.24,166.32
seasonal_naive_15,2,2025-05-08 05:53:00,168.96,149.6
seasonal_naive_15,2,2025-05-08 07:32:00,69.52,137.28
seasonal_naive_15,2,2025-05-08 09:11:00,63.36,72.16
seasonal_naive_15,2,2025-05-08 10:50:00,63.36,72.16
seasonal_naive_15,2,2025-05-08 12:28:00,96.8,73.92
seasonal_naive_15,2,2025-05-08 14:07:00,101.2,89.76
seasonal_naive_15,2,2025-05-08 15:46:00,118.8,91.52
seasonal_naive_15,2,2025-05-08 17:25:00,136.4,102.08
seasonal_naive_15,2,2025-05-08 19:04:00,139.04,129.36
seasonal_naive_15,2,2025-05-08 20:43:00,140.8,130.24
seasonal_naive_15,2,2025-05-08 22:22:00,142.56,134.64
seasonal_naive_15,2,2025-05-09 00:01:00,161.04,133.76
seasonal_naive_15,2,2025-05-09 01:40:00,171.6,170.72
seasonal_naive_15,2,2025-05-09 03:19:00,171.6,174.24
seasonal_naive_15,2,2025-05-09 04:58:00,170.72,174.24
seasonal_naive_15,2,2025-05-09 06:37:00,146.96,168.96
seasonal_naive_15,2,2025-05-09 08:16:00,145.2,69.52
seasonal_naive_15,2,2025-05-09 09:54:00,60.72,63.36
seasonal_naive_15,2,2025-05-09 11:33:00,60.72,63.36
seasonal_naive_15,2,2025-05-09 13:12:00,88.88,96.8
seasonal_naive_15,2,2025-05-09 14:51:00,100.32,101.2
seasonal_naive_15,2,2025-05-09 16:30:00,119.68,118.8
seasonal_naive_15,2,2025-05-09 18:09:00,142.56,136.4
seasonal_naive_15,2,2025-05-09 19:48:00,124.08,139.04
seasonal_naive_15,2,2025-05-09 21:27:00,144.32,140.8
seasonal_naive_15,2,2025-05-09 23:06:00,164.56,142.56
seasonal_naive_15,2,2025-05-10 00:45:00,165.44,161.04
seasonal_naive_15,2,2025-05-10 02:24:00,165.44,171.6
seasonal_naive_15,2,2025-05-10 04:03:00,163.68,171.6
seasonal_naive_15,2,2025-05-10 05:41:00,138.16,170.72
seasonal_naive_15,2,2025-05-10 07:20:00,137.28,146.96
seasonal_naive_15,2,2025-05-10 08:59:00,51.04,145.2
seasonal_naive_15,2,2025-05-10 10:38:00,51.04,60.72
seasonal_naive_15,2,2025-05-10 12:17:00,66.0,60.72
seasonal_naive_15,2,2025-05-10 13:56:00,88.88,88.88
seasonal_naive_15,2,2025-05-10 15:35:00,102.08,100.32
seasonal_naive_15,2,2025-05-10 17:14:00,135.52,119.68
seasonal_naive_15,2,2025-05-10 18:53:00,136.4,142.56
seasonal_naive_15,2,2025-05-10 20:32:00,137.28,124.08
drift,2,2025-05-06 11:01:00,79.2,78.11196652719664
drift,2,2025-05-06 12:40:00,89.76,77.90393305439329
drift,2,2025-05-06 14:19:00,90.64,77.69589958158996
drift,2,2025-05-06 15:58:00,118.8,77.4878661087866
drift,2,2025-05-06 17:37:00,130.24,77.27983263598325
drift,2,2025-05-06 19:16:00,132.0,77.0717991631799
drift,2,2025-05-06 20:54:00,138.16,76.86376569037657
drift,2,2025-05-06 22:33:00,140.8,76.65573221757322
drift,2,2025-05-07 00:12:00,161.92,76.44769874476987
drift,2,2025-05-07 01:51:00,166.32,76.23966527196652
drift,2,2025-05-07 03:30:00,166.32,76.03163179916318
drift,2,2025-05-07 05:09:00,149.6,75.82359832635983
drift,2,2025-05-07 06:48:00,137.28,75.61556485355648
drift,2,2025-05-07 08:27:00,72.16,75.40753138075313
drift,2,2025-05-07 10:06:00,72.16,75.19949790794979
drift,2,2025-05-07 11:45:00,73.92,74.99146443514644
drift,2,2025-05-07 13:24:00,89.76,74.78343096234309
drift,2,2025-05-07 15:03:00,91.52,74.57539748953974
drift,2,2025-05-07 16:41:00,102.08,74.36736401673639
drift,2,2025-05-07 18:20:00,129.36,74.15933054393305
drift,2,2025-05-07 19:59:00,130.24,73.9512970711297
drift,2,2025-05-07 21:38:00,134.64,73.74326359832635
drift,2,2025-05-07 23:17:00,133.76,73.535230125523
drift,2,2025-05-08 00:56:00,170.72,73.32719665271966
drift,2,2025-05-08 02:35:00,174.24,73.11916317991631
drift,2,2025-05-08 04:14:00,174.24,72.91112970711296
drift,2,2025-05-08 05:53:00,168.96,72.70309623430961
drift,2,2025-05-08 07:32:00,69.52,72.49506276150628
drift,2,2025-05-08 09:11:00,63.36,72.28702928870293
drift,2,2025-05-08 10:50:00,63.36,72.07899581589957
drift,2,2025-05-08 12:28:00,96.8,71.87096234309622
drift,2,2025-05-08 14:07:00,101.2,71.66292887029289
drift,2,2025-05-08 15:46:00,118.8,71.45489539748954
drift,2,2025-05-08 17:25:00,136.4,71.24686192468619
drift,2,2025-05-08 19:04:00,139.04,71.03882845188284
drift,2,2025-05-08 20:43:00,140.8,70.83079497907949
drift,2,2025-05-08 22:22:00,142.56,70.62276150627615
drift,2,2025-05-09 00:01:00,161.04,70.4147280334728
drift,2,2025-05-09 01:40:00,171.6,70.20669456066945
drift,2,2025-05-09 03:19:00,171.6,69.9986610878661
drift,2,2025-05-09 04:58:00,170.72,69.79062761506276
drift,2,2025-05-09 06:37:00,146.96,69.58259414225941
drift,2,2025-05-09 08:16:00,145.2,69.37456066945606
drift,2,2025-05-09 09:54:00,60.72,69.16652719665271
drift,2,2025-05-09 11:33:00,60.72,68.95849372384936
drift,2,2025-05-09 13:12:00,88.88,68.75046025104602
drift,2,2025-05-09 14:51:00,100.32,68.54242677824267
drift,2,2025-05-09 16:30:00,119.68,68.33439330543932
drift,2,2025-05-09 18:09:00,142.56,68.12635983263598
drift,2,2025-05-09 19:48:00,124.08,67.91832635983263
drift,2,2025-05-09 21:27:00,144.32,67.71029288702928
drift,2,2025-05-09 23:06:00,164.56,67.50225941422593
drift,2,2025-05-10 00:45:00,165.44,67.29422594142258
drift,2,2025-05-10 02:24:00,165.44,67.08619246861925
drift,2,2025-05-10 04:03:00,163.68,66.8781589958159
drift,2,2025-05-10 05:41:00,138.16,66.67012552301254
drift,2,2025-05-10 07:20:00,137.28,66.4620920502092
drift,2,2025-05-10 08:59:00,51.04,66.25405857740586
drift,2,2025-05-10 10:38:00,51.04,66.0460251046025
drift,2,2025-05-10 12:17:00,66.0,65.83799163179916
drift,2,2025-05-10 13:56:00,88.88,65.6299581589958
drift,2,2025-05-10 15:35:00,102.08,65.42192468619245
drift,2,2025-05-10 17:14:00,135.52,65.21389121338912
drift,2,2025-05-10 18:53:00,136.4,65.00585774058577
drift,2,2025-05-10 20:32:00,137.28,64.79782426778242
rolling_mean_15,2,2025-05-06 11:01:00,79.2,116.57066666666668
rolling_mean_15,2,2025-05-06 12:40:00,89.76,117.33333333333336
rolling_mean_15,2,2025-05-06 14:19:00,90.64,119.56266666666669
rolling_mean_15,2,2025-05-06 15:58:00,118.8,119.56266666666669
rolling_mean_15,2,2025-05-06 17:37:00,130.24,121.38133333333334
rolling_mean_15,2,2025-05-06 19:16:00,132.0,121.44000000000001
rolling_mean_15,2,2025-05-06 20:54:00,138.16,121.55733333333335
rolling_mean_15,2,2025-05-06 22:33:00,140.8,121.85066666666668
rolling_mean_15,2,2025-05-07 00:12:00,161.92,122.20266666666667
rolling_mean_15,2,2025-05-07 01:51:00,166.32,123.61066666666667
rolling_mean_15,2,2025-05-07 03:30:00,166.32,124.49066666666666
rolling_mean_15,2,2025-05-07 05:09:00,149.6,124.66666666666667
rolling_mean_15,2,2025-05-07 06:48:00,137.28,123.84533333333333
rolling_mean_15,2,2025-05-07 08:27:00,72.16,123.904
rolling_mean_15,2,2025-05-07 10:06:00,72.16,123.43466666666667
rolling_mean_15,2,2025-05-07 11:45:00,73.92,123.02399999999999
rolling_mean_15,2,2025-05-07 13:24:00,89.76,122.67200000000001
rolling_mean_15,2,2025-05-07 15:03:00,91.52,122.67200000000001
rolling_mean_15,2,2025-05-07 16:41:00,102.08,122.73066666666666
rolling_mean_15,2,2025-05-07 18:20:00,129.36,121.61600000000001
rolling_mean_15,2,2025-05-07 19:59:00,130.24,121.55733333333335
rolling_mean_15,2,2025-05-07 21:38:00,134.64,121.44000000000001
rolling_mean_15,2,2025-05-07 23:17:00,133.76,121.20533333333333
rolling_mean_15,2,2025-05-08 00:56:00,170.72,120.73600000000002
rolling_mean_15,2,2025-05-08 02:35:00,174.24,121.32266666666668
rolling_mean_15,2,2025-05-08 04:14:00,174.24,121.85066666666667
rolling_mean_15,2,2025-05-08 05:53:00,168.96,122.37866666666666
rolling_mean_15,2,2025-05-08 07:32:00,69.52,123.66933333333333
rolling_mean_15,2,2025-05-08 09:11:00,63.36,119.152
rolling_mean_15,2,2025-05-08 10:50:00,63.36,118.56533333333333
rolling_mean_15,2,2025-05-08 12:28:00,96.8,117.97866666666665
rolling_mean_15,2,2025-05-08 14:07:00,101.2,119.50399999999999
rolling_mean_15,2,2025-05-08 15:46:00,118.8,120.26666666666665
rolling_mean_15,2,2025-05-08 17:25:00,136.4,122.08533333333331
rolling_mean_15,2,2025-05-08 19:04:00,139.04,124.37333333333332
rolling_mean_15,2,2025-05-08 20:43:00,140.8,125.01866666666666
rolling_mean_15,2,2025-05-08 22:22:00,142.56,125.72266666666665
rolling_mean_15,2,2025-05-09 00:01:00,161.04,126.25066666666666
rolling_mean_15,2,2025-05-09 01:40:00,171.6,128.06933333333333
rolling_mean_15,2,2025-05-09 03:19:00,171.6,128.128
rolling_mean_15,2,2025-05-09 04:58:00,170.72,127.95199999999998
rolling_mean_15,2,2025-05-09 06:37:00,146.96,127.71733333333331
rolling_mean_15,2,2025-05-09 08:16:00,145.2,126.25066666666665
rolling_mean_15,2,2025-05-09 09:54:00,60.72,131.296
rolling_mean_15,2,2025-05-09 11:33:00,60.72,131.12
rolling_mean_15,2,2025-05-09 13:12:00,88.88,130.94400000000002
rolling_mean_15,2,2025-05-09 14:51:00,100.32,130.41600000000003
rolling_mean_15,2,2025-05-09 16:30:00,119.68,130.35733333333332
rolling_mean_15,2,2025-05-09 18:09:00,142.56,130.41600000000003
rolling_mean_15,2,2025-05-09 19:48:00,124.08,130.82666666666668
rolling_mean_15,2,2025-05-09 21:27:00,144.32,129.82933333333332
rolling_mean_15,2,2025-05-09 23:06:00,164.56,130.064
rolling_mean_15,2,2025-05-10 00:45:00,165.44,131.53066666666666
rolling_mean_15,2,2025-05-10 02:24:00,165.44,131.82399999999998
rolling_mean_15,2,2025-05-10 04:03:00,163.68,131.41333333333333
rolling_mean_15,2,2025-05-10 05:41:00,138.16,130.88533333333334
rolling_mean_15,2,2025-05-10 07:20:00,137.28,128.7146666666667
rolling_mean_15,2,2025-05-10 08:59:00,51.04,128.06933333333333
rolling_mean_15,2,2025-05-10 10:38:00,51.04,121.792
rolling_mean_15,2,2025-05-10 12:17:00,66.0,121.14666666666668
rolling_mean_15,2,2025-05-10 13:56:00,88.88,121.49866666666667
rolling_mean_15,2,2025-05-10 15:35:00,102.08,121.49866666666667
rolling_mean_15,2,2025-05-10 17:14:00,135.52,121.61599999999999
rolling_mean_15,2,2025-05-10 18:53:00,136.4,122.672
rolling_mean_15,2,2025-05-10 20:32:00,137.28,122.26133333333334
train_mean,2,2025-05-06 11:01:00,79.2,149.78555323590814
train_mean,2,2025-05-06 12:40:00,89.76,149.78555323590814
train_mean,2,2025-05-06 14:19:00,90.64,149.78555323590814
train_mean,2,2025-05-06 15:58:00,118.8,149.78555323590814
train_mean,2,2025-05-06 17:37:00,130.24,149.78555323590814
train_mean,2,2025-05-06 19:16:00,132.0,149.78555323590814
train_mean,2,2025-05-06 20:54:00,138.16,149.78555323590814
train_mean,2,2025-05-06 22:33:00,140.8,149.78555323590814
train_mean,2,2025-05-07 00:12:00,161.92,149.78555323590814
train_mean,2,2025-05-07 01:51:00,166.32,149.78555323590814
train_mean,2,2025-05-07 03:30:00,166.32,149.78555323590814
train_mean,2,2025-05-07 05:09:00,149.6,149.78555323590814
train_mean,2,2025-05-07 06:48:00,137.28,149.78555323590814
train_mean,2,2025-05-07 08:27:00,72.16,149.78555323590814
train_mean,2,2025-05-07 10:06:00,72.16,149.78555323590814
train_mean,2,2025-05-07 11:45:00,73.92,149.78555323590814
train_mean,2,2025-05-07 13:24:00,89.76,149.78555323590814
train_mean,2,2025-05-07 15:03:00,91.52,149.78555323590814
train_mean,2,2025-05-07 16:41:00,102.08,149.78555323590814
train_mean,2,2025-05-07 18:20:00,129.36,149.78555323590814
train_mean,2,2025-05-07 19:59:00,130.24,149.78555323590814
train_mean,2,2025-05-07 21:38:00,134.64,149.78555323590814
train_mean,2,2025-05-07 23:17:00,133.76,149.78555323590814
train_mean,2,2025-05-08 00:56:00,170.72,149.78555323590814
train_mean,2,2025-05-08 02:35:00,174.24,149.78555323590814
train_mean,2,2025-05-08 04:14:00,174.24,149.78555323590814
train_mean,2,2025-05-08 05:53:00,168.96,149.78555323590814
train_mean,2,2025-05-08 07:32:00,69.52,149.78555323590814
train_mean,2,2025-05-08 09:11:00,63.36,149.78555323590814
train_mean,2,2025-05-08 10:50:00,63.36,149.78555323590814
train_mean,2,2025-05-08 12:28:00,96.8,149.78555323590814
train_mean,2,2025-05-08 14:07:00,101.2,149.78555323590814
train_mean,2,2025-05-08 15:46:00,118.8,149.78555323590814
train_mean,2,2025-05-08 17:25:00,136.4,149.78555323590814
train_mean,2,2025-05-08 19:04:00,139.04,149.78555323590814
train_mean,2,2025-05-08 20:43:00,140.8,149.78555323590814
train_mean,2,2025-05-08 22:22:00,142.56,149.78555323590814
train_mean,2,2025-05-09 00:01:00,161.04,149.78555323590814
train_mean,2,2025-05-09 01:40:00,171.6,149.78555323590814
train_mean,2,2025-05-09 03:19:00,171.6,149.78555323590814
train_mean,2,2025-05-09 04:58:00,170.72,149.78555323590814
train_mean,2,2025-05-09 06:37:00,146.96,149.78555323590814
train_mean,2,2025-05-09 08:16:00,145.2,149.78555323590814
train_mean,2,2025-05-09 09:54:00,60.72,149.78555323590814
train_mean,2,2025-05-09 11:33:00,60.72,149.78555323590814
train_mean,2,2025-05-09 13:12:00,88.88,149.78555323590814
train_mean,2,2025-05-09 14:51:00,100.32,149.78555323590814
train_mean,2,2025-05-09 16:30:00,119.68,149.78555323590814
train_mean,2,2025-05-09 18:09:00,142.56,149.78555323590814
train_mean,2,2025-05-09 19:48:00,124.08,149.78555323590814
train_mean,2,2025-05-09 21:27:00,144.32,149.78555323590814
train_mean,2,2025-05-09 23:06:00,164.56,149.78555323590814
train_mean,2,2025-05-10 00:45:00,165.44,149.78555323590814
train_mean,2,2025-05-10 02:24:00,165.44,149.78555323590814
train_mean,2,2025-05-10 04:03:00,163.68,149.78555323590814
train_mean,2,2025-05-10 05:41:00,138.16,149.78555323590814
train_mean,2,2025-05-10 07:20:00,137.28,149.78555323590814
train_mean,2,2025-05-10 08:59:00,51.04,149.78555323590814
train_mean,2,2025-05-10 10:38:00,51.04,149.78555323590814
train_mean,2,2025-05-10 12:17:00,66.0,149.78555323590814
train_mean,2,2025-05-10 13:56:00,88.88,149.78555323590814
train_mean,2,2025-05-10 15:35:00,102.08,149.78555323590814
train_mean,2,2025-05-10 17:14:00,135.52,149.78555323590814
train_mean,2,2025-05-10 18:53:00,136.4,149.78555323590814
train_mean,2,2025-05-10 20:32:00,137.28,149.78555323590814
seasonal_naive_24,2,2025-05-06 11:01:00,79.2,137.28
seasonal_naive_24,2,2025-05-06 12:40:00,89.76,144.32
seasonal_naive_24,2,2025-05-06 14:19:00,90.64,146.08
seasonal_naive_24,2,2025-05-06 15:58:00,118.8,187.44
seasonal_naive_24,2,2025-05-06 17:37:00,130.24,190.08
seasonal_naive_24,2,2025-05-06 19:16:00,132.0,190.08
seasonal_naive_24,2,2025-05-06 20:54:00,138.16,187.44
seasonal_naive_24,2,2025-05-06 22:33:00,140.8,143.44
seasonal_naive_24,2,2025-05-07 00:12:00,161.92,98.56
seasonal_naive_24,2,2025-05-07 01:51:00,166.32,67.76
seasonal_naive_24,2,2025-05-07 03:30:00,166.32,56.32
seasonal_naive_24,2,2025-05-07 05:09:00,149.6,90.64
seasonal_naive_24,2,2025-05-07 06:48:00,137.28,91.52
seasonal_naive_24,2,2025-05-07 08:27:00,72.16,129.36
seasonal_naive_24,2,2025-05-07 10:06:00,72.16,130.24
seasonal_naive_24,2,2025-05-07 11:45:00,73.92,133.76
seasonal_naive_24,2,2025-05-07 13:24:00,89.76,135.52
seasonal_naive_24,2,2025-05-07 15:03:00,91.52,140.8
seasonal_naive_24,2,2025-05-07 16:41:00,102.08,153.12
seasonal_naive_24,2,2025-05-07 18:20:00,129.36,163.68
seasonal_naive_24,2,2025-05-07 19:59:00,130.24,161.92
seasonal_naive_24,2,2025-05-07 21:38:00,134.64,136.4
seasonal_naive_24,2,2025-05-07 23:17:00,133.76,79.2
seasonal_naive_24,2,2025-05-08 00:56:00,170.72,78.32
seasonal_naive_24,2,2025-05-08 02:35:00,174.24,79.2
seasonal_naive_24,2,2025-05-08 04:14:00,174.24,89.76
seasonal_naive_24,2,2025-05-08 05:53:00,168.96,90.64
seasonal_naive_24,2,2025-05-08 07:32:00,69.52,118.8
seasonal_naive_24,2,2025-05-08 09:11:00,63.36,130.24
seasonal_naive_24,2,2025-05-08 10:50:00,63.36,132.0
seasonal_naive_24,2,2025-05-08 12:28:00,96.8,138.16
seasonal_naive_24,2,2025-05-08 14:07:00,101.2,140.8
seasonal_naive_24,2,2025-05-08 15:46:00,118.8,161.92
seasonal_naive_24,2,2025-05-08 17:25:00,136.4,166.32
seasonal_naive_24,2,2025-05-08 19:04:00,139.04,166.32
seasonal_naive_24,2,2025-05-08 20:43:00,140.8,149.6
seasonal_naive_24,2,2025-05-08 22:22:00,142.56,137.28
seasonal_naive_24,2,2025-05-09 00:01:00,161.04,72.16
seasonal_naive_24,2,2025-05-09 01:40:00,171.6,72.16
seasonal_naive_24,2,2025-05-09 03:19:00,171.6,73.92
seasonal_naive_24,2,2025-05-09 04:58:00,170.72,89.76
seasonal_naive_24,2,2025-05-09 06:37:00,146.96,91.52
seasonal_naive_24,2,2025-05-09 08:16:00,145.2,102.08
seasonal_naive_24,2,2025-05-09 09:54:00,60.72,129.36
seasonal_naive_24,2,2025-05-09 11:33:00,60.72,130.24
seasonal_naive_24,2,2025-05-09 13:12:00,88.88,134.64
seasonal_naive_24,2,2025-05-09 14:51:00,100.32,133.76
seasonal_naive_24,2,2025-05-09 16:30:00,119.68,170.72
seasonal_naive_24,2,2025-05-09 18:09:00,142.56,174.24
seasonal_naive_24,2,2025-05-09 19:48:00,124.08,174.24
seasonal_naive_24,2,2025-05-09 21:27:00,144.32,168.96
seasonal_naive_24,2,2025-05-09 23:06:00,164.56,69.52
seasonal_naive_24,2,2025-05-10 00:45:00,165.44,63.36
seasonal_naive_24,2,2025-05-10 02:24:00,165.44,63.36
seasonal_naive_24,2,2025-05-10 04:03:00,163.68,96.8
seasonal_naive_24,2,2025-05-10 05:41:00,138.16,101.2
seasonal_naive_24,2,2025-05-10 07:20:00,137.28,118.8
seasonal_naive_24,2,2025-05-10 08:59:00,51.04,136.4
seasonal_naive_24,2,2025-05-10 10:38:00,51.04,139.04
seasonal_naive_24,2,2025-05-10 12:17:00,66.0,140.8
seasonal_naive_24,2,2025-05-10 13:56:00,88.88,142.56
seasonal_naive_24,2,2025-05-10 15:35:00,102.08,161.04
seasonal_naive_24,2,2025-05-10 17:14:00,135.52,171.6
seasonal_naive_24,2,2025-05-10 18:53:00,136.4,171.6
seasonal_naive_24,2,2025-05-10 20:32:00,137.28,170.72
ridge,2,2025-05-06 11:01:00,79.2,79.66128974924875
ridge,2,2025-05-06 12:40:00,89.76,88.8646940034713
ridge,2,2025-05-06 14:19:00,90.64,102.28602833303981
ridge,2,2025-05-06 15:58:00,118.8,102.99814429963331
ridge,2,2025-05-06 17:37:00,130.24,128.21074533152495
ridge,2,2025-05-06 19:16:00,132.0,141.93839757278585
ridge,2,2025-05-06 20:54:00,138.16,144.6985254399896
ridge,2,2025-05-06 22:33:00,140.8,148.78716043383645
ridge,2,2025-05-07 00:12:00,161.92,156.48984704344096
ridge,2,2025-05-07 01:51:00,166.32,168.69265340052758
ridge,2,2025-05-07 03:30:00,166.32,163.237712255634
ridge,2,2025-05-07 05:09:00,149.6,140.91231130326133
ridge,2,2025-05-07 06:48:00,137.28,110.75233113611463
ridge,2,2025-05-07 08:27:00,72.16,91.27780517588809
ridge,2,2025-05-07 10:06:00,72.16,75.57743684478686
ridge,2,2025-05-07 11:45:00,73.92,89.54733297333419
ridge,2,2025-05-07 13:24:00,89.76,99.753816001934
ridge,2,2025-05-07 15:03:00,91.52,108.77030602779064
ridge,2,2025-05-07 16:41:00,102.08,116.32512133160884
ridge,2,2025-05-07 18:20:00,129.36,127.93177515958786
ridge,2,2025-05-07 19:59:00,130.24,149.61033295315755
ridge,2,2025-05-07 21:38:00,134.64,153.64440898421103
ridge,2,2025-05-07 23:17:00,133.76,153.6803325245371
ridge,2,2025-05-08 00:56:00,170.72,157.21602380013698
ridge,2,2025-05-08 02:35:00,174.24,173.34639688390305
ridge,2,2025-05-08 04:14:00,174.24,161.3426953248174
ridge,2,2025-05-08 05:53:00,168.96,133.0599396883736
ridge,2,2025-05-08 07:32:00,69.52,116.64485504949354
ridge,2,2025-05-08 09:11:00,63.36,67.40405712383225
ridge,2,2025-05-08 10:50:00,63.36,77.58659694806931
ridge,2,2025-05-08 12:28:00,96.8,90.37161265329198
ridge,2,2025-05-08 14:07:00,101.2,114.55719934513566
ridge,2,2025-05-08 15:46:00,118.8,117.31419710928671
ridge,2,2025-05-08 17:25:00,136.4,127.44201706957047
ridge,2,2025-05-08 19:04:00,139.04,148.7006911413067
ridge,2,2025-05-08 20:43:00,140.8,153.49691217018037
ridge,2,2025-05-08 22:22:00,142.56,154.82315700009477
ridge,2,2025-05-09 00:01:00,161.04,155.87478703694686
ridge,2,2025-05-09 01:40:00,171.6,172.10346972763512
ridge,2,2025-05-09 03:19:00,171.6,169.17819155435708
ridge,2,2025-05-09 04:58:00,170.72,148.0434624019931
ridge,2,2025-05-09 06:37:00,146.96,126.61136186499078
ridge,2,2025-05-09 08:16:00,145.2,92.28347890507692
ridge,2,2025-05-09 09:54:00,60.72,99.2408936396036
ridge,2,2025-05-09 11:33:00,60.72,78.96287143640379
ridge,2,2025-05-09 13:12:00,88.88,91.35431688232435
ridge,2,2025-05-09 14:51:00,100.32,108.9573514785269
ridge,2,2025-05-09 16:30:00,119.68,119.70288116557717
ridge,2,2025-05-09 18:09:00,142.56,135.31163439927155
ridge,2,2025-05-09 19:48:00,124.08,153.83351132564042
ridge,2,2025-05-09 21:27:00,144.32,146.38966746387126
ridge,2,2025-05-09 23:06:00,164.56,155.69341540086347
ridge,2,2025-05-10 00:45:00,165.44,173.07575556507422
ridge,2,2025-05-10 02:24:00,165.44,169.27070404057903
ridge,2,2025-05-10 04:03:00,163.68,152.0826725279659
ridge,2,2025-05-10 05:41:00,138.16,130.74054925390143
ridge,2,2025-05-10 07:20:00,137.28,100.91608001693544
ridge,2,2025-05-10 08:59:00,51.04,101.96904526761828
ridge,2,2025-05-10 10:38:00,51.04,65.90463960783426
ridge,2,2025-05-10 12:17:00,66.0,77.21039199073873
ridge,2,2025-05-10 13:56:00,88.88,95.02476516128104
ridge,2,2025-05-10 15:35:00,102.08,109.60754017585907
ridge,2,2025-05-10 17:14:00,135.52,121.8431695240193
ridge,2,2025-05-10 18:53:00,136.4,148.61979377254093
ridge,2,2025-05-10 20:32:00,137.28,150.18548443605528
random_forest,2,2025-05-06 11:01:00,79.2,92.08038374560084
random_forest,2,2025-05-06 12:40:00,89.76,108.70671815727273
random_forest,2,2025-05-06 14:19:00,90.64,101.74292618535587
random_forest,2,2025-05-06 15:58:00,118.8,106.03450500888536
random_forest,2,2025-05-06 17:37:00,130.24,128.41406645502653
random_forest,2,2025-05-06 19:16:00,132.0,138.39214539682533
random_forest,2,2025-05-06 20:54:00,138.16,139.11062774976637
random_forest,2,2025-05-06 22:33:00,140.8,143.16649886087762
random_forest,2,2025-05-07 00:12:00,161.92,142.56935873015885
random_forest,2,2025-05-07 01:51:00,166.32,163.0535130687832
random_forest,2,2025-05-07 03:30:00,166.32,164.49227654470195
random_forest,2,2025-05-07 05:09:00,149.6,159.61424501212994
random_forest,2,2025-05-07 06:48:00,137.28,107.32209682411168
random_forest,2,2025-05-07 08:27:00,72.16,96.34566909803858
random_forest,2,2025-05-07 10:06:00,72.16,86.26190304300636
random_forest,2,2025-05-07 11:45:00,73.92,91.98686578355554
random_forest,2,2025-05-07 13:24:00,89.76,107.20739150281608
random_forest,2,2025-05-07 15:03:00,91.52,101.5778494533298
random_forest,2,2025-05-07 16:41:00,102.08,114.72450000000006
random_forest,2,2025-05-07 18:20:00,129.36,122.96973333333345
random_forest,2,2025-05-07 19:59:00,130.24,137.31069602815472
random_forest,2,2025-05-07 21:38:00,134.64,140.80490539323398
random_forest,2,2025-05-07 23:17:00,133.76,140.00003634920628
random_forest,2,2025-05-08 00:56:00,170.72,144.95823396825398
random_forest,2,2025-05-08 02:35:00,174.24,164.7506128376498
random_forest,2,2025-05-08 04:14:00,174.24,165.23152253979356
random_forest,2,2025-05-08 05:53:00,168.96,142.26177050465256
random_forest,2,2025-05-08 07:32:00,69.52,111.46513915762031
random_forest,2,2025-05-08 09:11:00,63.36,81.58518535969556
random_forest,2,2025-05-08 10:50:00,63.36,85.05628527253286
random_forest,2,2025-05-08 12:28:00,96.8,102.12590310964545
random_forest,2,2025-05-08 14:07:00,101.2,102.24593542905322
random_forest,2,2025-05-08 15:46:00,118.8,112.53123897713913
random_forest,2,2025-05-08 17:25:00,136.4,135.21383343915355
random_forest,2,2025-05-08 19:04:00,139.04,142.1680060281548
random_forest,2,2025-05-08 20:43:00,140.8,143.93108146161026
random_forest,2,2025-05-08 22:22:00,142.56,146.05500102289201
random_forest,2,2025-05-09 00:01:00,161.04,142.6996109523811
random_forest,2,2025-05-09 01:40:00,171.6,177.63059142418072
random_forest,2,2025-05-09 03:19:00,171.6,174.559613022756
random_forest,2,2025-05-09 04:58:00,170.72,163.4366438798056
random_forest,2,2025-05-09 06:37:00,146.96,124.27599291027519
random_forest,2,2025-05-09 08:16:00,145.2,95.56229644800281
random_forest,2,2025-05-09 09:54:00,60.72,94.26131057410942
random_forest,2,2025-05-09 11:33:00,60.72,82.63789553327769
random_forest,2,2025-05-09 13:12:00,88.88,103.0044766666666
random_forest,2,2025-05-09 14:51:00,100.32,102.25504666666669
random_forest,2,2025-05-09 16:30:00,119.68,119.06458666666668
random_forest,2,2025-05-09 18:09:00,142.56,136.81393221001235
random_forest,2,2025-05-09 19:48:00,124.08,146.53899663949758
random_forest,2,2025-05-09 21:27:00,144.32,143.54838812827677
random_forest,2,2025-05-09 23:06:00,164.56,146.81109667887694
random_forest,2,2025-05-10 00:45:00,165.44,174.95414919006961
random_forest,2,2025-05-10 02:24:00,165.44,178.0129729174996
random_forest,2,2025-05-10 04:03:00,163.68,169.61187011389336
random_forest,2,2025-05-10 05:41:00,138.16,143.82855816131263
random_forest,2,2025-05-10 07:20:00,137.28,113.80409460317475
random_forest,2,2025-05-10 08:59:00,51.04,112.50289050659595
random_forest,2,2025-05-10 10:38:00,51.04,74.77261687423702
random_forest,2,2025-05-10 12:17:00,66.0,91.01060667095096
random_forest,2,2025-05-10 13:56:00,88.88,100.91878368302146
random_forest,2,2025-05-10 15:35:00,102.08,100.93092119936155
random_forest,2,2025-05-10 17:14:00,135.52,118.70326984126991
random_forest,2,2025-05-10 18:53:00,136.4,139.46127206349195
random_forest,2,2025-05-10 20:32:00,137.28,140.25478666307535
xgboost,2,2025-05-06 11:01:00,79.2,94.48062896728516
xgboost,2,2025-05-06 12:40:00,89.76,112.30651092529297
xgboost,2,2025-05-06 14:19:00,90.64,88.15361785888672
xgboost,2,2025-05-06 15:58:00,118.8,93.82120513916016
xgboost,2,2025-05-06 17:37:00,130.24,124.73694610595703
xgboost,2,2025-05-06 19:16:00,132.0,137.72320556640625
xgboost,2,2025-05-06 20:54:00,138.16,138.41787719726562
xgboost,2,2025-05-06 22:33:00,140.8,142.556884765625
xgboost,2,2025-05-07 00:12:00,161.92,148.84400939941406
xgboost,2,2025-05-07 01:51:00,166.32,169.1338348388672
xgboost,2,2025-05-07 03:30:00,166.32,170.9697723388672
xgboost,2,2025-05-07 05:09:00,149.6,163.4807586669922
xgboost,2,2025-05-07 06:48:00,137.28,105.50410461425781
xgboost,2,2025-05-07 08:27:00,72.16,97.968017578125
xgboost,2,2025-05-07 10:06:00,72.16,80.00416564941406
xgboost,2,2025-05-07 11:45:00,73.92,95.83244323730469
xgboost,2,2025-05-07 13:24:00,89.76,99.82733917236328
xgboost,2,2025-05-07 15:03:00,91.52,98.30941009521484
xgboost,2,2025-05-07 16:41:00,102.08,115.7112045288086
xgboost,2,2025-05-07 18:20:00,129.36,125.18984985351562
xgboost,2,2025-05-07 19:59:00,130.24,137.2210693359375
xgboost,2,2025-05-07 21:38:00,134.64,142.7715301513672
xgboost,2,2025-05-07 23:17:00,133.76,144.93563842773438
xgboost,2,2025-05-08 00:56:00,170.72,145.7856903076172
xgboost,2,2025-05-08 02:35:00,174.24,169.26492309570312
xgboost,2,2025-05-08 04:14:00,174.24,161.90879821777344
xgboost,2,2025-05-08 05:53:00,168.96,146.28346252441406
xgboost,2,2025-05-08 07:32:00,69.52,119.17407989501953
xgboost,2,2025-05-08 09:11:00,63.36,81.6767807006836
xgboost,2,2025-05-08 10:50:00,63.36,83.67691040039062
xgboost,2,2025-05-08 12:28:00,96.8,101.76373291015625
xgboost,2,2025-05-08 14:07:00,101.2,104.70451354980469
xgboost,2,2025-05-08 15:46:00,118.8,109.28205108642578
xgboost,2,2025-05-08 17:25:00,136.4,133.8774871826172
xgboost,2,2025-05-08 19:04:00,139.04,143.71240234375
xgboost,2,2025-05-08 20:43:00,140.8,148.24989318847656
xgboost,2,2025-05-08 22:22:00,142.56,149.59439086914062
xgboost,2,2025-05-09 00:01:00,161.04,154.0157012939453
xgboost,2,2025-05-09 01:40:00,171.6,176.2828369140625
xgboost,2,2025-05-09 03:19:00,171.6,176.9040985107422
xgboost,2,2025-05-09 04:58:00,170.72,168.7381134033203
xgboost,2,2025-05-09 06:37:00,146.96,123.95972442626953
xgboost,2,2025-05-09 08:16:00,145.2,102.70685577392578
xgboost,2,2025-05-09 09:54:00,60.72,101.44129943847656
xgboost,2,2025-05-09 11:33:00,60.72,87.12315368652344
xgboost,2,2025-05-09 13:12:00,88.88,103.6639175415039
xgboost,2,2025-05-09 14:51:00,100.32,100.62677001953125
xgboost,2,2025-05-09 16:30:00,119.68,126.19236755371094
xgboost,2,2025-05-09 18:09:00,142.56,142.71107482910156
xgboost,2,2025-05-09 19:48:00,124.08,151.58164978027344
xgboost,2,2025-05-09 21:27:00,144.32,139.9993133544922
xgboost,2,2025-05-09 23:06:00,164.56,153.53509521484375
xgboost,2,2025-05-10 00:45:00,165.44,177.6890411376953
xgboost,2,2025-05-10 02:24:00,165.44,175.56866455078125
xgboost,2,2025-05-10 04:03:00,163.68,176.24703979492188
xgboost,2,2025-05-10 05:41:00,138.16,139.4180908203125
xgboost,2,2025-05-10 07:20:00,137.28,106.83099365234375
xgboost,2,2025-05-10 08:59:00,51.04,112.26671600341797
xgboost,2,2025-05-10 10:38:00,51.04,74.57374572753906
xgboost,2,2025-05-10 12:17:00,66.0,90.26036834716797
xgboost,2,2025-05-10 13:56:00,88.88,100.40872192382812
xgboost,2,2025-05-10 15:35:00,102.08,102.67423248291016
xgboost,2,2025-05-10 17:14:00,135.52,123.44890594482422
xgboost,2,2025-05-10 18:53:00,136.4,140.2414093017578
xgboost,2,2025-05-10 20:32:00,137.28,143.48733520507812
persistence,3,2025-05-10 22:11:00,137.28,137.28
persistence,3,2025-05-10 23:50:00,154.88,137.28
persistence,3,2025-05-11 01:28:00,161.04,154.88
persistence,3,2025-05-11 03:07:00,161.04,161.04
persistence,3,2025-05-11 04:46:00,145.2,161.04
persistence,3,2025-05-11 06:25:00,142.56,145.2
persistence,3,2025-05-11 08:04:00,141.68,142.56
persistence,3,2025-05-11 09:43:00,53.68,141.68
persistence,3,2025-05-11 11:22:00,65.12,53.68
persistence,3,2025-05-11 13:01:00,83.6,65.12
persistence,3,2025-05-11 14:40:00,90.64,83.6
persistence,3,2025-05-11 16:19:00,91.52,90.64
persistence,3,2025-05-11 17:58:00,138.16,91.52
persistence,3,2025-05-11 19:37:00,139.04,138.16
persistence,3,2025-05-11 21:16:00,145.64,139.04
persistence,3,2025-05-11 22:54:00,172.48,145.64
persistence,3,2025-05-12 00:33:00,183.92,172.48
persistence,3,2025-05-12 02:12:00,184.8,183.92
persistence,3,2025-05-12 03:51:00,183.92,184.8
persistence,3,2025-05-12 05:30:00,139.04,183.92
persistence,3,2025-05-12 07:09:00,139.04,139.04
persistence,3,2025-05-12 08:48:00,53.68,139.04
persistence,3,2025-05-12 10:27:00,58.08,53.68
persistence,3,2025-05-12 12:06:00,65.12,58.08
persistence,3,2025-05-12 13:45:00,87.12,65.12
persistence,3,2025-05-12 15:24:00,88.0,87.12
persistence,3,2025-05-12 17:03:00,118.8,88.0
persistence,3,2025-05-12 18:41:00,132.88,118.8
persistence,3,2025-05-12 20:20:00,144.32,132.88
persistence,3,2025-05-12 21:59:00,145.2,144.32
persistence,3,2025-05-12 23:38:00,146.08,145.2
persistence,3,2025-05-13 01:17:00,154.0,146.08
persistence,3,2025-05-13 02:56:00,169.84,154.0
persistence,3,2025-05-13 04:35:00,169.84,169.84
persistence,3,2025-05-13 06:14:00,144.32,169.84
persistence,3,2025-05-13 07:53:00,133.76,144.32
persistence,3,2025-05-13 09:32:00,52.8,133.76
persistence,3,2025-05-13 11:11:00,63.8,52.8
persistence,3,2025-05-13 12:50:00,75.68,63.8
persistence,3,2025-05-13 14:28:00,79.2,75.68
persistence,3,2025-05-13 16:07:00,92.4,79.2
persistence,3,2025-05-13 17:46:00,94.16,92.4
persistence,3,2025-05-13 19:25:00,133.76,94.16
persistence,3,2025-05-13 21:04:00,139.04,133.76
persistence,3,2025-05-13 22:43:00,159.28,139.04
persistence,3,2025-05-14 00:22:00,165.44,159.28
persistence,3,2025-05-14 02:01:00,168.08,165.44
persistence,3,2025-05-14 03:40:00,167.2,168.08
persistence,3,2025-05-14 05:19:00,143.44,167.2
persistence,3,2025-05-14 06:58:00,142.56,143.44
persistence,3,2025-05-14 08:37:00,74.8,142.56
persistence,3,2025-05-14 10:16:00,54.56,74.8
persistence,3,2025-05-14 11:54:00,80.96,54.56
persistence,3,2025-05-14 13:33:00,87.12,80.96
persistence,3,2025-05-14 15:12:00,98.56,87.12
persistence,3,2025-05-14 16:51:00,101.2,98.56
persistence,3,2025-05-14 18:30:00,119.24,101.2
persistence,3,2025-05-14 20:09:00,140.8,119.24
persistence,3,2025-05-14 21:48:00,161.04,140.8
persistence,3,2025-05-14 23:27:00,162.8,161.04
persistence,3,2025-05-15 01:06:00,180.4,162.8
persistence,3,2025-05-15 02:45:00,181.28,180.4
persistence,3,2025-05-15 04:24:00,181.28,181.28
persistence,3,2025-05-15 06:03:00,181.28,181.28
persistence,3,2025-05-15 07:41:00,153.12,181.28
seasonal_naive_15,3,2025-05-10 22:11:00,137.28,144.32
seasonal_naive_15,3,2025-05-10 23:50:00,154.88,164.56
seasonal_naive_15,3,2025-05-11 01:28:00,161.04,165.44
seasonal_naive_15,3,2025-05-11 03:07:00,161.04,165.44
seasonal_naive_15,3,2025-05-11 04:46:00,145.2,163.68
seasonal_naive_15,3,2025-05-11 06:25:00,142.56,138.16
seasonal_naive_15,3,2025-05-11 08:04:00,141.68,137.28
seasonal_naive_15,3,2025-05-11 09:43:00,53.68,51.04
seasonal_naive_15,3,2025-05-11 11:22:00,65.12,51.04
seasonal_naive_15,3,2025-05-11 13:01:00,83.6,66.0
seasonal_naive_15,3,2025-05-11 14:40:00,90.64,88.88
seasonal_naive_15,3,2025-05-11 16:19:00,91.52,102.08
seasonal_naive_15,3,2025-05-11 17:58:00,138.16,135.52
seasonal_naive_15,3,2025-05-11 19:37:00,139.04,136.4
seasonal_naive_15,3,2025-05-11 21:16:00,145.64,137.28
seasonal_naive_15,3,2025-05-11 22:54:00,172.48,137.28
seasonal_naive_15,3,2025-05-12 00:33:00,183.92,154.88
seasonal_naive_15,3,2025-05-12 02:12:00,184.8,161.04
seasonal_naive_15,3,2025-05-12 03:51:00,183.92,161.04
seasonal_naive_15,3,2025-05-12 05:30:00,139.04,145.2
seasonal_naive_15,3,2025-05-12 07:09:00,139.04,142.56
seasonal_naive_15,3,2025-05-12 08:48:00,53.68,141.68
seasonal_naive_15,3,2025-05-12 10:27:00,58.08,53.68
seasonal_naive_15,3,2025-05-12 12:06:00,65.12,65.12
seasonal_naive_15,3,2025-05-12 13:45:00,87.12,83.6
seasonal_naive_15,3,2025-05-12 15:24:00,88.0,90.64
seasonal_naive_15,3,2025-05-12 17:03:00,118.8,91.52
seasonal_naive_15,3,2025-05-12 18:41:00,132.88,138.16
seasonal_naive_15,3,2025-05-12 20:20:00,144.32,139.04
seasonal_naive_15,3,2025-05-12 21:59:00,145.2,145.64
seasonal_naive_15,3,2025-05-12 23:38:00,146.08,172.48
seasonal_naive_15,3,2025-05-13 01:17:00,154.0,183.92
seasonal_naive_15,3,2025-05-13 02:56:00,169.84,184.8
seasonal_naive_15,3,2025-05-13 04:35:00,169.84,183.92
seasonal_naive_15,3,2025-05-13 06:14:00,144.32,139.04
seasonal_naive_15,3,2025-05-13 07:53:00,133.76,139.04
seasonal_naive_15,3,2025-05-13 09:32:00,52.8,53.68
seasonal_naive_15,3,2025-05-13 11:11:00,63.8,58.08
seasonal_naive_15,3,2025-05-13 12:50:00,75.68,65.12
seasonal_naive_15,3,2025-05-13 14:28:00,79.2,87.12
seasonal_naive_15,3,2025-05-13 16:07:00,92.4,88.0
seasonal_naive_15,3,2025-05-13 17:46:00,94.16,118.8
seasonal_naive_15,3,2025-05-13 19:25:00,133.76,132.88
seasonal_naive_15,3,2025-05-13 21:04:00,139.04,144.32
seasonal_naive_15,3,2025-05-13 22:43:00,159.28,145.2
seasonal_naive_15,3,2025-05-14 00:22:00,165.44,146.08
seasonal_naive_15,3,2025-05-14 02:01:00,168.08,154.0
seasonal_naive_15,3,2025-05-14 03:40:00,167.2,169.84
seasonal_naive_15,3,2025-05-14 05:19:00,143.44,169.84
seasonal_naive_15,3,2025-05-14 06:58:00,142.56,144.32
seasonal_naive_15,3,2025-05-14 08:37:00,74.8,133.76
seasonal_naive_15,3,2025-05-14 10:16:00,54.56,52.8
seasonal_naive_15,3,2025-05-14 11:54:00,80.96,63.8
seasonal_naive_15,3,2025-05-14 13:33:00,87.12,75.68
seasonal_naive_15,3,2025-05-14 15:12:00,98.56,79.2
seasonal_naive_15,3,2025-05-14 16:51:00,101.2,92.4
seasonal_naive_15,3,2025-05-14 18:30:00,119.24,94.16
seasonal_naive_15,3,2025-05-14 20:09:00,140.8,133.76
seasonal_naive_15,3,2025-05-14 21:48:00,161.04,139.04
seasonal_naive_15,3,2025-05-14 23:27:00,162.8,159.28
seasonal_naive_15,3,2025-05-15 01:06:00,180.4,165.44
seasonal_naive_15,3,2025-05-15 02:45:00,181.28,168.08
seasonal_naive_15,3,2025-05-15 04:24:00,181.28,167.2
seasonal_naive_15,3,2025-05-15 06:03:00,181.28,143.44
seasonal_naive_15,3,2025-05-15 07:41:00,153.12,142.56
drift,3,2025-05-10 22:11:00,137.28,137.2054511970534
drift,3,2025-05-10 23:50:00,154.88,137.1309023941068
drift,3,2025-05-11 01:28:00,161.04,137.05635359116022
drift,3,2025-05-11 03:07:00,161.04,136.98180478821362
drift,3,2025-05-11 04:46:00,145.2,136.90725598526703
drift,3,2025-05-11 06:25:00,142.56,136.83270718232043
drift,3,2025-05-11 08:04:00,141.68,136.75815837937384
drift,3,2025-05-11 09:43:00,53.68,136.68360957642724
drift,3,2025-05-11 11:22:00,65.12,136.60906077348068
drift,3,2025-05-11 13:01:00,83.6,136.53451197053408
drift,3,2025-05-11 14:40:00,90.64,136.4599631675875
drift,3,2025-05-11 16:19:00,91.52,136.3854143646409
drift,3,2025-05-11 17:58:00,138.16,136.3108655616943
drift,3,2025-05-11 19:37:00,139.04,136.2363167587477
drift,3,2025-05-11 21:16:00,145.64,136.1617679558011
drift,3,2025-05-11 22:54:00,172.48,136.08721915285452
drift,3,2025-05-12 00:33:00,183.92,136.01267034990792
drift,3,2025-05-12 02:12:00,184.8,135.93812154696133
drift,3,2025-05-12 03:51:00,183.92,135.86357274401473
drift,3,2025-05-12 05:30:00,139.04,135.78902394106814
drift,3,2025-05-12 07:09:00,139.04,135.71447513812154
drift,3,2025-05-12 08:48:00,53.68,135.63992633517495
drift,3,2025-05-12 10:27:00,58.08,135.56537753222835
drift,3,2025-05-12 12:06:00,65.12,135.49082872928176
drift,3,2025-05-12 13:45:00,87.12,135.41627992633516
drift,3,2025-05-12 15:24:00,88.0,135.34173112338857
drift,3,2025-05-12 17:03:00,118.8,135.267182320442
drift,3,2025-05-12 18:41:00,132.88,135.1926335174954
drift,3,2025-05-12 20:20:00,144.32,135.11808471454881
drift,3,2025-05-12 21:59:00,145.2,135.04353591160222
drift,3,2025-05-12 23:38:00,146.08,134.96898710865563
drift,3,2025-05-13 01:17:00,154.0,134.89443830570903
drift,3,2025-05-13 02:56:00,169.84,134.81988950276244
drift,3,2025-05-13 04:35:00,169.84,134.74534069981584
drift,3,2025-05-13 06:14:00,144.32,134.67079189686925
drift,3,2025-05-13 07:53:00,133.76,134.59624309392265
drift,3,2025-05-13 09:32:00,52.8,134.52169429097606
drift,3,2025-05-13 11:11:00,63.8,134.44714548802946
drift,3,2025-05-13 12:50:00,75.68,134.37259668508287
drift,3,2025-05-13 14:28:00,79.2,134.29804788213627
drift,3,2025-05-13 16:07:00,92.4,134.22349907918968
drift,3,2025-05-13 17:46:00,94.16,134.14895027624308
drift,3,2025-05-13 19:25:00,133.76,134.0744014732965
drift,3,2025-05-13 21:04:00,139.04,133.99985267034992
drift,3,2025-05-13 22:43:00,159.28,133.92530386740333
drift,3,2025-05-14 00:22:00,165.44,133.85075506445673
drift,3,2025-05-14 02:01:00,168.08,133.77620626151014
drift,3,2025-05-14 03:40:00,167.2,133.70165745856355
drift,3,2025-05-14 05:19:00,143.44,133.62710865561695
drift,3,2025-05-14 06:58:00,142.56,133.55255985267036
drift,3,2025-05-14 08:37:00,74.8,133.47801104972376
drift,3,2025-05-14 10:16:00,54.56,133.40346224677717
drift,3,2025-05-14 11:54:00,80.96,133.32891344383057
drift,3,2025-05-14 13:33:00,87.12,133.25436464088398
drift,3,2025-05-14 15:12:00,98.56,133.17981583793738
drift,3,2025-05-14 16:51:00,101.2,133.1052670349908
drift,3,2025-05-14 18:30:00,119.24,133.0307182320442
drift,3,2025-05-14 20:09:00,140.8,132.9561694290976
drift,3,2025-05-14 21:48:00,161.04,132.881620626151
drift,3,2025-05-14 23:27:00,162.8,132.8070718232044
drift,3,2025-05-15 01:06:00,180.4,132.73252302025782
drift,3,2025-05-15 02:45:00,181.28,132.65797421731125
drift,3,2025-05-15 04:24:00,181.28,132.58342541436465
drift,3,2025-05-15 06:03:00,181.28,132.50887661141806
drift,3,2025-05-15 07:41:00,153.12,132.43432780847147
rolling_mean_15,3,2025-05-10 22:11:00,137.28,123.14133333333334
rolling_mean_15,3,2025-05-10 23:50:00,154.88,122.672
rolling_mean_15,3,2025-05-11 01:28:00,161.04,122.02666666666667
rolling_mean_15,3,2025-05-11 03:07:00,161.04,121.73333333333333
rolling_mean_15,3,2025-05-11 04:46:00,145.2,121.44
rolling_mean_15,3,2025-05-11 06:25:00,142.56,120.20800000000001
rolling_mean_15,3,2025-05-11 08:04:00,141.68,120.50133333333332
rolling_mean_15,3,2025-05-11 09:43:00,53.68,120.79466666666667
rolling_mean_15,3,2025-05-11 11:22:00,65.12,120.97066666666667
rolling_mean_15,3,2025-05-11 13:01:00,83.6,121.90933333333332
rolling_mean_15,3,2025-05-11 14:40:00,90.64,123.08266666666668
rolling_mean_15,3,2025-05-11 16:19:00,91.52,123.20000000000002
rolling_mean_15,3,2025-05-11 17:58:00,138.16,122.496
rolling_mean_15,3,2025-05-11 19:37:00,139.04,122.672
rolling_mean_15,3,2025-05-11 21:16:00,145.64,122.84800000000001
rolling_mean_15,3,2025-05-11 22:54:00,172.48,123.40533333333333
rolling_mean_15,3,2025-05-12 00:33:00,183.92,125.75200000000001
rolling_mean_15,3,2025-05-12 02:12:00,184.8,127.68800000000002
rolling_mean_15,3,2025-05-12 03:51:00,183.92,129.27200000000002
rolling_mean_15,3,2025-05-12 05:30:00,139.04,130.79733333333334
rolling_mean_15,3,2025-05-12 07:09:00,139.04,130.38666666666666
rolling_mean_15,3,2025-05-12 08:48:00,53.68,130.152
rolling_mean_15,3,2025-05-12 10:27:00,58.08,124.28533333333333
rolling_mean_15,3,2025-05-12 12:06:00,65.12,124.57866666666665
rolling_mean_15,3,2025-05-12 13:45:00,87.12,124.57866666666665
rolling_mean_15,3,2025-05-12 15:24:00,88.0,124.81333333333332
rolling_mean_15,3,2025-05-12 17:03:00,118.8,124.63733333333333
rolling_mean_15,3,2025-05-12 18:41:00,132.88,126.45599999999999
rolling_mean_15,3,2025-05-12 20:20:00,144.32,126.10399999999997
rolling_mean_15,3,2025-05-12 21:59:00,145.2,126.45599999999996
rolling_mean_15,3,2025-05-12 23:38:00,146.08,126.42666666666665
rolling_mean_15,3,2025-05-13 01:17:00,154.0,124.66666666666667
rolling_mean_15,3,2025-05-13 02:56:00,169.84,122.672
rolling_mean_15,3,2025-05-13 04:35:00,169.84,121.67466666666664
rolling_mean_15,3,2025-05-13 06:14:00,144.32,120.73599999999998
rolling_mean_15,3,2025-05-13 07:53:00,133.76,121.08799999999998
rolling_mean_15,3,2025-05-13 09:32:00,52.8,120.73599999999998
rolling_mean_15,3,2025-05-13 11:11:00,63.8,120.67733333333331
rolling_mean_15,3,2025-05-13 12:50:00,75.68,121.05866666666664
rolling_mean_15,3,2025-05-13 14:28:00,79.2,121.76266666666666
rolling_mean_15,3,2025-05-13 16:07:00,92.4,121.23466666666666
rolling_mean_15,3,2025-05-13 17:46:00,94.16,121.528
rolling_mean_15,3,2025-05-13 19:25:00,133.76,119.88533333333335
rolling_mean_15,3,2025-05-13 21:04:00,139.04,119.94400000000002
rolling_mean_15,3,2025-05-13 22:43:00,159.28,119.59200000000001
rolling_mean_15,3,2025-05-14 00:22:00,165.44,120.53066666666669
rolling_mean_15,3,2025-05-14 02:01:00,168.08,121.82133333333334
rolling_mean_15,3,2025-05-14 03:40:00,167.2,122.75999999999999
rolling_mean_15,3,2025-05-14 05:19:00,143.44,122.58399999999999
rolling_mean_15,3,2025-05-14 06:58:00,142.56,120.824
rolling_mean_15,3,2025-05-14 08:37:00,74.8,120.70666666666666
rolling_mean_15,3,2025-05-14 10:16:00,54.56,116.776
rolling_mean_15,3,2025-05-14 11:54:00,80.96,116.89333333333333
rolling_mean_15,3,2025-05-14 13:33:00,87.12,118.03733333333334
rolling_mean_15,3,2025-05-14 15:12:00,98.56,118.8
rolling_mean_15,3,2025-05-14 16:51:00,101.2,120.09066666666665
rolling_mean_15,3,2025-05-14 18:30:00,119.24,120.67733333333334
rolling_mean_15,3,2025-05-14 20:09:00,140.8,122.34933333333332
rolling_mean_15,3,2025-05-14 21:48:00,161.04,122.81866666666666
rolling_mean_15,3,2025-05-14 23:27:00,162.8,124.28533333333333
rolling_mean_15,3,2025-05-15 01:06:00,180.4,124.51999999999998
rolling_mean_15,3,2025-05-15 02:45:00,181.28,125.51733333333333
rolling_mean_15,3,2025-05-15 04:24:00,181.28,126.39733333333334
rolling_mean_15,3,2025-05-15 06:03:00,181.28,127.336
rolling_mean_15,3,2025-05-15 07:41:00,153.12,129.85866666666666
train_mean,3,2025-05-10 22:11:00,137.28,146.59764705882353
train_mean,3,2025-05-10 23:50:00,154.88,146.59764705882353
train_mean,3,2025-05-11 01:28:00,161.04,146.59764705882353
train_mean,3,2025-05-11 03:07:00,161.04,146.59764705882353
train_mean,3,2025-05-11 04:46:00,145.2,146.59764705882353
train_mean,3,2025-05-11 06:25:00,142.56,146.59764705882353
train_mean,3,2025-05-11 08:04:00,141.68,146.59764705882353
train_mean,3,2025-05-11 09:43:00,53.68,146.59764705882353
train_mean,3,2025-05-11 11:22:00,65.12,146.59764705882353
train_mean,3,2025-05-11 13:01:00,83.6,146.59764705882353
train_mean,3,2025-05-11 14:40:00,90.64,146.59764705882353
train_mean,3,2025-05-11 16:19:00,91.52,146.59764705882353
train_mean,3,2025-05-11 17:58:00,138.16,146.59764705882353
train_mean,3,2025-05-11 19:37:00,139.04,146.59764705882353
train_mean,3,2025-05-11 21:16:00,145.64,146.59764705882353
train_mean,3,2025-05-11 22:54:00,172.48,146.59764705882353
train_mean,3,2025-05-12 00:33:00,183.92,146.59764705882353
train_mean,3,2025-05-12 02:12:00,184.8,146.59764705882353
train_mean,3,2025-05-12 03:51:00,183.92,146.59764705882353
train_mean,3,2025-05-12 05:30:00,139.04,146.59764705882353
train_mean,3,2025-05-12 07:09:00,139.04,146.59764705882353
train_mean,3,2025-05-12 08:48:00,53.68,146.59764705882353
train_mean,3,2025-05-12 10:27:00,58.08,146.59764705882353
train_mean,3,2025-05-12 12:06:00,65.12,146.59764705882353
train_mean,3,2025-05-12 13:45:00,87.12,146.59764705882353
train_mean,3,2025-05-12 15:24:00,88.0,146.59764705882353
train_mean,3,2025-05-12 17:03:00,118.8,146.59764705882353
train_mean,3,2025-05-12 18:41:00,132.88,146.59764705882353
train_mean,3,2025-05-12 20:20:00,144.32,146.59764705882353
train_mean,3,2025-05-12 21:59:00,145.2,146.59764705882353
train_mean,3,2025-05-12 23:38:00,146.08,146.59764705882353
train_mean,3,2025-05-13 01:17:00,154.0,146.59764705882353
train_mean,3,2025-05-13 02:56:00,169.84,146.59764705882353
train_mean,3,2025-05-13 04:35:00,169.84,146.59764705882353
train_mean,3,2025-05-13 06:14:00,144.32,146.59764705882353
train_mean,3,2025-05-13 07:53:00,133.76,146.59764705882353
train_mean,3,2025-05-13 09:32:00,52.8,146.59764705882353
train_mean,3,2025-05-13 11:11:00,63.8,146.59764705882353
train_mean,3,2025-05-13 12:50:00,75.68,146.59764705882353
train_mean,3,2025-05-13 14:28:00,79.2,146.59764705882353
train_mean,3,2025-05-13 16:07:00,92.4,146.59764705882353
train_mean,3,2025-05-13 17:46:00,94.16,146.59764705882353
train_mean,3,2025-05-13 19:25:00,133.76,146.59764705882353
train_mean,3,2025-05-13 21:04:00,139.04,146.59764705882353
train_mean,3,2025-05-13 22:43:00,159.28,146.59764705882353
train_mean,3,2025-05-14 00:22:00,165.44,146.59764705882353
train_mean,3,2025-05-14 02:01:00,168.08,146.59764705882353
train_mean,3,2025-05-14 03:40:00,167.2,146.59764705882353
train_mean,3,2025-05-14 05:19:00,143.44,146.59764705882353
train_mean,3,2025-05-14 06:58:00,142.56,146.59764705882353
train_mean,3,2025-05-14 08:37:00,74.8,146.59764705882353
train_mean,3,2025-05-14 10:16:00,54.56,146.59764705882353
train_mean,3,2025-05-14 11:54:00,80.96,146.59764705882353
train_mean,3,2025-05-14 13:33:00,87.12,146.59764705882353
train_mean,3,2025-05-14 15:12:00,98.56,146.59764705882353
train_mean,3,2025-05-14 16:51:00,101.2,146.59764705882353
train_mean,3,2025-05-14 18:30:00,119.24,146.59764705882353
train_mean,3,2025-05-14 20:09:00,140.8,146.59764705882353
train_mean,3,2025-05-14 21:48:00,161.04,146.59764705882353
train_mean,3,2025-05-14 23:27:00,162.8,146.59764705882353
train_mean,3,2025-05-15 01:06:00,180.4,146.59764705882353
train_mean,3,2025-05-15 02:45:00,181.28,146.59764705882353
train_mean,3,2025-05-15 04:24:00,181.28,146.59764705882353
train_mean,3,2025-05-15 06:03:00,181.28,146.59764705882353
train_mean,3,2025-05-15 07:41:00,153.12,146.59764705882353
seasonal_naive_24,3,2025-05-10 22:11:00,137.28,146.96
seasonal_naive_24,3,2025-05-10 23:50:00,154.88,145.2
seasonal_naive_24,3,2025-05-11 01:28:00,161.04,60.72
seasonal_naive_24,3,2025-05-11 03:07:00,161.04,60.72
seasonal_naive_24,3,2025-05-11 04:46:00,145.2,88.88
seasonal_naive_24,3,2025-05-11 06:25:00,142.56,100.32
seasonal_naive_24,3,2025-05-11 08:04:00,141.68,119.68
seasonal_naive_24,3,2025-05-11 09:43:00,53.68,142.56
seasonal_naive_24,3,2025-05-11 11:22:00,65.12,124.08
seasonal_naive_24,3,2025-05-11 13:01:00,83.6,144.32
seasonal_naive_24,3,2025-05-11 14:40:00,90.64,164.56
seasonal_naive_24,3,2025-05-11 16:19:00,91.52,165.44
seasonal_naive_24,3,2025-05-11 17:58:00,138.16,165.44
seasonal_naive_24,3,2025-05-11 19:37:00,139.04,163.68
seasonal_naive_24,3,2025-05-11 21:16:00,145.64,138.16
seasonal_naive_24,3,2025-05-11 22:54:00,172.48,137.28
seasonal_naive_24,3,2025-05-12 00:33:00,183.92,51.04
seasonal_naive_24,3,2025-05-12 02:12:00,184.8,51.04
seasonal_naive_24,3,2025-05-12 03:51:00,183.92,66.0
seasonal_naive_24,3,2025-05-12 05:30:00,139.04,88.88
seasonal_naive_24,3,2025-05-12 07:09:00,139.04,102.08
seasonal_naive_24,3,2025-05-12 08:48:00,53.68,135.52
seasonal_naive_24,3,2025-05-12 10:27:00,58.08,136.4
seasonal_naive_24,3,2025-05-12 12:06:00,65.12,137.28
seasonal_naive_24,3,2025-05-12 13:45:00,87.12,137.28
seasonal_naive_24,3,2025-05-12 15:24:00,88.0,154.88
seasonal_naive_24,3,2025-05-12 17:03:00,118.8,161.04
seasonal_naive_24,3,2025-05-12 18:41:00,132.88,161.04
seasonal_naive_24,3,2025-05-12 20:20:00,144.32,145.2
seasonal_naive_24,3,2025-05-12 21:59:00,145.2,142.56
seasonal_naive_24,3,2025-05-12 23:38:00,146.08,141.68
seasonal_naive_24,3,2025-05-13 01:17:00,154.0,53.68
seasonal_naive_24,3,2025-05-13 02:56:00,169.84,65.12
seasonal_naive_24,3,2025-05-13 04:35:00,169.84,83.6
seasonal_naive_24,3,2025-05-13 06:14:00,144.32,90.64
seasonal_naive_24,3,2025-05-13 07:53:00,133.76,91.52
seasonal_naive_24,3,2025-05-13 09:32:00,52.8,138.16
seasonal_naive_24,3,2025-05-13 11:11:00,63.8,139.04
seasonal_naive_24,3,2025-05-13 12:50:00,75.68,145.64
seasonal_naive_24,3,2025-05-13 14:28:00,79.2,172.48
seasonal_naive_24,3,2025-05-13 16:07:00,92.4,183.92
seasonal_naive_24,3,2025-05-13 17:46:00,94.16,184.8
seasonal_naive_24,3,2025-05-13 19:25:00,133.76,183.92
seasonal_naive_24,3,2025-05-13 21:04:00,139.04,139.04
seasonal_naive_24,3,2025-05-13 22:43:00,159.28,139.04
seasonal_naive_24,3,2025-05-14 00:22:00,165.44,53.68
seasonal_naive_24,3,2025-05-14 02:01:00,168.08,58.08
seasonal_naive_24,3,2025-05-14 03:40:00,167.2,65.12
seasonal_naive_24,3,2025-05-14 05:19:00,143.44,87.12
seasonal_naive_24,3,2025-05-14 06:58:00,142.56,88.0
seasonal_naive_24,3,2025-05-14 08:37:00,74.8,118.8
seasonal_naive_24,3,2025-05-14 10:16:00,54.56,132.88
seasonal_naive_24,3,2025-05-14 11:54:00,80.96,144.32
seasonal_naive_24,3,2025-05-14 13:33:00,87.12,145.2
seasonal_naive_24,3,2025-05-14 15:12:00,98.56,146.08
seasonal_naive_24,3,2025-05-14 16:51:00,101.2,154.0
seasonal_naive_24,3,2025-05-14 18:30:00,119.24,169.84
seasonal_naive_24,3,2025-05-14 20:09:00,140.8,169.84
seasonal_naive_24,3,2025-05-14 21:48:00,161.04,144.32
seasonal_naive_24,3,2025-05-14 23:27:00,162.8,133.76
seasonal_naive_24,3,2025-05-15 01:06:00,180.4,52.8
seasonal_naive_24,3,2025-05-15 02:45:00,181.28,63.8
seasonal_naive_24,3,2025-05-15 04:24:00,181.28,75.68
seasonal_naive_24,3,2025-05-15 06:03:00,181.28,79.2
seasonal_naive_24,3,2025-05-15 07:41:00,153.12,92.4
ridge,3,2025-05-10 22:11:00,137.28,150.1310580851983
ridge,3,2025-05-10 23:50:00,154.88,155.80165529010304
ridge,3,2025-05-11 01:28:00,161.04,166.92474865855405
ridge,3,2025-05-11 03:07:00,161.04,163.02957238634477
ridge,3,2025-05-11 04:46:00,145.2,143.42795910438366
ridge,3,2025-05-11 06:25:00,142.56,111.49017115708773
ridge,3,2025-05-11 08:04:00,141.68,101.90595751730146
ridge,3,2025-05-11 09:43:00,53.68,92.39542148023263
ridge,3,2025-05-11 11:22:00,65.12,69.32987361864502
ridge,3,2025-05-11 13:01:00,83.6,84.18158288501814
ridge,3,2025-05-11 14:40:00,90.64,103.90023052092681
ridge,3,2025-05-11 16:19:00,91.52,110.13312648062015
ridge,3,2025-05-11 17:58:00,138.16,119.67670122149939
ridge,3,2025-05-11 19:37:00,139.04,149.9410806591331
ridge,3,2025-05-11 21:16:00,145.64,155.80469374658793
ridge,3,2025-05-11 22:54:00,172.48,155.25065109840293
ridge,3,2025-05-12 00:33:00,183.92,173.67692640303247
ridge,3,2025-05-12 02:12:00,184.8,179.59717885109066
ridge,3,2025-05-12 03:51:00,183.92,166.22930482055696
ridge,3,2025-05-12 05:30:00,139.04,143.14383823834567
ridge,3,2025-05-12 07:09:00,139.04,108.40052036316573
ridge,3,2025-05-12 08:48:00,53.68,106.29833372537061
ridge,3,2025-05-12 10:27:00,58.08,67.70297157786646
ridge,3,2025-05-12 12:06:00,65.12,82.84046241182132
ridge,3,2025-05-12 13:45:00,87.12,99.21248012317785
ridge,3,2025-05-12 15:24:00,88.0,112.45741907902837
ridge,3,2025-05-12 17:03:00,118.8,115.34796012718053
ridge,3,2025-05-12 18:41:00,132.88,143.4018790487232
ridge,3,2025-05-12 20:20:00,144.32,156.92027107846465
ridge,3,2025-05-12 21:59:00,145.2,163.57953455908003
ridge,3,2025-05-12 23:38:00,146.08,169.78825253723286
ridge,3,2025-05-13 01:17:00,154.0,170.48142821578392
ridge,3,2025-05-13 02:56:00,169.84,167.23582339946236
ridge,3,2025-05-13 04:35:00,169.84,158.6145660526347
ridge,3,2025-05-13 06:14:00,144.32,129.26140634863737
ridge,3,2025-05-13 07:53:00,133.76,106.77044347764671
ridge,3,2025-05-13 09:32:00,52.8,90.39150450817101
ridge,3,2025-05-13 11:11:00,63.8,71.69607630525483
ridge,3,2025-05-13 12:50:00,75.68,86.76187503735517
ridge,3,2025-05-13 14:28:00,79.2,103.3321355785444
ridge,3,2025-05-13 16:07:00,92.4,105.16931710642666
ridge,3,2025-05-13 17:46:00,94.16,120.66627119240792
ridge,3,2025-05-13 19:25:00,133.76,130.50022471556866
ridge,3,2025-05-13 21:04:00,139.04,156.32136007296336
ridge,3,2025-05-13 22:43:00,159.28,161.99701770067384
ridge,3,2025-05-14 00:22:00,165.44,169.53310611834002
ridge,3,2025-05-14 02:01:00,168.08,173.03922758036873
ridge,3,2025-05-14 03:40:00,167.2,164.7906558047297
ridge,3,2025-05-14 05:19:00,143.44,144.5855247401613
ridge,3,2025-05-14 06:58:00,142.56,111.69361143133813
ridge,3,2025-05-14 08:37:00,74.8,105.7565046882132
ridge,3,2025-05-14 10:16:00,54.56,73.00020101954902
ridge,3,2025-05-14 11:54:00,80.96,77.77568420797998
ridge,3,2025-05-14 13:33:00,87.12,101.09180816051406
ridge,3,2025-05-14 15:12:00,98.56,107.94519749707909
ridge,3,2025-05-14 16:51:00,101.2,114.48904918128582
ridge,3,2025-05-14 18:30:00,119.24,121.02557152871057
ridge,3,2025-05-14 20:09:00,140.8,142.29537809088472
ridge,3,2025-05-14 21:48:00,161.04,157.8764471769838
ridge,3,2025-05-14 23:27:00,162.8,173.04325599755273
ridge,3,2025-05-15 01:06:00,180.4,173.57960856511315
ridge,3,2025-05-15 02:45:00,181.28,176.01510022084761
ridge,3,2025-05-15 04:24:00,181.28,161.97702996558772
ridge,3,2025-05-15 06:03:00,181.28,135.9470914790752
ridge,3,2025-05-15 07:41:00,153.12,125.62006530570523
random_forest,3,2025-05-10 22:11:00,137.28,140.87001822504365
random_forest,3,2025-05-10 23:50:00,154.88,156.86020634920638
random_forest,3,2025-05-11 01:28:00,161.04,169.34973385033496
random_forest,3,2025-05-11 03:07:00,161.04,168.2045740749136
random_forest,3,2025-05-11 04:46:00,145.2,158.88161082301338
random_forest,3,2025-05-11 06:25:00,142.56,111.11094450622979
random_forest,3,2025-05-11 08:04:00,141.68,105.97674870122599
random_forest,3,2025-05-11 09:43:00,53.68,97.40772663595511
random_forest,3,2025-05-11 11:22:00,65.12,70.73557537037043
random_forest,3,2025-05-11 13:01:00,83.6,87.58326303907205
random_forest,3,2025-05-11 14:40:00,90.64,93.8681221362095
random_forest,3,2025-05-11 16:19:00,91.52,106.76966241488799
random_forest,3,2025-05-11 17:58:00,138.16,119.67853333333345
random_forest,3,2025-05-11 19:37:00,139.04,133.5901722002336
random_forest,3,2025-05-11 21:16:00,145.64,139.02826837970386
random_forest,3,2025-05-11 22:54:00,172.48,152.5556475465527
random_forest,3,2025-05-12 00:33:00,183.92,177.1568096544639
random_forest,3,2025-05-12 02:12:00,184.8,180.95610064611859
random_forest,3,2025-05-12 03:51:00,183.92,174.8373908720516
random_forest,3,2025-05-12 05:30:00,139.04,143.58947312169326
random_forest,3,2025-05-12 07:09:00,139.04,105.22030349631953
random_forest,3,2025-05-12 08:48:00,53.68,99.96919885718621
random_forest,3,2025-05-12 10:27:00,58.08,68.17591364612521
random_forest,3,2025-05-12 12:06:00,65.12,81.09685425925923
random_forest,3,2025-05-12 13:45:00,87.12,93.67703986650383
random_forest,3,2025-05-12 15:24:00,88.0,97.66116335042753
random_forest,3,2025-05-12 17:03:00,118.8,113.05262222222234
random_forest,3,2025-05-12 18:41:00,132.88,135.36320380360237
random_forest,3,2025-05-12 20:20:00,144.32,133.47721962256423
random_forest,3,2025-05-12 21:59:00,145.2,146.18477303690932
random_forest,3,2025-05-12 23:38:00,146.08,169.6597303703706
random_forest,3,2025-05-13 01:17:00,154.0,167.30020592581505
random_forest,3,2025-05-13 02:56:00,169.84,164.33698178243287
random_forest,3,2025-05-13 04:35:00,169.84,164.38200700485862
random_forest,3,2025-05-13 06:14:00,144.32,129.51817592592587
random_forest,3,2025-05-13 07:53:00,133.76,98.41248974842486
random_forest,3,2025-05-13 09:32:00,52.8,88.89561498968709
random_forest,3,2025-05-13 11:11:00,63.8,71.68944401649551
random_forest,3,2025-05-13 12:50:00,75.68,83.11745859462759
random_forest,3,2025-05-13 14:28:00,79.2,94.12103297191696
random_forest,3,2025-05-13 16:07:00,92.4,102.19721299145297
random_forest,3,2025-05-13 17:46:00,94.16,120.18820000000031
random_forest,3,2025-05-13 19:25:00,133.76,126.02508888888913
random_forest,3,2025-05-13 21:04:00,139.04,132.76258604757467
random_forest,3,2025-05-13 22:43:00,159.28,142.0290257683892
random_forest,3,2025-05-14 00:22:00,165.44,170.4307414625189
random_forest,3,2025-05-14 02:01:00,168.08,169.80172377897975
random_forest,3,2025-05-14 03:40:00,167.2,170.28243410933547
random_forest,3,2025-05-14 05:19:00,143.44,157.99161388007047
random_forest,3,2025-05-14 06:58:00,142.56,111.75040629535445
random_forest,3,2025-05-14 08:37:00,74.8,107.06696866370312
random_forest,3,2025-05-14 10:16:00,54.56,74.4483083286648
random_forest,3,2025-05-14 11:54:00,80.96,74.7352222222222
random_forest,3,2025-05-14 13:33:00,87.12,92.61411143057678
random_forest,3,2025-05-14 15:12:00,98.56,96.10681096659657
random_forest,3,2025-05-14 16:51:00,101.2,116.00548757763976
random_forest,3,2025-05-14 18:30:00,119.24,124.17251265700499
random_forest,3,2025-05-14 20:09:00,140.8,134.63105208898682
random_forest,3,2025-05-14 21:48:00,161.04,139.2754599466555
random_forest,3,2025-05-14 23:27:00,162.8,172.1486101587304
random_forest,3,2025-05-15 01:06:00,180.4,175.47550795444513
random_forest,3,2025-05-15 02:45:00,181.28,174.8844363459009
random_forest,3,2025-05-15 04:24:00,181.28,172.82401206401084
random_forest,3,2025-05-15 06:03:00,181.28,137.31519126984122
random_forest,3,2025-05-15 07:41:00,153.12,103.60567380963502
xgboost,3,2025-05-10 22:11:00,137.28,141.2686767578125
xgboost,3,2025-05-10 23:50:00,154.88,155.35302734375
xgboost,3,2025-05-11 01:28:00,161.04,170.27713012695312
xgboost,3,2025-05-11 03:07:00,161.04,171.27447509765625
xgboost,3,2025-05-11 04:46:00,145.2,164.2933807373047
xgboost,3,2025-05-11 06:25:00,142.56,94.82129669189453
xgboost,3,2025-05-11 08:04:00,141.68,87.44113159179688
xgboost,3,2025-05-11 09:43:00,53.68,96.28753662109375
xgboost,3,2025-05-11 11:22:00,65.12,67.08104705810547
xgboost,3,2025-05-11 13:01:00,83.6,86.58210754394531
xgboost,3,2025-05-11 14:40:00,90.64,91.11028289794922
xgboost,3,2025-05-11 16:19:00,91.52,107.67166137695312
xgboost,3,2025-05-11 17:58:00,138.16,119.90989685058594
xgboost,3,2025-05-11 19:37:00,139.04,133.72955322265625
xgboost,3,2025-05-11 21:16:00,145.64,141.97488403320312
xgboost,3,2025-05-11 22:54:00,172.48,157.2947540283203
xgboost,3,2025-05-12 00:33:00,183.92,181.3020477294922
xgboost,3,2025-05-12 02:12:00,184.8,180.17922973632812
xgboost,3,2025-05-12 03:51:00,183.92,175.45802307128906
xgboost,3,2025-05-12 05:30:00,139.04,151.67002868652344
xgboost,3,2025-05-12 07:09:00,139.04,100.91144561767578
xgboost,3,2025-05-12 08:48:00,53.68,90.51082611083984
xgboost,3,2025-05-12 10:27:00,58.08,66.68901062011719
xgboost,3,2025-05-12 12:06:00,65.12,86.44540405273438
xgboost,3,2025-05-12 13:45:00,87.12,99.02503204345703
xgboost,3,2025-05-12 15:24:00,88.0,100.7606201171875
xgboost,3,2025-05-12 17:03:00,118.8,118.82655334472656
xgboost,3,2025-05-12 18:41:00,132.88,139.1746368408203
xgboost,3,2025-05-12 20:20:00,144.32,136.12474060058594
xgboost,3,2025-05-12 21:59:00,145.2,141.4163818359375
xgboost,3,2025-05-12 23:38:00,146.08,165.85641479492188
xgboost,3,2025-05-13 01:17:00,154.0,168.0526885986328
xgboost,3,2025-05-13 02:56:00,169.84,161.79762268066406
xgboost,3,2025-05-13 04:35:00,169.84,165.1685791015625
xgboost,3,2025-05-13 06:14:00,144.32,128.46914672851562
xgboost,3,2025-05-13 07:53:00,133.76,96.49034118652344
xgboost,3,2025-05-13 09:32:00,52.8,83.23579406738281
xgboost,3,2025-05-13 11:11:00,63.8,67.41761016845703
xgboost,3,2025-05-13 12:50:00,75.68,82.90757751464844
xgboost,3,2025-05-13 14:28:00,79.2,91.4251480102539
xgboost,3,2025-05-13 16:07:00,92.4,103.93551635742188
xgboost,3,2025-05-13 17:46:00,94.16,122.91289520263672
xgboost,3,2025-05-13 19:25:00,133.76,127.59223937988281
xgboost,3,2025-05-13 21:04:00,139.04,142.726318359375
xgboost,3,2025-05-13 22:43:00,159.28,150.9649658203125
xgboost,3,2025-05-14 00:22:00,165.44,180.51748657226562
xgboost,3,2025-05-14 02:01:00,168.08,171.12271118164062
xgboost,3,2025-05-14 03:40:00,167.2,169.83734130859375
xgboost,3,2025-05-14 05:19:00,143.44,164.82418823242188
xgboost,3,2025-05-14 06:58:00,142.56,105.55475616455078
xgboost,3,2025-05-14 08:37:00,74.8,101.29336547851562
xgboost,3,2025-05-14 10:16:00,54.56,71.83992767333984
xgboost,3,2025-05-14 11:54:00,80.96,64.8765869140625
xgboost,3,2025-05-14 13:33:00,87.12,94.36724853515625
xgboost,3,2025-05-14 15:12:00,98.56,95.44293212890625
xgboost,3,2025-05-14 16:51:00,101.2,118.09831237792969
xgboost,3,2025-05-14 18:30:00,119.24,125.52788543701172
xgboost,3,2025-05-14 20:09:00,140.8,131.2029266357422
xgboost,3,2025-05-14 21:48:00,161.04,141.80120849609375
xgboost,3,2025-05-14 23:27:00,162.8,167.7611083984375
xgboost,3,2025-05-15 01:06:00,180.4,178.03370666503906
xgboost,3,2025-05-15 02:45:00,181.28,168.47103881835938
xgboost,3,2025-05-15 04:24:00,181.28,165.9938201904297
xgboost,3,2025-05-15 06:03:00,181.28,147.49844360351562
xgboost,3,2025-05-15 07:41:00,153.12,107.25165557861328
persistence,4,2025-05-15 09:20:00,72.16,153.12
persistence,4,2025-05-15 10:59:00,61.6,72.16
persistence,4,2025-05-15 12:38:00,66.0,61.6
persistence,4,2025-05-15 14:17:00,79.2,66.0
persistence,4,2025-05-15 15:56:00,129.36,79.2
persistence,4,2025-05-15 17:35:00,149.6,129.36
persistence,4,2025-05-15 19:14:00,150.04,149.6
persistence,4,2025-05-15 20:53:00,158.4,150.04
persistence,4,2025-05-15 22:32:00,158.4,158.4
persistence,4,2025-05-16 00:11:00,172.48,158.4
persistence,4,2025-05-16 01:50:00,182.16,172.48
persistence,4,2025-05-16 03:28:00,183.04,182.16
persistence,4,2025-05-16 05:07:00,182.16,183.04
persistence,4,2025-05-16 06:46:00,166.32,182.16
persistence,4,2025-05-16 08:25:00,80.96,166.32
persistence,4,2025-05-16 10:04:00,66.88,80.96
persistence,4,2025-05-16 11:43:00,80.08,66.88
persistence,4,2025-05-16 13:22:00,107.36,80.08
persistence,4,2025-05-16 15:01:00,109.12,107.36
persistence,4,2025-05-16 16:40:00,139.04,109.12
persistence,4,2025-05-16 18:19:00,156.64,139.04
persistence,4,2025-05-16 19:58:00,156.64,156.64
persistence,4,2025-05-16 21:37:00,173.36,156.64
persistence,4,2025-05-16 23:16:00,175.12,173.36
persistence,4,2025-05-17 00:54:00,188.32,175.12
persistence,4,2025-05-17 02:33:00,191.84,188.32
persistence,4,2025-05-17 04:12:00,191.84,191.84
persistence,4,2025-05-17 05:51:00,190.96,191.84
persistence,4,2025-05-17 07:30:00,157.52,190.96
persistence,4,2025-05-17 09:09:00,61.6,157.52
persistence,4,2025-05-17 10:48:00,59.84,61.6
persistence,4,2025-05-17 12:27:00,73.04,59.84
persistence,4,2025-05-17 14:06:00,74.8,73.04
persistence,4,2025-05-17 15:45:00,144.32,74.8
persistence,4,2025-05-17 17:24:00,146.08,144.32
persistence,4,2025-05-17 19:03:00,146.08,146.08
persistence,4,2025-05-17 20:41:00,147.84,146.08
persistence,4,2025-05-17 22:20:00,154.0,147.84
persistence,4,2025-05-17 23:59:00,154.88,154.0
persistence,4,2025-05-18 01:38:00,193.6,154.88
persistence,4,2025-05-18 03:17:00,194.48,193.6
persistence,4,2025-05-18 04:56:00,193.6,194.48
persistence,4,2025-05-18 06:35:00,186.56,193.6
persistence,4,2025-05-18 08:14:00,119.68,186.56
persistence,4,2025-05-18 09:53:00,56.32,119.68
persistence,4,2025-05-18 11:32:00,70.4,56.32
persistence,4,2025-05-18 13:11:00,75.68,70.4
persistence,4,2025-05-18 14:50:00,98.56,75.68
persistence,4,2025-05-18 16:28:00,127.6,98.56
persistence,4,2025-05-18 18:07:00,138.16,127.6
persistence,4,2025-05-18 19:46:00,145.2,138.16
persistence,4,2025-05-18 21:25:00,156.64,145.2
persistence,4,2025-05-18 23:04:00,156.64,156.64
persistence,4,2025-05-19 00:43:00,170.72,156.64
persistence,4,2025-05-19 02:22:00,194.48,170.72
persistence,4,2025-05-19 04:01:00,202.4,194.48
persistence,4,2025-05-19 05:40:00,202.4,202.4
persistence,4,2025-05-19 07:19:00,189.2,202.4
persistence,4,2025-05-19 08:58:00,187.44,189.2
persistence,4,2025-05-19 10:37:00,86.24,187.44
persistence,4,2025-05-19 12:16:00,85.36,86.24
persistence,4,2025-05-19 13:54:00,97.68,85.36
persistence,4,2025-05-19 15:33:00,102.96,97.68
persistence,4,2025-05-19 17:12:00,134.64,102.96
persistence,4,2025-05-19 18:51:00,139.92,134.64
seasonal_naive_15,4,2025-05-15 09:20:00,72.16,74.8
seasonal_naive_15,4,2025-05-15 10:59:00,61.6,54.56
seasonal_naive_15,4,2025-05-15 12:38:00,66.0,80.96
seasonal_naive_15,4,2025-05-15 14:17:00,79.2,87.12
seasonal_naive_15,4,2025-05-15 15:56:00,129.36,98.56
seasonal_naive_15,4,2025-05-15 17:35:00,149.6,101.2
seasonal_naive_15,4,2025-05-15 19:14:00,150.04,119.24
seasonal_naive_15,4,2025-05-15 20:53:00,158.4,140.8
seasonal_naive_15,4,2025-05-15 22:32:00,158.4,161.04
seasonal_naive_15,4,2025-05-16 00:11:00,172.48,162.8
seasonal_naive_15,4,2025-05-16 01:50:00,182.16,180.4
seasonal_naive_15,4,2025-05-16 03:28:00,183.04,181.28
seasonal_naive_15,4,2025-05-16 05:07:00,182.16,181.28
seasonal_naive_15,4,2025-05-16 06:46:00,166.32,181.28
seasonal_naive_15,4,2025-05-16 08:25:00,80.96,153.12
seasonal_naive_15,4,2025-05-16 10:04:00,66.88,72.16
seasonal_naive_15,4,2025-05-16 11:43:00,80.08,61.6
seasonal_naive_15,4,2025-05-16 13:22:00,107.36,66.0
seasonal_naive_15,4,2025-05-16 15:01:00,109.12,79.2
seasonal_naive_15,4,2025-05-16 16:40:00,139.04,129.36
seasonal_naive_15,4,2025-05-16 18:19:00,156.64,149.6
seasonal_naive_15,4,2025-05-16 19:58:00,156.64,150.04
seasonal_naive_15,4,2025-05-16 21:37:00,173.36,158.4
seasonal_naive_15,4,2025-05-16 23:16:00,175.12,158.4
seasonal_naive_15,4,2025-05-17 00:54:00,188.32,172.48
seasonal_naive_15,4,2025-05-17 02:33:00,191.84,182.16
seasonal_naive_15,4,2025-05-17 04:12:00,191.84,183.04
seasonal_naive_15,4,2025-05-17 05:51:00,190.96,182.16
seasonal_naive_15,4,2025-05-17 07:30:00,157.52,166.32
seasonal_naive_15,4,2025-05-17 09:09:00,61.6,80.96
seasonal_naive_15,4,2025-05-17 10:48:00,59.84,66.88
seasonal_naive_15,4,2025-05-17 12:27:00,73.04,80.08
seasonal_naive_15,4,2025-05-17 14:06:00,74.8,107.36
seasonal_naive_15,4,2025-05-17 15:45:00,144.32,109.12
seasonal_naive_15,4,2025-05-17 17:24:00,146.08,139.04
seasonal_naive_15,4,2025-05-17 19:03:00,146.08,156.64
seasonal_naive_15,4,2025-05-17 20:41:00,147.84,156.64
seasonal_naive_15,4,2025-05-17 22:20:00,154.0,173.36
seasonal_naive_15,4,2025-05-17 23:59:00,154.88,175.12
seasonal_naive_15,4,2025-05-18 01:38:00,193.6,188.32
seasonal_naive_15,4,2025-05-18 03:17:00,194.48,191.84
seasonal_naive_15,4,2025-05-18 04:56:00,193.6,191.84
seasonal_naive_15,4,2025-05-18 06:35:00,186.56,190.96
seasonal_naive_15,4,2025-05-18 08:14:00,119.68,157.52
seasonal_naive_15,4,2025-05-18 09:53:00,56.32,61.6
seasonal_naive_15,4,2025-05-18 11:32:00,70.4,59.84
seasonal_naive_15,4,2025-05-18 13:11:00,75.68,73.04
seasonal_naive_15,4,2025-05-18 14:50:00,98.56,74.8
seasonal_naive_15,4,2025-05-18 16:28:00,127.6,144.32
seasonal_naive_15,4,2025-05-18 18:07:00,138.16,146.08
seasonal_naive_15,4,2025-05-18 19:46:00,145.2,146.08
seasonal_naive_15,4,2025-05-18 21:25:00,156.64,147.84
seasonal_naive_15,4,2025-05-18 23:04:00,156.64,154.0
seasonal_naive_15,4,2025-05-19 00:43:00,170.72,154.88
seasonal_naive_15,4,2025-05-19 02:22:00,194.48,193.6
seasonal_naive_15,4,2025-05-19 04:01:00,202.4,194.48
seasonal_naive_15,4,2025-05-19 05:40:00,202.4,193.6
seasonal_naive_15,4,2025-05-19 07:19:00,189.2,186.56
seasonal_naive_15,4,2025-05-19 08:58:00,187.44,119.68
seasonal_naive_15,4,2025-05-19 10:37:00,86.24,56.32
seasonal_naive_15,4,2025-05-19 12:16:00,85.36,70.4
seasonal_naive_15,4,2025-05-19 13:54:00,97.68,75.68
seasonal_naive_15,4,2025-05-19 15:33:00,102.96,98.56
seasonal_naive_15,4,2025-05-19 17:12:00,134.64,127.6
seasonal_naive_15,4,2025-05-19 18:51:00,139.92,138.16
drift,4,2025-05-15 09:20:00,72.16,153.07947368421054
drift,4,2025-05-15 10:59:00,61.6,153.03894736842105
drift,4,2025-05-15 12:38:00,66.0,152.99842105263158
drift,4,2025-05-15 14:17:00,79.2,152.95789473684212
drift,4,2025-05-15 15:56:00,129.36,152.91736842105263
drift,4,2025-05-15 17:35:00,149.6,152.87684210526317
drift,4,2025-05-15 19:14:00,150.04,152.8363157894737
drift,4,2025-05-15 20:53:00,158.4,152.7957894736842
drift,4,2025-05-15 22:32:00,158.4,152.75526315789475
drift,4,2025-05-16 00:11:00,172.48,152.71473684210528
drift,4,2025-05-16 01:50:00,182.16,152.6742105263158
drift,4,2025-05-16 03:28:00,183.04,152.63368421052633
drift,4,2025-05-16 05:07:00,182.16,152.59315789473683
drift,4,2025-05-16 06:46:00,166.32,152.55263157894737
drift,4,2025-05-16 08:25:00,80.96,152.5121052631579
drift,4,2025-05-16 10:04:00,66.88,152.4715789473684
drift,4,2025-05-16 11:43:00,80.08,152.43105263157895
drift,4,2025-05-16 13:22:00,107.36,152.3905263157895
drift,4,2025-05-16 15:01:00,109.12,152.35
drift,4,2025-05-16 16:40:00,139.04,152.30947368421053
drift,4,2025-05-16 18:19:00,156.64,152.26894736842107
drift,4,2025-05-16 19:58:00,156.64,152.22842105263157
drift,4,2025-05-16 21:37:00,173.36,152.1878947368421
drift,4,2025-05-16 23:16:00,175.12,152.14736842105265
drift,4,2025-05-17 00:54:00,188.32,152.10684210526315
drift,4,2025-05-17 02:33:00,191.84,152.0663157894737
drift,4,2025-05-17 04:12:00,191.84,152.02578947368423
drift,4,2025-05-17 05:51:00,190.96,151.98526315789474
drift,4,2025-05-17 07:30:00,157.52,151.94473684210527
drift,4,2025-05-17 09:09:00,61.6,151.9042105263158
drift,4,2025-05-17 10:48:00,59.84,151.86368421052632
drift,4,2025-05-17 12:27:00,73.04,151.82315789473685
drift,4,2025-05-17 14:06:00,74.8,151.78263157894736
drift,4,2025-05-17 15:45:00,144.32,151.7421052631579
drift,4,2025-05-17 17:24:00,146.08,151.70157894736843
drift,4,2025-05-17 19:03:00,146.08,151.66105263157894
drift,4,2025-05-17 20:41:00,147.84,151.62052631578948
drift,4,2025-05-17 22:20:00,154.0,151.58
drift,4,2025-05-17 23:59:00,154.88,151.53947368421052
drift,4,2025-05-18 01:38:00,193.6,151.49894736842106
drift,4,2025-05-18 03:17:00,194.48,151.4584210526316
drift,4,2025-05-18 04:56:00,193.6,151.4178947368421
drift,4,2025-05-18 06:35:00,186.56,151.37736842105264
drift,4,2025-05-18 08:14:00,119.68,151.33684210526317
drift,4,2025-05-18 09:53:00,56.32,151.29631578947368
drift,4,2025-05-18 11:32:00,70.4,151.25578947368422
drift,4,2025-05-18 13:11:00,75.68,151.21526315789475
drift,4,2025-05-18 14:50:00,98.56,151.17473684210526
drift,4,2025-05-18 16:28:00,127.6,151.1342105263158
drift,4,2025-05-18 18:07:00,138.16,151.09368421052633
drift,4,2025-05-18 19:46:00,145.2,151.05315789473684
drift,4,2025-05-18 21:25:00,156.64,151.01263157894738
drift,4,2025-05-18 23:04:00,156.64,150.9721052631579
drift,4,2025-05-19 00:43:00,170.72,150.93157894736842
drift,4,2025-05-19 02:22:00,194.48,150.89105263157896
drift,4,2025-05-19 04:01:00,202.4,150.85052631578947
drift,4,2025-05-19 05:40:00,202.4,150.81
drift,4,2025-05-19 07:19:00,189.2,150.76947368421054
drift,4,2025-05-19 08:58:00,187.44,150.72894736842105
drift,4,2025-05-19 10:37:00,86.24,150.68842105263158
drift,4,2025-05-19 12:16:00,85.36,150.64789473684212
drift,4,2025-05-19 13:54:00,97.68,150.60736842105263
drift,4,2025-05-19 15:33:00,102.96,150.56684210526316
drift,4,2025-05-19 17:12:00,134.64,150.5263157894737
drift,4,2025-05-19 18:51:00,139.92,150.4857894736842
rolling_mean_15,4,2025-05-15 09:20:00,72.16,130.56266666666667
rolling_mean_15,4,2025-05-15 10:59:00,61.6,130.38666666666666
rolling_mean_15,4,2025-05-15 12:38:00,66.0,130.856
rolling_mean_15,4,2025-05-15 14:17:00,79.2,129.85866666666666
rolling_mean_15,4,2025-05-15 15:56:00,129.36,129.33066666666667
rolling_mean_15,4,2025-05-15 17:35:00,149.6,131.38400000000001
rolling_mean_15,4,2025-05-15 19:14:00,150.04,134.61066666666667
rolling_mean_15,4,2025-05-15 20:53:00,158.4,136.66400000000002
rolling_mean_15,4,2025-05-15 22:32:00,158.4,137.83733333333333
rolling_mean_15,4,2025-05-16 00:11:00,172.48,137.66133333333335
rolling_mean_15,4,2025-05-16 01:50:00,182.16,138.30666666666667
rolling_mean_15,4,2025-05-16 03:28:00,183.04,138.424
rolling_mean_15,4,2025-05-16 05:07:00,182.16,138.54133333333337
rolling_mean_15,4,2025-05-16 06:46:00,166.32,138.6
rolling_mean_15,4,2025-05-16 08:25:00,80.96,137.60266666666666
rolling_mean_15,4,2025-05-16 10:04:00,66.88,132.79200000000003
rolling_mean_15,4,2025-05-16 11:43:00,80.08,132.44
rolling_mean_15,4,2025-05-16 13:22:00,107.36,133.672
rolling_mean_15,4,2025-05-16 15:01:00,109.12,136.42933333333332
rolling_mean_15,4,2025-05-16 16:40:00,139.04,138.424
rolling_mean_15,4,2025-05-16 18:19:00,156.64,139.06933333333333
rolling_mean_15,4,2025-05-16 19:58:00,156.64,139.53866666666667
rolling_mean_15,4,2025-05-16 21:37:00,173.36,139.97866666666667
rolling_mean_15,4,2025-05-16 23:16:00,175.12,140.97599999999997
rolling_mean_15,4,2025-05-17 00:54:00,188.32,142.09066666666664
rolling_mean_15,4,2025-05-17 02:33:00,191.84,143.14666666666665
rolling_mean_15,4,2025-05-17 04:12:00,191.84,143.79199999999997
rolling_mean_15,4,2025-05-17 05:51:00,190.96,144.37866666666665
rolling_mean_15,4,2025-05-17 07:30:00,157.52,144.9653333333333
rolling_mean_15,4,2025-05-17 09:09:00,61.6,144.37866666666665
rolling_mean_15,4,2025-05-17 10:48:00,59.84,143.088
rolling_mean_15,4,2025-05-17 12:27:00,73.04,142.61866666666668
rolling_mean_15,4,2025-05-17 14:06:00,74.8,142.14933333333332
rolling_mean_15,4,2025-05-17 15:45:00,144.32,139.97866666666667
rolling_mean_15,4,2025-05-17 17:24:00,146.08,142.3253333333333
rolling_mean_15,4,2025-05-17 19:03:00,146.08,142.79466666666664
rolling_mean_15,4,2025-05-17 20:41:00,147.84,142.09066666666664
rolling_mean_15,4,2025-05-17 22:20:00,154.0,141.50399999999996
rolling_mean_15,4,2025-05-17 23:59:00,154.88,140.2133333333333
rolling_mean_15,4,2025-05-18 01:38:00,193.6,138.86399999999998
rolling_mean_15,4,2025-05-18 03:17:00,194.48,139.21599999999998
rolling_mean_15,4,2025-05-18 04:56:00,193.6,139.39199999999997
rolling_mean_15,4,2025-05-18 06:35:00,186.56,139.50933333333333
rolling_mean_15,4,2025-05-18 08:14:00,119.68,139.21599999999998
rolling_mean_15,4,2025-05-18 09:53:00,56.32,136.6933333333333
rolling_mean_15,4,2025-05-18 11:32:00,70.4,136.34133333333332
rolling_mean_15,4,2025-05-18 13:11:00,75.68,137.04533333333333
rolling_mean_15,4,2025-05-18 14:50:00,98.56,137.22133333333335
rolling_mean_15,4,2025-05-18 16:28:00,127.6,138.80533333333332
rolling_mean_15,4,2025-05-18 18:07:00,138.16,137.6906666666667
rolling_mean_15,4,2025-05-18 19:46:00,145.2,137.16266666666667
rolling_mean_15,4,2025-05-18 21:25:00,156.64,137.10399999999998
rolling_mean_15,4,2025-05-18 23:04:00,156.64,137.6906666666667
rolling_mean_15,4,2025-05-19 00:43:00,170.72,137.86666666666667
rolling_mean_15,4,2025-05-19 02:22:00,194.48,138.92266666666666
rolling_mean_15,4,2025-05-19 04:01:00,202.4,138.9813333333333
rolling_mean_15,4,2025-05-19 05:40:00,202.4,139.50933333333333
rolling_mean_15,4,2025-05-19 07:19:00,189.2,140.096
rolling_mean_15,4,2025-05-19 08:58:00,187.44,140.27200000000002
rolling_mean_15,4,2025-05-19 10:37:00,86.24,144.78933333333333
rolling_mean_15,4,2025-05-19 12:16:00,85.36,146.784
rolling_mean_15,4,2025-05-19 13:54:00,97.68,147.78133333333335
rolling_mean_15,4,2025-05-19 15:33:00,102.96,149.24800000000002
rolling_mean_15,4,2025-05-19 17:12:00,134.64,149.5413333333333
rolling_mean_15,4,2025-05-19 18:51:00,139.92,150.01066666666665
train_mean,4,2025-05-15 09:20:00,72.16,144.5808210180624
train_mean,4,2025-05-15 10:59:00,61.6,144.5808210180624
train_mean,4,2025-05-15 12:38:00,66.0,144.5808210180624
train_mean,4,2025-05-15 14:17:00,79.2,144.5808210180624
train_mean,4,2025-05-15 15:56:00,129.36,144.5808210180624
train_mean,4,2025-05-15 17:35:00,149.6,144.5808210180624
train_mean,4,2025-05-15 19:14:00,150.04,144.5808210180624
train_mean,4,2025-05-15 20:53:00,158.4,144.5808210180624
train_mean,4,2025-05-15 22:32:00,158.4,144.5808210180624
train_mean,4,2025-05-16 00:11:00,172.48,144.5808210180624
train_mean,4,2025-05-16 01:50:00,182.16,144.5808210180624
train_mean,4,2025-05-16 03:28:00,183.04,144.5808210180624
train_mean,4,2025-05-16 05:07:00,182.16,144.5808210180624
train_mean,4,2025-05-16 06:46:00,166.32,144.5808210180624
train_mean,4,2025-05-16 08:25:00,80.96,144.5808210180624
train_mean,4,2025-05-16 10:04:00,66.88,144.5808210180624
train_mean,4,2025-05-16 11:43:00,80.08,144.5808210180624
train_mean,4,2025-05-16 13:22:00,107.36,144.5808210180624
train_mean,4,2025-05-16 15:01:00,109.12,144.5808210180624
train_mean,4,2025-05-16 16:40:00,139.04,144.5808210180624
train_mean,4,2025-05-16 18:19:00,156.64,144.5808210180624
train_mean,4,2025-05-16 19:58:00,156.64,144.5808210180624
train_mean,4,2025-05-16 21:37:00,173.36,144.5808210180624
train_mean,4,2025-05-16 23:16:00,175.12,144.5808210180624
train_mean,4,2025-05-17 00:54:00,188.32,144.5808210180624
train_mean,4,2025-05-17 02:33:00,191.84,144.5808210180624
train_mean,4,2025-05-17 04:12:00,191.84,144.5808210180624
train_mean,4,2025-05-17 05:51:00,190.96,144.5808210180624
train_mean,4,2025-05-17 07:30:00,157.52,144.5808210180624
train_mean,4,2025-05-17 09:09:00,61.6,144.5808210180624
train_mean,4,2025-05-17 10:48:00,59.84,144.5808210180624
train_mean,4,2025-05-17 12:27:00,73.04,144.5808210180624
train_mean,4,2025-05-17 14:06:00,74.8,144.5808210180624
train_mean,4,2025-05-17 15:45:00,144.32,144.5808210180624
train_mean,4,2025-05-17 17:24:00,146.08,144.5808210180624
train_mean,4,2025-05-17 19:03:00,146.08,144.5808210180624
train_mean,4,2025-05-17 20:41:00,147.84,144.5808210180624
train_mean,4,2025-05-17 22:20:00,154.0,144.5808210180624
train_mean,4,2025-05-17 23:59:00,154.88,144.5808210180624
train_mean,4,2025-05-18 01:38:00,193.6,144.5808210180624
train_mean,4,2025-05-18 03:17:00,194.48,144.5808210180624
train_mean,4,2025-05-18 04:56:00,193.6,144.5808210180624
train_mean,4,2025-05-18 06:35:00,186.56,144.5808210180624
train_mean,4,2025-05-18 08:14:00,119.68,144.5808210180624
train_mean,4,2025-05-18 09:53:00,56.32,144.5808210180624
train_mean,4,2025-05-18 11:32:00,70.4,144.5808210180624
train_mean,4,2025-05-18 13:11:00,75.68,144.5808210180624
train_mean,4,2025-05-18 14:50:00,98.56,144.5808210180624
train_mean,4,2025-05-18 16:28:00,127.6,144.5808210180624
train_mean,4,2025-05-18 18:07:00,138.16,144.5808210180624
train_mean,4,2025-05-18 19:46:00,145.2,144.5808210180624
train_mean,4,2025-05-18 21:25:00,156.64,144.5808210180624
train_mean,4,2025-05-18 23:04:00,156.64,144.5808210180624
train_mean,4,2025-05-19 00:43:00,170.72,144.5808210180624
train_mean,4,2025-05-19 02:22:00,194.48,144.5808210180624
train_mean,4,2025-05-19 04:01:00,202.4,144.5808210180624
train_mean,4,2025-05-19 05:40:00,202.4,144.5808210180624
train_mean,4,2025-05-19 07:19:00,189.2,144.5808210180624
train_mean,4,2025-05-19 08:58:00,187.44,144.5808210180624
train_mean,4,2025-05-19 10:37:00,86.24,144.5808210180624
train_mean,4,2025-05-19 12:16:00,85.36,144.5808210180624
train_mean,4,2025-05-19 13:54:00,97.68,144.5808210180624
train_mean,4,2025-05-19 15:33:00,102.96,144.5808210180624
train_mean,4,2025-05-19 17:12:00,134.64,144.5808210180624
train_mean,4,2025-05-19 18:51:00,139.92,144.5808210180624
seasonal_naive_24,4,2025-05-15 09:20:00,72.16,94.16
seasonal_naive_24,4,2025-05-15 10:59:00,61.6,133.76
seasonal_naive_24,4,2025-05-15 12:38:00,66.0,139.04
seasonal_naive_24,4,2025-05-15 14:17:00,79.2,159.28
seasonal_naive_24,4,2025-05-15 15:56:00,129.36,165.44
seasonal_naive_24,4,2025-05-15 17:35:00,149.6,168.08
seasonal_naive_24,4,2025-05-15 19:14:00,150.04,167.2
seasonal_naive_24,4,2025-05-15 20:53:00,158.4,143.44
seasonal_naive_24,4,2025-05-15 22:32:00,158.4,142.56
seasonal_naive_24,4,2025-05-16 00:11:00,172.48,74.8
seasonal_naive_24,4,2025-05-16 01:50:00,182.16,54.56
seasonal_naive_24,4,2025-05-16 03:28:00,183.04,80.96
seasonal_naive_24,4,2025-05-16 05:07:00,182.16,87.12
seasonal_naive_24,4,2025-05-16 06:46:00,166.32,98.56
seasonal_naive_24,4,2025-05-16 08:25:00,80.96,101.2
seasonal_naive_24,4,2025-05-16 10:04:00,66.88,119.24
seasonal_naive_24,4,2025-05-16 11:43:00,80.08,140.8
seasonal_naive_24,4,2025-05-16 13:22:00,107.36,161.04
seasonal_naive_24,4,2025-05-16 15:01:00,109.12,162.8
seasonal_naive_24,4,2025-05-16 16:40:00,139.04,180.4
seasonal_naive_24,4,2025-05-16 18:19:00,156.64,181.28
seasonal_naive_24,4,2025-05-16 19:58:00,156.64,181.28
seasonal_naive_24,4,2025-05-16 21:37:00,173.36,181.28
seasonal_naive_24,4,2025-05-16 23:16:00,175.12,153.12
seasonal_naive_24,4,2025-05-17 00:54:00,188.32,72.16
seasonal_naive_24,4,2025-05-17 02:33:00,191.84,61.6
seasonal_naive_24,4,2025-05-17 04:12:00,191.84,66.0
seasonal_naive_24,4,2025-05-17 05:51:00,190.96,79.2
seasonal_naive_24,4,2025-05-17 07:30:00,157.52,129.36
seasonal_naive_24,4,2025-05-17 09:09:00,61.6,149.6
seasonal_naive_24,4,2025-05-17 10:48:00,59.84,150.04
seasonal_naive_24,4,2025-05-17 12:27:00,73.04,158.4
seasonal_naive_24,4,2025-05-17 14:06:00,74.8,158.4
seasonal_naive_24,4,2025-05-17 15:45:00,144.32,172.48
seasonal_naive_24,4,2025-05-17 17:24:00,146.08,182.16
seasonal_naive_24,4,2025-05-17 19:03:00,146.08,183.04
seasonal_naive_24,4,2025-05-17 20:41:00,147.84,182.16
seasonal_naive_24,4,2025-05-17 22:20:00,154.0,166.32
seasonal_naive_24,4,2025-05-17 23:59:00,154.88,80.96
seasonal_naive_24,4,2025-05-18 01:38:00,193.6,66.88
seasonal_naive_24,4,2025-05-18 03:17:00,194.48,80.08
seasonal_naive_24,4,2025-05-18 04:56:00,193.6,107.36
seasonal_naive_24,4,2025-05-18 06:35:00,186.56,109.12
seasonal_naive_24,4,2025-05-18 08:14:00,119.68,139.04
seasonal_naive_24,4,2025-05-18 09:53:00,56.32,156.64
seasonal_naive_24,4,2025-05-18 11:32:00,70.4,156.64
seasonal_naive_24,4,2025-05-18 13:11:00,75.68,173.36
seasonal_naive_24,4,2025-05-18 14:50:00,98.56,175.12
seasonal_naive_24,4,2025-05-18 16:28:00,127.6,188.32
seasonal_naive_24,4,2025-05-18 18:07:00,138.16,191.84
seasonal_naive_24,4,2025-05-18 19:46:00,145.2,191.84
seasonal_naive_24,4,2025-05-18 21:25:00,156.64,190.96
seasonal_naive_24,4,2025-05-18 23:04:00,156.64,157.52
seasonal_naive_24,4,2025-05-19 00:43:00,170.72,61.6
seasonal_naive_24,4,2025-05-19 02:22:00,194.48,59.84
seasonal_naive_24,4,2025-05-19 04:01:00,202.4,73.04
seasonal_naive_24,4,2025-05-19 05:40:00,202.4,74.8
seasonal_naive_24,4,2025-05-19 07:19:00,189.2,144.32
seasonal_naive_24,4,2025-05-19 08:58:00,187.44,146.08
seasonal_naive_24,4,2025-05-19 10:37:00,86.24,146.08
seasonal_naive_24,4,2025-05-19 12:16:00,85.36,147.84
seasonal_naive_24,4,2025-05-19 13:54:00,97.68,154.0
seasonal_naive_24,4,2025-05-19 15:33:00,102.96,154.88
seasonal_naive_24,4,2025-05-19 17:12:00,134.64,193.6
seasonal_naive_24,4,2025-05-19 18:51:00,139.92,194.48
ridge,4,2025-05-15 09:20:00,72.16,103.50171346574967
ridge,4,2025-05-15 10:59:00,61.6,76.53958112140504
ridge,4,2025-05-15 12:38:00,66.0,87.49169975596402
ridge,4,2025-05-15 14:17:00,79.2,97.71770073125572
ridge,4,2025-05-15 15:56:00,129.36,108.35129541371904
ridge,4,2025-05-15 17:35:00,149.6,138.12818133276477
ridge,4,2025-05-15 19:14:00,150.04,158.5006332195349
ridge,4,2025-05-15 20:53:00,158.4,161.90384379799258
ridge,4,2025-05-15 22:32:00,158.4,170.13336004108083
ridge,4,2025-05-16 00:11:00,172.48,173.69932719359434
ridge,4,2025-05-16 01:50:00,182.16,183.15770599870027
ridge,4,2025-05-16 03:28:00,183.04,180.81770529337234
ridge,4,2025-05-16 05:07:00,182.16,163.00023889487824
ridge,4,2025-05-16 06:46:00,166.32,144.06334096977247
ridge,4,2025-05-16 08:25:00,80.96,124.62070511404193
ridge,4,2025-05-16 10:04:00,66.88,78.86029375742672
ridge,4,2025-05-16 11:43:00,80.08,81.97847422666825
ridge,4,2025-05-16 13:22:00,107.36,99.1280893699425
ridge,4,2025-05-16 15:01:00,109.12,117.72543547729401
ridge,4,2025-05-16 16:40:00,139.04,129.02328432017802
ridge,4,2025-05-16 18:19:00,156.64,150.18681003788308
ridge,4,2025-05-16 19:58:00,156.64,166.07958389678646
ridge,4,2025-05-16 21:37:00,173.36,167.78095525992316
ridge,4,2025-05-16 23:16:00,175.12,175.8644882550128
ridge,4,2025-05-17 00:54:00,188.32,184.29842337283728
ridge,4,2025-05-17 02:33:00,191.84,188.2018328824132
ridge,4,2025-05-17 04:12:00,191.84,178.6251247683586
ridge,4,2025-05-17 05:51:00,190.96,158.68788638527562
ridge,4,2025-05-17 07:30:00,157.52,141.39612283436082
ridge,4,2025-05-17 09:09:00,61.6,109.23914173538756
ridge,4,2025-05-17 10:48:00,59.84,77.49241823052813
ridge,4,2025-05-17 12:27:00,73.04,90.62267870134366
ridge,4,2025-05-17 14:06:00,74.8,111.49874870925382
ridge,4,2025-05-17 15:45:00,144.32,114.31256312929928
ridge,4,2025-05-17 17:24:00,146.08,158.5221822219581
ridge,4,2025-05-17 19:03:00,146.08,171.22838059405194
ridge,4,2025-05-17 20:41:00,147.84,165.5928508874068
ridge,4,2025-05-17 22:20:00,154.0,172.22497183286868
ridge,4,2025-05-17 23:59:00,154.88,176.65213566657383
ridge,4,2025-05-18 01:38:00,193.6,174.42818434144218
ridge,4,2025-05-18 03:17:00,194.48,188.12667015298638
ridge,4,2025-05-18 04:56:00,193.6,173.9202853189077
ridge,4,2025-05-18 06:35:00,186.56,149.92599911473468
ridge,4,2025-05-18 08:14:00,119.68,131.86322022349435
ridge,4,2025-05-18 09:53:00,56.32,89.18458087862471
ridge,4,2025-05-18 11:32:00,70.4,73.54840950580075
ridge,4,2025-05-18 13:11:00,75.68,92.56997968852231
ridge,4,2025-05-18 14:50:00,98.56,101.13999988806981
ridge,4,2025-05-18 16:28:00,127.6,126.80582727161526
ridge,4,2025-05-18 18:07:00,138.16,146.6651357387533
ridge,4,2025-05-18 19:46:00,145.2,155.94064829749718
ridge,4,2025-05-18 21:25:00,156.64,160.00076336795144
ridge,4,2025-05-18 23:04:00,156.64,167.96828927223265
ridge,4,2025-05-19 00:43:00,170.72,171.3930295120625
ridge,4,2025-05-19 02:22:00,194.48,183.67510966992467
ridge,4,2025-05-19 04:01:00,202.4,185.66619945416005
ridge,4,2025-05-19 05:40:00,202.4,170.78787631765482
ridge,4,2025-05-19 07:19:00,189.2,152.183488624677
ridge,4,2025-05-19 08:58:00,187.44,130.1492550729677
ridge,4,2025-05-19 10:37:00,86.24,127.49958662758377
ridge,4,2025-05-19 12:16:00,85.36,100.14761479796707
ridge,4,2025-05-19 13:54:00,97.68,102.64009313100738
ridge,4,2025-05-19 15:33:00,102.96,117.77643973491891
ridge,4,2025-05-19 17:12:00,134.64,129.7437534514239
ridge,4,2025-05-19 18:51:00,139.92,153.1069402431143
random_forest,4,2025-05-15 09:20:00,72.16,88.66155306345419
random_forest,4,2025-05-15 10:59:00,61.6,69.51738199598618
random_forest,4,2025-05-15 12:38:00,66.0,83.14268508755039
random_forest,4,2025-05-15 14:17:00,79.2,92.12897535959301
random_forest,4,2025-05-15 15:56:00,129.36,99.24083468887852
random_forest,4,2025-05-15 17:35:00,149.6,127.4613127462952
random_forest,4,2025-05-15 19:14:00,150.04,142.6100416698287
random_forest,4,2025-05-15 20:53:00,158.4,149.6791589040346
random_forest,4,2025-05-15 22:32:00,158.4,171.50295402529952
random_forest,4,2025-05-16 00:11:00,172.48,177.56124304166843
random_forest,4,2025-05-16 01:50:00,182.16,183.79218192314602
random_forest,4,2025-05-16 03:28:00,183.04,179.4593711646801
random_forest,4,2025-05-16 05:07:00,182.16,173.68001516937832
random_forest,4,2025-05-16 06:46:00,166.32,149.8585337227524
random_forest,4,2025-05-16 08:25:00,80.96,130.77352411156582
random_forest,4,2025-05-16 10:04:00,66.88,72.93303576719585
random_forest,4,2025-05-16 11:43:00,80.08,85.30243321291731
random_forest,4,2025-05-16 13:22:00,107.36,96.2142366991763
random_forest,4,2025-05-16 15:01:00,109.12,114.87941719234296
random_forest,4,2025-05-16 16:40:00,139.04,144.6428990803825
random_forest,4,2025-05-16 18:19:00,156.64,149.69619307836737
random_forest,4,2025-05-16 19:58:00,156.64,161.82438069257833
random_forest,4,2025-05-16 21:37:00,173.36,169.9898968101358
random_forest,4,2025-05-16 23:16:00,175.12,183.00903251104222
random_forest,4,2025-05-17 00:54:00,188.32,183.7722371533422
random_forest,4,2025-05-17 02:33:00,191.84,187.7838180395212
random_forest,4,2025-05-17 04:12:00,191.84,183.70832713347164
random_forest,4,2025-05-17 05:51:00,190.96,163.86847976452344
random_forest,4,2025-05-17 07:30:00,157.52,138.0321197635274
random_forest,4,2025-05-17 09:09:00,61.6,96.52526893478574
random_forest,4,2025-05-17 10:48:00,59.84,69.52149042745921
random_forest,4,2025-05-17 12:27:00,73.04,88.0498243739385
random_forest,4,2025-05-17 14:06:00,74.8,102.93320245258737
random_forest,4,2025-05-17 15:45:00,144.32,107.54562017188566
random_forest,4,2025-05-17 17:24:00,146.08,138.9963265060085
random_forest,4,2025-05-17 19:03:00,146.08,149.55894760112074
random_forest,4,2025-05-17 20:41:00,147.84,159.60651150493896
random_forest,4,2025-05-17 22:20:00,154.0,166.06036269519947
random_forest,4,2025-05-17 23:59:00,154.88,170.1857128693527
random_forest,4,2025-05-18 01:38:00,193.6,171.98492059706382
random_forest,4,2025-05-18 03:17:00,194.48,188.6034758881321
random_forest,4,2025-05-18 04:56:00,193.6,183.87685119448446
random_forest,4,2025-05-18 06:35:00,186.56,158.90261185185176
random_forest,4,2025-05-18 08:14:00,119.68,128.76294793706361
random_forest,4,2025-05-18 09:53:00,56.32,80.74309111266199
random_forest,4,2025-05-18 11:32:00,70.4,76.43775945472821
random_forest,4,2025-05-18 13:11:00,75.68,98.27492360961223
random_forest,4,2025-05-18 14:50:00,98.56,95.71254908295383
random_forest,4,2025-05-18 16:28:00,127.6,114.35800312726276
random_forest,4,2025-05-18 18:07:00,138.16,140.5419779395538
random_forest,4,2025-05-18 19:46:00,145.2,142.31809767357902
random_forest,4,2025-05-18 21:25:00,156.64,150.12828656674463
random_forest,4,2025-05-18 23:04:00,156.64,172.261032279546
random_forest,4,2025-05-19 00:43:00,170.72,176.4205565936666
random_forest,4,2025-05-19 02:22:00,194.48,182.82876376292035
random_forest,4,2025-05-19 04:01:00,202.4,189.23847393645605
random_forest,4,2025-05-19 05:40:00,202.4,184.03818751289998
random_forest,4,2025-05-19 07:19:00,189.2,156.84066962962976
random_forest,4,2025-05-19 08:58:00,187.44,124.4268177777779
random_forest,4,2025-05-19 10:37:00,86.24,95.12085459303812
random_forest,4,2025-05-19 12:16:00,85.36,81.80580229755577
random_forest,4,2025-05-19 13:54:00,97.68,99.71243652590059
random_forest,4,2025-05-19 15:33:00,102.96,106.95248169324624
random_forest,4,2025-05-19 17:12:00,134.64,127.68432147316456
random_forest,4,2025-05-19 18:51:00,139.92,140.19723542878864
xgboost,4,2025-05-15 09:20:00,72.16,96.6285629272461
xgboost,4,2025-05-15 10:59:00,61.6,65.0965805053711
xgboost,4,2025-05-15 12:38:00,66.0,81.22588348388672
xgboost,4,2025-05-15 14:17:00,79.2,86.29046630859375
xgboost,4,2025-05-15 15:56:00,129.36,95.30267333984375
xgboost,4,2025-05-15 17:35:00,149.6,130.8843994140625
xgboost,4,2025-05-15 19:14:00,150.04,151.97006225585938
xgboost,4,2025-05-15 20:53:00,158.4,154.9066925048828
xgboost,4,2025-05-15 22:32:00,158.4,170.8508758544922
xgboost,4,2025-05-16 00:11:00,172.48,181.3357391357422
xgboost,4,2025-05-16 01:50:00,182.16,184.69422912597656
xgboost,4,2025-05-16 03:28:00,183.04,181.38568115234375
xgboost,4,2025-05-16 05:07:00,182.16,171.81341552734375
xgboost,4,2025-05-16 06:46:00,166.32,146.8509521484375
xgboost,4,2025-05-16 08:25:00,80.96,132.93788146972656
xgboost,4,2025-05-16 10:04:00,66.88,67.80833435058594
xgboost,4,2025-05-16 11:43:00,80.08,79.507080078125
xgboost,4,2025-05-16 13:22:00,107.36,95.05565643310547
xgboost,4,2025-05-16 15:01:00,109.12,116.05950927734375
xgboost,4,2025-05-16 16:40:00,139.04,153.30029296875
xgboost,4,2025-05-16 18:19:00,156.64,153.590087890625
xgboost,4,2025-05-16 19:58:00,156.64,159.5508575439453
xgboost,4,2025-05-16 21:37:00,173.36,171.1002960205078
xgboost,4,2025-05-16 23:16:00,175.12,187.5089569091797
xgboost,4,2025-05-17 00:54:00,188.32,181.1559600830078
xgboost,4,2025-05-17 02:33:00,191.84,186.99046325683594
xgboost,4,2025-05-17 04:12:00,191.84,180.76553344726562
xgboost,4,2025-05-17 05:51:00,190.96,164.97702026367188
xgboost,4,2025-05-17 07:30:00,157.52,132.9082794189453
xgboost,4,2025-05-17 09:09:00,61.6,114.64404296875
xgboost,4,2025-05-17 10:48:00,59.84,65.84326934814453
xgboost,4,2025-05-17 12:27:00,73.04,92.57046508789062
xgboost,4,2025-05-17 14:06:00,74.8,107.8526382446289
xgboost,4,2025-05-17 15:45:00,144.32,107.20488739013672
xgboost,4,2025-05-17 17:24:00,146.08,141.38265991210938
xgboost,4,2025-05-17 19:03:00,146.08,161.92913818359375
xgboost,4,2025-05-17 20:41:00,147.84,163.45106506347656
xgboost,4,2025-05-17 22:20:00,154.0,166.34254455566406
xgboost,4,2025-05-17 23:59:00,154.88,180.3901824951172
xgboost,4,2025-05-18 01:38:00,193.6,169.59617614746094
xgboost,4,2025-05-18 03:17:00,194.48,186.401123046875
xgboost,4,2025-05-18 04:56:00,193.6,177.0144805908203
xgboost,4,2025-05-18 06:35:00,186.56,150.296630859375
xgboost,4,2025-05-18 08:14:00,119.68,120.02789306640625
xgboost,4,2025-05-18 09:53:00,56.32,61.94184112548828
xgboost,4,2025-05-18 11:32:00,70.4,84.96360778808594
xgboost,4,2025-05-18 13:11:00,75.68,96.8865737915039
xgboost,4,2025-05-18 14:50:00,98.56,99.10897827148438
xgboost,4,2025-05-18 16:28:00,127.6,105.3630142211914
xgboost,4,2025-05-18 18:07:00,138.16,142.04837036132812
xgboost,4,2025-05-18 19:46:00,145.2,136.58819580078125
xgboost,4,2025-05-18 21:25:00,156.64,153.17372131347656
xgboost,4,2025-05-18 23:04:00,156.64,179.70486450195312
xgboost,4,2025-05-19 00:43:00,170.72,177.6201934814453
xgboost,4,2025-05-19 02:22:00,194.48,179.13919067382812
xgboost,4,2025-05-19 04:01:00,202.4,183.28863525390625
xgboost,4,2025-05-19 05:40:00,202.4,182.04296875
xgboost,4,2025-05-19 07:19:00,189.2,159.2250518798828
xgboost,4,2025-05-19 08:58:00,187.44,140.41018676757812
xgboost,4,2025-05-19 10:37:00,86.24,87.57658386230469
xgboost,4,2025-05-19 12:16:00,85.36,76.90763092041016
xgboost,4,2025-05-19 13:54:00,97.68,104.27706146240234
xgboost,4,2025-05-19 15:33:00,102.96,108.65978240966797
xgboost,4,2025-05-19 17:12:00,134.64,134.48355102539062
xgboost,4,2025-05-19 18:51:00,139.92,144.82395935058594
persistence,5,2025-05-19 20:30:00,141.68,139.92
persistence,5,2025-05-19 22:09:00,150.48,141.68
persistence,5,2025-05-19 23:48:00,161.04,150.48
persistence,5,2025-05-20 01:27:00,190.96,161.04
persistence,5,2025-05-20 03:06:00,203.28,190.96
persistence,5,2025-05-20 04:45:00,205.04,203.28
persistence,5,2025-05-20 06:24:00,209.44,205.04
persistence,5,2025-05-20 08:03:00,210.32,209.44
persistence,5,2025-05-20 09:41:00,207.68,210.32
persistence,5,2025-05-20 11:20:00,75.68,207.68
persistence,5,2025-05-20 12:59:00,93.28,75.68
persistence,5,2025-05-20 14:38:00,104.72,93.28
persistence,5,2025-05-20 16:17:00,108.24,104.72
persistence,5,2025-05-20 17:56:00,139.92,108.24
persistence,5,2025-05-20 19:35:00,152.24,139.92
persistence,5,2025-05-20 21:14:00,154.88,152.24
persistence,5,2025-05-20 22:53:00,157.52,154.88
persistence,5,2025-05-21 00:32:00,158.4,157.52
persistence,5,2025-05-21 02:11:00,180.4,158.4
persistence,5,2025-05-21 03:50:00,184.8,180.4
persistence,5,2025-05-21 05:28:00,184.8,184.8
persistence,5,2025-05-21 07:07:00,183.92,184.8
persistence,5,2025-05-21 08:46:00,148.72,183.92
persistence,5,2025-05-21 10:25:00,139.04,148.72
persistence,5,2025-05-21 12:04:00,90.64,139.04
persistence,5,2025-05-21 13:43:00,102.96,90.64
persistence,5,2025-05-21 15:22:00,107.36,102.96
persistence,5,2025-05-21 17:01:00,118.8,107.36
persistence,5,2025-05-21 18:40:00,152.24,118.8
persistence,5,2025-05-21 20:19:00,154.88,152.24
persistence,5,2025-05-21 21:58:00,165.44,154.88
persistence,5,2025-05-21 23:37:00,190.96,165.44
persistence,5,2025-05-22 01:16:00,217.36,190.96
persistence,5,2025-05-22 02:54:00,220.0,217.36
persistence,5,2025-05-22 04:33:00,220.0,220.0
persistence,5,2025-05-22 06:12:00,220.0,220.0
persistence,5,2025-05-22 07:51:00,194.48,220.0
persistence,5,2025-05-22 09:30:00,192.72,194.48
persistence,5,2025-05-22 11:09:00,60.72,192.72
persistence,5,2025-05-22 12:48:00,62.48,60.72
persistence,5,2025-05-22 14:27:00,110.0,62.48
persistence,5,2025-05-22 16:06:00,110.88,110.0
persistence,5,2025-05-22 17:45:00,139.04,110.88
persistence,5,2025-05-22 19:24:00,155.76,139.04
persistence,5,2025-05-22 21:03:00,156.64,155.76
persistence,5,2025-05-22 22:41:00,161.04,156.64
persistence,5,2025-05-23 00:20:00,179.52,161.04
persistence,5,2025-05-23 01:59:00,200.64,179.52
persistence,5,2025-05-23 03:38:00,211.2,200.64
persistence,5,2025-05-23 05:17:00,212.08,211.2
persistence,5,2025-05-23 06:56:00,211.2,212.08
persistence,5,2025-05-23 08:35:00,66.88,211.2
persistence,5,2025-05-23 10:14:00,62.48,66.88
persistence,5,2025-05-23 11:53:00,88.88,62.48
persistence,5,2025-05-23 13:32:00,111.76,88.88
persistence,5,2025-05-23 15:11:00,113.52,111.76
persistence,5,2025-05-23 16:50:00,139.04,113.52
persistence,5,2025-05-23 18:28:00,164.56,139.04
persistence,5,2025-05-23 20:07:00,167.2,164.56
persistence,5,2025-05-23 21:46:00,190.08,167.2
persistence,5,2025-05-23 23:25:00,191.84,190.08
persistence,5,2025-05-24 01:04:00,193.6,191.84
persistence,5,2025-05-24 02:43:00,220.0,193.6
persistence,5,2025-05-24 04:22:00,220.0,220.0
persistence,5,2025-05-24 06:01:00,220.0,220.0
seasonal_naive_15,5,2025-05-19 20:30:00,141.68,145.2
seasonal_naive_15,5,2025-05-19 22:09:00,150.48,156.64
seasonal_naive_15,5,2025-05-19 23:48:00,161.04,156.64
seasonal_naive_15,5,2025-05-20 01:27:00,190.96,170.72
seasonal_naive_15,5,2025-05-20 03:06:00,203.28,194.48
seasonal_naive_15,5,2025-05-20 04:45:00,205.04,202.4
seasonal_naive_15,5,2025-05-20 06:24:00,209.44,202.4
seasonal_naive_15,5,2025-05-20 08:03:00,210.32,189.2
seasonal_naive_15,5,2025-05-20 09:41:00,207.68,187.44
seasonal_naive_15,5,2025-05-20 11:20:00,75.68,86.24
seasonal_naive_15,5,2025-05-20 12:59:00,93.28,85.36
seasonal_naive_15,5,2025-05-20 14:38:00,104.72,97.68
seasonal_naive_15,5,2025-05-20 16:17:00,108.24,102.96
seasonal_naive_15,5,2025-05-20 17:56:00,139.92,134.64
seasonal_naive_15,5,2025-05-20 19:35:00,152.24,139.92
seasonal_naive_15,5,2025-05-20 21:14:00,154.88,141.68
seasonal_naive_15,5,2025-05-20 22:53:00,157.52,150.48
seasonal_naive_15,5,2025-05-21 00:32:00,158.4,161.04
seasonal_naive_15,5,2025-05-21 02:11:00,180.4,190.96
seasonal_naive_15,5,2025-05-21 03:50:00,184.8,203.28
seasonal_naive_15,5,2025-05-21 05:28:00,184.8,205.04
seasonal_naive_15,5,2025-05-21 07:07:00,183.92,209.44
seasonal_naive_15,5,2025-05-21 08:46:00,148.72,210.32
seasonal_naive_15,5,2025-05-21 10:25:00,139.04,207.68
seasonal_naive_15,5,2025-05-21 12:04:00,90.64,75.68
seasonal_naive_15,5,2025-05-21 13:43:00,102.96,93.28
seasonal_naive_15,5,2025-05-21 15:22:00,107.36,104.72
seasonal_naive_15,5,2025-05-21 17:01:00,118.8,108.24
seasonal_naive_15,5,2025-05-21 18:40:00,152.24,139.92
seasonal_naive_15,5,2025-05-21 20:19:00,154.88,152.24
seasonal_naive_15,5,2025-05-21 21:58:00,165.44,154.88
seasonal_naive_15,5,2025-05-21 23:37:00,190.96,157.52
seasonal_naive_15,5,2025-05-22 01:16:00,217.36,158.4
seasonal_naive_15,5,2025-05-22 02:54:00,220.0,180.4
seasonal_naive_15,5,2025-05-22 04:33:00,220.0,184.8
seasonal_naive_15,5,2025-05-22 06:12:00,220.0,184.8
seasonal_naive_15,5,2025-05-22 07:51:00,194.48,183.92
seasonal_naive_15,5,2025-05-22 09:30:00,192.72,148.72
seasonal_naive_15,5,2025-05-22 11:09:00,60.72,139.04
seasonal_naive_15,5,2025-05-22 12:48:00,62.48,90.64
seasonal_naive_15,5,2025-05-22 14:27:00,110.0,102.96
seasonal_naive_15,5,2025-05-22 16:06:00,110.88,107.36
seasonal_naive_15,5,2025-05-22 17:45:00,139.04,118.8
seasonal_naive_15,5,2025-05-22 19:24:00,155.76,152.24
seasonal_naive_15,5,2025-05-22 21:03:00,156.64,154.88
seasonal_naive_15,5,2025-05-22 22:41:00,161.04,165.44
seasonal_naive_15,5,2025-05-23 00:20:00,179.52,190.96
seasonal_naive_15,5,2025-05-23 01:59:00,200.64,217.36
seasonal_naive_15,5,2025-05-23 03:38:00,211.2,220.0
seasonal_naive_15,5,2025-05-23 05:17:00,212.08,220.0
seasonal_naive_15,5,2025-05-23 06:56:00,211.2,220.0
seasonal_naive_15,5,2025-05-23 08:35:00,66.88,194.48
seasonal_naive_15,5,2025-05-23 10:14:00,62.48,192.72
seasonal_naive_15,5,2025-05-23 11:53:00,88.88,60.72
seasonal_naive_15,5,2025-05-23 13:32:00,111.76,62.48
seasonal_naive_15,5,2025-05-23 15:11:00,113.52,110.0
seasonal_naive_15,5,2025-05-23 16:50:00,139.04,110.88
seasonal_naive_15,5,2025-05-23 18:28:00,164.56,139.04
seasonal_naive_15,5,2025-05-23 20:07:00,167.2,155.76
seasonal_naive_15,5,2025-05-23 21:46:00,190.08,156.64
seasonal_naive_15,5,2025-05-23 23:25:00,191.84,161.04
seasonal_naive_15,5,2025-05-24 01:04:00,193.6,179.52
seasonal_naive_15,5,2025-05-24 02:43:00,220.0,200.64
seasonal_naive_15,5,2025-05-24 04:22:00,220.0,211.2
seasonal_naive_15,5,2025-05-24 06:01:00,220.0,212.08
drift,5,2025-05-19 20:30:00,141.68,139.86377414561662
drift,5,2025-05-19 22:09:00,150.48,139.80754829123327
drift,5,2025-05-19 23:48:00,161.04,139.7513224368499
drift,5,2025-05-20 01:27:00,190.96,139.69509658246656
drift,5,2025-05-20 03:06:00,203.28,139.6388707280832
drift,5,2025-05-20 04:45:00,205.04,139.58264487369985
drift,5,2025-05-20 06:24:00,209.44,139.52641901931648
drift,5,2025-05-20 08:03:00,210.32,139.47019316493314
drift,5,2025-05-20 09:41:00,207.68,139.41396731054976
drift,5,2025-05-20 11:20:00,75.68,139.3577414561664
drift,5,2025-05-20 12:59:00,93.28,139.30151560178305
drift,5,2025-05-20 14:38:00,104.72,139.24528974739968
drift,5,2025-05-20 16:17:00,108.24,139.18906389301634
drift,5,2025-05-20 17:56:00,139.92,139.13283803863297
drift,5,2025-05-20 19:35:00,152.24,139.07661218424963
drift,5,2025-05-20 21:14:00,154.88,139.02038632986626
drift,5,2025-05-20 22:53:00,157.52,138.9641604754829
drift,5,2025-05-21 00:32:00,158.4,138.90793462109954
drift,5,2025-05-21 02:11:00,180.4,138.85170876671617
drift,5,2025-05-21 03:50:00,184.8,138.79548291233283
drift,5,2025-05-21 05:28:00,184.8,138.73925705794946
drift,5,2025-05-21 07:07:00,183.92,138.68303120356612
drift,5,2025-05-21 08:46:00,148.72,138.62680534918275
drift,5,2025-05-21 10:25:00,139.04,138.5705794947994
drift,5,2025-05-21 12:04:00,90.64,138.51435364041603
drift,5,2025-05-21 13:43:00,102.96,138.4581277860327
drift,5,2025-05-21 15:22:00,107.36,138.40190193164932
drift,5,2025-05-21 17:01:00,118.8,138.34567607726595
drift,5,2025-05-21 18:40:00,152.24,138.2894502228826
drift,5,2025-05-21 20:19:00,154.88,138.23322436849924
drift,5,2025-05-21 21:58:00,165.44,138.1769985141159
drift,5,2025-05-21 23:37:00,190.96,138.12077265973252
drift,5,2025-05-22 01:16:00,217.36,138.06454680534918
drift,5,2025-05-22 02:54:00,220.0,138.0083209509658
drift,5,2025-05-22 04:33:00,220.0,137.95209509658247
drift,5,2025-05-22 06:12:00,220.0,137.8958692421991
drift,5,2025-05-22 07:51:00,194.48,137.83964338781573
drift,5,2025-05-22 09:30:00,192.72,137.78341753343238
drift,5,2025-05-22 11:09:00,60.72,137.727191679049
drift,5,2025-05-22 12:48:00,62.48,137.67096582466567
drift,5,2025-05-22 14:27:00,110.0,137.6147399702823
drift,5,2025-05-22 16:06:00,110.88,137.55851411589896
drift,5,2025-05-22 17:45:00,139.04,137.5022882615156
drift,5,2025-05-22 19:24:00,155.76,137.44606240713222
drift,5,2025-05-22 21:03:00,156.64,137.38983655274887
drift,5,2025-05-22 22:41:00,161.04,137.3336106983655
drift,5,2025-05-23 00:20:00,179.52,137.27738484398216
drift,5,2025-05-23 01:59:00,200.64,137.2211589895988
drift,5,2025-05-23 03:38:00,211.2,137.16493313521545
drift,5,2025-05-23 05:17:00,212.08,137.10870728083208
drift,5,2025-05-23 06:56:00,211.2,137.05248142644874
drift,5,2025-05-23 08:35:00,66.88,136.99625557206537
drift,5,2025-05-23 10:14:00,62.48,136.940029717682
drift,5,2025-05-23 11:53:00,88.88,136.88380386329865
drift,5,2025-05-23 13:32:00,111.76,136.82757800891528
drift,5,2025-05-23 15:11:00,113.52,136.77135215453194
drift,5,2025-05-23 16:50:00,139.04,136.71512630014857
drift,5,2025-05-23 18:28:00,164.56,136.65890044576523
drift,5,2025-05-23 20:07:00,167.2,136.60267459138186
drift,5,2025-05-23 21:46:00,190.08,136.5464487369985
drift,5,2025-05-23 23:25:00,191.84,136.49022288261514
drift,5,2025-05-24 01:04:00,193.6,136.43399702823177
drift,5,2025-05-24 02:43:00,220.0,136.37777117384843
drift,5,2025-05-24 04:22:00,220.0,136.32154531946506
drift,5,2025-05-24 06:01:00,220.0,136.26531946508172
rolling_mean_15,5,2025-05-19 20:30:00,141.68,150.12800000000001
rolling_mean_15,5,2025-05-19 22:09:00,150.48,149.89333333333335
rolling_mean_15,5,2025-05-19 23:48:00,161.04,149.48266666666666
rolling_mean_15,5,2025-05-20 01:27:00,190.96,149.77599999999998
rolling_mean_15,5,2025-05-20 03:06:00,203.28,151.12533333333337
rolling_mean_15,5,2025-05-20 04:45:00,205.04,151.71200000000002
rolling_mean_15,5,2025-05-20 06:24:00,209.44,151.888
rolling_mean_15,5,2025-05-20 08:03:00,210.32,152.35733333333334
rolling_mean_15,5,2025-05-20 09:41:00,207.68,153.76533333333333
rolling_mean_15,5,2025-05-20 11:20:00,75.68,155.11466666666666
rolling_mean_15,5,2025-05-20 12:59:00,93.28,154.41066666666666
rolling_mean_15,5,2025-05-20 14:38:00,104.72,154.93866666666665
rolling_mean_15,5,2025-05-20 16:17:00,108.24,155.408
rolling_mean_15,5,2025-05-20 17:56:00,139.92,155.75999999999996
rolling_mean_15,5,2025-05-20 19:35:00,152.24,156.112
rolling_mean_15,5,2025-05-20 21:14:00,154.88,156.93333333333334
rolling_mean_15,5,2025-05-20 22:53:00,157.52,157.81333333333333
rolling_mean_15,5,2025-05-21 00:32:00,158.4,158.28266666666667
rolling_mean_15,5,2025-05-21 02:11:00,180.4,158.10666666666668
rolling_mean_15,5,2025-05-21 03:50:00,184.8,157.4026666666667
rolling_mean_15,5,2025-05-21 05:28:00,184.8,156.1706666666667
rolling_mean_15,5,2025-05-21 07:07:00,183.92,154.82133333333337
rolling_mean_15,5,2025-05-21 08:46:00,148.72,153.12
rolling_mean_15,5,2025-05-21 10:25:00,139.04,149.01333333333332
rolling_mean_15,5,2025-05-21 12:04:00,90.64,144.43733333333333
rolling_mean_15,5,2025-05-21 13:43:00,102.96,145.43466666666666
rolling_mean_15,5,2025-05-21 15:22:00,107.36,146.07999999999998
rolling_mean_15,5,2025-05-21 17:01:00,118.8,146.256
rolling_mean_15,5,2025-05-21 18:40:00,152.24,146.96000000000004
rolling_mean_15,5,2025-05-21 20:19:00,154.88,147.78133333333335
rolling_mean_15,5,2025-05-21 21:58:00,165.44,147.95733333333334
rolling_mean_15,5,2025-05-21 23:37:00,190.96,148.66133333333335
rolling_mean_15,5,2025-05-22 01:16:00,217.36,150.89066666666668
rolling_mean_15,5,2025-05-22 02:54:00,220.0,154.82133333333334
rolling_mean_15,5,2025-05-22 04:33:00,220.0,157.46133333333333
rolling_mean_15,5,2025-05-22 06:12:00,220.0,159.80800000000002
rolling_mean_15,5,2025-05-22 07:51:00,194.48,162.15466666666669
rolling_mean_15,5,2025-05-22 09:30:00,192.72,162.85866666666666
rolling_mean_15,5,2025-05-22 11:09:00,60.72,165.792
rolling_mean_15,5,2025-05-22 12:48:00,62.48,160.57066666666663
rolling_mean_15,5,2025-05-22 14:27:00,110.0,158.6933333333333
rolling_mean_15,5,2025-05-22 16:06:00,110.88,159.16266666666664
rolling_mean_15,5,2025-05-22 17:45:00,139.04,159.39733333333334
rolling_mean_15,5,2025-05-22 19:24:00,155.76,160.7466666666667
rolling_mean_15,5,2025-05-22 21:03:00,156.64,160.98133333333334
rolling_mean_15,5,2025-05-22 22:41:00,161.04,161.09866666666667
rolling_mean_15,5,2025-05-23 00:20:00,179.52,160.80533333333335
rolling_mean_15,5,2025-05-23 01:59:00,200.64,160.04266666666666
rolling_mean_15,5,2025-05-23 03:38:00,211.2,158.928
rolling_mean_15,5,2025-05-23 05:17:00,212.08,158.3413333333333
rolling_mean_15,5,2025-05-23 06:56:00,211.2,157.81333333333333
rolling_mean_15,5,2025-05-23 08:35:00,66.88,157.22666666666663
rolling_mean_15,5,2025-05-23 10:14:00,62.48,148.72
rolling_mean_15,5,2025-05-23 11:53:00,88.88,140.03733333333332
rolling_mean_15,5,2025-05-23 13:32:00,111.76,141.91466666666668
rolling_mean_15,5,2025-05-23 15:11:00,113.52,145.20000000000002
rolling_mean_15,5,2025-05-23 16:50:00,139.04,145.43466666666666
rolling_mean_15,5,2025-05-23 18:28:00,164.56,147.312
rolling_mean_15,5,2025-05-23 20:07:00,167.2,149.01333333333335
rolling_mean_15,5,2025-05-23 21:46:00,190.08,149.77599999999998
rolling_mean_15,5,2025-05-23 23:25:00,191.84,152.00533333333334
rolling_mean_15,5,2025-05-24 01:04:00,193.6,154.05866666666668
rolling_mean_15,5,2025-05-24 02:43:00,220.0,154.9973333333333
rolling_mean_15,5,2025-05-24 04:22:00,220.0,156.28799999999998
rolling_mean_15,5,2025-05-24 06:01:00,220.0,156.87466666666666
train_mean,5,2025-05-19 20:30:00,141.68,143.91002967359051
train_mean,5,2025-05-19 22:09:00,150.48,143.91002967359051
train_mean,5,2025-05-19 23:48:00,161.04,143.91002967359051
train_mean,5,2025-05-20 01:27:00,190.96,143.91002967359051
train_mean,5,2025-05-20 03:06:00,203.28,143.91002967359051
train_mean,5,2025-05-20 04:45:00,205.04,143.91002967359051
train_mean,5,2025-05-20 06:24:00,209.44,143.91002967359051
train_mean,5,2025-05-20 08:03:00,210.32,143.91002967359051
train_mean,5,2025-05-20 09:41:00,207.68,143.91002967359051
train_mean,5,2025-05-20 11:20:00,75.68,143.91002967359051
train_mean,5,2025-05-20 12:59:00,93.28,143.91002967359051
train_mean,5,2025-05-20 14:38:00,104.72,143.91002967359051
train_mean,5,2025-05-20 16:17:00,108.24,143.91002967359051
train_mean,5,2025-05-20 17:56:00,139.92,143.91002967359051
train_mean,5,2025-05-20 19:35:00,152.24,143.91002967359051
train_mean,5,2025-05-20 21:14:00,154.88,143.91002967359051
train_mean,5,2025-05-20 22:53:00,157.52,143.91002967359051
train_mean,5,2025-05-21 00:32:00,158.4,143.91002967359051
train_mean,5,2025-05-21 02:11:00,180.4,143.91002967359051
train_mean,5,2025-05-21 03:50:00,184.8,143.91002967359051
train_mean,5,2025-05-21 05:28:00,184.8,143.91002967359051
train_mean,5,2025-05-21 07:07:00,183.92,143.91002967359051
train_mean,5,2025-05-21 08:46:00,148.72,143.91002967359051
train_mean,5,2025-05-21 10:25:00,139.04,143.91002967359051
train_mean,5,2025-05-21 12:04:00,90.64,143.91002967359051
train_mean,5,2025-05-21 13:43:00,102.96,143.91002967359051
train_mean,5,2025-05-21 15:22:00,107.36,143.91002967359051
train_mean,5,2025-05-21 17:01:00,118.8,143.91002967359051
train_mean,5,2025-05-21 18:40:00,152.24,143.91002967359051
train_mean,5,2025-05-21 20:19:00,154.88,143.91002967359051
train_mean,5,2025-05-21 21:58:00,165.44,143.91002967359051
train_mean,5,2025-05-21 23:37:00,190.96,143.91002967359051
train_mean,5,2025-05-22 01:16:00,217.36,143.91002967359051
train_mean,5,2025-05-22 02:54:00,220.0,143.91002967359051
train_mean,5,2025-05-22 04:33:00,220.0,143.91002967359051
train_mean,5,2025-05-22 06:12:00,220.0,143.91002967359051
train_mean,5,2025-05-22 07:51:00,194.48,143.91002967359051
train_mean,5,2025-05-22 09:30:00,192.72,143.91002967359051
train_mean,5,2025-05-22 11:09:00,60.72,143.91002967359051
train_mean,5,2025-05-22 12:48:00,62.48,143.91002967359051
train_mean,5,2025-05-22 14:27:00,110.0,143.91002967359051
train_mean,5,2025-05-22 16:06:00,110.88,143.91002967359051
train_mean,5,2025-05-22 17:45:00,139.04,143.91002967359051
train_mean,5,2025-05-22 19:24:00,155.76,143.91002967359051
train_mean,5,2025-05-22 21:03:00,156.64,143.91002967359051
train_mean,5,2025-05-22 22:41:00,161.04,143.91002967359051
train_mean,5,2025-05-23 00:20:00,179.52,143.91002967359051
train_mean,5,2025-05-23 01:59:00,200.64,143.91002967359051
train_mean,5,2025-05-23 03:38:00,211.2,143.91002967359051
train_mean,5,2025-05-23 05:17:00,212.08,143.91002967359051
train_mean,5,2025-05-23 06:56:00,211.2,143.91002967359051
train_mean,5,2025-05-23 08:35:00,66.88,143.91002967359051
train_mean,5,2025-05-23 10:14:00,62.48,143.91002967359051
train_mean,5,2025-05-23 11:53:00,88.88,143.91002967359051
train_mean,5,2025-05-23 13:32:00,111.76,143.91002967359051
train_mean,5,2025-05-23 15:11:00,113.52,143.91002967359051
train_mean,5,2025-05-23 16:50:00,139.04,143.91002967359051
train_mean,5,2025-05-23 18:28:00,164.56,143.91002967359051
train_mean,5,2025-05-23 20:07:00,167.2,143.91002967359051
train_mean,5,2025-05-23 21:46:00,190.08,143.91002967359051
train_mean,5,2025-05-23 23:25:00,191.84,143.91002967359051
train_mean,5,2025-05-24 01:04:00,193.6,143.91002967359051
train_mean,5,2025-05-24 02:43:00,220.0,143.91002967359051
train_mean,5,2025-05-24 04:22:00,220.0,143.91002967359051
train_mean,5,2025-05-24 06:01:00,220.0,143.91002967359051
seasonal_naive_24,5,2025-05-19 20:30:00,141.68,193.6
seasonal_naive_24,5,2025-05-19 22:09:00,150.48,186.56
seasonal_naive_24,5,2025-05-19 23:48:00,161.04,119.68
seasonal_naive_24,5,2025-05-20 01:27:00,190.96,56.32
seasonal_naive_24,5,2025-05-20 03:06:00,203.28,70.4
seasonal_naive_24,5,2025-05-20 04:45:00,205.04,75.68
seasonal_naive_24,5,2025-05-20 06:24:00,209.44,98.56
seasonal_naive_24,5,2025-05-20 08:03:00,210.32,127.6
seasonal_naive_24,5,2025-05-20 09:41:00,207.68,138.16
seasonal_naive_24,5,2025-05-20 11:20:00,75.68,145.2
seasonal_naive_24,5,2025-05-20 12:59:00,93.28,156.64
seasonal_naive_24,5,2025-05-20 14:38:00,104.72,156.64
seasonal_naive_24,5,2025-05-20 16:17:00,108.24,170.72
seasonal_naive_24,5,2025-05-20 17:56:00,139.92,194.48
seasonal_naive_24,5,2025-05-20 19:35:00,152.24,202.4
seasonal_naive_24,5,2025-05-20 21:14:00,154.88,202.4
seasonal_naive_24,5,2025-05-20 22:53:00,157.52,189.2
seasonal_naive_24,5,2025-05-21 00:32:00,158.4,187.44
seasonal_naive_24,5,2025-05-21 02:11:00,180.4,86.24
seasonal_naive_24,5,2025-05-21 03:50:00,184.8,85.36
seasonal_naive_24,5,2025-05-21 05:28:00,184.8,97.68
seasonal_naive_24,5,2025-05-21 07:07:00,183.92,102.96
seasonal_naive_24,5,2025-05-21 08:46:00,148.72,134.64
seasonal_naive_24,5,2025-05-21 10:25:00,139.04,139.92
seasonal_naive_24,5,2025-05-21 12:04:00,90.64,141.68
seasonal_naive_24,5,2025-05-21 13:43:00,102.96,150.48
seasonal_naive_24,5,2025-05-21 15:22:00,107.36,161.04
seasonal_naive_24,5,2025-05-21 17:01:00,118.8,190.96
seasonal_naive_24,5,2025-05-21 18:40:00,152.24,203.28
seasonal_naive_24,5,2025-05-21 20:19:00,154.88,205.04
seasonal_naive_24,5,2025-05-21 21:58:00,165.44,209.44
seasonal_naive_24,5,2025-05-21 23:37:00,190.96,210.32
seasonal_naive_24,5,2025-05-22 01:16:00,217.36,207.68
seasonal_naive_24,5,2025-05-22 02:54:00,220.0,75.68
seasonal_naive_24,5,2025-05-22 04:33:00,220.0,93.28
seasonal_naive_24,5,2025-05-22 06:12:00,220.0,104.72
seasonal_naive_24,5,2025-05-22 07:51:00,194.48,108.24
seasonal_naive_24,5,2025-05-22 09:30:00,192.72,139.92
seasonal_naive_24,5,2025-05-22 11:09:00,60.72,152.24
seasonal_naive_24,5,2025-05-22 12:48:00,62.48,154.88
seasonal_naive_24,5,2025-05-22 14:27:00,110.0,157.52
seasonal_naive_24,5,2025-05-22 16:06:00,110.88,158.4
seasonal_naive_24,5,2025-05-22 17:45:00,139.04,180.4
seasonal_naive_24,5,2025-05-22 19:24:00,155.76,184.8
seasonal_naive_24,5,2025-05-22 21:03:00,156.64,184.8
seasonal_naive_24,5,2025-05-22 22:41:00,161.04,183.92
seasonal_naive_24,5,2025-05-23 00:20:00,179.52,148.72
seasonal_naive_24,5,2025-05-23 01:59:00,200.64,139.04
seasonal_naive_24,5,2025-05-23 03:38:00,211.2,90.64
seasonal_naive_24,5,2025-05-23 05:17:00,212.08,102.96
seasonal_naive_24,5,2025-05-23 06:56:00,211.2,107.36
seasonal_naive_24,5,2025-05-23 08:35:00,66.88,118.8
seasonal_naive_24,5,2025-05-23 10:14:00,62.48,152.24
seasonal_naive_24,5,2025-05-23 11:53:00,88.88,154.88
seasonal_naive_24,5,2025-05-23 13:32:00,111.76,165.44
seasonal_naive_24,5,2025-05-23 15:11:00,113.52,190.96
seasonal_naive_24,5,2025-05-23 16:50:00,139.04,217.36
seasonal_naive_24,5,2025-05-23 18:28:00,164.56,220.0
seasonal_naive_24,5,2025-05-23 20:07:00,167.2,220.0
seasonal_naive_24,5,2025-05-23 21:46:00,190.08,220.0
seasonal_naive_24,5,2025-05-23 23:25:00,191.84,194.48
seasonal_naive_24,5,2025-05-24 01:04:00,193.6,192.72
seasonal_naive_24,5,2025-05-24 02:43:00,220.0,60.72
seasonal_naive_24,5,2025-05-24 04:22:00,220.0,62.48
seasonal_naive_24,5,2025-05-24 06:01:00,220.0,110.0
ridge,5,2025-05-19 20:30:00,141.68,162.4288581805754
ridge,5,2025-05-19 22:09:00,150.48,164.23002813417477
ridge,5,2025-05-19 23:48:00,161.04,169.69931628624798
ridge,5,2025-05-20 01:27:00,190.96,174.59929215182873
ridge,5,2025-05-20 03:06:00,203.28,191.1994619785952
ridge,5,2025-05-20 04:45:00,205.04,185.55519793081916
ridge,5,2025-05-20 06:24:00,209.44,165.38003401973734
ridge,5,2025-05-20 08:03:00,210.32,153.1459360386849
ridge,5,2025-05-20 09:41:00,207.68,157.28975740256507
ridge,5,2025-05-20 11:20:00,75.68,140.68907277522703
ridge,5,2025-05-20 12:59:00,93.28,94.4433318811466
ridge,5,2025-05-20 14:38:00,104.72,107.23375291318044
ridge,5,2025-05-20 16:17:00,108.24,124.44613587374714
ridge,5,2025-05-20 17:56:00,139.92,135.79635757246584
ridge,5,2025-05-20 19:35:00,152.24,157.75476326664895
ridge,5,2025-05-20 21:14:00,154.88,168.4453080137843
ridge,5,2025-05-20 22:53:00,157.52,169.4506361372773
ridge,5,2025-05-21 00:32:00,158.4,178.08438509362674
ridge,5,2025-05-21 02:11:00,180.4,185.01149927774554
ridge,5,2025-05-21 03:50:00,184.8,190.61396274024509
ridge,5,2025-05-21 05:28:00,184.8,176.9209718566987
ridge,5,2025-05-21 07:07:00,183.92,158.90443397291367
ridge,5,2025-05-21 08:46:00,148.72,152.97645094620765
ridge,5,2025-05-21 10:25:00,139.04,143.35729804926234
ridge,5,2025-05-21 12:04:00,90.64,112.7469412130203
ridge,5,2025-05-21 13:43:00,102.96,104.27430867174922
ridge,5,2025-05-21 15:22:00,107.36,113.92305065717277
ridge,5,2025-05-21 17:01:00,118.8,122.7711992724923
ridge,5,2025-05-21 18:40:00,152.24,140.03474436552185
ridge,5,2025-05-21 20:19:00,154.88,165.46556089016823
ridge,5,2025-05-21 21:58:00,165.44,169.15344475049952
ridge,5,2025-05-21 23:37:00,190.96,171.85715471503468
ridge,5,2025-05-22 01:16:00,217.36,184.25251083255426
ridge,5,2025-05-22 02:54:00,220.0,200.93693176978155
ridge,5,2025-05-22 04:33:00,220.0,189.47056393414505
ridge,5,2025-05-22 06:12:00,220.0,169.95396014470546
ridge,5,2025-05-22 07:51:00,194.48,159.8023109818852
ridge,5,2025-05-22 09:30:00,192.72,142.10506783049388
ridge,5,2025-05-22 11:09:00,60.72,149.84797435994255
ridge,5,2025-05-22 12:48:00,62.48,95.09659245197271
ridge,5,2025-05-22 14:27:00,110.0,102.42467105830457
ridge,5,2025-05-22 16:06:00,110.88,136.78401772538353
ridge,5,2025-05-22 17:45:00,139.04,143.65284562062052
ridge,5,2025-05-22 19:24:00,155.76,164.92648440765583
ridge,5,2025-05-22 21:03:00,156.64,178.517634328013
ridge,5,2025-05-22 22:41:00,161.04,179.65768173441796
ridge,5,2025-05-23 00:20:00,179.52,186.47477364950947
ridge,5,2025-05-23 01:59:00,200.64,201.97749964558753
ridge,5,2025-05-23 03:38:00,211.2,204.7709620141552
ridge,5,2025-05-23 05:17:00,212.08,191.66628083550765
ridge,5,2025-05-23 06:56:00,211.2,172.84278472397727
ridge,5,2025-05-23 08:35:00,66.88,158.0340091010013
ridge,5,2025-05-23 10:14:00,62.48,104.40525927107483
ridge,5,2025-05-23 11:53:00,88.88,77.59324736922926
ridge,5,2025-05-23 13:32:00,111.76,105.7195159506662
ridge,5,2025-05-23 15:11:00,113.52,130.60957349234053
ridge,5,2025-05-23 16:50:00,139.04,129.36339054777116
ridge,5,2025-05-23 18:28:00,164.56,151.0646139106278
ridge,5,2025-05-23 20:07:00,167.2,174.22571838858286
ridge,5,2025-05-23 21:46:00,190.08,175.62072883404883
ridge,5,2025-05-23 23:25:00,191.84,187.1333225861051
ridge,5,2025-05-24 01:04:00,193.6,196.63778831888695
ridge,5,2025-05-24 02:43:00,220.0,196.82602477656164
ridge,5,2025-05-24 04:22:00,220.0,202.62667760571497
ridge,5,2025-05-24 06:01:00,220.0,186.35445220834725
random_forest,5,2025-05-19 20:30:00,141.68,148.90494419116052
random_forest,5,2025-05-19 22:09:00,150.48,154.06356244070054
random_forest,5,2025-05-19 23:48:00,161.04,163.66746712609833
random_forest,5,2025-05-20 01:27:00,190.96,173.61096837524306
random_forest,5,2025-05-20 03:06:00,203.28,190.96535540493147
random_forest,5,2025-05-20 04:45:00,205.04,188.7872173730376
random_forest,5,2025-05-20 06:24:00,209.44,179.87440549256752
random_forest,5,2025-05-20 08:03:00,210.32,167.20272019494573
random_forest,5,2025-05-20 09:41:00,207.68,170.5530570467837
random_forest,5,2025-05-20 11:20:00,75.68,139.00931698412703
random_forest,5,2025-05-20 12:59:00,93.28,103.85741422222222
random_forest,5,2025-05-20 14:38:00,104.72,103.11889031512601
random_forest,5,2025-05-20 16:17:00,108.24,120.05486265240387
random_forest,5,2025-05-20 17:56:00,139.92,138.29617923622146
random_forest,5,2025-05-20 19:35:00,152.24,145.47004089056966
random_forest,5,2025-05-20 21:14:00,154.88,153.13473106562304
random_forest,5,2025-05-20 22:53:00,157.52,169.08497947605778
random_forest,5,2025-05-21 00:32:00,158.4,173.74987259667648
random_forest,5,2025-05-21 02:11:00,180.4,179.3482856644652
random_forest,5,2025-05-21 03:50:00,184.8,184.9916402274639
random_forest,5,2025-05-21 05:28:00,184.8,175.63542904394336
random_forest,5,2025-05-21 07:07:00,183.92,165.419642628915
random_forest,5,2025-05-21 08:46:00,148.72,166.18987814050894
random_forest,5,2025-05-21 10:25:00,139.04,151.43861405473442
random_forest,5,2025-05-21 12:04:00,90.64,94.08860508034446
random_forest,5,2025-05-21 13:43:00,102.96,102.65909046990554
random_forest,5,2025-05-21 15:22:00,107.36,111.09839140499193
random_forest,5,2025-05-21 17:01:00,118.8,127.52083428651174
random_forest,5,2025-05-21 18:40:00,152.24,140.09422074604274
random_forest,5,2025-05-21 20:19:00,154.88,156.65448269403333
random_forest,5,2025-05-21 21:58:00,165.44,166.22545515741177
random_forest,5,2025-05-21 23:37:00,190.96,174.62726974971247
random_forest,5,2025-05-22 01:16:00,217.36,186.88970475036572
random_forest,5,2025-05-22 02:54:00,220.0,200.0501479100528
random_forest,5,2025-05-22 04:33:00,220.0,191.33260268075128
random_forest,5,2025-05-22 06:12:00,220.0,167.81815493464052
random_forest,5,2025-05-22 07:51:00,194.48,152.27031111111108
random_forest,5,2025-05-22 09:30:00,192.72,130.3003621978023
random_forest,5,2025-05-22 11:09:00,60.72,140.54431111111128
random_forest,5,2025-05-22 12:48:00,62.48,104.03484305631453
random_forest,5,2025-05-22 14:27:00,110.0,98.2182730211805
random_forest,5,2025-05-22 16:06:00,110.88,127.7293519780685
random_forest,5,2025-05-22 17:45:00,139.04,141.24429955818016
random_forest,5,2025-05-22 19:24:00,155.76,149.14196833217622
random_forest,5,2025-05-22 21:03:00,156.64,162.30689204642368
random_forest,5,2025-05-22 22:41:00,161.04,170.14566993736827
random_forest,5,2025-05-23 00:20:00,179.52,182.2632020131236
random_forest,5,2025-05-23 01:59:00,200.64,192.8196844463953
random_forest,5,2025-05-23 03:38:00,211.2,197.294820448343
random_forest,5,2025-05-23 05:17:00,212.08,200.9831728394815
random_forest,5,2025-05-23 06:56:00,211.2,182.34310326797376
random_forest,5,2025-05-23 08:35:00,66.88,171.07708444444432
random_forest,5,2025-05-23 10:14:00,62.48,137.2777999999999
random_forest,5,2025-05-23 11:53:00,88.88,88.36306285714303
random_forest,5,2025-05-23 13:32:00,111.76,99.81202475504612
random_forest,5,2025-05-23 15:11:00,113.52,137.32446651020746
random_forest,5,2025-05-23 16:50:00,139.04,142.50275529892753
random_forest,5,2025-05-23 18:28:00,164.56,145.50646020522362
random_forest,5,2025-05-23 20:07:00,167.2,162.58749859335452
random_forest,5,2025-05-23 21:46:00,190.08,172.27225689343206
random_forest,5,2025-05-23 23:25:00,191.84,182.1721333463954
random_forest,5,2025-05-24 01:04:00,193.6,191.92824768695857
random_forest,5,2025-05-24 02:43:00,220.0,184.19450012881865
random_forest,5,2025-05-24 04:22:00,220.0,199.9631725925926
random_forest,5,2025-05-24 06:01:00,220.0,194.51888024677774
xgboost,5,2025-05-19 20:30:00,141.68,148.48780822753906
xgboost,5,2025-05-19 22:09:00,150.48,157.09854125976562
xgboost,5,2025-05-19 23:48:00,161.04,162.912353515625
xgboost,5,2025-05-20 01:27:00,190.96,170.67196655273438
xgboost,5,2025-05-20 03:06:00,203.28,192.40538024902344
xgboost,5,2025-05-20 04:45:00,205.04,192.1834716796875
xgboost,5,2025-05-20 06:24:00,209.44,175.60069274902344
xgboost,5,2025-05-20 08:03:00,210.32,175.0423126220703
xgboost,5,2025-05-20 09:41:00,207.68,167.841064453125
xgboost,5,2025-05-20 11:20:00,75.68,159.0349578857422
xgboost,5,2025-05-20 12:59:00,93.28,93.0277328491211
xgboost,5,2025-05-20 14:38:00,104.72,93.59339904785156
xgboost,5,2025-05-20 16:17:00,108.24,130.43560791015625
xgboost,5,2025-05-20 17:56:00,139.92,142.03021240234375
xgboost,5,2025-05-20 19:35:00,152.24,149.59812927246094
xgboost,5,2025-05-20 21:14:00,154.88,156.83389282226562
xgboost,5,2025-05-20 22:53:00,157.52,174.3101043701172
xgboost,5,2025-05-21 00:32:00,158.4,177.51153564453125
xgboost,5,2025-05-21 02:11:00,180.4,174.57289123535156
xgboost,5,2025-05-21 03:50:00,184.8,189.3429412841797
xgboost,5,2025-05-21 05:28:00,184.8,163.54440307617188
xgboost,5,2025-05-21 07:07:00,183.92,154.4340057373047
xgboost,5,2025-05-21 08:46:00,148.72,156.4204864501953
xgboost,5,2025-05-21 10:25:00,139.04,134.05279541015625
xgboost,5,2025-05-21 12:04:00,90.64,88.99175262451172
xgboost,5,2025-05-21 13:43:00,102.96,108.18029022216797
xgboost,5,2025-05-21 15:22:00,107.36,119.5688247680664
xgboost,5,2025-05-21 17:01:00,118.8,133.20877075195312
xgboost,5,2025-05-21 18:40:00,152.24,137.48985290527344
xgboost,5,2025-05-21 20:19:00,154.88,153.0759735107422
xgboost,5,2025-05-21 21:58:00,165.44,167.14207458496094
xgboost,5,2025-05-21 23:37:00,190.96,175.64358520507812
xgboost,5,2025-05-22 01:16:00,217.36,188.04319763183594
xgboost,5,2025-05-22 02:54:00,220.0,203.31385803222656
xgboost,5,2025-05-22 04:33:00,220.0,193.32443237304688
xgboost,5,2025-05-22 06:12:00,220.0,154.33206176757812
xgboost,5,2025-05-22 07:51:00,194.48,152.22633361816406
xgboost,5,2025-05-22 09:30:00,192.72,154.6639862060547
xgboost,5,2025-05-22 11:09:00,60.72,160.3653106689453
xgboost,5,2025-05-22 12:48:00,62.48,111.49727630615234
xgboost,5,2025-05-22 14:27:00,110.0,101.18838500976562
xgboost,5,2025-05-22 16:06:00,110.88,140.9733428955078
xgboost,5,2025-05-22 17:45:00,139.04,147.55836486816406
xgboost,5,2025-05-22 19:24:00,155.76,153.5777130126953
xgboost,5,2025-05-22 21:03:00,156.64,166.9882354736328
xgboost,5,2025-05-22 22:41:00,161.04,172.87437438964844
xgboost,5,2025-05-23 00:20:00,179.52,185.1348876953125
xgboost,5,2025-05-23 01:59:00,200.64,193.56097412109375
xgboost,5,2025-05-23 03:38:00,211.2,192.583251953125
xgboost,5,2025-05-23 05:17:00,212.08,197.74224853515625
xgboost,5,2025-05-23 06:56:00,211.2,176.489990234375
xgboost,5,2025-05-23 08:35:00,66.88,172.56558227539062
xgboost,5,2025-05-23 10:14:00,62.48,103.45201873779297
xgboost,5,2025-05-23 11:53:00,88.88,90.55879974365234
xgboost,5,2025-05-23 13:32:00,111.76,103.33602905273438
xgboost,5,2025-05-23 15:11:00,113.52,140.2622833251953
xgboost,5,2025-05-23 16:50:00,139.04,148.51934814453125
xgboost,5,2025-05-23 18:28:00,164.56,155.0299835205078
xgboost,5,2025-05-23 20:07:00,167.2,163.64279174804688
xgboost,5,2025-05-23 21:46:00,190.08,174.8099822998047
xgboost,5,2025-05-23 23:25:00,191.84,190.94061279296875
xgboost,5,2025-05-24 01:04:00,193.6,195.5975341796875
xgboost,5,2025-05-24 02:43:00,220.0,183.1044921875
xgboost,5,2025-05-24 04:22:00,220.0,202.3081512451172
xgboost,5,2025-05-24 06:01:00,220.0,189.68536376953125
persistence,6,2025-05-24 07:40:00,179.52,220.0
persistence,6,2025-05-24 09:19:00,92.4,179.52
persistence,6,2025-05-24 10:58:00,80.96,92.4
persistence,6,2025-05-24 12:37:00,91.52,80.96
persistence,6,2025-05-24 14:16:00,106.48,91.52
persistence,6,2025-05-24 15:54:00,110.88,106.48
persistence,6,2025-05-24 17:33:00,126.72,110.88
persistence,6,2025-05-24 19:12:00,157.52,126.72
persistence,6,2025-05-24 20:51:00,159.28,157.52
persistence,6,2025-05-24 22:30:00,163.68,159.28
persistence,6,2025-05-25 00:09:00,164.56,163.68
persistence,6,2025-05-25 01:48:00,197.12,164.56
persistence,6,2025-05-25 03:27:00,212.08,197.12
persistence,6,2025-05-25 05:06:00,212.96,212.08
persistence,6,2025-05-25 06:45:00,212.96,212.96
persistence,6,2025-05-25 08:24:00,124.96,212.96
persistence,6,2025-05-25 10:03:00,58.96,124.96
persistence,6,2025-05-25 11:41:00,58.08,58.96
persistence,6,2025-05-25 13:20:00,80.96,58.08
persistence,6,2025-05-25 14:59:00,106.48,80.96
persistence,6,2025-05-25 16:38:00,107.36,106.48
persistence,6,2025-05-25 18:17:00,147.84,107.36
persistence,6,2025-05-25 19:56:00,149.6,147.84
persistence,6,2025-05-25 21:35:00,154.88,149.6
persistence,6,2025-05-25 23:14:00,164.56,154.88
persistence,6,2025-05-26 00:53:00,179.52,164.56
persistence,6,2025-05-26 02:32:00,205.04,179.52
persistence,6,2025-05-26 04:11:00,206.8,205.04
persistence,6,2025-05-26 05:50:00,205.92,206.8
persistence,6,2025-05-26 07:28:00,180.4,205.92
persistence,6,2025-05-26 09:07:00,179.52,180.4
persistence,6,2025-05-26 10:46:00,56.32,179.52
persistence,6,2025-05-26 12:25:00,54.56,56.32
persistence,6,2025-05-26 14:04:00,102.96,54.56
persistence,6,2025-05-26 15:43:00,105.6,102.96
persistence,6,2025-05-26 17:22:00,97.24,105.6
persistence,6,2025-05-26 19:01:00,133.76,97.24
persistence,6,2025-05-26 20:40:00,154.0,133.76
persistence,6,2025-05-26 22:19:00,156.64,154.0
persistence,6,2025-05-26 23:58:00,162.8,156.64
persistence,6,2025-05-27 01:37:00,166.32,162.8
persistence,6,2025-05-27 03:16:00,191.84,166.32
persistence,6,2025-05-27 04:54:00,192.72,191.84
persistence,6,2025-05-27 06:33:00,190.96,192.72
persistence,6,2025-05-27 08:12:00,161.04,190.96
persistence,6,2025-05-27 09:51:00,74.8,161.04
persistence,6,2025-05-27 11:30:00,74.8,74.8
persistence,6,2025-05-27 13:09:00,97.68,74.8
persistence,6,2025-05-27 14:48:00,98.56,97.68
persistence,6,2025-05-27 16:27:00,90.64,98.56
persistence,6,2025-05-27 18:06:00,108.24,90.64
persistence,6,2025-05-27 19:45:00,143.44,108.24
persistence,6,2025-05-27 21:24:00,144.32,143.44
persistence,6,2025-05-27 23:03:00,152.24,144.32
persistence,6,2025-05-28 00:41:00,153.12,152.24
persistence,6,2025-05-28 02:20:00,189.2,153.12
persistence,6,2025-05-28 03:59:00,190.08,189.2
persistence,6,2025-05-28 05:38:00,188.32,190.08
persistence,6,2025-05-28 07:17:00,187.44,188.32
persistence,6,2025-05-28 08:56:00,169.84,187.44
persistence,6,2025-05-28 10:35:00,62.48,169.84
persistence,6,2025-05-28 12:14:00,65.12,62.48
persistence,6,2025-05-28 13:53:00,80.96,65.12
persistence,6,2025-05-28 15:32:00,99.44,80.96
persistence,6,2025-05-28 17:11:00,113.52,99.44
seasonal_naive_15,6,2025-05-24 07:40:00,179.52,211.2
seasonal_naive_15,6,2025-05-24 09:19:00,92.4,66.88
seasonal_naive_15,6,2025-05-24 10:58:00,80.96,62.48
seasonal_naive_15,6,2025-05-24 12:37:00,91.52,88.88
seasonal_naive_15,6,2025-05-24 14:16:00,106.48,111.76
seasonal_naive_15,6,2025-05-24 15:54:00,110.88,113.52
seasonal_naive_15,6,2025-05-24 17:33:00,126.72,139.04
seasonal_naive_15,6,2025-05-24 19:12:00,157.52,164.56
seasonal_naive_15,6,2025-05-24 20:51:00,159.28,167.2
seasonal_naive_15,6,2025-05-24 22:30:00,163.68,190.08
seasonal_naive_15,6,2025-05-25 00:09:00,164.56,191.84
seasonal_naive_15,6,2025-05-25 01:48:00,197.12,193.6
seasonal_naive_15,6,2025-05-25 03:27:00,212.08,220.0
seasonal_naive_15,6,2025-05-25 05:06:00,212.96,220.0
seasonal_naive_15,6,2025-05-25 06:45:00,212.96,220.0
seasonal_naive_15,6,2025-05-25 08:24:00,124.96,179.52
seasonal_naive_15,6,2025-05-25 10:03:00,58.96,92.4
seasonal_naive_15,6,2025-05-25 11:41:00,58.08,80.96
seasonal_naive_15,6,2025-05-25 13:20:00,80.96,91.52
seasonal_naive_15,6,2025-05-25 14:59:00,106.48,106.48
seasonal_naive_15,6,2025-05-25 16:38:00,107.36,110.88
seasonal_naive_15,6,2025-05-25 18:17:00,147.84,126.72
seasonal_naive_15,6,2025-05-25 19:56:00,149.6,157.52
seasonal_naive_15,6,2025-05-25 21:35:00,154.88,159.28
seasonal_naive_15,6,2025-05-25 23:14:00,164.56,163.68
seasonal_naive_15,6,2025-05-26 00:53:00,179.52,164.56
seasonal_naive_15,6,2025-05-26 02:32:00,205.04,197.12
seasonal_naive_15,6,2025-05-26 04:11:00,206.8,212.08
seasonal_naive_15,6,2025-05-26 05:50:00,205.92,212.96
seasonal_naive_15,6,2025-05-26 07:28:00,180.4,212.96
seasonal_naive_15,6,2025-05-26 09:07:00,179.52,124.96
seasonal_naive_15,6,2025-05-26 10:46:00,56.32,58.96
seasonal_naive_15,6,2025-05-26 12:25:00,54.56,58.08
seasonal_naive_15,6,2025-05-26 14:04:00,102.96,80.96
seasonal_naive_15,6,2025-05-26 15:43:00,105.6,106.48
seasonal_naive_15,6,2025-05-26 17:22:00,97.24,107.36
seasonal_naive_15,6,2025-05-26 19:01:00,133.76,147.84
seasonal_naive_15,6,2025-05-26 20:40:00,154.0,149.6
seasonal_naive_15,6,2025-05-26 22:19:00,156.64,154.88
seasonal_naive_15,6,2025-05-26 23:58:00,162.8,164.56
seasonal_naive_15,6,2025-05-27 01:37:00,166.32,179.52
seasonal_naive_15,6,2025-05-27 03:16:00,191.84,205.04
seasonal_naive_15,6,2025-05-27 04:54:00,192.72,206.8
seasonal_naive_15,6,2025-05-27 06:33:00,190.96,205.92
seasonal_naive_15,6,2025-05-27 08:12:00,161.04,180.4
seasonal_naive_15,6,2025-05-27 09:51:00,74.8,179.52
seasonal_naive_15,6,2025-05-27 11:30:00,74.8,56.32
seasonal_naive_15,6,2025-05-27 13:09:00,97.68,54.56
seasonal_naive_15,6,2025-05-27 14:48:00,98.56,102.96
seasonal_naive_15,6,2025-05-27 16:27:00,90.64,105.6
seasonal_naive_15,6,2025-05-27 18:06:00,108.24,97.24
seasonal_naive_15,6,2025-05-27 19:45:00,143.44,133.76
seasonal_naive_15,6,2025-05-27 21:24:00,144.32,154.0
seasonal_naive_15,6,2025-05-27 23:03:00,152.24,156.64
seasonal_naive_15,6,2025-05-28 00:41:00,153.12,162.8
seasonal_naive_15,6,2025-05-28 02:20:00,189.2,166.32
seasonal_naive_15,6,2025-05-28 03:59:00,190.08,191.84
seasonal_naive_15,6,2025-05-28 05:38:00,188.32,192.72
seasonal_naive_15,6,2025-05-28 07:17:00,187.44,190.96
seasonal_naive_15,6,2025-05-28 08:56:00,169.84,161.04
seasonal_naive_15,6,2025-05-28 10:35:00,62.48,74.8
seasonal_naive_15,6,2025-05-28 12:14:00,65.12,74.8
seasonal_naive_15,6,2025-05-28 13:53:00,80.96,97.68
seasonal_naive_15,6,2025-05-28 15:32:00,99.44,98.56
seasonal_naive_15,6,2025-05-28 17:11:00,113.52,90.64
drift,6,2025-05-24 07:40:00,179.52,220.05723577235773
drift,6,2025-05-24 09:19:00,92.4,220.11447154471546
drift,6,2025-05-24 10:58:00,80.96,220.17170731707316
drift,6,2025-05-24 12:37:00,91.52,220.22894308943089
drift,6,2025-05-24 14:16:00,106.48,220.2861788617886
drift,6,2025-05-24 15:54:00,110.88,220.34341463414634
drift,6,2025-05-24 17:33:00,126.72,220.40065040650407
drift,6,2025-05-24 19:12:00,157.52,220.4578861788618
drift,6,2025-05-24 20:51:00,159.28,220.5151219512195
drift,6,2025-05-24 22:30:00,163.68,220.57235772357723
drift,6,2025-05-25 00:09:00,164.56,220.62959349593496
drift,6,2025-05-25 01:48:00,197.12,220.68682926829268
drift,6,2025-05-25 03:27:00,212.08,220.7440650406504
drift,6,2025-05-25 05:06:00,212.96,220.80130081300814
drift,6,2025-05-25 06:45:00,212.96,220.85853658536584
drift,6,2025-05-25 08:24:00,124.96,220.91577235772357
drift,6,2025-05-25 10:03:00,58.96,220.9730081300813
drift,6,2025-05-25 11:41:00,58.08,221.03024390243903
drift,6,2025-05-25 13:20:00,80.96,221.08747967479675
drift,6,2025-05-25 14:59:00,106.48,221.14471544715448
drift,6,2025-05-25 16:38:00,107.36,221.20195121951218
drift,6,2025-05-25 18:17:00,147.84,221.2591869918699
drift,6,2025-05-25 19:56:00,149.6,221.31642276422764
drift,6,2025-05-25 21:35:00,154.88,221.37365853658537
drift,6,2025-05-25 23:14:00,164.56,221.4308943089431
drift,6,2025-05-26 00:53:00,179.52,221.48813008130082
drift,6,2025-05-26 02:32:00,205.04,221.54536585365852
drift,6,2025-05-26 04:11:00,206.8,221.60260162601625
drift,6,2025-05-26 05:50:00,205.92,221.65983739837398
drift,6,2025-05-26 07:28:00,180.4,221.7170731707317
drift,6,2025-05-26 09:07:00,179.52,221.77430894308944
drift,6,2025-05-26 10:46:00,56.32,221.83154471544717
drift,6,2025-05-26 12:25:00,54.56,221.88878048780487
drift,6,2025-05-26 14:04:00,102.96,221.9460162601626
drift,6,2025-05-26 15:43:00,105.6,222.00325203252032
drift,6,2025-05-26 17:22:00,97.24,222.06048780487805
drift,6,2025-05-26 19:01:00,133.76,222.11772357723578
drift,6,2025-05-26 20:40:00,154.0,222.1749593495935
drift,6,2025-05-26 22:19:00,156.64,222.2321951219512
drift,6,2025-05-26 23:58:00,162.8,222.28943089430894
drift,6,2025-05-27 01:37:00,166.32,222.34666666666666
drift,6,2025-05-27 03:16:00,191.84,222.4039024390244
drift,6,2025-05-27 04:54:00,192.72,222.46113821138212
drift,6,2025-05-27 06:33:00,190.96,222.51837398373985
drift,6,2025-05-27 08:12:00,161.04,222.57560975609755
drift,6,2025-05-27 09:51:00,74.8,222.63284552845528
drift,6,2025-05-27 11:30:00,74.8,222.690081300813
drift,6,2025-05-27 13:09:00,97.68,222.74731707317073
drift,6,2025-05-27 14:48:00,98.56,222.80455284552846
drift,6,2025-05-27 16:27:00,90.64,222.8617886178862
drift,6,2025-05-27 18:06:00,108.24,222.9190243902439
drift,6,2025-05-27 19:45:00,143.44,222.97626016260162
drift,6,2025-05-27 21:24:00,144.32,223.03349593495935
drift,6,2025-05-27 23:03:00,152.24,223.09073170731708
drift,6,2025-05-28 00:41:00,153.12,223.1479674796748
drift,6,2025-05-28 02:20:00,189.2,223.20520325203253
drift,6,2025-05-28 03:59:00,190.08,223.26243902439023
drift,6,2025-05-28 05:38:00,188.32,223.31967479674796
drift,6,2025-05-28 07:17:00,187.44,223.3769105691057
drift,6,2025-05-28 08:56:00,169.84,223.43414634146342
drift,6,2025-05-28 10:35:00,62.48,223.49138211382115
drift,6,2025-05-28 12:14:00,65.12,223.54861788617887
drift,6,2025-05-28 13:53:00,80.96,223.60585365853657
drift,6,2025-05-28 15:32:00,99.44,223.6630894308943
drift,6,2025-05-28 17:11:00,113.52,223.72032520325203
rolling_mean_15,6,2025-05-24 07:40:00,179.52,157.40266666666668
rolling_mean_15,6,2025-05-24 09:19:00,92.4,155.29066666666665
rolling_mean_15,6,2025-05-24 10:58:00,80.96,156.99200000000002
rolling_mean_15,6,2025-05-24 12:37:00,91.52,158.22400000000002
rolling_mean_15,6,2025-05-24 14:16:00,106.48,158.4
rolling_mean_15,6,2025-05-24 15:54:00,110.88,158.04799999999997
rolling_mean_15,6,2025-05-24 17:33:00,126.72,157.872
rolling_mean_15,6,2025-05-24 19:12:00,157.52,157.05066666666667
rolling_mean_15,6,2025-05-24 20:51:00,159.28,156.58133333333333
rolling_mean_15,6,2025-05-24 22:30:00,163.68,156.05333333333337
rolling_mean_15,6,2025-05-25 00:09:00,164.56,154.29333333333335
rolling_mean_15,6,2025-05-25 01:48:00,197.12,152.47466666666665
rolling_mean_15,6,2025-05-25 03:27:00,212.08,152.70933333333335
rolling_mean_15,6,2025-05-25 05:06:00,212.96,152.18133333333336
rolling_mean_15,6,2025-05-25 06:45:00,212.96,151.712
rolling_mean_15,6,2025-05-25 08:24:00,124.96,151.24266666666665
rolling_mean_15,6,2025-05-25 10:03:00,58.96,147.60533333333333
rolling_mean_15,6,2025-05-25 11:41:00,58.08,145.37600000000003
rolling_mean_15,6,2025-05-25 13:20:00,80.96,143.85066666666665
rolling_mean_15,6,2025-05-25 14:59:00,106.48,143.14666666666668
rolling_mean_15,6,2025-05-25 16:38:00,107.36,143.14666666666668
rolling_mean_15,6,2025-05-25 18:17:00,147.84,142.912
rolling_mean_15,6,2025-05-25 19:56:00,149.6,144.32000000000002
rolling_mean_15,6,2025-05-25 21:35:00,154.88,143.792
rolling_mean_15,6,2025-05-25 23:14:00,164.56,143.49866666666668
rolling_mean_15,6,2025-05-26 00:53:00,179.52,143.5573333333333
rolling_mean_15,6,2025-05-26 02:32:00,205.04,144.55466666666663
rolling_mean_15,6,2025-05-26 04:11:00,206.8,145.08266666666665
rolling_mean_15,6,2025-05-26 05:50:00,205.92,144.73066666666668
rolling_mean_15,6,2025-05-26 07:28:00,180.4,144.2613333333333
rolling_mean_15,6,2025-05-26 09:07:00,179.52,142.09066666666666
rolling_mean_15,6,2025-05-26 10:46:00,56.32,145.728
rolling_mean_15,6,2025-05-26 12:25:00,54.56,145.55200000000002
rolling_mean_15,6,2025-05-26 14:04:00,102.96,145.31733333333335
rolling_mean_15,6,2025-05-26 15:43:00,105.6,146.78400000000002
rolling_mean_15,6,2025-05-26 17:22:00,97.24,146.72533333333334
rolling_mean_15,6,2025-05-26 19:01:00,133.76,146.05066666666664
rolling_mean_15,6,2025-05-26 20:40:00,154.0,145.11200000000002
rolling_mean_15,6,2025-05-26 22:19:00,156.64,145.40533333333332
rolling_mean_15,6,2025-05-26 23:58:00,162.8,145.52266666666665
rolling_mean_15,6,2025-05-27 01:37:00,166.32,145.40533333333332
rolling_mean_15,6,2025-05-27 03:16:00,191.84,144.52533333333332
rolling_mean_15,6,2025-05-27 04:54:00,192.72,143.64533333333335
rolling_mean_15,6,2025-05-27 06:33:00,190.96,142.70666666666665
rolling_mean_15,6,2025-05-27 08:12:00,161.04,141.70933333333332
rolling_mean_15,6,2025-05-27 09:51:00,74.8,140.41866666666664
rolling_mean_15,6,2025-05-27 11:30:00,74.8,133.43733333333333
rolling_mean_15,6,2025-05-27 13:09:00,97.68,134.66933333333333
rolling_mean_15,6,2025-05-27 14:48:00,98.56,137.54399999999998
rolling_mean_15,6,2025-05-27 16:27:00,90.64,137.25066666666666
rolling_mean_15,6,2025-05-27 18:06:00,108.24,136.25333333333336
rolling_mean_15,6,2025-05-27 19:45:00,143.44,136.98666666666665
rolling_mean_15,6,2025-05-27 21:24:00,144.32,137.632
rolling_mean_15,6,2025-05-27 23:03:00,152.24,136.98666666666668
rolling_mean_15,6,2025-05-28 00:41:00,153.12,136.69333333333336
rolling_mean_15,6,2025-05-28 02:20:00,189.2,136.04799999999997
rolling_mean_15,6,2025-05-28 03:59:00,190.08,137.57333333333332
rolling_mean_15,6,2025-05-28 05:38:00,188.32,137.45600000000002
rolling_mean_15,6,2025-05-28 07:17:00,187.44,137.16266666666667
rolling_mean_15,6,2025-05-28 08:56:00,169.84,136.928
rolling_mean_15,6,2025-05-28 10:35:00,62.48,137.51466666666667
rolling_mean_15,6,2025-05-28 12:14:00,65.12,136.6933333333333
rolling_mean_15,6,2025-05-28 13:53:00,80.96,136.04799999999997
rolling_mean_15,6,2025-05-28 15:32:00,99.44,134.93333333333334
rolling_mean_15,6,2025-05-28 17:11:00,113.52,134.99200000000002
train_mean,6,2025-05-24 07:40:00,179.52,145.21071718538565
train_mean,6,2025-05-24 09:19:00,92.4,145.21071718538565
train_mean,6,2025-05-24 10:58:00,80.96,145.21071718538565
train_mean,6,2025-05-24 12:37:00,91.52,145.21071718538565
train_mean,6,2025-05-24 14:16:00,106.48,145.21071718538565
train_mean,6,2025-05-24 15:54:00,110.88,145.21071718538565
train_mean,6,2025-05-24 17:33:00,126.72,145.21071718538565
train_mean,6,2025-05-24 19:12:00,157.52,145.21071718538565
train_mean,6,2025-05-24 20:51:00,159.28,145.21071718538565
train_mean,6,2025-05-24 22:30:00,163.68,145.21071718538565
train_mean,6,2025-05-25 00:09:00,164.56,145.21071718538565
train_mean,6,2025-05-25 01:48:00,197.12,145.21071718538565
train_mean,6,2025-05-25 03:27:00,212.08,145.21071718538565
train_mean,6,2025-05-25 05:06:00,212.96,145.21071718538565
train_mean,6,2025-05-25 06:45:00,212.96,145.21071718538565
train_mean,6,2025-05-25 08:24:00,124.96,145.21071718538565
train_mean,6,2025-05-25 10:03:00,58.96,145.21071718538565
train_mean,6,2025-05-25 11:41:00,58.08,145.21071718538565
train_mean,6,2025-05-25 13:20:00,80.96,145.21071718538565
train_mean,6,2025-05-25 14:59:00,106.48,145.21071718538565
train_mean,6,2025-05-25 16:38:00,107.36,145.21071718538565
train_mean,6,2025-05-25 18:17:00,147.84,145.21071718538565
train_mean,6,2025-05-25 19:56:00,149.6,145.21071718538565
train_mean,6,2025-05-25 21:35:00,154.88,145.21071718538565
train_mean,6,2025-05-25 23:14:00,164.56,145.21071718538565
train_mean,6,2025-05-26 00:53:00,179.52,145.21071718538565
train_mean,6,2025-05-26 02:32:00,205.04,145.21071718538565
train_mean,6,2025-05-26 04:11:00,206.8,145.21071718538565
train_mean,6,2025-05-26 05:50:00,205.92,145.21071718538565
train_mean,6,2025-05-26 07:28:00,180.4,145.21071718538565
train_mean,6,2025-05-26 09:07:00,179.52,145.21071718538565
train_mean,6,2025-05-26 10:46:00,56.32,145.21071718538565
train_mean,6,2025-05-26 12:25:00,54.56,145.21071718538565
train_mean,6,2025-05-26 14:04:00,102.96,145.21071718538565
train_mean,6,2025-05-26 15:43:00,105.6,145.21071718538565
train_mean,6,2025-05-26 17:22:00,97.24,145.21071718538565
train_mean,6,2025-05-26 19:01:00,133.76,145.21071718538565
train_mean,6,2025-05-26 20:40:00,154.0,145.21071718538565
train_mean,6,2025-05-26 22:19:00,156.64,145.21071718538565
train_mean,6,2025-05-26 23:58:00,162.8,145.21071718538565
train_mean,6,2025-05-27 01:37:00,166.32,145.21071718538565
train_mean,6,2025-05-27 03:16:00,191.84,145.21071718538565
train_mean,6,2025-05-27 04:54:00,192.72,145.21071718538565
train_mean,6,2025-05-27 06:33:00,190.96,145.21071718538565
train_mean,6,2025-05-27 08:12:00,161.04,145.21071718538565
train_mean,6,2025-05-27 09:51:00,74.8,145.21071718538565
train_mean,6,2025-05-27 11:30:00,74.8,145.21071718538565
train_mean,6,2025-05-27 13:09:00,97.68,145.21071718538565
train_mean,6,2025-05-27 14:48:00,98.56,145.21071718538565
train_mean,6,2025-05-27 16:27:00,90.64,145.21071718538565
train_mean,6,2025-05-27 18:06:00,108.24,145.21071718538565
train_mean,6,2025-05-27 19:45:00,143.44,145.21071718538565
train_mean,6,2025-05-27 21:24:00,144.32,145.21071718538565
train_mean,6,2025-05-27 23:03:00,152.24,145.21071718538565
train_mean,6,2025-05-28 00:41:00,153.12,145.21071718538565
train_mean,6,2025-05-28 02:20:00,189.2,145.21071718538565
train_mean,6,2025-05-28 03:59:00,190.08,145.21071718538565
train_mean,6,2025-05-28 05:38:00,188.32,145.21071718538565
train_mean,6,2025-05-28 07:17:00,187.44,145.21071718538565
train_mean,6,2025-05-28 08:56:00,169.84,145.21071718538565
train_mean,6,2025-05-28 10:35:00,62.48,145.21071718538565
train_mean,6,2025-05-28 12:14:00,65.12,145.21071718538565
train_mean,6,2025-05-28 13:53:00,80.96,145.21071718538565
train_mean,6,2025-05-28 15:32:00,99.44,145.21071718538565
train_mean,6,2025-05-28 17:11:00,113.52,145.21071718538565
seasonal_naive_24,6,2025-05-24 07:40:00,179.52,110.88
seasonal_naive_24,6,2025-05-24 09:19:00,92.4,139.04
seasonal_naive_24,6,2025-05-24 10:58:00,80.96,155.76
seasonal_naive_24,6,2025-05-24 12:37:00,91.52,156.64
seasonal_naive_24,6,2025-05-24 14:16:00,106.48,161.04
seasonal_naive_24,6,2025-05-24 15:54:00,110.88,179.52
seasonal_naive_24,6,2025-05-24 17:33:00,126.72,200.64
seasonal_naive_24,6,2025-05-24 19:12:00,157.52,211.2
seasonal_naive_24,6,2025-05-24 20:51:00,159.28,212.08
seasonal_naive_24,6,2025-05-24 22:30:00,163.68,211.2
seasonal_naive_24,6,2025-05-25 00:09:00,164.56,66.88
seasonal_naive_24,6,2025-05-25 01:48:00,197.12,62.48
seasonal_naive_24,6,2025-05-25 03:27:00,212.08,88.88
seasonal_naive_24,6,2025-05-25 05:06:00,212.96,111.76
seasonal_naive_24,6,2025-05-25 06:45:00,212.96,113.52
seasonal_naive_24,6,2025-05-25 08:24:00,124.96,139.04
seasonal_naive_24,6,2025-05-25 10:03:00,58.96,164.56
seasonal_naive_24,6,2025-05-25 11:41:00,58.08,167.2
seasonal_naive_24,6,2025-05-25 13:20:00,80.96,190.08
seasonal_naive_24,6,2025-05-25 14:59:00,106.48,191.84
seasonal_naive_24,6,2025-05-25 16:38:00,107.36,193.6
seasonal_naive_24,6,2025-05-25 18:17:00,147.84,220.0
seasonal_naive_24,6,2025-05-25 19:56:00,149.6,220.0
seasonal_naive_24,6,2025-05-25 21:35:00,154.88,220.0
seasonal_naive_24,6,2025-05-25 23:14:00,164.56,179.52
seasonal_naive_24,6,2025-05-26 00:53:00,179.52,92.4
seasonal_naive_24,6,2025-05-26 02:32:00,205.04,80.96
seasonal_naive_24,6,2025-05-26 04:11:00,206.8,91.52
seasonal_naive_24,6,2025-05-26 05:50:00,205.92,106.48
seasonal_naive_24,6,2025-05-26 07:28:00,180.4,110.88
seasonal_naive_24,6,2025-05-26 09:07:00,179.52,126.72
seasonal_naive_24,6,2025-05-26 10:46:00,56.32,157.52
seasonal_naive_24,6,2025-05-26 12:25:00,54.56,159.28
seasonal_naive_24,6,2025-05-26 14:04:00,102.96,163.68
seasonal_naive_24,6,2025-05-26 15:43:00,105.6,164.56
seasonal_naive_24,6,2025-05-26 17:22:00,97.24,197.12
seasonal_naive_24,6,2025-05-26 19:01:00,133.76,212.08
seasonal_naive_24,6,2025-05-26 20:40:00,154.0,212.96
seasonal_naive_24,6,2025-05-26 22:19:00,156.64,212.96
seasonal_naive_24,6,2025-05-26 23:58:00,162.8,124.96
seasonal_naive_24,6,2025-05-27 01:37:00,166.32,58.96
seasonal_naive_24,6,2025-05-27 03:16:00,191.84,58.08
seasonal_naive_24,6,2025-05-27 04:54:00,192.72,80.96
seasonal_naive_24,6,2025-05-27 06:33:00,190.96,106.48
seasonal_naive_24,6,2025-05-27 08:12:00,161.04,107.36
seasonal_naive_24,6,2025-05-27 09:51:00,74.8,147.84
seasonal_naive_24,6,2025-05-27 11:30:00,74.8,149.6
seasonal_naive_24,6,2025-05-27 13:09:00,97.68,154.88
seasonal_naive_24,6,2025-05-27 14:48:00,98.56,164.56
seasonal_naive_24,6,2025-05-27 16:27:00,90.64,179.52
seasonal_naive_24,6,2025-05-27 18:06:00,108.24,205.04
seasonal_naive_24,6,2025-05-27 19:45:00,143.44,206.8
seasonal_naive_24,6,2025-05-27 21:24:00,144.32,205.92
seasonal_naive_24,6,2025-05-27 23:03:00,152.24,180.4
seasonal_naive_24,6,2025-05-28 00:41:00,153.12,179.52
seasonal_naive_24,6,2025-05-28 02:20:00,189.2,56.32
seasonal_naive_24,6,2025-05-28 03:59:00,190.08,54.56
seasonal_naive_24,6,2025-05-28 05:38:00,188.32,102.96
seasonal_naive_24,6,2025-05-28 07:17:00,187.44,105.6
seasonal_naive_24,6,2025-05-28 08:56:00,169.84,97.24
seasonal_naive_24,6,2025-05-28 10:35:00,62.48,133.76
seasonal_naive_24,6,2025-05-28 12:14:00,65.12,154.0
seasonal_naive_24,6,2025-05-28 13:53:00,80.96,156.64
seasonal_naive_24,6,2025-05-28 15:32:00,99.44,162.8
seasonal_naive_24,6,2025-05-28 17:11:00,113.52,166.32
ridge,6,2025-05-24 07:40:00,179.52,172.72568971316218
ridge,6,2025-05-24 09:19:00,92.4,111.48681519888567
ridge,6,2025-05-24 10:58:00,80.96,80.12398123828919
ridge,6,2025-05-24 12:37:00,91.52,96.06383109694653
ridge,6,2025-05-24 14:16:00,106.48,117.11373761814782
ridge,6,2025-05-24 15:54:00,110.88,128.09394550502617
ridge,6,2025-05-24 17:33:00,126.72,138.58856218981902
ridge,6,2025-05-24 19:12:00,157.52,157.18599974603222
ridge,6,2025-05-24 20:51:00,159.28,178.3387336102156
ridge,6,2025-05-24 22:30:00,163.68,185.12055724908643
ridge,6,2025-05-25 00:09:00,164.56,182.13191016505016
ridge,6,2025-05-25 01:48:00,197.12,182.59310203431085
ridge,6,2025-05-25 03:27:00,212.08,202.73895743752936
ridge,6,2025-05-25 05:06:00,212.96,196.74282736360777
ridge,6,2025-05-25 06:45:00,212.96,175.86580210809214
ridge,6,2025-05-25 08:24:00,124.96,153.42813931328516
ridge,6,2025-05-25 10:03:00,58.96,93.2750941711039
ridge,6,2025-05-25 11:41:00,58.08,72.83463474841362
ridge,6,2025-05-25 13:20:00,80.96,90.8760096342344
ridge,6,2025-05-25 14:59:00,106.48,113.99517604445447
ridge,6,2025-05-25 16:38:00,107.36,130.293222437965
ridge,6,2025-05-25 18:17:00,147.84,135.09471045161249
ridge,6,2025-05-25 19:56:00,149.6,167.55631436947306
ridge,6,2025-05-25 21:35:00,154.88,171.53211719043907
ridge,6,2025-05-25 23:14:00,164.56,170.4890007007486
ridge,6,2025-05-26 00:53:00,179.52,177.42086928289984
ridge,6,2025-05-26 02:32:00,205.04,192.9645667062954
ridge,6,2025-05-26 04:11:00,206.8,201.0913686759239
ridge,6,2025-05-26 05:50:00,205.92,184.2046973911957
ridge,6,2025-05-26 07:28:00,180.4,166.0961263297915
ridge,6,2025-05-26 09:07:00,179.52,125.6780675914633
ridge,6,2025-05-26 10:46:00,56.32,115.10591985125865
ridge,6,2025-05-26 12:25:00,54.56,72.59395047325452
ridge,6,2025-05-26 14:04:00,102.96,86.57699501116909
ridge,6,2025-05-26 15:43:00,105.6,128.7197124190362
ridge,6,2025-05-26 17:22:00,97.24,132.03896123554648
ridge,6,2025-05-26 19:01:00,133.76,136.20758496188205
ridge,6,2025-05-26 20:40:00,154.0,161.25950140306966
ridge,6,2025-05-26 22:19:00,156.64,177.03034541979923
ridge,6,2025-05-26 23:58:00,162.8,176.49576778461852
ridge,6,2025-05-27 01:37:00,166.32,181.34866444120792
ridge,6,2025-05-27 03:16:00,191.84,185.54313380685318
ridge,6,2025-05-27 04:54:00,192.72,186.8473769932533
ridge,6,2025-05-27 06:33:00,190.96,170.11890768159424
ridge,6,2025-05-27 08:12:00,161.04,147.6420059676011
ridge,6,2025-05-27 09:51:00,74.8,136.2771092641832
ridge,6,2025-05-27 11:30:00,74.8,72.44051055312414
ridge,6,2025-05-27 13:09:00,97.68,83.64166362046137
ridge,6,2025-05-27 14:48:00,98.56,116.71687144626658
ridge,6,2025-05-27 16:27:00,90.64,118.7888520097693
ridge,6,2025-05-27 18:06:00,108.24,112.74194727575207
ridge,6,2025-05-27 19:45:00,143.44,137.94135956827915
ridge,6,2025-05-27 21:24:00,144.32,167.91350753199228
ridge,6,2025-05-27 23:03:00,152.24,167.53045816616847
ridge,6,2025-05-28 00:41:00,153.12,170.86955360260038
ridge,6,2025-05-28 02:20:00,189.2,171.00248407837523
ridge,6,2025-05-28 03:59:00,190.08,190.32129543055936
ridge,6,2025-05-28 05:38:00,188.32,175.4508512868533
ridge,6,2025-05-28 07:17:00,187.44,153.60638097494206
ridge,6,2025-05-28 08:56:00,169.84,140.3306460579977
ridge,6,2025-05-28 10:35:00,62.48,114.59873144313607
ridge,6,2025-05-28 12:14:00,65.12,78.1008118613583
ridge,6,2025-05-28 13:53:00,80.96,95.63607570965075
ridge,6,2025-05-28 15:32:00,99.44,112.27448773826927
ridge,6,2025-05-28 17:11:00,113.52,121.43829309311877
random_forest,6,2025-05-24 07:40:00,179.52,175.52333333333337
random_forest,6,2025-05-24 09:19:00,92.4,98.30668222222211
random_forest,6,2025-05-24 10:58:00,80.96,75.09787023670292
random_forest,6,2025-05-24 12:37:00,91.52,89.50556428232844
random_forest,6,2025-05-24 14:16:00,106.48,115.91683817386598
random_forest,6,2025-05-24 15:54:00,110.88,127.89000983514593
random_forest,6,2025-05-24 17:33:00,126.72,143.85414358496405
random_forest,6,2025-05-24 19:12:00,157.52,149.27494657685043
random_forest,6,2025-05-24 20:51:00,159.28,163.92376862808877
random_forest,6,2025-05-24 22:30:00,163.68,178.98264103171962
random_forest,6,2025-05-25 00:09:00,164.56,184.95827989476618
random_forest,6,2025-05-25 01:48:00,197.12,187.4509862016782
random_forest,6,2025-05-25 03:27:00,212.08,198.19793796678468
random_forest,6,2025-05-25 05:06:00,212.96,212.04266984127014
random_forest,6,2025-05-25 06:45:00,212.96,203.05276444444453
random_forest,6,2025-05-25 08:24:00,124.96,142.22511111111115
random_forest,6,2025-05-25 10:03:00,58.96,94.95499709165381
random_forest,6,2025-05-25 11:41:00,58.08,79.67394052910063
random_forest,6,2025-05-25 13:20:00,80.96,90.72995947433971
random_forest,6,2025-05-25 14:59:00,106.48,101.41704529643195
random_forest,6,2025-05-25 16:38:00,107.36,126.01207602078082
random_forest,6,2025-05-25 18:17:00,147.84,138.0585809505153
random_forest,6,2025-05-25 19:56:00,149.6,148.80885350254502
random_forest,6,2025-05-25 21:35:00,154.88,156.48779011422565
random_forest,6,2025-05-25 23:14:00,164.56,164.6497515548178
random_forest,6,2025-05-26 00:53:00,179.52,178.35717960432407
random_forest,6,2025-05-26 02:32:00,205.04,192.79708378761143
random_forest,6,2025-05-26 04:11:00,206.8,208.70278814814836
random_forest,6,2025-05-26 05:50:00,205.92,209.16025777772262
random_forest,6,2025-05-26 07:28:00,180.4,187.77708888888884
random_forest,6,2025-05-26 09:07:00,179.52,143.68524761893661
random_forest,6,2025-05-26 10:46:00,56.32,87.63422943740152
random_forest,6,2025-05-26 12:25:00,54.56,76.43609301587306
random_forest,6,2025-05-26 14:04:00,102.96,91.28435121693134
random_forest,6,2025-05-26 15:43:00,105.6,113.71804024391047
random_forest,6,2025-05-26 17:22:00,97.24,123.36796529643192
random_forest,6,2025-05-26 19:01:00,133.76,138.51760679427332
random_forest,6,2025-05-26 20:40:00,154.0,142.71911261377574
random_forest,6,2025-05-26 22:19:00,156.64,155.19095575517548
random_forest,6,2025-05-26 23:58:00,162.8,170.52257257829177
random_forest,6,2025-05-27 01:37:00,166.32,183.22756845799094
random_forest,6,2025-05-27 03:16:00,191.84,180.92871316186353
random_forest,6,2025-05-27 04:54:00,192.72,182.7197943966713
random_forest,6,2025-05-27 06:33:00,190.96,171.03455085514088
random_forest,6,2025-05-27 08:12:00,161.04,148.93833593526844
random_forest,6,2025-05-27 09:51:00,74.8,119.48587246537835
random_forest,6,2025-05-27 11:30:00,74.8,72.2237829100529
random_forest,6,2025-05-27 13:09:00,97.68,82.8115434968593
random_forest,6,2025-05-27 14:48:00,98.56,103.41525989847455
random_forest,6,2025-05-27 16:27:00,90.64,111.81303167849151
random_forest,6,2025-05-27 18:06:00,108.24,116.80512473919846
random_forest,6,2025-05-27 19:45:00,143.44,137.06707437044776
random_forest,6,2025-05-27 21:24:00,144.32,151.40451366525286
random_forest,6,2025-05-27 23:03:00,152.24,155.35621613730547
random_forest,6,2025-05-28 00:41:00,153.12,164.3100151358584
random_forest,6,2025-05-28 02:20:00,189.2,165.464218930677
random_forest,6,2025-05-28 03:59:00,190.08,190.29092316634382
random_forest,6,2025-05-28 05:38:00,188.32,183.6413574857573
random_forest,6,2025-05-28 07:17:00,187.44,172.23599712962653
random_forest,6,2025-05-28 08:56:00,169.84,151.52180760340596
random_forest,6,2025-05-28 10:35:00,62.48,88.5097719786169
random_forest,6,2025-05-28 12:14:00,65.12,75.24501101909357
random_forest,6,2025-05-28 13:53:00,80.96,90.65957103208434
random_forest,6,2025-05-28 15:32:00,99.44,102.50175461858201
random_forest,6,2025-05-28 17:11:00,113.52,106.87088520156097
xgboost,6,2025-05-24 07:40:00,179.52,176.30099487304688
xgboost,6,2025-05-24 09:19:00,92.4,117.22265625
xgboost,6,2025-05-24 10:58:00,80.96,51.28449630737305
xgboost,6,2025-05-24 12:37:00,91.52,102.77262878417969
xgboost,6,2025-05-24 14:16:00,106.48,122.33129119873047
xgboost,6,2025-05-24 15:54:00,110.88,135.3704376220703
xgboost,6,2025-05-24 17:33:00,126.72,142.67431640625
xgboost,6,2025-05-24 19:12:00,157.52,149.82931518554688
xgboost,6,2025-05-24 20:51:00,159.28,162.16790771484375
xgboost,6,2025-05-24 22:30:00,163.68,179.418701171875
xgboost,6,2025-05-25 00:09:00,164.56,179.74050903320312
xgboost,6,2025-05-25 01:48:00,197.12,181.3805389404297
xgboost,6,2025-05-25 03:27:00,212.08,187.75921630859375
xgboost,6,2025-05-25 05:06:00,212.96,204.26898193359375
xgboost,6,2025-05-25 06:45:00,212.96,203.83827209472656
xgboost,6,2025-05-25 08:24:00,124.96,134.9246063232422
xgboost,6,2025-05-25 10:03:00,58.96,81.7078628540039
xgboost,6,2025-05-25 11:41:00,58.08,76.06739807128906
xgboost,6,2025-05-25 13:20:00,80.96,93.33853149414062
xgboost,6,2025-05-25 14:59:00,106.48,103.30776977539062
xgboost,6,2025-05-25 16:38:00,107.36,131.0526580810547
xgboost,6,2025-05-25 18:17:00,147.84,145.38864135742188
xgboost,6,2025-05-25 19:56:00,149.6,159.6767120361328
xgboost,6,2025-05-25 21:35:00,154.88,161.36761474609375
xgboost,6,2025-05-25 23:14:00,164.56,169.6530303955078
xgboost,6,2025-05-26 00:53:00,179.52,177.95436096191406
xgboost,6,2025-05-26 02:32:00,205.04,200.6322784423828
xgboost,6,2025-05-26 04:11:00,206.8,209.73019409179688
xgboost,6,2025-05-26 05:50:00,205.92,216.08448791503906
xgboost,6,2025-05-26 07:28:00,180.4,179.7873992919922
xgboost,6,2025-05-26 09:07:00,179.52,156.46913146972656
xgboost,6,2025-05-26 10:46:00,56.32,85.26818084716797
xgboost,6,2025-05-26 12:25:00,54.56,74.8145523071289
xgboost,6,2025-05-26 14:04:00,102.96,95.04389953613281
xgboost,6,2025-05-26 15:43:00,105.6,116.09061431884766
xgboost,6,2025-05-26 17:22:00,97.24,132.0694122314453
xgboost,6,2025-05-26 19:01:00,133.76,139.4357452392578
xgboost,6,2025-05-26 20:40:00,154.0,142.7242431640625
xgboost,6,2025-05-26 22:19:00,156.64,154.72352600097656
xgboost,6,2025-05-26 23:58:00,162.8,164.0050506591797
xgboost,6,2025-05-27 01:37:00,166.32,177.4883270263672
xgboost,6,2025-05-27 03:16:00,191.84,180.1195831298828
xgboost,6,2025-05-27 04:54:00,192.72,180.05975341796875
xgboost,6,2025-05-27 06:33:00,190.96,170.15663146972656
xgboost,6,2025-05-27 08:12:00,161.04,158.28372192382812
xgboost,6,2025-05-27 09:51:00,74.8,108.2076187133789
xgboost,6,2025-05-27 11:30:00,74.8,72.27667236328125
xgboost,6,2025-05-27 13:09:00,97.68,89.45984649658203
xgboost,6,2025-05-27 14:48:00,98.56,100.3940658569336
xgboost,6,2025-05-27 16:27:00,90.64,112.5945053100586
xgboost,6,2025-05-27 18:06:00,108.24,117.83602142333984
xgboost,6,2025-05-27 19:45:00,143.44,136.82009887695312
xgboost,6,2025-05-27 21:24:00,144.32,153.0366668701172
xgboost,6,2025-05-27 23:03:00,152.24,155.88551330566406
xgboost,6,2025-05-28 00:41:00,153.12,165.09735107421875
xgboost,6,2025-05-28 02:20:00,189.2,162.17311096191406
xgboost,6,2025-05-28 03:59:00,190.08,190.57530212402344
xgboost,6,2025-05-28 05:38:00,188.32,184.2273406982422
xgboost,6,2025-05-28 07:17:00,187.44,171.1051025390625
xgboost,6,2025-05-28 08:56:00,169.84,152.02923583984375
xgboost,6,2025-05-28 10:35:00,62.48,95.54590606689453
xgboost,6,2025-05-28 12:14:00,65.12,69.13220977783203
xgboost,6,2025-05-28 13:53:00,80.96,96.42849731445312
xgboost,6,2025-05-28 15:32:00,99.44,101.87837219238281
xgboost,6,2025-05-28 17:11:00,113.52,107.66266632080078
persistence,7,2025-05-28 18:50:00,144.32,113.52
persistence,7,2025-05-28 20:28:00,145.2,144.32
persistence,7,2025-05-28 22:07:00,148.72,145.2
persistence,7,2025-05-28 23:46:00,149.6,148.72
persistence,7,2025-05-29 01:25:00,162.8,149.6
persistence,7,2025-05-29 03:04:00,189.2,162.8
persistence,7,2025-05-29 04:43:00,190.08,189.2
persistence,7,2025-05-29 06:22:00,189.2,190.08
persistence,7,2025-05-29 08:01:00,188.32,189.2
persistence,7,2025-05-29 09:40:00,187.44,188.32
persistence,7,2025-05-29 11:19:00,80.08,187.44
persistence,7,2025-05-29 12:58:00,84.48,80.08
persistence,7,2025-05-29 14:37:00,109.12,84.48
persistence,7,2025-05-29 16:16:00,107.36,109.12
persistence,7,2025-05-29 17:54:00,158.4,107.36
persistence,7,2025-05-29 19:33:00,159.28,158.4
persistence,7,2025-05-29 21:12:00,162.36,159.28
persistence,7,2025-05-29 22:51:00,167.2,162.36
persistence,7,2025-05-30 00:30:00,168.08,167.2
persistence,7,2025-05-30 02:09:00,176.0,168.08
persistence,7,2025-05-30 03:48:00,183.92,176.0
persistence,7,2025-05-30 05:27:00,183.92,183.92
persistence,7,2025-05-30 07:06:00,183.04,183.92
persistence,7,2025-05-30 08:45:00,133.76,183.04
persistence,7,2025-05-30 10:24:00,58.96,133.76
persistence,7,2025-05-30 12:03:00,51.04,58.96
persistence,7,2025-05-30 13:41:00,70.4,51.04
persistence,7,2025-05-30 15:20:00,75.68,70.4
persistence,7,2025-05-30 16:59:00,79.2,75.68
persistence,7,2025-05-30 18:38:00,80.08,79.2
persistence,7,2025-05-30 20:17:00,119.68,80.08
persistence,7,2025-05-30 21:56:00,117.92,119.68
persistence,7,2025-05-30 23:35:00,155.76,117.92
persistence,7,2025-05-31 01:14:00,185.68,155.76
persistence,7,2025-05-31 02:53:00,206.8,185.68
persistence,7,2025-05-31 04:32:00,207.68,206.8
persistence,7,2025-05-31 06:11:00,207.68,207.68
persistence,7,2025-05-31 07:50:00,196.24,207.68
persistence,7,2025-05-31 09:28:00,119.68,196.24
persistence,7,2025-05-31 11:07:00,58.08,119.68
persistence,7,2025-05-31 12:46:00,82.72,58.08
persistence,7,2025-05-31 14:25:00,89.76,82.72
persistence,7,2025-05-31 16:04:00,97.24,89.76
persistence,7,2025-05-31 17:43:00,119.68,97.24
persistence,7,2025-05-31 19:22:00,157.52,119.68
persistence,7,2025-05-31 21:01:00,159.28,157.52
persistence,7,2025-05-31 22:40:00,169.84,159.28
persistence,7,2025-06-01 00:19:00,164.56,169.84
persistence,7,2025-06-01 01:58:00,192.72,164.56
persistence,7,2025-06-01 03:37:00,193.6,192.72
persistence,7,2025-06-01 05:16:00,193.6,193.6
persistence,7,2025-06-01 06:54:00,192.72,193.6
persistence,7,2025-06-01 08:33:00,176.88,192.72
persistence,7,2025-06-01 10:12:00,176.0,176.88
persistence,7,2025-06-01 11:51:00,77.44,176.0
persistence,7,2025-06-01 13:30:00,75.68,77.44
persistence,7,2025-06-01 15:09:00,105.6,75.68
persistence,7,2025-06-01 16:48:00,107.36,105.6
persistence,7,2025-06-01 18:27:00,118.8,107.36
persistence,7,2025-06-01 20:06:00,146.96,118.8
persistence,7,2025-06-01 21:45:00,168.08,146.96
persistence,7,2025-06-01 23:24:00,168.96,168.08
persistence,7,2025-06-02 01:03:00,215.6,168.96
persistence,7,2025-06-02 02:41:00,215.6,215.6
persistence,7,2025-06-02 04:20:00,216.48,215.6
persistence,7,2025-06-02 05:59:00,220.0,216.48
persistence,7,2025-06-02 07:38:00,220.0,220.0
persistence,7,2025-06-02 09:17:00,220.0,220.0
persistence,7,2025-06-02 10:56:00,78.32,220.0
seasonal_naive_15,7,2025-05-28 18:50:00,144.32,108.24
seasonal_naive_15,7,2025-05-28 20:28:00,145.2,143.44
seasonal_naive_15,7,2025-05-28 22:07:00,148.72,144.32
seasonal_naive_15,7,2025-05-28 23:46:00,149.6,152.24
seasonal_naive_15,7,2025-05-29 01:25:00,162.8,153.12
seasonal_naive_15,7,2025-05-29 03:04:00,189.2,189.2
seasonal_naive_15,7,2025-05-29 04:43:00,190.08,190.08
seasonal_naive_15,7,2025-05-29 06:22:00,189.2,188.32
seasonal_naive_15,7,2025-05-29 08:01:00,188.32,187.44
seasonal_naive_15,7,2025-05-29 09:40:00,187.44,169.84
seasonal_naive_15,7,2025-05-29 11:19:00,80.08,62.48
seasonal_naive_15,7,2025-05-29 12:58:00,84.48,65.12
seasonal_naive_15,7,2025-05-29 14:37:00,109.12,80.96
seasonal_naive_15,7,2025-05-29 16:16:00,107.36,99.44
seasonal_naive_15,7,2025-05-29 17:54:00,158.4,113.52
seasonal_naive_15,7,2025-05-29 19:33:00,159.28,144.32
seasonal_naive_15,7,2025-05-29 21:12:00,162.36,145.2
seasonal_naive_15,7,2025-05-29 22:51:00,167.2,148.72
seasonal_naive_15,7,2025-05-30 00:30:00,168.08,149.6
seasonal_naive_15,7,2025-05-30 02:09:00,176.0,162.8
seasonal_naive_15,7,2025-05-30 03:48:00,183.92,189.2
seasonal_naive_15,7,2025-05-30 05:27:00,183.92,190.08
seasonal_naive_15,7,2025-05-30 07:06:00,183.04,189.2
seasonal_naive_15,7,2025-05-30 08:45:00,133.76,188.32
seasonal_naive_15,7,2025-05-30 10:24:00,58.96,187.44
seasonal_naive_15,7,2025-05-30 12:03:00,51.04,80.08
seasonal_naive_15,7,2025-05-30 13:41:00,70.4,84.48
seasonal_naive_15,7,2025-05-30 15:20:00,75.68,109.12
seasonal_naive_15,7,2025-05-30 16:59:00,79.2,107.36
seasonal_naive_15,7,2025-05-30 18:38:00,80.08,158.4
seasonal_naive_15,7,2025-05-30 20:17:00,119.68,159.28
seasonal_naive_15,7,2025-05-30 21:56:00,117.92,162.36
seasonal_naive_15,7,2025-05-30 23:35:00,155.76,167.2
seasonal_naive_15,7,2025-05-31 01:14:00,185.68,168.08
seasonal_naive_15,7,2025-05-31 02:53:00,206.8,176.0
seasonal_naive_15,7,2025-05-31 04:32:00,207.68,183.92
seasonal_naive_15,7,2025-05-31 06:11:00,207.68,183.92
seasonal_naive_15,7,2025-05-31 07:50:00,196.24,183.04
seasonal_naive_15,7,2025-05-31 09:28:00,119.68,133.76
seasonal_naive_15,7,2025-05-31 11:07:00,58.08,58.96
seasonal_naive_15,7,2025-05-31 12:46:00,82.72,51.04
seasonal_naive_15,7,2025-05-31 14:25:00,89.76,70.4
seasonal_naive_15,7,2025-05-31 16:04:00,97.24,75.68
seasonal_naive_15,7,2025-05-31 17:43:00,119.68,79.2
seasonal_naive_15,7,2025-05-31 19:22:00,157.52,80.08
seasonal_naive_15,7,2025-05-31 21:01:00,159.28,119.68
seasonal_naive_15,7,2025-05-31 22:40:00,169.84,117.92
seasonal_naive_15,7,2025-06-01 00:19:00,164.56,155.76
seasonal_naive_15,7,2025-06-01 01:58:00,192.72,185.68
seasonal_naive_15,7,2025-06-01 03:37:00,193.6,206.8
seasonal_naive_15,7,2025-06-01 05:16:00,193.6,207.68
seasonal_naive_15,7,2025-06-01 06:54:00,192.72,207.68
seasonal_naive_15,7,2025-06-01 08:33:00,176.88,196.24
seasonal_naive_15,7,2025-06-01 10:12:00,176.0,119.68
seasonal_naive_15,7,2025-06-01 11:51:00,77.44,58.08
seasonal_naive_15,7,2025-06-01 13:30:00,75.68,82.72
seasonal_naive_15,7,2025-06-01 15:09:00,105.6,89.76
seasonal_naive_15,7,2025-06-01 16:48:00,107.36,97.24
seasonal_naive_15,7,2025-06-01 18:27:00,118.8,119.68
seasonal_naive_15,7,2025-06-01 20:06:00,146.96,157.52
seasonal_naive_15,7,2025-06-01 21:45:00,168.08,159.28
seasonal_naive_15,7,2025-06-01 23:24:00,168.96,169.84
seasonal_naive_15,7,2025-06-02 01:03:00,215.6,164.56
seasonal_naive_15,7,2025-06-02 02:41:00,215.6,192.72
seasonal_naive_15,7,2025-06-02 04:20:00,216.48,193.6
seasonal_naive_15,7,2025-06-02 05:59:00,220.0,193.6
seasonal_naive_15,7,2025-06-02 07:38:00,220.0,192.72
seasonal_naive_15,7,2025-06-02 09:17:00,220.0,176.88
seasonal_naive_15,7,2025-06-02 10:56:00,78.32,176.0
drift,7,2025-05-28 18:50:00,144.32,113.44
drift,7,2025-05-28 20:28:00,145.2,113.36
drift,7,2025-05-28 22:07:00,148.72,113.28
drift,7,2025-05-28 23:46:00,149.6,113.2
drift,7,2025-05-29 01:25:00,162.8,113.11999999999999
drift,7,2025-05-29 03:04:00,189.2,113.03999999999999
drift,7,2025-05-29 04:43:00,190.08,112.96
drift,7,2025-05-29 06:22:00,189.2,112.88
drift,7,2025-05-29 08:01:00,188.32,112.8
drift,7,2025-05-29 09:40:00,187.44,112.72
drift,7,2025-05-29 11:19:00,80.08,112.64
drift,7,2025-05-29 12:58:00,84.48,112.56
drift,7,2025-05-29 14:37:00,109.12,112.47999999999999
drift,7,2025-05-29 16:16:00,107.36,112.39999999999999
drift,7,2025-05-29 17:54:00,158.4,112.32
drift,7,2025-05-29 19:33:00,159.28,112.24
drift,7,2025-05-29 21:12:00,162.36,112.16
drift,7,2025-05-29 22:51:00,167.2,112.08
drift,7,2025-05-30 00:30:00,168.08,112.0
drift,7,2025-05-30 02:09:00,176.0,111.92
drift,7,2025-05-30 03:48:00,183.92,111.84
drift,7,2025-05-30 05:27:00,183.92,111.75999999999999
drift,7,2025-05-30 07:06:00,183.04,111.67999999999999
drift,7,2025-05-30 08:45:00,133.76,111.6
drift,7,2025-05-30 10:24:00,58.96,111.52
drift,7,2025-05-30 12:03:00,51.04,111.44
drift,7,2025-05-30 13:41:00,70.4,111.36
drift,7,2025-05-30 15:20:00,75.68,111.28
drift,7,2025-05-30 16:59:00,79.2,111.2
drift,7,2025-05-30 18:38:00,80.08,111.11999999999999
drift,7,2025-05-30 20:17:00,119.68,111.03999999999999
drift,7,2025-05-30 21:56:00,117.92,110.96
drift,7,2025-05-30 23:35:00,155.76,110.88
drift,7,2025-05-31 01:14:00,185.68,110.8
drift,7,2025-05-31 02:53:00,206.8,110.72
drift,7,2025-05-31 04:32:00,207.68,110.64
drift,7,2025-05-31 06:11:00,207.68,110.56
drift,7,2025-05-31 07:50:00,196.24,110.47999999999999
drift,7,2025-05-31 09:28:00,119.68,110.39999999999999
drift,7,2025-05-31 11:07:00,58.08,110.32
drift,7,2025-05-31 12:46:00,82.72,110.24
drift,7,2025-05-31 14:25:00,89.76,110.16
drift,7,2025-05-31 16:04:00,97.24,110.08
drift,7,2025-05-31 17:43:00,119.68,110.0
drift,7,2025-05-31 19:22:00,157.52,109.92
drift,7,2025-05-31 21:01:00,159.28,109.84
drift,7,2025-05-31 22:40:00,169.84,109.75999999999999
drift,7,2025-06-01 00:19:00,164.56,109.67999999999999
drift,7,2025-06-01 01:58:00,192.72,109.6
drift,7,2025-06-01 03:37:00,193.6,109.52
drift,7,2025-06-01 05:16:00,193.6,109.44
drift,7,2025-06-01 06:54:00,192.72,109.36
drift,7,2025-06-01 08:33:00,176.88,109.28
drift,7,2025-06-01 10:12:00,176.0,109.2
drift,7,2025-06-01 11:51:00,77.44,109.11999999999999
drift,7,2025-06-01 13:30:00,75.68,109.03999999999999
drift,7,2025-06-01 15:09:00,105.6,108.96
drift,7,2025-06-01 16:48:00,107.36,108.88
drift,7,2025-06-01 18:27:00,118.8,108.8
drift,7,2025-06-01 20:06:00,146.96,108.72
drift,7,2025-06-01 21:45:00,168.08,108.64
drift,7,2025-06-01 23:24:00,168.96,108.56
drift,7,2025-06-02 01:03:00,215.6,108.47999999999999
drift,7,2025-06-02 02:41:00,215.6,108.39999999999999
drift,7,2025-06-02 04:20:00,216.48,108.32
drift,7,2025-06-02 05:59:00,220.0,108.24
drift,7,2025-06-02 07:38:00,220.0,108.16
drift,7,2025-06-02 09:17:00,220.0,108.08
drift,7,2025-06-02 10:56:00,78.32,108.0
rolling_mean_15,7,2025-05-28 18:50:00,144.32,136.51733333333334
rolling_mean_15,7,2025-05-28 20:28:00,145.2,138.9226666666667
rolling_mean_15,7,2025-05-28 22:07:00,148.72,139.04
rolling_mean_15,7,2025-05-28 23:46:00,149.6,139.33333333333331
rolling_mean_15,7,2025-05-29 01:25:00,162.8,139.15733333333336
rolling_mean_15,7,2025-05-29 03:04:00,189.2,139.80266666666665
rolling_mean_15,7,2025-05-29 04:43:00,190.08,139.80266666666662
rolling_mean_15,7,2025-05-29 06:22:00,189.2,139.80266666666665
rolling_mean_15,7,2025-05-29 08:01:00,188.32,139.8613333333333
rolling_mean_15,7,2025-05-29 09:40:00,187.44,139.92
rolling_mean_15,7,2025-05-29 11:19:00,80.08,141.09333333333333
rolling_mean_15,7,2025-05-29 12:58:00,84.48,142.26666666666662
rolling_mean_15,7,2025-05-29 14:37:00,109.12,143.55733333333333
rolling_mean_15,7,2025-05-29 16:16:00,107.36,145.43466666666663
rolling_mean_15,7,2025-05-29 17:54:00,158.4,145.96266666666668
rolling_mean_15,7,2025-05-29 19:33:00,159.28,148.95466666666667
rolling_mean_15,7,2025-05-29 21:12:00,162.36,149.95199999999997
rolling_mean_15,7,2025-05-29 22:51:00,167.2,151.096
rolling_mean_15,7,2025-05-30 00:30:00,168.08,152.32799999999997
rolling_mean_15,7,2025-05-30 02:09:00,176.0,153.55999999999997
rolling_mean_15,7,2025-05-30 03:48:00,183.92,154.44000000000003
rolling_mean_15,7,2025-05-30 05:27:00,183.92,154.088
rolling_mean_15,7,2025-05-30 07:06:00,183.04,153.67733333333334
rolling_mean_15,7,2025-05-30 08:45:00,133.76,153.26666666666668
rolling_mean_15,7,2025-05-30 10:24:00,58.96,149.62933333333336
rolling_mean_15,7,2025-05-30 12:03:00,51.04,141.064
rolling_mean_15,7,2025-05-30 13:41:00,70.4,139.12800000000001
rolling_mean_15,7,2025-05-30 15:20:00,75.68,138.18933333333334
rolling_mean_15,7,2025-05-30 16:59:00,79.2,135.96
rolling_mean_15,7,2025-05-30 18:38:00,80.08,134.08266666666668
rolling_mean_15,7,2025-05-30 20:17:00,119.68,128.86133333333333
rolling_mean_15,7,2025-05-30 21:56:00,117.92,126.22133333333335
rolling_mean_15,7,2025-05-30 23:35:00,155.76,123.25866666666667
rolling_mean_15,7,2025-05-31 01:14:00,185.68,122.49600000000002
rolling_mean_15,7,2025-05-31 02:53:00,206.8,123.66933333333334
rolling_mean_15,7,2025-05-31 04:32:00,207.68,125.72266666666668
rolling_mean_15,7,2025-05-31 06:11:00,207.68,127.30666666666667
rolling_mean_15,7,2025-05-31 07:50:00,196.24,128.89066666666668
rolling_mean_15,7,2025-05-31 09:28:00,119.68,129.77066666666667
rolling_mean_15,7,2025-05-31 11:07:00,58.08,128.83200000000002
rolling_mean_15,7,2025-05-31 12:46:00,82.72,128.77333333333334
rolling_mean_15,7,2025-05-31 14:25:00,89.76,130.88533333333334
rolling_mean_15,7,2025-05-31 16:04:00,97.24,132.17600000000002
rolling_mean_15,7,2025-05-31 17:43:00,119.68,133.61333333333334
rolling_mean_15,7,2025-05-31 19:22:00,157.52,136.312
rolling_mean_15,7,2025-05-31 21:01:00,159.28,141.47466666666668
rolling_mean_15,7,2025-05-31 22:40:00,169.84,144.1146666666667
rolling_mean_15,7,2025-06-01 00:19:00,164.56,147.57600000000002
rolling_mean_15,7,2025-06-01 01:58:00,192.72,148.16266666666667
rolling_mean_15,7,2025-06-01 03:37:00,193.6,148.632
rolling_mean_15,7,2025-06-01 05:16:00,193.6,147.75199999999998
rolling_mean_15,7,2025-06-01 06:54:00,192.72,146.81333333333333
rolling_mean_15,7,2025-06-01 08:33:00,176.88,145.81599999999997
rolling_mean_15,7,2025-06-01 10:12:00,176.0,144.52533333333332
rolling_mean_15,7,2025-06-01 11:51:00,77.44,148.28
rolling_mean_15,7,2025-06-01 13:30:00,75.68,149.57066666666665
rolling_mean_15,7,2025-06-01 15:09:00,105.6,149.10133333333332
rolling_mean_15,7,2025-06-01 16:48:00,107.36,150.1573333333333
rolling_mean_15,7,2025-06-01 18:27:00,118.8,150.832
rolling_mean_15,7,2025-06-01 20:06:00,146.96,150.77333333333337
rolling_mean_15,7,2025-06-01 21:45:00,168.08,150.06933333333333
rolling_mean_15,7,2025-06-01 23:24:00,168.96,150.65599999999998
rolling_mean_15,7,2025-06-02 01:03:00,215.6,150.59733333333332
rolling_mean_15,7,2025-06-02 02:41:00,215.6,153.99999999999997
rolling_mean_15,7,2025-06-02 04:20:00,216.48,155.52533333333332
rolling_mean_15,7,2025-06-02 05:59:00,220.0,157.05066666666664
rolling_mean_15,7,2025-06-02 07:38:00,220.0,158.81066666666666
rolling_mean_15,7,2025-06-02 09:17:00,220.0,160.6293333333333
rolling_mean_15,7,2025-06-02 10:56:00,78.32,163.504
train_mean,7,2025-05-28 18:50:00,144.32,144.65328358208953
train_mean,7,2025-05-28 20:28:00,145.2,144.65328358208953
train_mean,7,2025-05-28 22:07:00,148.72,144.65328358208953
train_mean,7,2025-05-28 23:46:00,149.6,144.65328358208953
train_mean,7,2025-05-29 01:25:00,162.8,144.65328358208953
train_mean,7,2025-05-29 03:04:00,189.2,144.65328358208953
train_mean,7,2025-05-29 04:43:00,190.08,144.65328358208953
train_mean,7,2025-05-29 06:22:00,189.2,144.65328358208953
train_mean,7,2025-05-29 08:01:00,188.32,144.65328358208953
train_mean,7,2025-05-29 09:40:00,187.44,144.65328358208953
train_mean,7,2025-05-29 11:19:00,80.08,144.65328358208953
train_mean,7,2025-05-29 12:58:00,84.48,144.65328358208953
train_mean,7,2025-05-29 14:37:00,109.12,144.65328358208953
train_mean,7,2025-05-29 16:16:00,107.36,144.65328358208953
train_mean,7,2025-05-29 17:54:00,158.4,144.65328358208953
train_mean,7,2025-05-29 19:33:00,159.28,144.65328358208953
train_mean,7,2025-05-29 21:12:00,162.36,144.65328358208953
train_mean,7,2025-05-29 22:51:00,167.2,144.65328358208953
train_mean,7,2025-05-30 00:30:00,168.08,144.65328358208953
train_mean,7,2025-05-30 02:09:00,176.0,144.65328358208953
train_mean,7,2025-05-30 03:48:00,183.92,144.65328358208953
train_mean,7,2025-05-30 05:27:00,183.92,144.65328358208953
train_mean,7,2025-05-30 07:06:00,183.04,144.65328358208953
train_mean,7,2025-05-30 08:45:00,133.76,144.65328358208953
train_mean,7,2025-05-30 10:24:00,58.96,144.65328358208953
train_mean,7,2025-05-30 12:03:00,51.04,144.65328358208953
train_mean,7,2025-05-30 13:41:00,70.4,144.65328358208953
train_mean,7,2025-05-30 15:20:00,75.68,144.65328358208953
train_mean,7,2025-05-30 16:59:00,79.2,144.65328358208953
train_mean,7,2025-05-30 18:38:00,80.08,144.65328358208953
train_mean,7,2025-05-30 20:17:00,119.68,144.65328358208953
train_mean,7,2025-05-30 21:56:00,117.92,144.65328358208953
train_mean,7,2025-05-30 23:35:00,155.76,144.65328358208953
train_mean,7,2025-05-31 01:14:00,185.68,144.65328358208953
train_mean,7,2025-05-31 02:53:00,206.8,144.65328358208953
train_mean,7,2025-05-31 04:32:00,207.68,144.65328358208953
train_mean,7,2025-05-31 06:11:00,207.68,144.65328358208953
train_mean,7,2025-05-31 07:50:00,196.24,144.65328358208953
train_mean,7,2025-05-31 09:28:00,119.68,144.65328358208953
train_mean,7,2025-05-31 11:07:00,58.08,144.65328358208953
train_mean,7,2025-05-31 12:46:00,82.72,144.65328358208953
train_mean,7,2025-05-31 14:25:00,89.76,144.65328358208953
train_mean,7,2025-05-31 16:04:00,97.24,144.65328358208953
train_mean,7,2025-05-31 17:43:00,119.68,144.65328358208953
train_mean,7,2025-05-31 19:22:00,157.52,144.65328358208953
train_mean,7,2025-05-31 21:01:00,159.28,144.65328358208953
train_mean,7,2025-05-31 22:40:00,169.84,144.65328358208953
train_mean,7,2025-06-01 00:19:00,164.56,144.65328358208953
train_mean,7,2025-06-01 01:58:00,192.72,144.65328358208953
train_mean,7,2025-06-01 03:37:00,193.6,144.65328358208953
train_mean,7,2025-06-01 05:16:00,193.6,144.65328358208953
train_mean,7,2025-06-01 06:54:00,192.72,144.65328358208953
train_mean,7,2025-06-01 08:33:00,176.88,144.65328358208953
train_mean,7,2025-06-01 10:12:00,176.0,144.65328358208953
train_mean,7,2025-06-01 11:51:00,77.44,144.65328358208953
train_mean,7,2025-06-01 13:30:00,75.68,144.65328358208953
train_mean,7,2025-06-01 15:09:00,105.6,144.65328358208953
train_mean,7,2025-06-01 16:48:00,107.36,144.65328358208953
train_mean,7,2025-06-01 18:27:00,118.8,144.65328358208953
train_mean,7,2025-06-01 20:06:00,146.96,144.65328358208953
train_mean,7,2025-06-01 21:45:00,168.08,144.65328358208953
train_mean,7,2025-06-01 23:24:00,168.96,144.65328358208953
train_mean,7,2025-06-02 01:03:00,215.6,144.65328358208953
train_mean,7,2025-06-02 02:41:00,215.6,144.65328358208953
train_mean,7,2025-06-02 04:20:00,216.48,144.65328358208953
train_mean,7,2025-06-02 05:59:00,220.0,144.65328358208953
train_mean,7,2025-06-02 07:38:00,220.0,144.65328358208953
train_mean,7,2025-06-02 09:17:00,220.0,144.65328358208953
train_mean,7,2025-06-02 10:56:00,78.32,144.65328358208953
seasonal_naive_24,7,2025-05-28 18:50:00,144.32,191.84
seasonal_naive_24,7,2025-05-28 20:28:00,145.2,192.72
seasonal_naive_24,7,2025-05-28 22:07:00,148.72,190.96
seasonal_naive_24,7,2025-05-28 23:46:00,149.6,161.04
seasonal_naive_24,7,2025-05-29 01:25:00,162.8,74.8
seasonal_naive_24,7,2025-05-29 03:04:00,189.2,74.8
seasonal_naive_24,7,2025-05-29 04:43:00,190.08,97.68
seasonal_naive_24,7,2025-05-29 06:22:00,189.2,98.56
seasonal_naive_24,7,2025-05-29 08:01:00,188.32,90.64
seasonal_naive_24,7,2025-05-29 09:40:00,187.44,108.24
seasonal_naive_24,7,2025-05-29 11:19:00,80.08,143.44
seasonal_naive_24,7,2025-05-29 12:58:00,84.48,144.32
seasonal_naive_24,7,2025-05-29 14:37:00,109.12,152.24
seasonal_naive_24,7,2025-05-29 16:16:00,107.36,153.12
seasonal_naive_24,7,2025-05-29 17:54:00,158.4,189.2
seasonal_naive_24,7,2025-05-29 19:33:00,159.28,190.08
seasonal_naive_24,7,2025-05-29 21:12:00,162.36,188.32
seasonal_naive_24,7,2025-05-29 22:51:00,167.2,187.44
seasonal_naive_24,7,2025-05-30 00:30:00,168.08,169.84
seasonal_naive_24,7,2025-05-30 02:09:00,176.0,62.48
seasonal_naive_24,7,2025-05-30 03:48:00,183.92,65.12
seasonal_naive_24,7,2025-05-30 05:27:00,183.92,80.96
seasonal_naive_24,7,2025-05-30 07:06:00,183.04,99.44
seasonal_naive_24,7,2025-05-30 08:45:00,133.76,113.52
seasonal_naive_24,7,2025-05-30 10:24:00,58.96,144.32
seasonal_naive_24,7,2025-05-30 12:03:00,51.04,145.2
seasonal_naive_24,7,2025-05-30 13:41:00,70.4,148.72
seasonal_naive_24,7,2025-05-30 15:20:00,75.68,149.6
seasonal_naive_24,7,2025-05-30 16:59:00,79.2,162.8
seasonal_naive_24,7,2025-05-30 18:38:00,80.08,189.2
seasonal_naive_24,7,2025-05-30 20:17:00,119.68,190.08
seasonal_naive_24,7,2025-05-30 21:56:00,117.92,189.2
seasonal_naive_24,7,2025-05-30 23:35:00,155.76,188.32
seasonal_naive_24,7,2025-05-31 01:14:00,185.68,187.44
seasonal_naive_24,7,2025-05-31 02:53:00,206.8,80.08
seasonal_naive_24,7,2025-05-31 04:32:00,207.68,84.48
seasonal_naive_24,7,2025-05-31 06:11:00,207.68,109.12
seasonal_naive_24,7,2025-05-31 07:50:00,196.24,107.36
seasonal_naive_24,7,2025-05-31 09:28:00,119.68,158.4
seasonal_naive_24,7,2025-05-31 11:07:00,58.08,159.28
seasonal_naive_24,7,2025-05-31 12:46:00,82.72,162.36
seasonal_naive_24,7,2025-05-31 14:25:00,89.76,167.2
seasonal_naive_24,7,2025-05-31 16:04:00,97.24,168.08
seasonal_naive_24,7,2025-05-31 17:43:00,119.68,176.0
seasonal_naive_24,7,2025-05-31 19:22:00,157.52,183.92
seasonal_naive_24,7,2025-05-31 21:01:00,159.28,183.92
seasonal_naive_24,7,2025-05-31 22:40:00,169.84,183.04
seasonal_naive_24,7,2025-06-01 00:19:00,164.56,133.76
seasonal_naive_24,7,2025-06-01 01:58:00,192.72,58.96
seasonal_naive_24,7,2025-06-01 03:37:00,193.6,51.04
seasonal_naive_24,7,2025-06-01 05:16:00,193.6,70.4
seasonal_naive_24,7,2025-06-01 06:54:00,192.72,75.68
seasonal_naive_24,7,2025-06-01 08:33:00,176.88,79.2
seasonal_naive_24,7,2025-06-01 10:12:00,176.0,80.08
seasonal_naive_24,7,2025-06-01 11:51:00,77.44,119.68
seasonal_naive_24,7,2025-06-01 13:30:00,75.68,117.92
seasonal_naive_24,7,2025-06-01 15:09:00,105.6,155.76
seasonal_naive_24,7,2025-06-01 16:48:00,107.36,185.68
seasonal_naive_24,7,2025-06-01 18:27:00,118.8,206.8
seasonal_naive_24,7,2025-06-01 20:06:00,146.96,207.68
seasonal_naive_24,7,2025-06-01 21:45:00,168.08,207.68
seasonal_naive_24,7,2025-06-01 23:24:00,168.96,196.24
seasonal_naive_24,7,2025-06-02 01:03:00,215.6,119.68
seasonal_naive_24,7,2025-06-02 02:41:00,215.6,58.08
seasonal_naive_24,7,2025-06-02 04:20:00,216.48,82.72
seasonal_naive_24,7,2025-06-02 05:59:00,220.0,89.76
seasonal_naive_24,7,2025-06-02 07:38:00,220.0,97.24
seasonal_naive_24,7,2025-06-02 09:17:00,220.0,119.68
seasonal_naive_24,7,2025-06-02 10:56:00,78.32,157.52
ridge,7,2025-05-28 18:50:00,144.32,133.80209229350663
ridge,7,2025-05-28 20:28:00,145.2,163.48154425232067
ridge,7,2025-05-28 22:07:00,148.72,163.5303032354346
ridge,7,2025-05-28 23:46:00,149.6,164.39912368428446
ridge,7,2025-05-29 01:25:00,162.8,163.64877449609202
ridge,7,2025-05-29 03:04:00,189.2,179.92007553057226
ridge,7,2025-05-29 04:43:00,190.08,184.13224740471253
ridge,7,2025-05-29 06:22:00,189.2,166.19254610947337
ridge,7,2025-05-29 08:01:00,188.32,150.29373710887936
ridge,7,2025-05-29 09:40:00,187.44,144.21597011439934
ridge,7,2025-05-29 11:19:00,80.08,117.392773722975
ridge,7,2025-05-29 12:58:00,84.48,80.06182167374158
ridge,7,2025-05-29 14:37:00,109.12,94.81623212667749
ridge,7,2025-05-29 16:16:00,107.36,119.86339682630722
ridge,7,2025-05-29 17:54:00,158.4,124.78842184615866
ridge,7,2025-05-29 19:33:00,159.28,164.33452256936496
ridge,7,2025-05-29 21:12:00,162.36,167.1334102333625
ridge,7,2025-05-29 22:51:00,167.2,163.20760353403836
ridge,7,2025-05-30 00:30:00,168.08,168.54184370974207
ridge,7,2025-05-30 02:09:00,176.0,173.07270554418204
ridge,7,2025-05-30 03:48:00,183.92,179.9550034481054
ridge,7,2025-05-30 05:27:00,183.92,171.13412816989694
ridge,7,2025-05-30 07:06:00,183.04,155.04809324681338
ridge,7,2025-05-30 08:45:00,133.76,146.66283175278062
ridge,7,2025-05-30 10:24:00,58.96,129.09199803790497
ridge,7,2025-05-30 12:03:00,51.04,72.72366450586286
ridge,7,2025-05-30 13:41:00,70.4,83.5346249276459
ridge,7,2025-05-30 15:20:00,75.68,107.18905690351089
ridge,7,2025-05-30 16:59:00,79.2,111.49551814319918
ridge,7,2025-05-30 18:38:00,80.08,131.04778185978026
ridge,7,2025-05-30 20:17:00,119.68,135.35235061844133
ridge,7,2025-05-30 21:56:00,117.92,160.26586983258363
ridge,7,2025-05-30 23:35:00,155.76,159.97366059909052
ridge,7,2025-05-31 01:14:00,185.68,175.5575652226834
ridge,7,2025-05-31 02:53:00,206.8,191.54211915234055
ridge,7,2025-05-31 04:32:00,207.68,190.14957618017598
ridge,7,2025-05-31 06:11:00,207.68,171.2081157903678
ridge,7,2025-05-31 07:50:00,196.24,156.57837373982588
ridge,7,2025-05-31 09:28:00,119.68,134.76019389606947
ridge,7,2025-05-31 11:07:00,58.08,85.46879881317732
ridge,7,2025-05-31 12:46:00,82.72,68.0838503443009
ridge,7,2025-05-31 14:25:00,89.76,96.4505002674582
ridge,7,2025-05-31 16:04:00,97.24,106.40017722824423
ridge,7,2025-05-31 17:43:00,119.68,109.8198621112713
ridge,7,2025-05-31 19:22:00,157.52,125.94153581795106
ridge,7,2025-05-31 21:01:00,159.28,161.75553715300643
ridge,7,2025-05-31 22:40:00,169.84,159.52371368606566
ridge,7,2025-06-01 00:19:00,164.56,172.38984885239776
ridge,7,2025-06-01 01:58:00,192.72,179.48584975088897
ridge,7,2025-06-01 03:37:00,193.6,196.039420862935
ridge,7,2025-06-01 05:16:00,193.6,183.78473532472714
ridge,7,2025-06-01 06:54:00,192.72,164.20644219871673
ridge,7,2025-06-01 08:33:00,176.88,152.11927252196188
ridge,7,2025-06-01 10:12:00,176.0,123.37858026185964
ridge,7,2025-06-01 11:51:00,77.44,113.16830443407588
ridge,7,2025-06-01 13:30:00,75.68,85.92496794669819
ridge,7,2025-06-01 15:09:00,105.6,94.14101693060641
ridge,7,2025-06-01 16:48:00,107.36,118.78112401920987
ridge,7,2025-06-01 18:27:00,118.8,129.96522450602478
ridge,7,2025-06-01 20:06:00,146.96,148.50792728689893
ridge,7,2025-06-01 21:45:00,168.08,167.03835388802023
ridge,7,2025-06-01 23:24:00,168.96,180.87916473765333
ridge,7,2025-06-02 01:03:00,215.6,175.70513531883992
ridge,7,2025-06-02 02:41:00,215.6,207.58567274933387
ridge,7,2025-06-02 04:20:00,216.48,198.45893722225574
ridge,7,2025-06-02 05:59:00,220.0,177.41117262759894
ridge,7,2025-06-02 07:38:00,220.0,167.68690517863894
ridge,7,2025-06-02 09:17:00,220.0,160.65675793211886
ridge,7,2025-06-02 10:56:00,78.32,167.7520882889681
random_forest,7,2025-05-28 18:50:00,144.32,131.62607939681922
random_forest,7,2025-05-28 20:28:00,145.2,148.78059028502318
random_forest,7,2025-05-28 22:07:00,148.72,153.29115140260646
random_forest,7,2025-05-28 23:46:00,149.6,158.16232658996026
random_forest,7,2025-05-29 01:25:00,162.8,160.06526429177745
random_forest,7,2025-05-29 03:04:00,189.2,174.54894404873983
random_forest,7,2025-05-29 04:43:00,190.08,188.71293974871477
random_forest,7,2025-05-29 06:22:00,189.2,185.96290632604192
random_forest,7,2025-05-29 08:01:00,188.32,164.8677430431995
random_forest,7,2025-05-29 09:40:00,187.44,160.77972813182038
random_forest,7,2025-05-29 11:19:00,80.08,79.2667904163041
random_forest,7,2025-05-29 12:58:00,84.48,77.3985631089331
random_forest,7,2025-05-29 14:37:00,109.12,92.63907856125257
random_forest,7,2025-05-29 16:16:00,107.36,116.68231234318
random_forest,7,2025-05-29 17:54:00,158.4,134.59904775942803
random_forest,7,2025-05-29 19:33:00,159.28,157.7748208808552
random_forest,7,2025-05-29 21:12:00,162.36,162.04020098581313
random_forest,7,2025-05-29 22:51:00,167.2,174.35902528374902
random_forest,7,2025-05-30 00:30:00,168.08,178.2706191779694
random_forest,7,2025-05-30 02:09:00,176.0,174.94755591620827
random_forest,7,2025-05-30 03:48:00,183.92,178.28454510832614
random_forest,7,2025-05-30 05:27:00,183.92,179.0265680938294
random_forest,7,2025-05-30 07:06:00,183.04,175.56662196011322
random_forest,7,2025-05-30 08:45:00,133.76,142.59127911793834
random_forest,7,2025-05-30 10:24:00,58.96,128.43532359236298
random_forest,7,2025-05-30 12:03:00,51.04,70.15852412698419
random_forest,7,2025-05-30 13:41:00,70.4,86.68909915343909
random_forest,7,2025-05-30 15:20:00,75.68,114.95412679120867
random_forest,7,2025-05-30 16:59:00,79.2,108.08087177474603
random_forest,7,2025-05-30 18:38:00,80.08,134.88003065998336
random_forest,7,2025-05-30 20:17:00,119.68,137.85124222222237
random_forest,7,2025-05-30 21:56:00,117.92,147.67859347845004
random_forest,7,2025-05-30 23:35:00,155.76,151.70771942275005
random_forest,7,2025-05-31 01:14:00,185.68,164.02896648966913
random_forest,7,2025-05-31 02:53:00,206.8,184.60168408961482
random_forest,7,2025-05-31 04:32:00,207.68,202.430559248913
random_forest,7,2025-05-31 06:11:00,207.68,200.98034322333208
random_forest,7,2025-05-31 07:50:00,196.24,171.11952003925572
random_forest,7,2025-05-31 09:28:00,119.68,150.08727578329896
random_forest,7,2025-05-31 11:07:00,58.08,73.21026071957661
random_forest,7,2025-05-31 12:46:00,82.72,71.5619613195433
random_forest,7,2025-05-31 14:25:00,89.76,95.22305249874307
random_forest,7,2025-05-31 16:04:00,97.24,106.0537977971213
random_forest,7,2025-05-31 17:43:00,119.68,106.16444031509718
random_forest,7,2025-05-31 19:22:00,157.52,119.5006446048815
random_forest,7,2025-05-31 21:01:00,159.28,139.90301251084773
random_forest,7,2025-05-31 22:40:00,169.84,150.00434122541657
random_forest,7,2025-06-01 00:19:00,164.56,179.19424161336855
random_forest,7,2025-06-01 01:58:00,192.72,180.94794790425803
random_forest,7,2025-06-01 03:37:00,193.6,195.10328474687472
random_forest,7,2025-06-01 05:16:00,193.6,192.78032856053827
random_forest,7,2025-06-01 06:54:00,192.72,178.52440850599285
random_forest,7,2025-06-01 08:33:00,176.88,137.02246031746037
random_forest,7,2025-06-01 10:12:00,176.0,136.38960222219444
random_forest,7,2025-06-01 11:51:00,77.44,83.17622714357537
random_forest,7,2025-06-01 13:30:00,75.68,79.86844858743856
random_forest,7,2025-06-01 15:09:00,105.6,96.11577479171285
random_forest,7,2025-06-01 16:48:00,107.36,109.89585683329749
random_forest,7,2025-06-01 18:27:00,118.8,136.87051058447477
random_forest,7,2025-06-01 20:06:00,146.96,148.68589281047727
random_forest,7,2025-06-01 21:45:00,168.08,155.0314207890796
random_forest,7,2025-06-01 23:24:00,168.96,176.0561284737061
random_forest,7,2025-06-02 01:03:00,215.6,182.347807033105
random_forest,7,2025-06-02 02:41:00,215.6,212.14541189542487
random_forest,7,2025-06-02 04:20:00,216.48,212.49937195783156
random_forest,7,2025-06-02 05:59:00,220.0,188.52843880070552
random_forest,7,2025-06-02 07:38:00,220.0,193.69166662931843
random_forest,7,2025-06-02 09:17:00,220.0,161.50608051038282
random_forest,7,2025-06-02 10:56:00,78.32,151.85256370355557
xgboost,7,2025-05-28 18:50:00,144.32,134.36965942382812
xgboost,7,2025-05-28 20:28:00,145.2,145.2377166748047
xgboost,7,2025-05-28 22:07:00,148.72,151.9873504638672
xgboost,7,2025-05-28 23:46:00,149.6,165.98419189453125
xgboost,7,2025-05-29 01:25:00,162.8,163.2904052734375
xgboost,7,2025-05-29 03:04:00,189.2,175.55003356933594
xgboost,7,2025-05-29 04:43:00,190.08,187.7502899169922
xgboost,7,2025-05-29 06:22:00,189.2,182.37562561035156
xgboost,7,2025-05-29 08:01:00,188.32,167.3349609375
xgboost,7,2025-05-29 09:40:00,187.44,162.61851501464844
xgboost,7,2025-05-29 11:19:00,80.08,84.88045501708984
xgboost,7,2025-05-29 12:58:00,84.48,83.30408477783203
xgboost,7,2025-05-29 14:37:00,109.12,99.22869110107422
xgboost,7,2025-05-29 16:16:00,107.36,121.45791625976562
xgboost,7,2025-05-29 17:54:00,158.4,140.31158447265625
xgboost,7,2025-05-29 19:33:00,159.28,157.0742645263672
xgboost,7,2025-05-29 21:12:00,162.36,162.12681579589844
xgboost,7,2025-05-29 22:51:00,167.2,172.62893676757812
xgboost,7,2025-05-30 00:30:00,168.08,174.6209259033203
xgboost,7,2025-05-30 02:09:00,176.0,169.01112365722656
xgboost,7,2025-05-30 03:48:00,183.92,179.90536499023438
xgboost,7,2025-05-30 05:27:00,183.92,174.05145263671875
xgboost,7,2025-05-30 07:06:00,183.04,177.2245330810547
xgboost,7,2025-05-30 08:45:00,133.76,134.09693908691406
xgboost,7,2025-05-30 10:24:00,58.96,111.01797485351562
xgboost,7,2025-05-30 12:03:00,51.04,62.101287841796875
xgboost,7,2025-05-30 13:41:00,70.4,87.69318389892578
xgboost,7,2025-05-30 15:20:00,75.68,104.904052734375
xgboost,7,2025-05-30 16:59:00,79.2,115.0101318359375
xgboost,7,2025-05-30 18:38:00,80.08,136.82638549804688
xgboost,7,2025-05-30 20:17:00,119.68,135.5479736328125
xgboost,7,2025-05-30 21:56:00,117.92,148.61366271972656
xgboost,7,2025-05-30 23:35:00,155.76,146.10948181152344
xgboost,7,2025-05-31 01:14:00,185.68,162.69952392578125
xgboost,7,2025-05-31 02:53:00,206.8,182.2515411376953
xgboost,7,2025-05-31 04:32:00,207.68,196.2318878173828
xgboost,7,2025-05-31 06:11:00,207.68,203.8707275390625
xgboost,7,2025-05-31 07:50:00,196.24,172.3078155517578
xgboost,7,2025-05-31 09:28:00,119.68,135.93783569335938
xgboost,7,2025-05-31 11:07:00,58.08,74.16032409667969
xgboost,7,2025-05-31 12:46:00,82.72,73.38634490966797
xgboost,7,2025-05-31 14:25:00,89.76,101.63431549072266
xgboost,7,2025-05-31 16:04:00,97.24,113.29561614990234
xgboost,7,2025-05-31 17:43:00,119.68,124.49198150634766
xgboost,7,2025-05-31 19:22:00,157.52,127.59349822998047
xgboost,7,2025-05-31 21:01:00,159.28,143.5801544189453
xgboost,7,2025-05-31 22:40:00,169.84,152.43685913085938
xgboost,7,2025-06-01 00:19:00,164.56,175.7084197998047
xgboost,7,2025-06-01 01:58:00,192.72,180.8702850341797
xgboost,7,2025-06-01 03:37:00,193.6,200.34219360351562
xgboost,7,2025-06-01 05:16:00,193.6,197.3268585205078
xgboost,7,2025-06-01 06:54:00,192.72,181.4264678955078
xgboost,7,2025-06-01 08:33:00,176.88,137.22238159179688
xgboost,7,2025-06-01 10:12:00,176.0,106.26971435546875
xgboost,7,2025-06-01 11:51:00,77.44,59.116455078125
xgboost,7,2025-06-01 13:30:00,75.68,80.7747802734375
xgboost,7,2025-06-01 15:09:00,105.6,99.9864730834961
xgboost,7,2025-06-01 16:48:00,107.36,115.19914245605469
xgboost,7,2025-06-01 18:27:00,118.8,141.0183868408203
xgboost,7,2025-06-01 20:06:00,146.96,151.40859985351562
xgboost,7,2025-06-01 21:45:00,168.08,162.24156188964844
xgboost,7,2025-06-01 23:24:00,168.96,174.4234619140625
xgboost,7,2025-06-02 01:03:00,215.6,180.11001586914062
xgboost,7,2025-06-02 02:41:00,215.6,211.598876953125
xgboost,7,2025-06-02 04:20:00,216.48,213.79278564453125
xgboost,7,2025-06-02 05:59:00,220.0,200.75311279296875
xgboost,7,2025-06-02 07:38:00,220.0,190.78076171875
xgboost,7,2025-06-02 09:17:00,220.0,147.79705810546875
xgboost,7,2025-06-02 10:56:00,78.32,137.75579833984375
