model,fold,timestamp,y_true,y_pred
persistence,0,2025-04-26 23:00:00,112.0,111.5483871
persistence,0,2025-04-27 00:25:00,112.0,112.0
persistence,0,2025-04-27 01:51:00,111.5483871,112.0
persistence,0,2025-04-27 03:17:00,111.0967742,111.5483871
persistence,0,2025-04-27 04:42:00,92.12903226,111.0967742
persistence,0,2025-04-27 06:08:00,58.70967742,92.12903226
persistence,0,2025-04-27 07:33:00,59.61290323,58.70967742
persistence,0,2025-04-27 08:59:00,59.61290323,59.61290323
persistence,0,2025-04-27 10:25:00,80.83870968,59.61290323
persistence,0,2025-04-27 11:50:00,81.74193548,80.83870968
persistence,0,2025-04-27 13:16:00,86.70967742,81.74193548
persistence,0,2025-04-27 14:42:00,87.61290323,86.70967742
persistence,0,2025-04-27 16:07:00,87.61290323,87.61290323
persistence,0,2025-04-27 17:33:00,105.6774194,87.61290323
persistence,0,2025-04-27 18:58:00,106.1290323,105.6774194
persistence,0,2025-04-27 20:24:00,106.1290323,106.1290323
persistence,0,2025-04-27 21:50:00,106.1290323,106.1290323
persistence,0,2025-04-27 23:15:00,104.3225806,106.1290323
persistence,0,2025-04-28 00:41:00,88.96774194,104.3225806
persistence,0,2025-04-28 02:06:00,88.51612903,88.96774194
persistence,0,2025-04-28 03:32:00,87.61290323,88.51612903
persistence,0,2025-04-28 04:58:00,57.80645161,87.61290323
persistence,0,2025-04-28 06:23:00,58.25806452,57.80645161
persistence,0,2025-04-28 07:49:00,79.93548387,58.25806452
persistence,0,2025-04-28 09:15:00,81.74193548,79.93548387
persistence,0,2025-04-28 10:40:00,81.74193548,81.74193548
persistence,0,2025-04-28 12:06:00,87.16129032,81.74193548
persistence,0,2025-04-28 13:31:00,87.61290323,87.16129032
persistence,0,2025-04-28 14:57:00,87.61290323,87.61290323
persistence,0,2025-04-28 16:23:00,107.483871,87.61290323
persistence,0,2025-04-28 17:48:00,108.3870968,107.483871
persistence,0,2025-04-28 19:14:00,108.3870968,108.3870968
persistence,0,2025-04-28 20:39:00,108.3870968,108.3870968
persistence,0,2025-04-28 22:05:00,107.9354839,108.3870968
persistence,0,2025-04-28 23:31:00,87.61290323,107.9354839
persistence,0,2025-04-29 00:56:00,60.06451613,87.61290323
persistence,0,2025-04-29 02:22:00,61.87096774,60.06451613
persistence,0,2025-04-29 03:48:00,61.87096774,61.87096774
persistence,0,2025-04-29 05:13:00,82.19354839,61.87096774
persistence,0,2025-04-29 06:39:00,83.09677419,82.19354839
persistence,0,2025-04-29 08:04:00,87.16129032,83.09677419
persistence,0,2025-04-29 09:30:00,87.16129032,87.16129032
persistence,0,2025-04-29 10:56:00,87.16129032,87.16129032
persistence,0,2025-04-29 12:21:00,107.9354839,87.16129032
persistence,0,2025-04-29 13:47:00,108.3870968,107.9354839
persistence,0,2025-04-29 15:12:00,108.3870968,108.3870968
persistence,0,2025-04-29 16:38:00,108.3870968,108.3870968
persistence,0,2025-04-29 18:04:00,107.9354839,108.3870968
persistence,0,2025-04-29 19:29:00,98.4516129,107.9354839
persistence,0,2025-04-29 20:55:00,97.5483871,98.4516129
persistence,0,2025-04-29 22:20:00,97.09677419,97.5483871
persistence,0,2025-04-29 23:46:00,65.48387097,97.09677419
persistence,0,2025-04-30 01:12:00,65.93548387,65.48387097
persistence,0,2025-04-30 02:37:00,88.96774194,65.93548387
persistence,0,2025-04-30 04:03:00,89.41935484,88.96774194
persistence,0,2025-04-30 05:29:00,91.22580645,89.41935484
persistence,0,2025-04-30 06:54:00,92.58064516,91.22580645
persistence,0,2025-04-30 08:20:00,92.58064516,92.58064516
persistence,0,2025-04-30 09:45:00,92.58064516,92.58064516
persistence,0,2025-04-30 11:11:00,112.9032258,92.58064516
persistence,0,2025-04-30 12:37:00,112.4516129,112.9032258
persistence,0,2025-04-30 14:02:00,112.0,112.4516129
persistence,0,2025-04-30 15:28:00,111.0967742,112.0
persistence,0,2025-04-30 16:53:00,91.67741935,111.0967742
persistence,0,2025-04-30 18:19:00,89.41935484,91.67741935
persistence,0,2025-04-30 19:45:00,63.22580645,89.41935484
seasonal_naive_17,0,2025-04-26 23:00:00,112.0,107.0322581
seasonal_naive_17,0,2025-04-27 00:25:00,112.0,108.3870968
seasonal_naive_17,0,2025-04-27 01:51:00,111.5483871,108.3870968
seasonal_naive_17,0,2025-04-27 03:17:00,111.0967742,107.483871
seasonal_naive_17,0,2025-04-27 04:42:00,92.12903226,103.8709677
seasonal_naive_17,0,2025-04-27 06:08:00,58.70967742,91.67741935
seasonal_naive_17,0,2025-04-27 07:33:00,59.61290323,91.22580645
seasonal_naive_17,0,2025-04-27 08:59:00,59.61290323,88.96774194
seasonal_naive_17,0,2025-04-27 10:25:00,80.83870968,57.80645161
seasonal_naive_17,0,2025-04-27 11:50:00,81.74193548,57.80645161
seasonal_naive_17,0,2025-04-27 13:16:00,86.70967742,79.03225806
seasonal_naive_17,0,2025-04-27 14:42:00,87.61290323,79.93548387
seasonal_naive_17,0,2025-04-27 16:07:00,87.61290323,79.93548387
seasonal_naive_17,0,2025-04-27 17:33:00,105.6774194,89.41935484
seasonal_naive_17,0,2025-04-27 18:58:00,106.1290323,89.87096774
seasonal_naive_17,0,2025-04-27 20:24:00,106.1290323,89.87096774
seasonal_naive_17,0,2025-04-27 21:50:00,106.1290323,111.5483871
seasonal_naive_17,0,2025-04-27 23:15:00,104.3225806,112.0
seasonal_naive_17,0,2025-04-28 00:41:00,88.96774194,112.0
seasonal_naive_17,0,2025-04-28 02:06:00,88.51612903,111.5483871
seasonal_naive_17,0,2025-04-28 03:32:00,87.61290323,111.0967742
seasonal_naive_17,0,2025-04-28 04:58:00,57.80645161,92.12903226
seasonal_naive_17,0,2025-04-28 06:23:00,58.25806452,58.70967742
seasonal_naive_17,0,2025-04-28 07:49:00,79.93548387,59.61290323
seasonal_naive_17,0,2025-04-28 09:15:00,81.74193548,59.61290323
seasonal_naive_17,0,2025-04-28 10:40:00,81.74193548,80.83870968
seasonal_naive_17,0,2025-04-28 12:06:00,87.16129032,81.74193548
seasonal_naive_17,0,2025-04-28 13:31:00,87.61290323,86.70967742
seasonal_naive_17,0,2025-04-28 14:57:00,87.61290323,87.61290323
seasonal_naive_17,0,2025-04-28 16:23:00,107.483871,87.61290323
seasonal_naive_17,0,2025-04-28 17:48:00,108.3870968,105.6774194
seasonal_naive_17,0,2025-04-28 19:14:00,108.3870968,106.1290323
seasonal_naive_17,0,2025-04-28 20:39:00,108.3870968,106.1290323
seasonal_naive_17,0,2025-04-28 22:05:00,107.9354839,106.1290323
seasonal_naive_17,0,2025-04-28 23:31:00,87.61290323,104.3225806
seasonal_naive_17,0,2025-04-29 00:56:00,60.06451613,88.96774194
seasonal_naive_17,0,2025-04-29 02:22:00,61.87096774,88.51612903
seasonal_naive_17,0,2025-04-29 03:48:00,61.87096774,87.61290323
seasonal_naive_17,0,2025-04-29 05:13:00,82.19354839,57.80645161
seasonal_naive_17,0,2025-04-29 06:39:00,83.09677419,58.25806452
seasonal_naive_17,0,2025-04-29 08:04:00,87.16129032,79.93548387
seasonal_naive_17,0,2025-04-29 09:30:00,87.16129032,81.74193548
seasonal_naive_17,0,2025-04-29 10:56:00,87.16129032,81.74193548
seasonal_naive_17,0,2025-04-29 12:21:00,107.9354839,87.16129032
seasonal_naive_17,0,2025-04-29 13:47:00,108.3870968,87.61290323
seasonal_naive_17,0,2025-04-29 15:12:00,108.3870968,87.61290323
seasonal_naive_17,0,2025-04-29 16:38:00,108.3870968,107.483871
seasonal_naive_17,0,2025-04-29 18:04:00,107.9354839,108.3870968
seasonal_naive_17,0,2025-04-29 19:29:00,98.4516129,108.3870968
seasonal_naive_17,0,2025-04-29 20:55:00,97.5483871,108.3870968
seasonal_naive_17,0,2025-04-29 22:20:00,97.09677419,107.9354839
seasonal_naive_17,0,2025-04-29 23:46:00,65.48387097,87.61290323
seasonal_naive_17,0,2025-04-30 01:12:00,65.93548387,60.06451613
seasonal_naive_17,0,2025-04-30 02:37:00,88.96774194,61.87096774
seasonal_naive_17,0,2025-04-30 04:03:00,89.41935484,61.87096774
seasonal_naive_17,0,2025-04-30 05:29:00,91.22580645,82.19354839
seasonal_naive_17,0,2025-04-30 06:54:00,92.58064516,83.09677419
seasonal_naive_17,0,2025-04-30 08:20:00,92.58064516,87.16129032
seasonal_naive_17,0,2025-04-30 09:45:00,92.58064516,87.16129032
seasonal_naive_17,0,2025-04-30 11:11:00,112.9032258,87.16129032
seasonal_naive_17,0,2025-04-30 12:37:00,112.4516129,107.9354839
seasonal_naive_17,0,2025-04-30 14:02:00,112.0,108.3870968
seasonal_naive_17,0,2025-04-30 15:28:00,111.0967742,108.3870968
seasonal_naive_17,0,2025-04-30 16:53:00,91.67741935,108.3870968
seasonal_naive_17,0,2025-04-30 18:19:00,89.41935484,107.9354839
seasonal_naive_17,0,2025-04-30 19:45:00,63.22580645,98.4516129
drift,0,2025-04-26 23:00:00,112.0,111.56242026920904
drift,0,2025-04-27 00:25:00,112.0,111.57645343841808
drift,0,2025-04-27 01:51:00,111.5483871,111.59048660762711
drift,0,2025-04-27 03:17:00,111.0967742,111.60451977683616
drift,0,2025-04-27 04:42:00,92.12903226,111.6185529460452
drift,0,2025-04-27 06:08:00,58.70967742,111.63258611525424
drift,0,2025-04-27 07:33:00,59.61290323,111.64661928446327
drift,0,2025-04-27 08:59:00,59.61290323,111.66065245367231
drift,0,2025-04-27 10:25:00,80.83870968,111.67468562288136
drift,0,2025-04-27 11:50:00,81.74193548,111.6887187920904
drift,0,2025-04-27 13:16:00,86.70967742,111.70275196129944
drift,0,2025-04-27 14:42:00,87.61290323,111.71678513050847
drift,0,2025-04-27 16:07:00,87.61290323,111.73081829971751
drift,0,2025-04-27 17:33:00,105.6774194,111.74485146892656
drift,0,2025-04-27 18:58:00,106.1290323,111.7588846381356
drift,0,2025-04-27 20:24:00,106.1290323,111.77291780734463
drift,0,2025-04-27 21:50:00,106.1290323,111.78695097655367
drift,0,2025-04-27 23:15:00,104.3225806,111.80098414576271
drift,0,2025-04-28 00:41:00,88.96774194,111.81501731497175
drift,0,2025-04-28 02:06:00,88.51612903,111.82905048418078
drift,0,2025-04-28 03:32:00,87.61290323,111.84308365338983
drift,0,2025-04-28 04:58:00,57.80645161,111.85711682259887
drift,0,2025-04-28 06:23:00,58.25806452,111.87114999180791
drift,0,2025-04-28 07:49:00,79.93548387,111.88518316101695
drift,0,2025-04-28 09:15:00,81.74193548,111.89921633022598
drift,0,2025-04-28 10:40:00,81.74193548,111.91324949943503
drift,0,2025-04-28 12:06:00,87.16129032,111.92728266864407
drift,0,2025-04-28 13:31:00,87.61290323,111.94131583785311
drift,0,2025-04-28 14:57:00,87.61290323,111.95534900706214
drift,0,2025-04-28 16:23:00,107.483871,111.96938217627118
drift,0,2025-04-28 17:48:00,108.3870968,111.98341534548022
drift,0,2025-04-28 19:14:00,108.3870968,111.99744851468927
drift,0,2025-04-28 20:39:00,108.3870968,112.01148168389831
drift,0,2025-04-28 22:05:00,107.9354839,112.02551485310734
drift,0,2025-04-28 23:31:00,87.61290323,112.03954802231638
drift,0,2025-04-29 00:56:00,60.06451613,112.05358119152542
drift,0,2025-04-29 02:22:00,61.87096774,112.06761436073447
drift,0,2025-04-29 03:48:00,61.87096774,112.0816475299435
drift,0,2025-04-29 05:13:00,82.19354839,112.09568069915254
drift,0,2025-04-29 06:39:00,83.09677419,112.10971386836158
drift,0,2025-04-29 08:04:00,87.16129032,112.12374703757062
drift,0,2025-04-29 09:30:00,87.16129032,112.13778020677967
drift,0,2025-04-29 10:56:00,87.16129032,112.1518133759887
drift,0,2025-04-29 12:21:00,107.9354839,112.16584654519774
drift,0,2025-04-29 13:47:00,108.3870968,112.17987971440678
drift,0,2025-04-29 15:12:00,108.3870968,112.19391288361582
drift,0,2025-04-29 16:38:00,108.3870968,112.20794605282485
drift,0,2025-04-29 18:04:00,107.9354839,112.2219792220339
drift,0,2025-04-29 19:29:00,98.4516129,112.23601239124294
drift,0,2025-04-29 20:55:00,97.5483871,112.25004556045198
drift,0,2025-04-29 22:20:00,97.09677419,112.26407872966101
drift,0,2025-04-29 23:46:00,65.48387097,112.27811189887005
drift,0,2025-04-30 01:12:00,65.93548387,112.2921450680791
drift,0,2025-04-30 02:37:00,88.96774194,112.30617823728814
drift,0,2025-04-30 04:03:00,89.41935484,112.32021140649718
drift,0,2025-04-30 05:29:00,91.22580645,112.33424457570621
drift,0,2025-04-30 06:54:00,92.58064516,112.34827774491525
drift,0,2025-04-30 08:20:00,92.58064516,112.3623109141243
drift,0,2025-04-30 09:45:00,92.58064516,112.37634408333334
drift,0,2025-04-30 11:11:00,112.9032258,112.39037725254236
drift,0,2025-04-30 12:37:00,112.4516129,112.40441042175141
drift,0,2025-04-30 14:02:00,112.0,112.41844359096045
drift,0,2025-04-30 15:28:00,111.0967742,112.4324767601695
drift,0,2025-04-30 16:53:00,91.67741935,112.44650992937854
drift,0,2025-04-30 18:19:00,89.41935484,112.46054309858756
drift,0,2025-04-30 19:45:00,63.22580645,112.4745762677966
rolling_mean_17,0,2025-04-26 23:00:00,112.0,90.72106262235293
rolling_mean_17,0,2025-04-27 00:25:00,112.0,91.01328273411764
rolling_mean_17,0,2025-04-27 01:51:00,111.5483871,91.2258064517647
rolling_mean_17,0,2025-04-27 03:17:00,111.0967742,91.41176470470589
rolling_mean_17,0,2025-04-27 04:42:00,92.12903226,91.62428842235293
rolling_mean_17,0,2025-04-27 06:08:00,58.70967742,90.93358633764706
rolling_mean_17,0,2025-04-27 07:33:00,59.61290323,88.99430740058824
rolling_mean_17,0,2025-04-27 08:59:00,59.61290323,87.13472485823529
rolling_mean_17,0,2025-04-27 10:25:00,80.83870968,85.40796964
rolling_mean_17,0,2025-04-27 11:50:00,81.74193548,86.76280835
rolling_mean_17,0,2025-04-27 13:16:00,86.70967742,88.17077798941176
rolling_mean_17,0,2025-04-27 14:42:00,87.61290323,88.62239089294117
rolling_mean_17,0,2025-04-27 16:07:00,87.61290323,89.07400379647059
rolling_mean_17,0,2025-04-27 17:33:00,105.6774194,89.5256167
rolling_mean_17,0,2025-04-27 18:58:00,106.1290323,90.48197343882352
rolling_mean_17,0,2025-04-27 20:24:00,106.1290323,91.43833017764707
rolling_mean_17,0,2025-04-27 21:50:00,106.1290323,92.39468691647059
rolling_mean_17,0,2025-04-27 23:15:00,104.3225806,92.07590134
rolling_mean_17,0,2025-04-28 00:41:00,88.96774194,91.62428843411764
rolling_mean_17,0,2025-04-28 02:06:00,88.51612903,90.26944972470588
rolling_mean_17,0,2025-04-28 03:32:00,87.61290323,88.91461101470588
rolling_mean_17,0,2025-04-28 04:58:00,57.80645161,87.53320684
rolling_mean_17,0,2025-04-28 06:23:00,58.25806452,85.51423150764705
rolling_mean_17,0,2025-04-28 07:49:00,79.93548387,85.48766604294117
rolling_mean_17,0,2025-04-28 09:15:00,81.74193548,86.68311196294118
rolling_mean_17,0,2025-04-28 10:40:00,81.74193548,87.98481974235293
rolling_mean_17,0,2025-04-28 12:06:00,87.16129032,88.0379506717647
rolling_mean_17,0,2025-04-28 13:31:00,87.61290323,88.35673625058824
rolling_mean_17,0,2025-04-28 14:57:00,87.61290323,88.40986718058824
rolling_mean_17,0,2025-04-28 16:23:00,107.483871,88.40986718058824
rolling_mean_17,0,2025-04-28 17:48:00,108.3870968,89.57874763764706
rolling_mean_17,0,2025-04-28 19:14:00,108.3870968,89.73814042588235
rolling_mean_17,0,2025-04-28 20:39:00,108.3870968,89.87096774941176
rolling_mean_17,0,2025-04-28 22:05:00,107.9354839,90.00379507294119
rolling_mean_17,0,2025-04-28 23:31:00,87.61290323,90.11005693176469
rolling_mean_17,0,2025-04-29 00:56:00,60.06451613,89.12713473352942
rolling_mean_17,0,2025-04-29 02:22:00,61.87096774,87.42694498
rolling_mean_17,0,2025-04-29 03:48:00,61.87096774,85.85958255117646
rolling_mean_17,0,2025-04-29 05:13:00,82.19354839,84.3453510517647
rolling_mean_17,0,2025-04-29 06:39:00,83.09677419,85.77988615647057
rolling_mean_17,0,2025-04-29 08:04:00,87.16129032,87.2409867252941
rolling_mean_17,0,2025-04-29 09:30:00,87.16129032,87.6660341635294
rolling_mean_17,0,2025-04-29 10:56:00,87.16129032,87.98481974235294
rolling_mean_17,0,2025-04-29 12:21:00,107.9354839,88.30360532117646
rolling_mean_17,0,2025-04-29 13:47:00,108.3870968,89.52561670823529
rolling_mean_17,0,2025-04-29 15:12:00,108.3870968,90.74762809470587
rolling_mean_17,0,2025-04-29 16:38:00,108.3870968,91.96963948117649
rolling_mean_17,0,2025-04-29 18:04:00,107.9354839,92.02277041058824
rolling_mean_17,0,2025-04-29 19:29:00,98.4516129,91.99620494588235
rolling_mean_17,0,2025-04-29 20:55:00,97.5483871,91.41176471647059
rolling_mean_17,0,2025-04-29 22:20:00,97.09677419,90.77419355764705
rolling_mean_17,0,2025-04-29 23:46:00,65.48387097,90.13662239823529
rolling_mean_17,0,2025-04-30 01:12:00,65.93548387,88.8349146182353
rolling_mean_17,0,2025-04-30 02:37:00,88.96774194,89.18026566176471
rolling_mean_17,0,2025-04-30 04:03:00,89.41935484,90.77419355588235
rolling_mean_17,0,2025-04-30 05:29:00,91.22580645,92.39468691470589
rolling_mean_17,0,2025-04-30 06:54:00,92.58064516,92.92599621235294
rolling_mean_17,0,2025-04-30 08:20:00,92.58064516,93.48387097529411
rolling_mean_17,0,2025-04-30 09:45:00,92.58064516,93.80265655411763
rolling_mean_17,0,2025-04-30 11:11:00,112.9032258,94.12144213294117
rolling_mean_17,0,2025-04-30 12:37:00,112.4516129,95.6356736317647
rolling_mean_17,0,2025-04-30 14:02:00,112.0,95.90132827882354
rolling_mean_17,0,2025-04-30 15:28:00,111.0967742,96.11385199647059
rolling_mean_17,0,2025-04-30 16:53:00,91.67741935,96.27324478470588
rolling_mean_17,0,2025-04-30 18:19:00,89.41935484,95.29032258176471
rolling_mean_17,0,2025-04-30 19:45:00,63.22580645,94.20113851941177
train_mean,0,2025-04-26 23:00:00,112.0,93.96855974169013
train_mean,0,2025-04-27 00:25:00,112.0,93.96855974169013
train_mean,0,2025-04-27 01:51:00,111.5483871,93.96855974169013
train_mean,0,2025-04-27 03:17:00,111.0967742,93.96855974169013
train_mean,0,2025-04-27 04:42:00,92.12903226,93.96855974169013
train_mean,0,2025-04-27 06:08:00,58.70967742,93.96855974169013
train_mean,0,2025-04-27 07:33:00,59.61290323,93.96855974169013
train_mean,0,2025-04-27 08:59:00,59.61290323,93.96855974169013
train_mean,0,2025-04-27 10:25:00,80.83870968,93.96855974169013
train_mean,0,2025-04-27 11:50:00,81.74193548,93.96855974169013
train_mean,0,2025-04-27 13:16:00,86.70967742,93.96855974169013
train_mean,0,2025-04-27 14:42:00,87.61290323,93.96855974169013
train_mean,0,2025-04-27 16:07:00,87.61290323,93.96855974169013
train_mean,0,2025-04-27 17:33:00,105.6774194,93.96855974169013
train_mean,0,2025-04-27 18:58:00,106.1290323,93.96855974169013
train_mean,0,2025-04-27 20:24:00,106.1290323,93.96855974169013
train_mean,0,2025-04-27 21:50:00,106.1290323,93.96855974169013
train_mean,0,2025-04-27 23:15:00,104.3225806,93.96855974169013
train_mean,0,2025-04-28 00:41:00,88.96774194,93.96855974169013
train_mean,0,2025-04-28 02:06:00,88.51612903,93.96855974169013
train_mean,0,2025-04-28 03:32:00,87.61290323,93.96855974169013
train_mean,0,2025-04-28 04:58:00,57.80645161,93.96855974169013
train_mean,0,2025-04-28 06:23:00,58.25806452,93.96855974169013
train_mean,0,2025-04-28 07:49:00,79.93548387,93.96855974169013
train_mean,0,2025-04-28 09:15:00,81.74193548,93.96855974169013
train_mean,0,2025-04-28 10:40:00,81.74193548,93.96855974169013
train_mean,0,2025-04-28 12:06:00,87.16129032,93.96855974169013
train_mean,0,2025-04-28 13:31:00,87.61290323,93.96855974169013
train_mean,0,2025-04-28 14:57:00,87.61290323,93.96855974169013
train_mean,0,2025-04-28 16:23:00,107.483871,93.96855974169013
train_mean,0,2025-04-28 17:48:00,108.3870968,93.96855974169013
train_mean,0,2025-04-28 19:14:00,108.3870968,93.96855974169013
train_mean,0,2025-04-28 20:39:00,108.3870968,93.96855974169013
train_mean,0,2025-04-28 22:05:00,107.9354839,93.96855974169013
train_mean,0,2025-04-28 23:31:00,87.61290323,93.96855974169013
train_mean,0,2025-04-29 00:56:00,60.06451613,93.96855974169013
train_mean,0,2025-04-29 02:22:00,61.87096774,93.96855974169013
train_mean,0,2025-04-29 03:48:00,61.87096774,93.96855974169013
train_mean,0,2025-04-29 05:13:00,82.19354839,93.96855974169013
train_mean,0,2025-04-29 06:39:00,83.09677419,93.96855974169013
train_mean,0,2025-04-29 08:04:00,87.16129032,93.96855974169013
train_mean,0,2025-04-29 09:30:00,87.16129032,93.96855974169013
train_mean,0,2025-04-29 10:56:00,87.16129032,93.96855974169013
train_mean,0,2025-04-29 12:21:00,107.9354839,93.96855974169013
train_mean,0,2025-04-29 13:47:00,108.3870968,93.96855974169013
train_mean,0,2025-04-29 15:12:00,108.3870968,93.96855974169013
train_mean,0,2025-04-29 16:38:00,108.3870968,93.96855974169013
train_mean,0,2025-04-29 18:04:00,107.9354839,93.96855974169013
train_mean,0,2025-04-29 19:29:00,98.4516129,93.96855974169013
train_mean,0,2025-04-29 20:55:00,97.5483871,93.96855974169013
train_mean,0,2025-04-29 22:20:00,97.09677419,93.96855974169013
train_mean,0,2025-04-29 23:46:00,65.48387097,93.96855974169013
train_mean,0,2025-04-30 01:12:00,65.93548387,93.96855974169013
train_mean,0,2025-04-30 02:37:00,88.96774194,93.96855974169013
train_mean,0,2025-04-30 04:03:00,89.41935484,93.96855974169013
train_mean,0,2025-04-30 05:29:00,91.22580645,93.96855974169013
train_mean,0,2025-04-30 06:54:00,92.58064516,93.96855974169013
train_mean,0,2025-04-30 08:20:00,92.58064516,93.96855974169013
train_mean,0,2025-04-30 09:45:00,92.58064516,93.96855974169013
train_mean,0,2025-04-30 11:11:00,112.9032258,93.96855974169013
train_mean,0,2025-04-30 12:37:00,112.4516129,93.96855974169013
train_mean,0,2025-04-30 14:02:00,112.0,93.96855974169013
train_mean,0,2025-04-30 15:28:00,111.0967742,93.96855974169013
train_mean,0,2025-04-30 16:53:00,91.67741935,93.96855974169013
train_mean,0,2025-04-30 18:19:00,89.41935484,93.96855974169013
train_mean,0,2025-04-30 19:45:00,63.22580645,93.96855974169013
seasonal_naive_24,0,2025-04-26 23:00:00,112.0,60.06451613
seasonal_naive_24,0,2025-04-27 00:25:00,112.0,61.41935484
seasonal_naive_24,0,2025-04-27 01:51:00,111.5483871,84.90322581
seasonal_naive_24,0,2025-04-27 03:17:00,111.0967742,85.80645161
seasonal_naive_24,0,2025-04-27 04:42:00,92.12903226,85.80645161
seasonal_naive_24,0,2025-04-27 06:08:00,58.70967742,85.80645161
seasonal_naive_24,0,2025-04-27 07:33:00,59.61290323,85.80645161
seasonal_naive_24,0,2025-04-27 08:59:00,59.61290323,107.0322581
seasonal_naive_24,0,2025-04-27 10:25:00,80.83870968,108.3870968
seasonal_naive_24,0,2025-04-27 11:50:00,81.74193548,108.3870968
seasonal_naive_24,0,2025-04-27 13:16:00,86.70967742,107.483871
seasonal_naive_24,0,2025-04-27 14:42:00,87.61290323,103.8709677
seasonal_naive_24,0,2025-04-27 16:07:00,87.61290323,91.67741935
seasonal_naive_24,0,2025-04-27 17:33:00,105.6774194,91.22580645
seasonal_naive_24,0,2025-04-27 18:58:00,106.1290323,88.96774194
seasonal_naive_24,0,2025-04-27 20:24:00,106.1290323,57.80645161
seasonal_naive_24,0,2025-04-27 21:50:00,106.1290323,57.80645161
seasonal_naive_24,0,2025-04-27 23:15:00,104.3225806,79.03225806
seasonal_naive_24,0,2025-04-28 00:41:00,88.96774194,79.93548387
seasonal_naive_24,0,2025-04-28 02:06:00,88.51612903,79.93548387
seasonal_naive_24,0,2025-04-28 03:32:00,87.61290323,89.41935484
seasonal_naive_24,0,2025-04-28 04:58:00,57.80645161,89.87096774
seasonal_naive_24,0,2025-04-28 06:23:00,58.25806452,89.87096774
seasonal_naive_24,0,2025-04-28 07:49:00,79.93548387,111.5483871
seasonal_naive_24,0,2025-04-28 09:15:00,81.74193548,112.0
seasonal_naive_24,0,2025-04-28 10:40:00,81.74193548,112.0
seasonal_naive_24,0,2025-04-28 12:06:00,87.16129032,111.5483871
seasonal_naive_24,0,2025-04-28 13:31:00,87.61290323,111.0967742
seasonal_naive_24,0,2025-04-28 14:57:00,87.61290323,92.12903226
seasonal_naive_24,0,2025-04-28 16:23:00,107.483871,58.70967742
seasonal_naive_24,0,2025-04-28 17:48:00,108.3870968,59.61290323
seasonal_naive_24,0,2025-04-28 19:14:00,108.3870968,59.61290323
seasonal_naive_24,0,2025-04-28 20:39:00,108.3870968,80.83870968
seasonal_naive_24,0,2025-04-28 22:05:00,107.9354839,81.74193548
seasonal_naive_24,0,2025-04-28 23:31:00,87.61290323,86.70967742
seasonal_naive_24,0,2025-04-29 00:56:00,60.06451613,87.61290323
seasonal_naive_24,0,2025-04-29 02:22:00,61.87096774,87.61290323
seasonal_naive_24,0,2025-04-29 03:48:00,61.87096774,105.6774194
seasonal_naive_24,0,2025-04-29 05:13:00,82.19354839,106.1290323
seasonal_naive_24,0,2025-04-29 06:39:00,83.09677419,106.1290323
seasonal_naive_24,0,2025-04-29 08:04:00,87.16129032,106.1290323
seasonal_naive_24,0,2025-04-29 09:30:00,87.16129032,104.3225806
seasonal_naive_24,0,2025-04-29 10:56:00,87.16129032,88.96774194
seasonal_naive_24,0,2025-04-29 12:21:00,107.9354839,88.51612903
seasonal_naive_24,0,2025-04-29 13:47:00,108.3870968,87.61290323
seasonal_naive_24,0,2025-04-29 15:12:00,108.3870968,57.80645161
seasonal_naive_24,0,2025-04-29 16:38:00,108.3870968,58.25806452
seasonal_naive_24,0,2025-04-29 18:04:00,107.9354839,79.93548387
seasonal_naive_24,0,2025-04-29 19:29:00,98.4516129,81.74193548
seasonal_naive_24,0,2025-04-29 20:55:00,97.5483871,81.74193548
seasonal_naive_24,0,2025-04-29 22:20:00,97.09677419,87.16129032
seasonal_naive_24,0,2025-04-29 23:46:00,65.48387097,87.61290323
seasonal_naive_24,0,2025-04-30 01:12:00,65.93548387,87.61290323
seasonal_naive_24,0,2025-04-30 02:37:00,88.96774194,107.483871
seasonal_naive_24,0,2025-04-30 04:03:00,89.41935484,108.3870968
seasonal_naive_24,0,2025-04-30 05:29:00,91.22580645,108.3870968
seasonal_naive_24,0,2025-04-30 06:54:00,92.58064516,108.3870968
seasonal_naive_24,0,2025-04-30 08:20:00,92.58064516,107.9354839
seasonal_naive_24,0,2025-04-30 09:45:00,92.58064516,87.61290323
seasonal_naive_24,0,2025-04-30 11:11:00,112.9032258,60.06451613
seasonal_naive_24,0,2025-04-30 12:37:00,112.4516129,61.87096774
seasonal_naive_24,0,2025-04-30 14:02:00,112.0,61.87096774
seasonal_naive_24,0,2025-04-30 15:28:00,111.0967742,82.19354839
seasonal_naive_24,0,2025-04-30 16:53:00,91.67741935,83.09677419
seasonal_naive_24,0,2025-04-30 18:19:00,89.41935484,87.16129032
seasonal_naive_24,0,2025-04-30 19:45:00,63.22580645,87.16129032
ridge,0,2025-04-26 23:00:00,112.0,108.32223793931021
ridge,0,2025-04-27 00:25:00,112.0,104.24160519634134
ridge,0,2025-04-27 01:51:00,111.5483871,105.43819299837665
ridge,0,2025-04-27 03:17:00,111.0967742,105.41051476333075
ridge,0,2025-04-27 04:42:00,92.12903226,105.88569592357071
ridge,0,2025-04-27 06:08:00,58.70967742,89.29126934473388
ridge,0,2025-04-27 07:33:00,59.61290323,63.28898021370165
ridge,0,2025-04-27 08:59:00,59.61290323,71.3387393000557
ridge,0,2025-04-27 10:25:00,80.83870968,77.56779981779644
ridge,0,2025-04-27 11:50:00,81.74193548,92.71644869359868
ridge,0,2025-04-27 13:16:00,86.70967742,87.47478778988146
ridge,0,2025-04-27 14:42:00,87.61290323,92.21379036802972
ridge,0,2025-04-27 16:07:00,87.61290323,92.53987922741598
ridge,0,2025-04-27 17:33:00,105.6774194,91.75563780454301
ridge,0,2025-04-27 18:58:00,106.1290323,106.41393124409916
ridge,0,2025-04-27 20:24:00,106.1290323,105.0135393392232
ridge,0,2025-04-27 21:50:00,106.1290323,104.85002331093887
ridge,0,2025-04-27 23:15:00,104.3225806,104.76633602434603
ridge,0,2025-04-28 00:41:00,88.96774194,104.8653188667475
ridge,0,2025-04-28 02:06:00,88.51612903,89.5628515258679
ridge,0,2025-04-28 03:32:00,87.61290323,89.82748581335474
ridge,0,2025-04-28 04:58:00,57.80645161,90.71957236321781
ridge,0,2025-04-28 06:23:00,58.25806452,67.59387892204418
ridge,0,2025-04-28 07:49:00,79.93548387,72.48024694408558
ridge,0,2025-04-28 09:15:00,81.74193548,91.21480403356935
ridge,0,2025-04-28 10:40:00,81.74193548,85.97660070127496
ridge,0,2025-04-28 12:06:00,87.16129032,85.95840035812506
ridge,0,2025-04-28 13:31:00,87.61290323,89.80168121576051
ridge,0,2025-04-28 14:57:00,87.61290323,89.60153352944327
ridge,0,2025-04-28 16:23:00,107.483871,89.90721792161646
ridge,0,2025-04-28 17:48:00,108.3870968,104.96567953120051
ridge,0,2025-04-28 19:14:00,108.3870968,102.84639346621822
ridge,0,2025-04-28 20:39:00,108.3870968,103.62720357414234
ridge,0,2025-04-28 22:05:00,107.9354839,104.18589899095839
ridge,0,2025-04-28 23:31:00,87.61290323,104.49589752722054
ridge,0,2025-04-29 00:56:00,60.06451613,86.39881674384539
ridge,0,2025-04-29 02:22:00,61.87096774,65.4978198475964
ridge,0,2025-04-29 03:48:00,61.87096774,73.44377759001276
ridge,0,2025-04-29 05:13:00,82.19354839,79.16595322853122
ridge,0,2025-04-29 06:39:00,83.09677419,94.2686892920053
ridge,0,2025-04-29 08:04:00,87.16129032,89.17640774754867
ridge,0,2025-04-29 09:30:00,87.16129032,92.47522351223941
ridge,0,2025-04-29 10:56:00,87.16129032,91.34439281144323
ridge,0,2025-04-29 12:21:00,107.9354839,90.66566828628093
ridge,0,2025-04-29 13:47:00,108.3870968,108.02958572328146
ridge,0,2025-04-29 15:12:00,108.3870968,106.9087799214608
ridge,0,2025-04-29 16:38:00,108.3870968,107.11946731107423
ridge,0,2025-04-29 18:04:00,107.9354839,106.92046326704839
ridge,0,2025-04-29 19:29:00,98.4516129,106.16719516330288
ridge,0,2025-04-29 20:55:00,97.5483871,96.72053151016122
ridge,0,2025-04-29 22:20:00,97.09677419,96.77808990461219
ridge,0,2025-04-29 23:46:00,65.48387097,98.70837069588526
ridge,0,2025-04-30 01:12:00,65.93548387,72.90299253355927
ridge,0,2025-04-30 02:37:00,88.96774194,77.0298511608697
ridge,0,2025-04-30 04:03:00,89.41935484,96.97322638351709
ridge,0,2025-04-30 05:29:00,91.22580645,90.86690543443163
ridge,0,2025-04-30 06:54:00,92.58064516,93.14251666715946
ridge,0,2025-04-30 08:20:00,92.58064516,93.52581610377514
ridge,0,2025-04-30 09:45:00,92.58064516,92.92865974292037
ridge,0,2025-04-30 11:11:00,112.9032258,92.35904595115477
ridge,0,2025-04-30 12:37:00,112.4516129,107.3180846210563
ridge,0,2025-04-30 14:02:00,112.0,104.52314908595638
ridge,0,2025-04-30 15:28:00,111.0967742,105.4794870163333
ridge,0,2025-04-30 16:53:00,91.67741935,105.04330800497301
ridge,0,2025-04-30 18:19:00,89.41935484,86.3190115255158
ridge,0,2025-04-30 19:45:00,63.22580645,86.82336655905414
random_forest,0,2025-04-26 23:00:00,112.0,110.17464696074317
random_forest,0,2025-04-27 00:25:00,112.0,110.5030560155949
random_forest,0,2025-04-27 01:51:00,111.5483871,104.37724899609925
random_forest,0,2025-04-27 03:17:00,111.0967742,102.43728136331212
random_forest,0,2025-04-27 04:42:00,92.12903226,105.87814024372052
random_forest,0,2025-04-27 06:08:00,58.70967742,79.06913848970467
random_forest,0,2025-04-27 07:33:00,59.61290323,63.62280645197459
random_forest,0,2025-04-27 08:59:00,59.61290323,73.73559139681672
random_forest,0,2025-04-27 10:25:00,80.83870968,84.40924731129066
random_forest,0,2025-04-27 11:50:00,81.74193548,82.6633816646648
random_forest,0,2025-04-27 13:16:00,86.70967742,85.25783144425284
random_forest,0,2025-04-27 14:42:00,87.61290323,88.55032549184571
random_forest,0,2025-04-27 16:07:00,87.61290323,88.32275520634383
random_forest,0,2025-04-27 17:33:00,105.6774194,99.2897829469652
random_forest,0,2025-04-27 18:58:00,106.1290323,104.4399296819162
random_forest,0,2025-04-27 20:24:00,106.1290323,104.46933890432474
random_forest,0,2025-04-27 21:50:00,106.1290323,99.00504348078532
random_forest,0,2025-04-27 23:15:00,104.3225806,103.58766866536018
random_forest,0,2025-04-28 00:41:00,88.96774194,96.94910078961995
random_forest,0,2025-04-28 02:06:00,88.51612903,84.90137547386117
random_forest,0,2025-04-28 03:32:00,87.61290323,81.98557491365924
random_forest,0,2025-04-28 04:58:00,57.80645161,77.21650537874395
random_forest,0,2025-04-28 06:23:00,58.25806452,61.82776344149329
random_forest,0,2025-04-28 07:49:00,79.93548387,79.38095977601563
random_forest,0,2025-04-28 09:15:00,81.74193548,81.86670604251218
random_forest,0,2025-04-28 10:40:00,81.74193548,84.8333657406925
random_forest,0,2025-04-28 12:06:00,87.16129032,83.6587804085197
random_forest,0,2025-04-28 13:31:00,87.61290323,87.87168097169338
random_forest,0,2025-04-28 14:57:00,87.61290323,87.45463688598723
random_forest,0,2025-04-28 16:23:00,107.483871,99.12150538163326
random_forest,0,2025-04-28 17:48:00,108.3870968,105.30330956553404
random_forest,0,2025-04-28 19:14:00,108.3870968,106.3747636263601
random_forest,0,2025-04-28 20:39:00,108.3870968,104.8355985828207
random_forest,0,2025-04-28 22:05:00,107.9354839,102.24765738735704
random_forest,0,2025-04-28 23:31:00,87.61290323,102.73967823971054
random_forest,0,2025-04-29 00:56:00,60.06451613,80.61670861822346
random_forest,0,2025-04-29 02:22:00,61.87096774,65.03000000041666
random_forest,0,2025-04-29 03:48:00,61.87096774,78.91046310123762
random_forest,0,2025-04-29 05:13:00,82.19354839,82.34711331623912
random_forest,0,2025-04-29 06:39:00,83.09677419,82.85289744239245
random_forest,0,2025-04-29 08:04:00,87.16129032,83.18151922082266
random_forest,0,2025-04-29 09:30:00,87.16129032,85.68314077224308
random_forest,0,2025-04-29 10:56:00,87.16129032,85.86229181478744
random_forest,0,2025-04-29 12:21:00,107.9354839,99.83688171827603
random_forest,0,2025-04-29 13:47:00,108.3870968,106.2220434100695
random_forest,0,2025-04-29 15:12:00,108.3870968,105.4623780483184
random_forest,0,2025-04-29 16:38:00,108.3870968,101.88672614030249
random_forest,0,2025-04-29 18:04:00,107.9354839,102.2534835501376
random_forest,0,2025-04-29 19:29:00,98.4516129,102.38335093117014
random_forest,0,2025-04-29 20:55:00,97.5483871,87.60659736853962
random_forest,0,2025-04-29 22:20:00,97.09677419,92.96431106257816
random_forest,0,2025-04-29 23:46:00,65.48387097,94.66733152125376
random_forest,0,2025-04-30 01:12:00,65.93548387,67.29685512698106
random_forest,0,2025-04-30 02:37:00,88.96774194,78.3800314134568
random_forest,0,2025-04-30 04:03:00,89.41935484,88.84687452421804
random_forest,0,2025-04-30 05:29:00,91.22580645,89.45064717876784
random_forest,0,2025-04-30 06:54:00,92.58064516,77.85362619954715
random_forest,0,2025-04-30 08:20:00,92.58064516,83.92289055366378
random_forest,0,2025-04-30 09:45:00,92.58064516,73.42976396171265
random_forest,0,2025-04-30 11:11:00,112.9032258,104.22909677379985
random_forest,0,2025-04-30 12:37:00,112.4516129,112.17915053122175
random_forest,0,2025-04-30 14:02:00,112.0,111.38336200220665
random_forest,0,2025-04-30 15:28:00,111.0967742,101.55782078698405
random_forest,0,2025-04-30 16:53:00,91.67741935,102.73097730119511
random_forest,0,2025-04-30 18:19:00,89.41935484,83.3899058964415
random_forest,0,2025-04-30 19:45:00,63.22580645,77.21405982606655
xgboost,0,2025-04-26 23:00:00,112.0,106.66262817382812
xgboost,0,2025-04-27 00:25:00,112.0,111.5919189453125
xgboost,0,2025-04-27 01:51:00,111.5483871,103.77315521240234
xgboost,0,2025-04-27 03:17:00,111.0967742,104.79234313964844
xgboost,0,2025-04-27 04:42:00,92.12903226,103.41106414794922
xgboost,0,2025-04-27 06:08:00,58.70967742,83.29547882080078
xgboost,0,2025-04-27 07:33:00,59.61290323,62.41596984863281
xgboost,0,2025-04-27 08:59:00,59.61290323,71.85767364501953
xgboost,0,2025-04-27 10:25:00,80.83870968,87.95653533935547
xgboost,0,2025-04-27 11:50:00,81.74193548,84.10811614990234
xgboost,0,2025-04-27 13:16:00,86.70967742,85.55630493164062
xgboost,0,2025-04-27 14:42:00,87.61290323,87.42396545410156
xgboost,0,2025-04-27 16:07:00,87.61290323,89.64588928222656
xgboost,0,2025-04-27 17:33:00,105.6774194,97.39215850830078
xgboost,0,2025-04-27 18:58:00,106.1290323,104.45024108886719
xgboost,0,2025-04-27 20:24:00,106.1290323,106.29470825195312
xgboost,0,2025-04-27 21:50:00,106.1290323,99.2342758178711
xgboost,0,2025-04-27 23:15:00,104.3225806,104.69457244873047
xgboost,0,2025-04-28 00:41:00,88.96774194,96.79972076416016
xgboost,0,2025-04-28 02:06:00,88.51612903,88.78694152832031
xgboost,0,2025-04-28 03:32:00,87.61290323,82.35846710205078
xgboost,0,2025-04-28 04:58:00,57.80645161,73.81065368652344
xgboost,0,2025-04-28 06:23:00,58.25806452,60.364192962646484
xgboost,0,2025-04-28 07:49:00,79.93548387,77.319580078125
xgboost,0,2025-04-28 09:15:00,81.74193548,82.3464126586914
xgboost,0,2025-04-28 10:40:00,81.74193548,85.18778991699219
xgboost,0,2025-04-28 12:06:00,87.16129032,81.66613006591797
xgboost,0,2025-04-28 13:31:00,87.61290323,89.06058502197266
xgboost,0,2025-04-28 14:57:00,87.61290323,87.05834197998047
xgboost,0,2025-04-28 16:23:00,107.483871,97.25749969482422
xgboost,0,2025-04-28 17:48:00,108.3870968,107.17012023925781
xgboost,0,2025-04-28 19:14:00,108.3870968,106.92362213134766
xgboost,0,2025-04-28 20:39:00,108.3870968,97.60547637939453
xgboost,0,2025-04-28 22:05:00,107.9354839,106.57575988769531
xgboost,0,2025-04-28 23:31:00,87.61290323,104.05437469482422
xgboost,0,2025-04-29 00:56:00,60.06451613,81.29776000976562
xgboost,0,2025-04-29 02:22:00,61.87096774,61.57823181152344
xgboost,0,2025-04-29 03:48:00,61.87096774,76.06175994873047
xgboost,0,2025-04-29 05:13:00,82.19354839,78.37821960449219
xgboost,0,2025-04-29 06:39:00,83.09677419,82.31975555419922
xgboost,0,2025-04-29 08:04:00,87.16129032,85.38933563232422
xgboost,0,2025-04-29 09:30:00,87.16129032,87.31836700439453
xgboost,0,2025-04-29 10:56:00,87.16129032,85.7313461303711
xgboost,0,2025-04-29 12:21:00,107.9354839,99.65240478515625
xgboost,0,2025-04-29 13:47:00,108.3870968,107.74578094482422
xgboost,0,2025-04-29 15:12:00,108.3870968,107.94482421875
xgboost,0,2025-04-29 16:38:00,108.3870968,100.46012115478516
xgboost,0,2025-04-29 18:04:00,107.9354839,104.34322357177734
xgboost,0,2025-04-29 19:29:00,98.4516129,103.01312255859375
xgboost,0,2025-04-29 20:55:00,97.5483871,93.04067993164062
xgboost,0,2025-04-29 22:20:00,97.09677419,93.84707641601562
xgboost,0,2025-04-29 23:46:00,65.48387097,94.14752960205078
xgboost,0,2025-04-30 01:12:00,65.93548387,69.50878143310547
xgboost,0,2025-04-30 02:37:00,88.96774194,78.45977783203125
xgboost,0,2025-04-30 04:03:00,89.41935484,93.3199462890625
xgboost,0,2025-04-30 05:29:00,91.22580645,91.67501068115234
xgboost,0,2025-04-30 06:54:00,92.58064516,81.58416748046875
xgboost,0,2025-04-30 08:20:00,92.58064516,89.18233489990234
xgboost,0,2025-04-30 09:45:00,92.58064516,80.30377960205078
xgboost,0,2025-04-30 11:11:00,112.9032258,106.07316589355469
xgboost,0,2025-04-30 12:37:00,112.4516129,110.59677124023438
xgboost,0,2025-04-30 14:02:00,112.0,115.21487426757812
xgboost,0,2025-04-30 15:28:00,111.0967742,92.55059051513672
xgboost,0,2025-04-30 16:53:00,91.67741935,98.74612426757812
xgboost,0,2025-04-30 18:19:00,89.41935484,85.45602416992188
xgboost,0,2025-04-30 19:45:00,63.22580645,76.1426010131836
persistence,1,2025-04-30 21:10:00,65.03225806,63.22580645
persistence,1,2025-04-30 22:36:00,65.03225806,65.03225806
persistence,1,2025-05-01 00:02:00,88.96774194,65.03225806
persistence,1,2025-05-01 01:27:00,89.41935484,88.96774194
persistence,1,2025-05-01 02:53:00,94.38709677,89.41935484
persistence,1,2025-05-01 04:18:00,95.29032258,94.38709677
persistence,1,2025-05-01 05:44:00,95.29032258,95.29032258
persistence,1,2025-05-01 07:10:00,112.9032258,95.29032258
persistence,1,2025-05-01 08:35:00,112.9032258,112.9032258
persistence,1,2025-05-01 10:01:00,112.9032258,112.9032258
persistence,1,2025-05-01 11:26:00,112.9032258,112.9032258
persistence,1,2025-05-01 12:52:00,112.0,112.9032258
persistence,1,2025-05-01 14:18:00,97.5483871,112.0
persistence,1,2025-05-01 15:43:00,96.64516129,97.5483871
persistence,1,2025-05-01 17:09:00,95.74193548,96.64516129
persistence,1,2025-05-01 18:35:00,61.87096774,95.74193548
persistence,1,2025-05-01 20:00:00,62.32258065,61.87096774
persistence,1,2025-05-01 21:26:00,85.35483871,62.32258065
persistence,1,2025-05-01 22:51:00,87.16129032,85.35483871
persistence,1,2025-05-02 00:17:00,87.16129032,87.16129032
persistence,1,2025-05-02 01:43:00,87.16129032,87.16129032
persistence,1,2025-05-02 03:08:00,87.16129032,87.16129032
persistence,1,2025-05-02 04:34:00,87.16129032,87.16129032
persistence,1,2025-05-02 05:59:00,109.2903226,87.16129032
persistence,1,2025-05-02 07:25:00,107.483871,109.2903226
persistence,1,2025-05-02 08:51:00,107.483871,107.483871
persistence,1,2025-05-02 10:16:00,106.1290323,107.483871
persistence,1,2025-05-02 11:42:00,96.19354839,106.1290323
persistence,1,2025-05-02 13:08:00,94.83870968,96.19354839
persistence,1,2025-05-02 14:33:00,60.06451613,94.83870968
persistence,1,2025-05-02 15:59:00,60.06451613,60.06451613
persistence,1,2025-05-02 17:24:00,60.51612903,60.06451613
persistence,1,2025-05-02 18:50:00,82.19354839,60.51612903
persistence,1,2025-05-02 20:16:00,82.64516129,82.19354839
persistence,1,2025-05-02 21:41:00,91.67741935,82.64516129
persistence,1,2025-05-02 23:07:00,92.58064516,91.67741935
persistence,1,2025-05-03 00:32:00,92.58064516,92.58064516
persistence,1,2025-05-03 01:58:00,116.0645161,92.58064516
persistence,1,2025-05-03 03:24:00,116.516129,116.0645161
persistence,1,2025-05-03 04:49:00,116.516129,116.516129
persistence,1,2025-05-03 06:15:00,116.516129,116.516129
persistence,1,2025-05-03 07:40:00,116.516129,116.516129
persistence,1,2025-05-03 09:06:00,94.38709677,116.516129
persistence,1,2025-05-03 10:32:00,93.48387097,94.38709677
persistence,1,2025-05-03 11:57:00,92.12903226,93.48387097
persistence,1,2025-05-03 13:23:00,60.06451613,92.12903226
persistence,1,2025-05-03 14:49:00,60.51612903,60.06451613
persistence,1,2025-05-03 16:14:00,81.29032258,60.51612903
persistence,1,2025-05-03 17:40:00,82.19354839,81.29032258
persistence,1,2025-05-03 19:05:00,82.64516129,82.19354839
persistence,1,2025-05-03 20:31:00,84.0,82.64516129
persistence,1,2025-05-03 21:57:00,104.3225806,84.0
persistence,1,2025-05-03 23:22:00,104.3225806,104.3225806
persistence,1,2025-05-04 00:48:00,104.7741935,104.3225806
persistence,1,2025-05-04 02:13:00,104.7741935,104.7741935
persistence,1,2025-05-04 03:39:00,104.3225806,104.7741935
persistence,1,2025-05-04 05:05:00,102.0645161,104.3225806
persistence,1,2025-05-04 06:30:00,89.87096774,102.0645161
persistence,1,2025-05-04 07:56:00,88.96774194,89.87096774
persistence,1,2025-05-04 09:22:00,60.06451613,88.96774194
persistence,1,2025-05-04 10:47:00,61.87096774,60.06451613
persistence,1,2025-05-04 12:13:00,61.87096774,61.87096774
persistence,1,2025-05-04 13:38:00,82.64516129,61.87096774
persistence,1,2025-05-04 15:04:00,83.5483871,82.64516129
persistence,1,2025-05-04 16:30:00,88.51612903,83.5483871
persistence,1,2025-05-04 17:55:00,89.41935484,88.51612903
seasonal_naive_17,1,2025-04-30 21:10:00,65.03225806,97.5483871
seasonal_naive_17,1,2025-04-30 22:36:00,65.03225806,97.09677419
seasonal_naive_17,1,2025-05-01 00:02:00,88.96774194,65.48387097
seasonal_naive_17,1,2025-05-01 01:27:00,89.41935484,65.93548387
seasonal_naive_17,1,2025-05-01 02:53:00,94.38709677,88.96774194
seasonal_naive_17,1,2025-05-01 04:18:00,95.29032258,89.41935484
seasonal_naive_17,1,2025-05-01 05:44:00,95.29032258,91.22580645
seasonal_naive_17,1,2025-05-01 07:10:00,112.9032258,92.58064516
seasonal_naive_17,1,2025-05-01 08:35:00,112.9032258,92.58064516
seasonal_naive_17,1,2025-05-01 10:01:00,112.9032258,92.58064516
seasonal_naive_17,1,2025-05-01 11:26:00,112.9032258,112.9032258
seasonal_naive_17,1,2025-05-01 12:52:00,112.0,112.4516129
seasonal_naive_17,1,2025-05-01 14:18:00,97.5483871,112.0
seasonal_naive_17,1,2025-05-01 15:43:00,96.64516129,111.0967742
seasonal_naive_17,1,2025-05-01 17:09:00,95.74193548,91.67741935
seasonal_naive_17,1,2025-05-01 18:35:00,61.87096774,89.41935484
seasonal_naive_17,1,2025-05-01 20:00:00,62.32258065,63.22580645
seasonal_naive_17,1,2025-05-01 21:26:00,85.35483871,65.03225806
seasonal_naive_17,1,2025-05-01 22:51:00,87.16129032,65.03225806
seasonal_naive_17,1,2025-05-02 00:17:00,87.16129032,88.96774194
seasonal_naive_17,1,2025-05-02 01:43:00,87.16129032,89.41935484
seasonal_naive_17,1,2025-05-02 03:08:00,87.16129032,94.38709677
seasonal_naive_17,1,2025-05-02 04:34:00,87.16129032,95.29032258
seasonal_naive_17,1,2025-05-02 05:59:00,109.2903226,95.29032258
seasonal_naive_17,1,2025-05-02 07:25:00,107.483871,112.9032258
seasonal_naive_17,1,2025-05-02 08:51:00,107.483871,112.9032258
seasonal_naive_17,1,2025-05-02 10:16:00,106.1290323,112.9032258
seasonal_naive_17,1,2025-05-02 11:42:00,96.19354839,112.9032258
seasonal_naive_17,1,2025-05-02 13:08:00,94.83870968,112.0
seasonal_naive_17,1,2025-05-02 14:33:00,60.06451613,97.5483871
seasonal_naive_17,1,2025-05-02 15:59:00,60.06451613,96.64516129
seasonal_naive_17,1,2025-05-02 17:24:00,60.51612903,95.74193548
seasonal_naive_17,1,2025-05-02 18:50:00,82.19354839,61.87096774
seasonal_naive_17,1,2025-05-02 20:16:00,82.64516129,62.32258065
seasonal_naive_17,1,2025-05-02 21:41:00,91.67741935,85.35483871
seasonal_naive_17,1,2025-05-02 23:07:00,92.58064516,87.16129032
seasonal_naive_17,1,2025-05-03 00:32:00,92.58064516,87.16129032
seasonal_naive_17,1,2025-05-03 01:58:00,116.0645161,87.16129032
seasonal_naive_17,1,2025-05-03 03:24:00,116.516129,87.16129032
seasonal_naive_17,1,2025-05-03 04:49:00,116.516129,87.16129032
seasonal_naive_17,1,2025-05-03 06:15:00,116.516129,109.2903226
seasonal_naive_17,1,2025-05-03 07:40:00,116.516129,107.483871
seasonal_naive_17,1,2025-05-03 09:06:00,94.38709677,107.483871
seasonal_naive_17,1,2025-05-03 10:32:00,93.48387097,106.1290323
seasonal_naive_17,1,2025-05-03 11:57:00,92.12903226,96.19354839
seasonal_naive_17,1,2025-05-03 13:23:00,60.06451613,94.83870968
seasonal_naive_17,1,2025-05-03 14:49:00,60.51612903,60.06451613
seasonal_naive_17,1,2025-05-03 16:14:00,81.29032258,60.06451613
seasonal_naive_17,1,2025-05-03 17:40:00,82.19354839,60.51612903
seasonal_naive_17,1,2025-05-03 19:05:00,82.64516129,82.19354839
seasonal_naive_17,1,2025-05-03 20:31:00,84.0,82.64516129
seasonal_naive_17,1,2025-05-03 21:57:00,104.3225806,91.67741935
seasonal_naive_17,1,2025-05-03 23:22:00,104.3225806,92.58064516
seasonal_naive_17,1,2025-05-04 00:48:00,104.7741935,92.58064516
seasonal_naive_17,1,2025-05-04 02:13:00,104.7741935,116.0645161
seasonal_naive_17,1,2025-05-04 03:39:00,104.3225806,116.516129
seasonal_naive_17,1,2025-05-04 05:05:00,102.0645161,116.516129
seasonal_naive_17,1,2025-05-04 06:30:00,89.87096774,116.516129
seasonal_naive_17,1,2025-05-04 07:56:00,88.96774194,116.516129
seasonal_naive_17,1,2025-05-04 09:22:00,60.06451613,94.38709677
seasonal_naive_17,1,2025-05-04 10:47:00,61.87096774,93.48387097
seasonal_naive_17,1,2025-05-04 12:13:00,61.87096774,92.12903226
seasonal_naive_17,1,2025-05-04 13:38:00,82.64516129,60.06451613
seasonal_naive_17,1,2025-05-04 15:04:00,83.5483871,60.51612903
seasonal_naive_17,1,2025-05-04 16:30:00,88.51612903,81.29032258
seasonal_naive_17,1,2025-05-04 17:55:00,89.41935484,82.19354839
drift,1,2025-04-30 21:10:00,65.03225806,63.12258064345238
drift,1,2025-04-30 22:36:00,65.03225806,63.01935483690476
drift,1,2025-05-01 00:02:00,88.96774194,62.91612903035714
drift,1,2025-05-01 01:27:00,89.41935484,62.81290322380952
drift,1,2025-05-01 02:53:00,94.38709677,62.70967741726191
drift,1,2025-05-01 04:18:00,95.29032258,62.60645161071429
drift,1,2025-05-01 05:44:00,95.29032258,62.50322580416667
drift,1,2025-05-01 07:10:00,112.9032258,62.39999999761905
drift,1,2025-05-01 08:35:00,112.9032258,62.29677419107143
drift,1,2025-05-01 10:01:00,112.9032258,62.19354838452381
drift,1,2025-05-01 11:26:00,112.9032258,62.09032257797619
drift,1,2025-05-01 12:52:00,112.0,61.98709677142857
drift,1,2025-05-01 14:18:00,97.5483871,61.883870964880956
drift,1,2025-05-01 15:43:00,96.64516129,61.780645158333336
drift,1,2025-05-01 17:09:00,95.74193548,61.677419351785716
drift,1,2025-05-01 18:35:00,61.87096774,61.574193545238096
drift,1,2025-05-01 20:00:00,62.32258065,61.470967738690476
drift,1,2025-05-01 21:26:00,85.35483871,61.367741932142856
drift,1,2025-05-01 22:51:00,87.16129032,61.264516125595236
drift,1,2025-05-02 00:17:00,87.16129032,61.161290319047616
drift,1,2025-05-02 01:43:00,87.16129032,61.0580645125
drift,1,2025-05-02 03:08:00,87.16129032,60.95483870595238
drift,1,2025-05-02 04:34:00,87.16129032,60.85161289940476
drift,1,2025-05-02 05:59:00,109.2903226,60.74838709285714
drift,1,2025-05-02 07:25:00,107.483871,60.64516128630952
drift,1,2025-05-02 08:51:00,107.483871,60.541935479761904
drift,1,2025-05-02 10:16:00,106.1290323,60.438709673214284
drift,1,2025-05-02 11:42:00,96.19354839,60.335483866666664
drift,1,2025-05-02 13:08:00,94.83870968,60.23225806011905
drift,1,2025-05-02 14:33:00,60.06451613,60.12903225357143
drift,1,2025-05-02 15:59:00,60.06451613,60.02580644702381
drift,1,2025-05-02 17:24:00,60.51612903,59.92258064047619
drift,1,2025-05-02 18:50:00,82.19354839,59.81935483392857
drift,1,2025-05-02 20:16:00,82.64516129,59.71612902738095
drift,1,2025-05-02 21:41:00,91.67741935,59.61290322083333
drift,1,2025-05-02 23:07:00,92.58064516,59.50967741428571
drift,1,2025-05-03 00:32:00,92.58064516,59.40645160773809
drift,1,2025-05-03 01:58:00,116.0645161,59.30322580119048
drift,1,2025-05-03 03:24:00,116.516129,59.19999999464286
drift,1,2025-05-03 04:49:00,116.516129,59.09677418809524
drift,1,2025-05-03 06:15:00,116.516129,58.99354838154762
drift,1,2025-05-03 07:40:00,116.516129,58.890322575
drift,1,2025-05-03 09:06:00,94.38709677,58.78709676845238
drift,1,2025-05-03 10:32:00,93.48387097,58.68387096190476
drift,1,2025-05-03 11:57:00,92.12903226,58.580645155357146
drift,1,2025-05-03 13:23:00,60.06451613,58.477419348809526
drift,1,2025-05-03 14:49:00,60.51612903,58.37419354226191
drift,1,2025-05-03 16:14:00,81.29032258,58.27096773571429
drift,1,2025-05-03 17:40:00,82.19354839,58.16774192916667
drift,1,2025-05-03 19:05:00,82.64516129,58.06451612261905
drift,1,2025-05-03 20:31:00,84.0,57.96129031607143
drift,1,2025-05-03 21:57:00,104.3225806,57.85806450952381
drift,1,2025-05-03 23:22:00,104.3225806,57.75483870297619
drift,1,2025-05-04 00:48:00,104.7741935,57.651612896428574
drift,1,2025-05-04 02:13:00,104.7741935,57.548387089880954
drift,1,2025-05-04 03:39:00,104.3225806,57.445161283333334
drift,1,2025-05-04 05:05:00,102.0645161,57.341935476785714
drift,1,2025-05-04 06:30:00,89.87096774,57.238709670238094
drift,1,2025-05-04 07:56:00,88.96774194,57.135483863690474
drift,1,2025-05-04 09:22:00,60.06451613,57.032258057142855
drift,1,2025-05-04 10:47:00,61.87096774,56.929032250595235
drift,1,2025-05-04 12:13:00,61.87096774,56.825806444047615
drift,1,2025-05-04 13:38:00,82.64516129,56.7225806375
drift,1,2025-05-04 15:04:00,83.5483871,56.61935483095238
drift,1,2025-05-04 16:30:00,88.51612903,56.51612902440476
drift,1,2025-05-04 17:55:00,89.41935484,56.41290321785714
rolling_mean_17,1,2025-04-30 21:10:00,65.03225806,92.12903225764705
rolling_mean_17,1,2025-04-30 22:36:00,65.03225806,90.21631878470588
rolling_mean_17,1,2025-05-01 00:02:00,88.96774194,88.33017077705883
rolling_mean_17,1,2025-05-01 01:27:00,89.41935484,89.7115749517647
rolling_mean_17,1,2025-05-01 02:53:00,94.38709677,91.0929791264706
rolling_mean_17,1,2025-05-01 04:18:00,95.29032258,91.41176470470587
rolling_mean_17,1,2025-05-01 05:44:00,95.29032258,91.7571157482353
rolling_mean_17,1,2025-05-01 07:10:00,112.9032258,91.99620493235294
rolling_mean_17,1,2025-05-01 08:35:00,112.9032258,93.19165085235294
rolling_mean_17,1,2025-05-01 10:01:00,112.9032258,94.38709677235293
rolling_mean_17,1,2025-05-01 11:26:00,112.9032258,95.58254269235293
rolling_mean_17,1,2025-05-01 12:52:00,112.0,95.58254269235293
rolling_mean_17,1,2025-05-01 14:18:00,97.5483871,95.55597722764706
rolling_mean_17,1,2025-05-01 15:43:00,96.64516129,94.70588235117646
rolling_mean_17,1,2025-05-01 17:09:00,95.74193548,93.85578747411763
rolling_mean_17,1,2025-05-01 18:35:00,61.87096774,94.0948766582353
rolling_mean_17,1,2025-05-01 20:00:00,62.32258065,92.47438329941177
rolling_mean_17,1,2025-05-01 21:26:00,85.35483871,92.42125236999999
rolling_mean_17,1,2025-05-01 22:51:00,87.16129032,93.61669829058823
rolling_mean_17,1,2025-05-02 00:17:00,87.16129032,94.91840607058825
rolling_mean_17,1,2025-05-02 01:43:00,87.16129032,94.81214421058823
rolling_mean_17,1,2025-05-02 03:08:00,87.16129032,94.67931688588234
rolling_mean_17,1,2025-05-02 04:34:00,87.16129032,94.25426944764706
rolling_mean_17,1,2025-05-02 05:59:00,109.2903226,93.77609107941177
rolling_mean_17,1,2025-05-02 07:25:00,107.483871,94.59962049235295
rolling_mean_17,1,2025-05-02 08:51:00,107.483871,94.28083491588235
rolling_mean_17,1,2025-05-02 10:16:00,106.1290323,93.96204933941175
rolling_mean_17,1,2025-05-02 11:42:00,96.19354839,93.56356736882354
rolling_mean_17,1,2025-05-02 13:08:00,94.83870968,92.58064516823528
rolling_mean_17,1,2025-05-02 14:33:00,60.06451613,91.57115750235295
rolling_mean_17,1,2025-05-02 15:59:00,60.06451613,89.36622391588234
rolling_mean_17,1,2025-05-02 17:24:00,60.51612903,87.21442125941176
rolling_mean_17,1,2025-05-02 18:50:00,82.19354839,85.14231499764706
rolling_mean_17,1,2025-05-02 20:16:00,82.64516129,86.33776091823529
rolling_mean_17,1,2025-05-02 21:41:00,91.67741935,87.53320683823529
rolling_mean_17,1,2025-05-02 23:07:00,92.58064516,87.90512334647059
rolling_mean_17,1,2025-05-03 00:32:00,92.58064516,88.22390892529411
rolling_mean_17,1,2025-05-03 01:58:00,116.0645161,88.54269450411763
rolling_mean_17,1,2025-05-03 03:24:00,116.516129,90.24288425588236
rolling_mean_17,1,2025-05-03 04:49:00,116.516129,91.96963947235294
rolling_mean_17,1,2025-05-03 06:15:00,116.516129,93.69639468882353
rolling_mean_17,1,2025-05-03 07:40:00,116.516129,94.12144212411765
rolling_mean_17,1,2025-05-03 09:06:00,94.38709677,94.6527514182353
rolling_mean_17,1,2025-05-03 10:32:00,93.48387097,93.88235293411765
rolling_mean_17,1,2025-05-03 11:57:00,92.12903226,93.13851991470588
rolling_mean_17,1,2025-05-03 13:23:00,60.06451613,92.89943073058825
rolling_mean_17,1,2025-05-03 14:49:00,60.51612903,90.8538899335294
rolling_mean_17,1,2025-05-03 16:14:00,81.29032258,90.8804553982353
rolling_mean_17,1,2025-05-03 17:40:00,82.19354839,92.1290322482353
rolling_mean_17,1,2025-05-03 19:05:00,82.64516129,93.40417456352941
rolling_mean_17,1,2025-05-03 20:31:00,84.0,93.43074002823529
rolling_mean_17,1,2025-05-03 21:57:00,104.3225806,93.51043642294117
rolling_mean_17,1,2025-05-03 23:22:00,104.3225806,94.25426943764707
rolling_mean_17,1,2025-05-04 00:48:00,104.7741935,94.94497152235296
rolling_mean_17,1,2025-05-04 02:13:00,104.7741935,95.6622390717647
rolling_mean_17,1,2025-05-04 03:39:00,104.3225806,94.99810244823529
rolling_mean_17,1,2025-05-04 05:05:00,102.0645161,94.28083489529412
rolling_mean_17,1,2025-05-04 06:30:00,89.87096774,93.43074001882353
rolling_mean_17,1,2025-05-04 07:56:00,88.96774194,91.8633775917647
rolling_mean_17,1,2025-05-04 09:22:00,60.06451613,90.24288423529413
rolling_mean_17,1,2025-05-04 10:47:00,61.87096774,88.22390890352939
rolling_mean_17,1,2025-05-04 12:13:00,61.87096774,86.36432636058824
rolling_mean_17,1,2025-05-04 13:38:00,82.64516129,84.58444021235293
rolling_mean_17,1,2025-05-04 15:04:00,83.5483871,85.91271345705884
rolling_mean_17,1,2025-05-04 16:30:00,88.51612903,87.26755216705882
rolling_mean_17,1,2025-05-04 17:55:00,89.41935484,87.69259960529412
train_mean,1,2025-04-30 21:10:00,65.03225806,93.4913799685986
train_mean,1,2025-04-30 22:36:00,65.03225806,93.4913799685986
train_mean,1,2025-05-01 00:02:00,88.96774194,93.4913799685986
train_mean,1,2025-05-01 01:27:00,89.41935484,93.4913799685986
train_mean,1,2025-05-01 02:53:00,94.38709677,93.4913799685986
train_mean,1,2025-05-01 04:18:00,95.29032258,93.4913799685986
train_mean,1,2025-05-01 05:44:00,95.29032258,93.4913799685986
train_mean,1,2025-05-01 07:10:00,112.9032258,93.4913799685986
train_mean,1,2025-05-01 08:35:00,112.9032258,93.4913799685986
train_mean,1,2025-05-01 10:01:00,112.9032258,93.4913799685986
train_mean,1,2025-05-01 11:26:00,112.9032258,93.4913799685986
train_mean,1,2025-05-01 12:52:00,112.0,93.4913799685986
train_mean,1,2025-05-01 14:18:00,97.5483871,93.4913799685986
train_mean,1,2025-05-01 15:43:00,96.64516129,93.4913799685986
train_mean,1,2025-05-01 17:09:00,95.74193548,93.4913799685986
train_mean,1,2025-05-01 18:35:00,61.87096774,93.4913799685986
train_mean,1,2025-05-01 20:00:00,62.32258065,93.4913799685986
train_mean,1,2025-05-01 21:26:00,85.35483871,93.4913799685986
train_mean,1,2025-05-01 22:51:00,87.16129032,93.4913799685986
train_mean,1,2025-05-02 00:17:00,87.16129032,93.4913799685986
train_mean,1,2025-05-02 01:43:00,87.16129032,93.4913799685986
train_mean,1,2025-05-02 03:08:00,87.16129032,93.4913799685986
train_mean,1,2025-05-02 04:34:00,87.16129032,93.4913799685986
train_mean,1,2025-05-02 05:59:00,109.2903226,93.4913799685986
train_mean,1,2025-05-02 07:25:00,107.483871,93.4913799685986
train_mean,1,2025-05-02 08:51:00,107.483871,93.4913799685986
train_mean,1,2025-05-02 10:16:00,106.1290323,93.4913799685986
train_mean,1,2025-05-02 11:42:00,96.19354839,93.4913799685986
train_mean,1,2025-05-02 13:08:00,94.83870968,93.4913799685986
train_mean,1,2025-05-02 14:33:00,60.06451613,93.4913799685986
train_mean,1,2025-05-02 15:59:00,60.06451613,93.4913799685986
train_mean,1,2025-05-02 17:24:00,60.51612903,93.4913799685986
train_mean,1,2025-05-02 18:50:00,82.19354839,93.4913799685986
train_mean,1,2025-05-02 20:16:00,82.64516129,93.4913799685986
train_mean,1,2025-05-02 21:41:00,91.67741935,93.4913799685986
train_mean,1,2025-05-02 23:07:00,92.58064516,93.4913799685986
train_mean,1,2025-05-03 00:32:00,92.58064516,93.4913799685986
train_mean,1,2025-05-03 01:58:00,116.0645161,93.4913799685986
train_mean,1,2025-05-03 03:24:00,116.516129,93.4913799685986
train_mean,1,2025-05-03 04:49:00,116.516129,93.4913799685986
train_mean,1,2025-05-03 06:15:00,116.516129,93.4913799685986
train_mean,1,2025-05-03 07:40:00,116.516129,93.4913799685986
train_mean,1,2025-05-03 09:06:00,94.38709677,93.4913799685986
train_mean,1,2025-05-03 10:32:00,93.48387097,93.4913799685986
train_mean,1,2025-05-03 11:57:00,92.12903226,93.4913799685986
train_mean,1,2025-05-03 13:23:00,60.06451613,93.4913799685986
train_mean,1,2025-05-03 14:49:00,60.51612903,93.4913799685986
train_mean,1,2025-05-03 16:14:00,81.29032258,93.4913799685986
train_mean,1,2025-05-03 17:40:00,82.19354839,93.4913799685986
train_mean,1,2025-05-03 19:05:00,82.64516129,93.4913799685986
train_mean,1,2025-05-03 20:31:00,84.0,93.4913799685986
train_mean,1,2025-05-03 21:57:00,104.3225806,93.4913799685986
train_mean,1,2025-05-03 23:22:00,104.3225806,93.4913799685986
train_mean,1,2025-05-04 00:48:00,104.7741935,93.4913799685986
train_mean,1,2025-05-04 02:13:00,104.7741935,93.4913799685986
train_mean,1,2025-05-04 03:39:00,104.3225806,93.4913799685986
train_mean,1,2025-05-04 05:05:00,102.0645161,93.4913799685986
train_mean,1,2025-05-04 06:30:00,89.87096774,93.4913799685986
train_mean,1,2025-05-04 07:56:00,88.96774194,93.4913799685986
train_mean,1,2025-05-04 09:22:00,60.06451613,93.4913799685986
train_mean,1,2025-05-04 10:47:00,61.87096774,93.4913799685986
train_mean,1,2025-05-04 12:13:00,61.87096774,93.4913799685986
train_mean,1,2025-05-04 13:38:00,82.64516129,93.4913799685986
train_mean,1,2025-05-04 15:04:00,83.5483871,93.4913799685986
train_mean,1,2025-05-04 16:30:00,88.51612903,93.4913799685986
train_mean,1,2025-05-04 17:55:00,89.41935484,93.4913799685986
seasonal_naive_24,1,2025-04-30 21:10:00,65.03225806,87.16129032
seasonal_naive_24,1,2025-04-30 22:36:00,65.03225806,107.9354839
seasonal_naive_24,1,2025-05-01 00:02:00,88.96774194,108.3870968
seasonal_naive_24,1,2025-05-01 01:27:00,89.41935484,108.3870968
seasonal_naive_24,1,2025-05-01 02:53:00,94.38709677,108.3870968
seasonal_naive_24,1,2025-05-01 04:18:00,95.29032258,107.9354839
seasonal_naive_24,1,2025-05-01 05:44:00,95.29032258,98.4516129
seasonal_naive_24,1,2025-05-01 07:10:00,112.9032258,97.5483871
seasonal_naive_24,1,2025-05-01 08:35:00,112.9032258,97.09677419
seasonal_naive_24,1,2025-05-01 10:01:00,112.9032258,65.48387097
seasonal_naive_24,1,2025-05-01 11:26:00,112.9032258,65.93548387
seasonal_naive_24,1,2025-05-01 12:52:00,112.0,88.96774194
seasonal_naive_24,1,2025-05-01 14:18:00,97.5483871,89.41935484
seasonal_naive_24,1,2025-05-01 15:43:00,96.64516129,91.22580645
seasonal_naive_24,1,2025-05-01 17:09:00,95.74193548,92.58064516
seasonal_naive_24,1,2025-05-01 18:35:00,61.87096774,92.58064516
seasonal_naive_24,1,2025-05-01 20:00:00,62.32258065,92.58064516
seasonal_naive_24,1,2025-05-01 21:26:00,85.35483871,112.9032258
seasonal_naive_24,1,2025-05-01 22:51:00,87.16129032,112.4516129
seasonal_naive_24,1,2025-05-02 00:17:00,87.16129032,112.0
seasonal_naive_24,1,2025-05-02 01:43:00,87.16129032,111.0967742
seasonal_naive_24,1,2025-05-02 03:08:00,87.16129032,91.67741935
seasonal_naive_24,1,2025-05-02 04:34:00,87.16129032,89.41935484
seasonal_naive_24,1,2025-05-02 05:59:00,109.2903226,63.22580645
seasonal_naive_24,1,2025-05-02 07:25:00,107.483871,65.03225806
seasonal_naive_24,1,2025-05-02 08:51:00,107.483871,65.03225806
seasonal_naive_24,1,2025-05-02 10:16:00,106.1290323,88.96774194
seasonal_naive_24,1,2025-05-02 11:42:00,96.19354839,89.41935484
seasonal_naive_24,1,2025-05-02 13:08:00,94.83870968,94.38709677
seasonal_naive_24,1,2025-05-02 14:33:00,60.06451613,95.29032258
seasonal_naive_24,1,2025-05-02 15:59:00,60.06451613,95.29032258
seasonal_naive_24,1,2025-05-02 17:24:00,60.51612903,112.9032258
seasonal_naive_24,1,2025-05-02 18:50:00,82.19354839,112.9032258
seasonal_naive_24,1,2025-05-02 20:16:00,82.64516129,112.9032258
seasonal_naive_24,1,2025-05-02 21:41:00,91.67741935,112.9032258
seasonal_naive_24,1,2025-05-02 23:07:00,92.58064516,112.0
seasonal_naive_24,1,2025-05-03 00:32:00,92.58064516,97.5483871
seasonal_naive_24,1,2025-05-03 01:58:00,116.0645161,96.64516129
seasonal_naive_24,1,2025-05-03 03:24:00,116.516129,95.74193548
seasonal_naive_24,1,2025-05-03 04:49:00,116.516129,61.87096774
seasonal_naive_24,1,2025-05-03 06:15:00,116.516129,62.32258065
seasonal_naive_24,1,2025-05-03 07:40:00,116.516129,85.35483871
seasonal_naive_24,1,2025-05-03 09:06:00,94.38709677,87.16129032
seasonal_naive_24,1,2025-05-03 10:32:00,93.48387097,87.16129032
seasonal_naive_24,1,2025-05-03 11:57:00,92.12903226,87.16129032
seasonal_naive_24,1,2025-05-03 13:23:00,60.06451613,87.16129032
seasonal_naive_24,1,2025-05-03 14:49:00,60.51612903,87.16129032
seasonal_naive_24,1,2025-05-03 16:14:00,81.29032258,109.2903226
seasonal_naive_24,1,2025-05-03 17:40:00,82.19354839,107.483871
seasonal_naive_24,1,2025-05-03 19:05:00,82.64516129,107.483871
seasonal_naive_24,1,2025-05-03 20:31:00,84.0,106.1290323
seasonal_naive_24,1,2025-05-03 21:57:00,104.3225806,96.19354839
seasonal_naive_24,1,2025-05-03 23:22:00,104.3225806,94.83870968
seasonal_naive_24,1,2025-05-04 00:48:00,104.7741935,60.06451613
seasonal_naive_24,1,2025-05-04 02:13:00,104.7741935,60.06451613
seasonal_naive_24,1,2025-05-04 03:39:00,104.3225806,60.51612903
seasonal_naive_24,1,2025-05-04 05:05:00,102.0645161,82.19354839
seasonal_naive_24,1,2025-05-04 06:30:00,89.87096774,82.64516129
seasonal_naive_24,1,2025-05-04 07:56:00,88.96774194,91.67741935
seasonal_naive_24,1,2025-05-04 09:22:00,60.06451613,92.58064516
seasonal_naive_24,1,2025-05-04 10:47:00,61.87096774,92.58064516
seasonal_naive_24,1,2025-05-04 12:13:00,61.87096774,116.0645161
seasonal_naive_24,1,2025-05-04 13:38:00,82.64516129,116.516129
seasonal_naive_24,1,2025-05-04 15:04:00,83.5483871,116.516129
seasonal_naive_24,1,2025-05-04 16:30:00,88.51612903,116.516129
seasonal_naive_24,1,2025-05-04 17:55:00,89.41935484,116.516129
ridge,1,2025-04-30 21:10:00,65.03225806,66.53685886770033
ridge,1,2025-04-30 22:36:00,65.03225806,73.0151578898021
ridge,1,2025-05-01 00:02:00,88.96774194,71.82623903006171
ridge,1,2025-05-01 01:27:00,89.41935484,89.62708589818797
ridge,1,2025-05-01 02:53:00,94.38709677,83.9760300102101
ridge,1,2025-05-01 04:18:00,95.29032258,88.01084990483513
ridge,1,2025-05-01 05:44:00,95.29032258,87.81345039333685
ridge,1,2025-05-01 07:10:00,112.9032258,88.04676098549399
ridge,1,2025-05-01 08:35:00,112.9032258,100.11844620354678
ridge,1,2025-05-01 10:01:00,112.9032258,98.78180980187365
ridge,1,2025-05-01 11:26:00,112.9032258,99.05513502987284
ridge,1,2025-05-01 12:52:00,112.0,98.76775370872501
ridge,1,2025-05-01 14:18:00,97.5483871,97.80262596820576
ridge,1,2025-05-01 15:43:00,96.64516129,83.66455202490098
ridge,1,2025-05-01 17:09:00,95.74193548,85.55100056974817
ridge,1,2025-05-01 18:35:00,61.87096774,90.19946098609546
ridge,1,2025-05-01 20:00:00,62.32258065,60.8558539832045
ridge,1,2025-05-01 21:26:00,85.35483871,66.42882392858486
ridge,1,2025-05-01 22:51:00,87.16129032,88.26707124312193
ridge,1,2025-05-02 00:17:00,87.16129032,88.02521310451257
ridge,1,2025-05-02 01:43:00,87.16129032,88.35546615266843
ridge,1,2025-05-02 03:08:00,87.16129032,87.90496930408514
ridge,1,2025-05-02 04:34:00,87.16129032,87.42041374804754
ridge,1,2025-05-02 05:59:00,109.2903226,87.21264208659166
ridge,1,2025-05-02 07:25:00,107.483871,104.06468985502524
ridge,1,2025-05-02 08:51:00,107.483871,98.95342621238724
ridge,1,2025-05-02 10:16:00,106.1290323,99.20178359982428
ridge,1,2025-05-02 11:42:00,96.19354839,97.37066874121062
ridge,1,2025-05-02 13:08:00,94.83870968,86.77774436620837
ridge,1,2025-05-02 14:33:00,60.06451613,86.75558415659981
ridge,1,2025-05-02 15:59:00,60.06451613,57.183153698315074
ridge,1,2025-05-02 17:24:00,60.51612903,63.59875587244625
ridge,1,2025-05-02 18:50:00,82.19354839,71.27624109877588
ridge,1,2025-05-02 20:16:00,82.64516129,86.53618032852603
ridge,1,2025-05-02 21:41:00,91.67741935,81.09405224656263
ridge,1,2025-05-02 23:07:00,92.58064516,88.61977376398502
ridge,1,2025-05-03 00:32:00,92.58064516,83.53453425455822
ridge,1,2025-05-03 01:58:00,116.0645161,83.92330457766921
ridge,1,2025-05-03 03:24:00,116.516129,103.74763878248757
ridge,1,2025-05-03 04:49:00,116.516129,102.10635493565829
ridge,1,2025-05-03 06:15:00,116.516129,103.18445875568736
ridge,1,2025-05-03 07:40:00,116.516129,104.44125578426102
ridge,1,2025-05-03 09:06:00,94.38709677,105.74287506468148
ridge,1,2025-05-03 10:32:00,93.48387097,84.56119153353522
ridge,1,2025-05-03 11:57:00,92.12903226,87.13955496936303
ridge,1,2025-05-03 13:23:00,60.06451613,89.31762668152354
ridge,1,2025-05-03 14:49:00,60.51612903,62.499892602565936
ridge,1,2025-05-03 16:14:00,81.29032258,68.51569391576437
ridge,1,2025-05-03 17:40:00,82.19354839,88.34343145546332
ridge,1,2025-05-03 19:05:00,82.64516129,83.06815757923185
ridge,1,2025-05-03 20:31:00,84.0,83.3021992384698
ridge,1,2025-05-03 21:57:00,104.3225806,83.58087528930956
ridge,1,2025-05-03 23:22:00,104.3225806,99.49990206613387
ridge,1,2025-05-04 00:48:00,104.7741935,97.03015309724154
ridge,1,2025-05-04 02:13:00,104.7741935,97.13831747773342
ridge,1,2025-05-04 03:39:00,104.3225806,95.8922526663487
ridge,1,2025-05-04 05:05:00,102.0645161,94.21113052035793
ridge,1,2025-05-04 06:30:00,89.87096774,91.05525829158424
ridge,1,2025-05-04 07:56:00,88.96774194,78.6888031163928
ridge,1,2025-05-04 09:22:00,60.06451613,79.63849026138257
ridge,1,2025-05-04 10:47:00,61.87096774,55.68865188227498
ridge,1,2025-05-04 12:13:00,61.87096774,62.3709425025837
ridge,1,2025-05-04 13:38:00,82.64516129,68.36454443302009
ridge,1,2025-05-04 15:04:00,83.5483871,83.64410213950596
ridge,1,2025-05-04 16:30:00,88.51612903,79.298235894966
ridge,1,2025-05-04 17:55:00,89.41935484,83.5188343241612
random_forest,1,2025-04-30 21:10:00,65.03225806,75.67124498137876
random_forest,1,2025-04-30 22:36:00,65.03225806,78.04070489010003
random_forest,1,2025-05-01 00:02:00,88.96774194,85.12757287632166
random_forest,1,2025-05-01 01:27:00,89.41935484,88.81659507517072
random_forest,1,2025-05-01 02:53:00,94.38709677,89.07729382706033
random_forest,1,2025-05-01 04:18:00,95.29032258,87.3391039701392
random_forest,1,2025-05-01 05:44:00,95.29032258,92.97618452271911
random_forest,1,2025-05-01 07:10:00,112.9032258,100.57372193078383
random_forest,1,2025-05-01 08:35:00,112.9032258,108.67789818938262
random_forest,1,2025-05-01 10:01:00,112.9032258,108.99525498365965
random_forest,1,2025-05-01 11:26:00,112.9032258,108.53591317949237
random_forest,1,2025-05-01 12:52:00,112.0,108.5825467610649
random_forest,1,2025-05-01 14:18:00,97.5483871,104.46378259742339
random_forest,1,2025-05-01 15:43:00,96.64516129,90.04825353740996
random_forest,1,2025-05-01 17:09:00,95.74193548,86.51592233392746
random_forest,1,2025-05-01 18:35:00,61.87096774,85.34633556823988
random_forest,1,2025-05-01 20:00:00,62.32258065,66.55296736550751
random_forest,1,2025-05-01 21:26:00,85.35483871,82.04451612886665
random_forest,1,2025-05-01 22:51:00,87.16129032,88.58629932575658
random_forest,1,2025-05-02 00:17:00,87.16129032,89.59462573171837
random_forest,1,2025-05-02 01:43:00,87.16129032,89.73575275100355
random_forest,1,2025-05-02 03:08:00,87.16129032,105.16591398887608
random_forest,1,2025-05-02 04:34:00,87.16129032,104.47043011824276
random_forest,1,2025-05-02 05:59:00,109.2903226,103.16564517139274
random_forest,1,2025-05-02 07:25:00,107.483871,107.47457886369156
random_forest,1,2025-05-02 08:51:00,107.483871,106.52602485701625
random_forest,1,2025-05-02 10:16:00,106.1290323,100.97592154448289
random_forest,1,2025-05-02 11:42:00,96.19354839,99.91268951512832
random_forest,1,2025-05-02 13:08:00,94.83870968,91.46828904652979
random_forest,1,2025-05-02 14:33:00,60.06451613,83.02640447108136
random_forest,1,2025-05-02 15:59:00,60.06451613,64.70597466922766
random_forest,1,2025-05-02 17:24:00,60.51612903,72.52664442015981
random_forest,1,2025-05-02 18:50:00,82.19354839,84.04064516242346
random_forest,1,2025-05-02 20:16:00,82.64516129,83.82878690253213
random_forest,1,2025-05-02 21:41:00,91.67741935,85.70588123988958
random_forest,1,2025-05-02 23:07:00,92.58064516,90.01675558970054
random_forest,1,2025-05-03 00:32:00,92.58064516,89.116177553189
random_forest,1,2025-05-03 01:58:00,116.0645161,103.44619212066596
random_forest,1,2025-05-03 03:24:00,116.516129,110.59481001301273
random_forest,1,2025-05-03 04:49:00,116.516129,110.59283151856982
random_forest,1,2025-05-03 06:15:00,116.516129,109.47107524856425
random_forest,1,2025-05-03 07:40:00,116.516129,108.09505373973332
random_forest,1,2025-05-03 09:06:00,94.38709677,108.12401431421429
random_forest,1,2025-05-03 10:32:00,93.48387097,84.52240548532028
random_forest,1,2025-05-03 11:57:00,92.12903226,71.9386904392565
random_forest,1,2025-05-03 13:23:00,60.06451613,76.73430178622293
random_forest,1,2025-05-03 14:49:00,60.51612903,65.71047199997064
random_forest,1,2025-05-03 16:14:00,81.29032258,80.33202076409319
random_forest,1,2025-05-03 17:40:00,82.19354839,86.04928610953786
random_forest,1,2025-05-03 19:05:00,82.64516129,87.07914356700347
random_forest,1,2025-05-03 20:31:00,84.0,80.00906472791213
random_forest,1,2025-05-03 21:57:00,104.3225806,83.13458631887819
random_forest,1,2025-05-03 23:22:00,104.3225806,100.08328127407555
random_forest,1,2025-05-04 00:48:00,104.7741935,100.91899094695897
random_forest,1,2025-05-04 02:13:00,104.7741935,101.79696099196732
random_forest,1,2025-05-04 03:39:00,104.3225806,102.16742557233006
random_forest,1,2025-05-04 05:05:00,102.0645161,96.06090128402957
random_forest,1,2025-05-04 06:30:00,89.87096774,92.62937819129958
random_forest,1,2025-05-04 07:56:00,88.96774194,86.04688129378417
random_forest,1,2025-05-04 09:22:00,60.06451613,78.82288984276266
random_forest,1,2025-05-04 10:47:00,61.87096774,61.26632163678507
random_forest,1,2025-05-04 12:13:00,61.87096774,67.64029844690897
random_forest,1,2025-05-04 13:38:00,82.64516129,82.02227705911454
random_forest,1,2025-05-04 15:04:00,83.5483871,83.62691507303465
random_forest,1,2025-05-04 16:30:00,88.51612903,85.54010435958884
random_forest,1,2025-05-04 17:55:00,89.41935484,87.32290188133328
xgboost,1,2025-04-30 21:10:00,65.03225806,71.87255859375
xgboost,1,2025-04-30 22:36:00,65.03225806,79.14099884033203
xgboost,1,2025-05-01 00:02:00,88.96774194,85.18854522705078
xgboost,1,2025-05-01 01:27:00,89.41935484,91.89608764648438
xgboost,1,2025-05-01 02:53:00,94.38709677,91.5372314453125
xgboost,1,2025-05-01 04:18:00,95.29032258,91.0149154663086
xgboost,1,2025-05-01 05:44:00,95.29032258,96.01050567626953
xgboost,1,2025-05-01 07:10:00,112.9032258,100.37030792236328
xgboost,1,2025-05-01 08:35:00,112.9032258,102.90827178955078
xgboost,1,2025-05-01 10:01:00,112.9032258,106.20319366455078
xgboost,1,2025-05-01 11:26:00,112.9032258,110.03274536132812
xgboost,1,2025-05-01 12:52:00,112.0,106.80018615722656
xgboost,1,2025-05-01 14:18:00,97.5483871,107.06150817871094
xgboost,1,2025-05-01 15:43:00,96.64516129,94.67691040039062
xgboost,1,2025-05-01 17:09:00,95.74193548,80.50040435791016
xgboost,1,2025-05-01 18:35:00,61.87096774,81.39964294433594
xgboost,1,2025-05-01 20:00:00,62.32258065,69.99286651611328
xgboost,1,2025-05-01 21:26:00,85.35483871,80.69391632080078
xgboost,1,2025-05-01 22:51:00,87.16129032,91.48258209228516
xgboost,1,2025-05-02 00:17:00,87.16129032,91.83597564697266
xgboost,1,2025-05-02 01:43:00,87.16129032,86.34968566894531
xgboost,1,2025-05-02 03:08:00,87.16129032,105.22541046142578
xgboost,1,2025-05-02 04:34:00,87.16129032,103.1854248046875
xgboost,1,2025-05-02 05:59:00,109.2903226,99.38894653320312
xgboost,1,2025-05-02 07:25:00,107.483871,106.37860870361328
xgboost,1,2025-05-02 08:51:00,107.483871,105.3310775756836
xgboost,1,2025-05-02 10:16:00,106.1290323,95.8477554321289
xgboost,1,2025-05-02 11:42:00,96.19354839,100.1114501953125
xgboost,1,2025-05-02 13:08:00,94.83870968,96.95386505126953
xgboost,1,2025-05-02 14:33:00,60.06451613,78.69029235839844
xgboost,1,2025-05-02 15:59:00,60.06451613,65.33198547363281
xgboost,1,2025-05-02 17:24:00,60.51612903,70.48271942138672
xgboost,1,2025-05-02 18:50:00,82.19354839,86.54582977294922
xgboost,1,2025-05-02 20:16:00,82.64516129,81.91080474853516
xgboost,1,2025-05-02 21:41:00,91.67741935,85.66992950439453
xgboost,1,2025-05-02 23:07:00,92.58064516,89.35307312011719
xgboost,1,2025-05-03 00:32:00,92.58064516,90.49473571777344
xgboost,1,2025-05-03 01:58:00,116.0645161,101.94570922851562
xgboost,1,2025-05-03 03:24:00,116.516129,103.28376007080078
xgboost,1,2025-05-03 04:49:00,116.516129,103.9485092163086
xgboost,1,2025-05-03 06:15:00,116.516129,103.60027313232422
xgboost,1,2025-05-03 07:40:00,116.516129,107.69005584716797
xgboost,1,2025-05-03 09:06:00,94.38709677,106.13639068603516
xgboost,1,2025-05-03 10:32:00,93.48387097,85.55233001708984
xgboost,1,2025-05-03 11:57:00,92.12903226,72.89303588867188
xgboost,1,2025-05-03 13:23:00,60.06451613,76.03221130371094
xgboost,1,2025-05-03 14:49:00,60.51612903,67.36253356933594
xgboost,1,2025-05-03 16:14:00,81.29032258,82.0423583984375
xgboost,1,2025-05-03 17:40:00,82.19354839,87.80132293701172
xgboost,1,2025-05-03 19:05:00,82.64516129,86.54973602294922
xgboost,1,2025-05-03 20:31:00,84.0,80.57997131347656
xgboost,1,2025-05-03 21:57:00,104.3225806,85.71775817871094
xgboost,1,2025-05-03 23:22:00,104.3225806,100.31702423095703
xgboost,1,2025-05-04 00:48:00,104.7741935,101.72219848632812
xgboost,1,2025-05-04 02:13:00,104.7741935,103.52571105957031
xgboost,1,2025-05-04 03:39:00,104.3225806,103.02251434326172
xgboost,1,2025-05-04 05:05:00,102.0645161,96.37528991699219
xgboost,1,2025-05-04 06:30:00,89.87096774,92.56822967529297
xgboost,1,2025-05-04 07:56:00,88.96774194,87.99125671386719
xgboost,1,2025-05-04 09:22:00,60.06451613,79.9076156616211
xgboost,1,2025-05-04 10:47:00,61.87096774,59.422306060791016
xgboost,1,2025-05-04 12:13:00,61.87096774,64.31783294677734
xgboost,1,2025-05-04 13:38:00,82.64516129,86.67233276367188
xgboost,1,2025-05-04 15:04:00,83.5483871,85.08000183105469
xgboost,1,2025-05-04 16:30:00,88.51612903,86.8187484741211
xgboost,1,2025-05-04 17:55:00,89.41935484,86.86457824707031
persistence,2,2025-05-04 19:21:00,89.41935484,89.41935484
persistence,2,2025-05-04 20:46:00,109.2903226,89.41935484
persistence,2,2025-05-04 22:12:00,109.2903226,109.2903226
persistence,2,2025-05-04 23:38:00,109.2903226,109.2903226
persistence,2,2025-05-05 01:03:00,109.7419355,109.2903226
persistence,2,2025-05-05 02:29:00,108.8387097,109.7419355
persistence,2,2025-05-05 03:55:00,51.93548387,108.8387097
persistence,2,2025-05-05 05:20:00,51.93548387,51.93548387
persistence,2,2025-05-05 06:46:00,51.48387097,51.93548387
persistence,2,2025-05-05 08:11:00,60.06451613,51.48387097
persistence,2,2025-05-05 09:37:00,62.32258065,60.06451613
persistence,2,2025-05-05 11:03:00,83.5483871,62.32258065
persistence,2,2025-05-05 12:28:00,84.4516129,83.5483871
persistence,2,2025-05-05 13:54:00,84.90322581,84.4516129
persistence,2,2025-05-05 15:19:00,87.61290323,84.90322581
persistence,2,2025-05-05 16:45:00,107.483871,87.61290323
persistence,2,2025-05-05 18:11:00,107.9354839,107.483871
persistence,2,2025-05-05 19:36:00,108.3870968,107.9354839
persistence,2,2025-05-05 21:02:00,108.3870968,108.3870968
persistence,2,2025-05-05 22:28:00,107.9354839,108.3870968
persistence,2,2025-05-05 23:53:00,98.0,107.9354839
persistence,2,2025-05-06 01:19:00,97.5483871,98.0
persistence,2,2025-05-06 02:44:00,96.64516129,97.5483871
persistence,2,2025-05-06 04:10:00,62.77419355,96.64516129
persistence,2,2025-05-06 05:36:00,63.67741935,62.77419355
persistence,2,2025-05-06 07:01:00,63.67741935,63.67741935
persistence,2,2025-05-06 08:27:00,83.5483871,63.67741935
persistence,2,2025-05-06 09:52:00,84.4516129,83.5483871
persistence,2,2025-05-06 11:18:00,87.61290323,84.4516129
persistence,2,2025-05-06 12:44:00,87.61290323,87.61290323
persistence,2,2025-05-06 14:09:00,87.61290323,87.61290323
persistence,2,2025-05-06 15:35:00,105.6774194,87.61290323
persistence,2,2025-05-06 17:00:00,106.1290323,105.6774194
persistence,2,2025-05-06 18:26:00,106.1290323,106.1290323
persistence,2,2025-05-06 19:52:00,106.1290323,106.1290323
persistence,2,2025-05-06 21:17:00,105.6774194,106.1290323
persistence,2,2025-05-06 22:43:00,91.67741935,105.6774194
persistence,2,2025-05-07 00:09:00,91.22580645,91.67741935
persistence,2,2025-05-07 01:34:00,89.41935484,91.22580645
persistence,2,2025-05-07 03:00:00,65.48387097,89.41935484
persistence,2,2025-05-07 04:25:00,65.93548387,65.48387097
persistence,2,2025-05-07 05:51:00,87.61290323,65.93548387
persistence,2,2025-05-07 07:17:00,88.51612903,87.61290323
persistence,2,2025-05-07 08:42:00,94.38709677,88.51612903
persistence,2,2025-05-07 10:08:00,94.83870968,94.38709677
persistence,2,2025-05-07 11:33:00,103.8709677,94.83870968
persistence,2,2025-05-07 12:59:00,104.3225806,103.8709677
persistence,2,2025-05-07 14:25:00,104.3225806,104.3225806
persistence,2,2025-05-07 15:50:00,104.3225806,104.3225806
persistence,2,2025-05-07 17:16:00,103.8709677,104.3225806
persistence,2,2025-05-07 18:42:00,89.41935484,103.8709677
persistence,2,2025-05-07 20:07:00,89.41935484,89.41935484
persistence,2,2025-05-07 21:33:00,88.51612903,89.41935484
persistence,2,2025-05-07 22:58:00,61.87096774,88.51612903
persistence,2,2025-05-08 00:24:00,62.32258065,61.87096774
persistence,2,2025-05-08 01:50:00,62.32258065,62.32258065
persistence,2,2025-05-08 03:15:00,88.51612903,62.32258065
persistence,2,2025-05-08 04:41:00,88.96774194,88.51612903
persistence,2,2025-05-08 06:06:00,88.96774194,88.96774194
persistence,2,2025-05-08 07:32:00,88.96774194,88.96774194
persistence,2,2025-05-08 08:58:00,88.96774194,88.96774194
persistence,2,2025-05-08 10:23:00,100.7096774,88.96774194
persistence,2,2025-05-08 11:49:00,101.1612903,100.7096774
persistence,2,2025-05-08 13:15:00,101.1612903,101.1612903
persistence,2,2025-05-08 14:40:00,100.2580645,101.1612903
persistence,2,2025-05-08 16:06:00,98.0,100.2580645
seasonal_naive_17,2,2025-05-04 19:21:00,89.41935484,82.64516129
seasonal_naive_17,2,2025-05-04 20:46:00,109.2903226,84.0
seasonal_naive_17,2,2025-05-04 22:12:00,109.2903226,104.3225806
seasonal_naive_17,2,2025-05-04 23:38:00,109.2903226,104.3225806
seasonal_naive_17,2,2025-05-05 01:03:00,109.7419355,104.7741935
seasonal_naive_17,2,2025-05-05 02:29:00,108.8387097,104.7741935
seasonal_naive_17,2,2025-05-05 03:55:00,51.93548387,104.3225806
seasonal_naive_17,2,2025-05-05 05:20:00,51.93548387,102.0645161
seasonal_naive_17,2,2025-05-05 06:46:00,51.48387097,89.87096774
seasonal_naive_17,2,2025-05-05 08:11:00,60.06451613,88.96774194
seasonal_naive_17,2,2025-05-05 09:37:00,62.32258065,60.06451613
seasonal_naive_17,2,2025-05-05 11:03:00,83.5483871,61.87096774
seasonal_naive_17,2,2025-05-05 12:28:00,84.4516129,61.87096774
seasonal_naive_17,2,2025-05-05 13:54:00,84.90322581,82.64516129
seasonal_naive_17,2,2025-05-05 15:19:00,87.61290323,83.5483871
seasonal_naive_17,2,2025-05-05 16:45:00,107.483871,88.51612903
seasonal_naive_17,2,2025-05-05 18:11:00,107.9354839,89.41935484
seasonal_naive_17,2,2025-05-05 19:36:00,108.3870968,89.41935484
seasonal_naive_17,2,2025-05-05 21:02:00,108.3870968,109.2903226
seasonal_naive_17,2,2025-05-05 22:28:00,107.9354839,109.2903226
seasonal_naive_17,2,2025-05-05 23:53:00,98.0,109.2903226
seasonal_naive_17,2,2025-05-06 01:19:00,97.5483871,109.7419355
seasonal_naive_17,2,2025-05-06 02:44:00,96.64516129,108.8387097
seasonal_naive_17,2,2025-05-06 04:10:00,62.77419355,51.93548387
seasonal_naive_17,2,2025-05-06 05:36:00,63.67741935,51.93548387
seasonal_naive_17,2,2025-05-06 07:01:00,63.67741935,51.48387097
seasonal_naive_17,2,2025-05-06 08:27:00,83.5483871,60.06451613
seasonal_naive_17,2,2025-05-06 09:52:00,84.4516129,62.32258065
seasonal_naive_17,2,2025-05-06 11:18:00,87.61290323,83.5483871
seasonal_naive_17,2,2025-05-06 12:44:00,87.61290323,84.4516129
seasonal_naive_17,2,2025-05-06 14:09:00,87.61290323,84.90322581
seasonal_naive_17,2,2025-05-06 15:35:00,105.6774194,87.61290323
seasonal_naive_17,2,2025-05-06 17:00:00,106.1290323,107.483871
seasonal_naive_17,2,2025-05-06 18:26:00,106.1290323,107.9354839
seasonal_naive_17,2,2025-05-06 19:52:00,106.1290323,108.3870968
seasonal_naive_17,2,2025-05-06 21:17:00,105.6774194,108.3870968
seasonal_naive_17,2,2025-05-06 22:43:00,91.67741935,107.9354839
seasonal_naive_17,2,2025-05-07 00:09:00,91.22580645,98.0
seasonal_naive_17,2,2025-05-07 01:34:00,89.41935484,97.5483871
seasonal_naive_17,2,2025-05-07 03:00:00,65.48387097,96.64516129
seasonal_naive_17,2,2025-05-07 04:25:00,65.93548387,62.77419355
seasonal_naive_17,2,2025-05-07 05:51:00,87.61290323,63.67741935
seasonal_naive_17,2,2025-05-07 07:17:00,88.51612903,63.67741935
seasonal_naive_17,2,2025-05-07 08:42:00,94.38709677,83.5483871
seasonal_naive_17,2,2025-05-07 10:08:00,94.83870968,84.4516129
seasonal_naive_17,2,2025-05-07 11:33:00,103.8709677,87.61290323
seasonal_naive_17,2,2025-05-07 12:59:00,104.3225806,87.61290323
seasonal_naive_17,2,2025-05-07 14:25:00,104.3225806,87.61290323
seasonal_naive_17,2,2025-05-07 15:50:00,104.3225806,105.6774194
seasonal_naive_17,2,2025-05-07 17:16:00,103.8709677,106.1290323
seasonal_naive_17,2,2025-05-07 18:42:00,89.41935484,106.1290323
seasonal_naive_17,2,2025-05-07 20:07:00,89.41935484,106.1290323
seasonal_naive_17,2,2025-05-07 21:33:00,88.51612903,105.6774194
seasonal_naive_17,2,2025-05-07 22:58:00,61.87096774,91.67741935
seasonal_naive_17,2,2025-05-08 00:24:00,62.32258065,91.22580645
seasonal_naive_17,2,2025-05-08 01:50:00,62.32258065,89.41935484
seasonal_naive_17,2,2025-05-08 03:15:00,88.51612903,65.48387097
seasonal_naive_17,2,2025-05-08 04:41:00,88.96774194,65.93548387
seasonal_naive_17,2,2025-05-08 06:06:00,88.96774194,87.61290323
seasonal_naive_17,2,2025-05-08 07:32:00,88.96774194,88.51612903
seasonal_naive_17,2,2025-05-08 08:58:00,88.96774194,94.38709677
seasonal_naive_17,2,2025-05-08 10:23:00,100.7096774,94.83870968
seasonal_naive_17,2,2025-05-08 11:49:00,101.1612903,103.8709677
seasonal_naive_17,2,2025-05-08 13:15:00,101.1612903,104.3225806
seasonal_naive_17,2,2025-05-08 14:40:00,100.2580645,104.3225806
seasonal_naive_17,2,2025-05-08 16:06:00,98.0,104.3225806
drift,2,2025-05-04 19:21:00,89.41935484,89.38404354296296
drift,2,2025-05-04 20:46:00,109.2903226,89.34873224592592
drift,2,2025-05-04 22:12:00,109.2903226,89.31342094888889
drift,2,2025-05-04 23:38:00,109.2903226,89.27810965185185
drift,2,2025-05-05 01:03:00,109.7419355,89.24279835481481
drift,2,2025-05-05 02:29:00,108.8387097,89.20748705777777
drift,2,2025-05-05 03:55:00,51.93548387,89.17217576074074
drift,2,2025-05-05 05:20:00,51.93548387,89.1368644637037
drift,2,2025-05-05 06:46:00,51.48387097,89.10155316666666
drift,2,2025-05-05 08:11:00,60.06451613,89.06624186962962
drift,2,2025-05-05 09:37:00,62.32258065,89.0309305725926
drift,2,2025-05-05 11:03:00,83.5483871,88.99561927555555
drift,2,2025-05-05 12:28:00,84.4516129,88.96030797851851
drift,2,2025-05-05 13:54:00,84.90322581,88.92499668148147
drift,2,2025-05-05 15:19:00,87.61290323,88.88968538444445
drift,2,2025-05-05 16:45:00,107.483871,88.85437408740741
drift,2,2025-05-05 18:11:00,107.9354839,88.81906279037037
drift,2,2025-05-05 19:36:00,108.3870968,88.78375149333333
drift,2,2025-05-05 21:02:00,108.3870968,88.74844019629629
drift,2,2025-05-05 22:28:00,107.9354839,88.71312889925926
drift,2,2025-05-05 23:53:00,98.0,88.67781760222222
drift,2,2025-05-06 01:19:00,97.5483871,88.64250630518518
drift,2,2025-05-06 02:44:00,96.64516129,88.60719500814814
drift,2,2025-05-06 04:10:00,62.77419355,88.57188371111111
drift,2,2025-05-06 05:36:00,63.67741935,88.53657241407407
drift,2,2025-05-06 07:01:00,63.67741935,88.50126111703703
drift,2,2025-05-06 08:27:00,83.5483871,88.46594981999999
drift,2,2025-05-06 09:52:00,84.4516129,88.43063852296297
drift,2,2025-05-06 11:18:00,87.61290323,88.39532722592593
drift,2,2025-05-06 12:44:00,87.61290323,88.36001592888888
drift,2,2025-05-06 14:09:00,87.61290323,88.32470463185184
drift,2,2025-05-06 15:35:00,105.6774194,88.2893933348148
drift,2,2025-05-06 17:00:00,106.1290323,88.25408203777778
drift,2,2025-05-06 18:26:00,106.1290323,88.21877074074074
drift,2,2025-05-06 19:52:00,106.1290323,88.1834594437037
drift,2,2025-05-06 21:17:00,105.6774194,88.14814814666666
drift,2,2025-05-06 22:43:00,91.67741935,88.11283684962963
drift,2,2025-05-07 00:09:00,91.22580645,88.07752555259259
drift,2,2025-05-07 01:34:00,89.41935484,88.04221425555555
drift,2,2025-05-07 03:00:00,65.48387097,88.00690295851851
drift,2,2025-05-07 04:25:00,65.93548387,87.97159166148148
drift,2,2025-05-07 05:51:00,87.61290323,87.93628036444444
drift,2,2025-05-07 07:17:00,88.51612903,87.9009690674074
drift,2,2025-05-07 08:42:00,94.38709677,87.86565777037036
drift,2,2025-05-07 10:08:00,94.83870968,87.83034647333334
drift,2,2025-05-07 11:33:00,103.8709677,87.7950351762963
drift,2,2025-05-07 12:59:00,104.3225806,87.75972387925925
drift,2,2025-05-07 14:25:00,104.3225806,87.72441258222221
drift,2,2025-05-07 15:50:00,104.3225806,87.68910128518517
drift,2,2025-05-07 17:16:00,103.8709677,87.65378998814815
drift,2,2025-05-07 18:42:00,89.41935484,87.61847869111111
drift,2,2025-05-07 20:07:00,89.41935484,87.58316739407407
drift,2,2025-05-07 21:33:00,88.51612903,87.54785609703703
drift,2,2025-05-07 22:58:00,61.87096774,87.5125448
drift,2,2025-05-08 00:24:00,62.32258065,87.47723350296296
drift,2,2025-05-08 01:50:00,62.32258065,87.44192220592592
drift,2,2025-05-08 03:15:00,88.51612903,87.40661090888888
drift,2,2025-05-08 04:41:00,88.96774194,87.37129961185185
drift,2,2025-05-08 06:06:00,88.96774194,87.33598831481481
drift,2,2025-05-08 07:32:00,88.96774194,87.30067701777777
drift,2,2025-05-08 08:58:00,88.96774194,87.26536572074073
drift,2,2025-05-08 10:23:00,100.7096774,87.2300544237037
drift,2,2025-05-08 11:49:00,101.1612903,87.19474312666667
drift,2,2025-05-08 13:15:00,101.1612903,87.15943182962963
drift,2,2025-05-08 14:40:00,100.2580645,87.12412053259258
drift,2,2025-05-08 16:06:00,98.0,87.08880923555554
rolling_mean_17,2,2025-05-04 19:21:00,89.41935484,88.11764704352942
rolling_mean_17,2,2025-05-04 20:46:00,109.2903226,88.51612901705883
rolling_mean_17,2,2025-05-04 22:12:00,109.2903226,90.00379505235294
rolling_mean_17,2,2025-05-04 23:38:00,109.2903226,90.29601517
rolling_mean_17,2,2025-05-05 01:03:00,109.7419355,90.58823528764707
rolling_mean_17,2,2025-05-05 02:29:00,108.8387097,90.88045540529411
rolling_mean_17,2,2025-05-05 03:55:00,51.93548387,91.11954459352941
rolling_mean_17,2,2025-05-05 05:20:00,51.93548387,88.0379506682353
rolling_mean_17,2,2025-05-05 06:46:00,51.48387097,85.0891840664706
rolling_mean_17,2,2025-05-05 08:11:00,60.06451613,82.83111955058823
rolling_mean_17,2,2025-05-05 09:37:00,62.32258065,81.13092979705881
rolling_mean_17,2,2025-05-05 11:03:00,83.5483871,81.2637571217647
rolling_mean_17,2,2025-05-05 12:28:00,84.4516129,82.53889943705882
rolling_mean_17,2,2025-05-05 13:54:00,84.90322581,83.8671726817647
rolling_mean_17,2,2025-05-05 15:19:00,87.61290323,84.00000000647059
rolling_mean_17,2,2025-05-05 16:45:00,107.483871,84.23908919058823
rolling_mean_17,2,2025-05-05 18:11:00,107.9354839,85.35483871823529
rolling_mean_17,2,2025-05-05 19:36:00,108.3870968,86.44402278058823
rolling_mean_17,2,2025-05-05 21:02:00,108.3870968,87.55977230764705
rolling_mean_17,2,2025-05-05 22:28:00,107.9354839,87.5066413782353
rolling_mean_17,2,2025-05-05 23:53:00,98.0,87.42694498411764
rolling_mean_17,2,2025-05-06 01:19:00,97.5483871,86.76280836058824
rolling_mean_17,2,2025-05-06 02:44:00,96.64516129,86.04554080764706
rolling_mean_17,2,2025-05-06 04:10:00,62.77419355,85.32827325411765
rolling_mean_17,2,2025-05-06 05:36:00,63.67741935,85.96584441176472
rolling_mean_17,2,2025-05-06 07:01:00,63.67741935,86.65654649882353
rolling_mean_17,2,2025-05-06 08:27:00,83.5483871,87.37381405058825
rolling_mean_17,2,2025-05-06 09:52:00,84.4516129,88.7552182252941
rolling_mean_17,2,2025-05-06 11:18:00,87.61290323,90.05692600470589
rolling_mean_17,2,2025-05-06 12:44:00,87.61290323,90.29601518882353
rolling_mean_17,2,2025-05-06 14:09:00,87.61290323,90.48197344352943
rolling_mean_17,2,2025-05-06 15:35:00,105.6774194,90.64136623294117
rolling_mean_17,2,2025-05-06 17:00:00,106.1290323,91.70398483117647
rolling_mean_17,2,2025-05-06 18:26:00,106.1290323,91.62428843705882
rolling_mean_17,2,2025-05-06 19:52:00,106.1290323,91.5180265782353
rolling_mean_17,2,2025-05-06 21:17:00,105.6774194,91.3851992547059
rolling_mean_17,2,2025-05-06 22:43:00,91.67741935,91.22580646647059
rolling_mean_17,2,2025-05-07 00:09:00,91.22580645,90.2694497282353
rolling_mean_17,2,2025-05-07 01:34:00,89.41935484,89.87096775470589
rolling_mean_17,2,2025-05-07 03:00:00,65.48387097,89.3927893864706
rolling_mean_17,2,2025-05-07 04:25:00,65.93548387,87.55977230882353
rolling_mean_17,2,2025-05-07 05:51:00,87.61290323,87.74573056294119
rolling_mean_17,2,2025-05-07 07:17:00,88.51612903,89.15370020294118
rolling_mean_17,2,2025-05-07 08:42:00,94.38709677,90.61480077235295
rolling_mean_17,2,2025-05-07 10:08:00,94.83870968,91.25237192941177
rolling_mean_17,2,2025-05-07 11:33:00,103.8709677,91.86337762235294
rolling_mean_17,2,2025-05-07 12:59:00,104.3225806,92.81973435588236
rolling_mean_17,2,2025-05-07 14:25:00,104.3225806,93.80265655411765
rolling_mean_17,2,2025-05-07 15:50:00,104.3225806,94.78557875235295
rolling_mean_17,2,2025-05-07 17:16:00,103.8709677,94.70588235235294
rolling_mean_17,2,2025-05-07 18:42:00,89.41935484,94.57305502294118
rolling_mean_17,2,2025-05-07 20:07:00,89.41935484,93.59013281941176
rolling_mean_17,2,2025-05-07 21:33:00,88.51612903,92.60721061588234
rolling_mean_17,2,2025-05-07 22:58:00,61.87096774,91.59772294705883
rolling_mean_17,2,2025-05-08 00:24:00,62.32258065,89.84440226411763
rolling_mean_17,2,2025-05-08 01:50:00,62.32258065,88.14421251117646
rolling_mean_17,2,2025-05-08 03:15:00,88.51612903,86.55028461764705
rolling_mean_17,2,2025-05-08 04:41:00,88.96774194,87.90512332705883
rolling_mean_17,2,2025-05-08 06:06:00,88.96774194,89.25996203705881
rolling_mean_17,2,2025-05-08 07:32:00,88.96774194,89.3396584317647
rolling_mean_17,2,2025-05-08 08:58:00,88.96774194,89.36622389705883
rolling_mean_17,2,2025-05-08 10:23:00,100.7096774,89.04743831882354
rolling_mean_17,2,2025-05-08 11:49:00,101.1612903,89.39278936117645
rolling_mean_17,2,2025-05-08 13:15:00,101.1612903,89.23339657294116
rolling_mean_17,2,2025-05-08 14:40:00,100.2580645,89.04743831999998
rolling_mean_17,2,2025-05-08 16:06:00,98.0,88.80834913764706
train_mean,2,2025-05-04 19:21:00,89.41935484,93.10088096706366
train_mean,2,2025-05-04 20:46:00,109.2903226,93.10088096706366
train_mean,2,2025-05-04 22:12:00,109.2903226,93.10088096706366
train_mean,2,2025-05-04 23:38:00,109.2903226,93.10088096706366
train_mean,2,2025-05-05 01:03:00,109.7419355,93.10088096706366
train_mean,2,2025-05-05 02:29:00,108.8387097,93.10088096706366
train_mean,2,2025-05-05 03:55:00,51.93548387,93.10088096706366
train_mean,2,2025-05-05 05:20:00,51.93548387,93.10088096706366
train_mean,2,2025-05-05 06:46:00,51.48387097,93.10088096706366
train_mean,2,2025-05-05 08:11:00,60.06451613,93.10088096706366
train_mean,2,2025-05-05 09:37:00,62.32258065,93.10088096706366
train_mean,2,2025-05-05 11:03:00,83.5483871,93.10088096706366
train_mean,2,2025-05-05 12:28:00,84.4516129,93.10088096706366
train_mean,2,2025-05-05 13:54:00,84.90322581,93.10088096706366
train_mean,2,2025-05-05 15:19:00,87.61290323,93.10088096706366
train_mean,2,2025-05-05 16:45:00,107.483871,93.10088096706366
train_mean,2,2025-05-05 18:11:00,107.9354839,93.10088096706366
train_mean,2,2025-05-05 19:36:00,108.3870968,93.10088096706366
train_mean,2,2025-05-05 21:02:00,108.3870968,93.10088096706366
train_mean,2,2025-05-05 22:28:00,107.9354839,93.10088096706366
train_mean,2,2025-05-05 23:53:00,98.0,93.10088096706366
train_mean,2,2025-05-06 01:19:00,97.5483871,93.10088096706366
train_mean,2,2025-05-06 02:44:00,96.64516129,93.10088096706366
train_mean,2,2025-05-06 04:10:00,62.77419355,93.10088096706366
train_mean,2,2025-05-06 05:36:00,63.67741935,93.10088096706366
train_mean,2,2025-05-06 07:01:00,63.67741935,93.10088096706366
train_mean,2,2025-05-06 08:27:00,83.5483871,93.10088096706366
train_mean,2,2025-05-06 09:52:00,84.4516129,93.10088096706366
train_mean,2,2025-05-06 11:18:00,87.61290323,93.10088096706366
train_mean,2,2025-05-06 12:44:00,87.61290323,93.10088096706366
train_mean,2,2025-05-06 14:09:00,87.61290323,93.10088096706366
train_mean,2,2025-05-06 15:35:00,105.6774194,93.10088096706366
train_mean,2,2025-05-06 17:00:00,106.1290323,93.10088096706366
train_mean,2,2025-05-06 18:26:00,106.1290323,93.10088096706366
train_mean,2,2025-05-06 19:52:00,106.1290323,93.10088096706366
train_mean,2,2025-05-06 21:17:00,105.6774194,93.10088096706366
train_mean,2,2025-05-06 22:43:00,91.67741935,93.10088096706366
train_mean,2,2025-05-07 00:09:00,91.22580645,93.10088096706366
train_mean,2,2025-05-07 01:34:00,89.41935484,93.10088096706366
train_mean,2,2025-05-07 03:00:00,65.48387097,93.10088096706366
train_mean,2,2025-05-07 04:25:00,65.93548387,93.10088096706366
train_mean,2,2025-05-07 05:51:00,87.61290323,93.10088096706366
train_mean,2,2025-05-07 07:17:00,88.51612903,93.10088096706366
train_mean,2,2025-05-07 08:42:00,94.38709677,93.10088096706366
train_mean,2,2025-05-07 10:08:00,94.83870968,93.10088096706366
train_mean,2,2025-05-07 11:33:00,103.8709677,93.10088096706366
train_mean,2,2025-05-07 12:59:00,104.3225806,93.10088096706366
train_mean,2,2025-05-07 14:25:00,104.3225806,93.10088096706366
train_mean,2,2025-05-07 15:50:00,104.3225806,93.10088096706366
train_mean,2,2025-05-07 17:16:00,103.8709677,93.10088096706366
train_mean,2,2025-05-07 18:42:00,89.41935484,93.10088096706366
train_mean,2,2025-05-07 20:07:00,89.41935484,93.10088096706366
train_mean,2,2025-05-07 21:33:00,88.51612903,93.10088096706366
train_mean,2,2025-05-07 22:58:00,61.87096774,93.10088096706366
train_mean,2,2025-05-08 00:24:00,62.32258065,93.10088096706366
train_mean,2,2025-05-08 01:50:00,62.32258065,93.10088096706366
train_mean,2,2025-05-08 03:15:00,88.51612903,93.10088096706366
train_mean,2,2025-05-08 04:41:00,88.96774194,93.10088096706366
train_mean,2,2025-05-08 06:06:00,88.96774194,93.10088096706366
train_mean,2,2025-05-08 07:32:00,88.96774194,93.10088096706366
train_mean,2,2025-05-08 08:58:00,88.96774194,93.10088096706366
train_mean,2,2025-05-08 10:23:00,100.7096774,93.10088096706366
train_mean,2,2025-05-08 11:49:00,101.1612903,93.10088096706366
train_mean,2,2025-05-08 13:15:00,101.1612903,93.10088096706366
train_mean,2,2025-05-08 14:40:00,100.2580645,93.10088096706366
train_mean,2,2025-05-08 16:06:00,98.0,93.10088096706366
seasonal_naive_24,2,2025-05-04 19:21:00,89.41935484,94.38709677
seasonal_naive_24,2,2025-05-04 20:46:00,109.2903226,93.48387097
seasonal_naive_24,2,2025-05-04 22:12:00,109.2903226,92.12903226
seasonal_naive_24,2,2025-05-04 23:38:00,109.2903226,60.06451613
seasonal_naive_24,2,2025-05-05 01:03:00,109.7419355,60.51612903
seasonal_naive_24,2,2025-05-05 02:29:00,108.8387097,81.29032258
seasonal_naive_24,2,2025-05-05 03:55:00,51.93548387,82.19354839
seasonal_naive_24,2,2025-05-05 05:20:00,51.93548387,82.64516129
seasonal_naive_24,2,2025-05-05 06:46:00,51.48387097,84.0
seasonal_naive_24,2,2025-05-05 08:11:00,60.06451613,104.3225806
seasonal_naive_24,2,2025-05-05 09:37:00,62.32258065,104.3225806
seasonal_naive_24,2,2025-05-05 11:03:00,83.5483871,104.7741935
seasonal_naive_24,2,2025-05-05 12:28:00,84.4516129,104.7741935
seasonal_naive_24,2,2025-05-05 13:54:00,84.90322581,104.3225806
seasonal_naive_24,2,2025-05-05 15:19:00,87.61290323,102.0645161
seasonal_naive_24,2,2025-05-05 16:45:00,107.483871,89.87096774
seasonal_naive_24,2,2025-05-05 18:11:00,107.9354839,88.96774194
seasonal_naive_24,2,2025-05-05 19:36:00,108.3870968,60.06451613
seasonal_naive_24,2,2025-05-05 21:02:00,108.3870968,61.87096774
seasonal_naive_24,2,2025-05-05 22:28:00,107.9354839,61.87096774
seasonal_naive_24,2,2025-05-05 23:53:00,98.0,82.64516129
seasonal_naive_24,2,2025-05-06 01:19:00,97.5483871,83.5483871
seasonal_naive_24,2,2025-05-06 02:44:00,96.64516129,88.51612903
seasonal_naive_24,2,2025-05-06 04:10:00,62.77419355,89.41935484
seasonal_naive_24,2,2025-05-06 05:36:00,63.67741935,89.41935484
seasonal_naive_24,2,2025-05-06 07:01:00,63.67741935,109.2903226
seasonal_naive_24,2,2025-05-06 08:27:00,83.5483871,109.2903226
seasonal_naive_24,2,2025-05-06 09:52:00,84.4516129,109.2903226
seasonal_naive_24,2,2025-05-06 11:18:00,87.61290323,109.7419355
seasonal_naive_24,2,2025-05-06 12:44:00,87.61290323,108.8387097
seasonal_naive_24,2,2025-05-06 14:09:00,87.61290323,51.93548387
seasonal_naive_24,2,2025-05-06 15:35:00,105.6774194,51.93548387
seasonal_naive_24,2,2025-05-06 17:00:00,106.1290323,51.48387097
seasonal_naive_24,2,2025-05-06 18:26:00,106.1290323,60.06451613
seasonal_naive_24,2,2025-05-06 19:52:00,106.1290323,62.32258065
seasonal_naive_24,2,2025-05-06 21:17:00,105.6774194,83.5483871
seasonal_naive_24,2,2025-05-06 22:43:00,91.67741935,84.4516129
seasonal_naive_24,2,2025-05-07 00:09:00,91.22580645,84.90322581
seasonal_naive_24,2,2025-05-07 01:34:00,89.41935484,87.61290323
seasonal_naive_24,2,2025-05-07 03:00:00,65.48387097,107.483871
seasonal_naive_24,2,2025-05-07 04:25:00,65.93548387,107.9354839
seasonal_naive_24,2,2025-05-07 05:51:00,87.61290323,108.3870968
seasonal_naive_24,2,2025-05-07 07:17:00,88.51612903,108.3870968
seasonal_naive_24,2,2025-05-07 08:42:00,94.38709677,107.9354839
seasonal_naive_24,2,2025-05-07 10:08:00,94.83870968,98.0
seasonal_naive_24,2,2025-05-07 11:33:00,103.8709677,97.5483871
seasonal_naive_24,2,2025-05-07 12:59:00,104.3225806,96.64516129
seasonal_naive_24,2,2025-05-07 14:25:00,104.3225806,62.77419355
seasonal_naive_24,2,2025-05-07 15:50:00,104.3225806,63.67741935
seasonal_naive_24,2,2025-05-07 17:16:00,103.8709677,63.67741935
seasonal_naive_24,2,2025-05-07 18:42:00,89.41935484,83.5483871
seasonal_naive_24,2,2025-05-07 20:07:00,89.41935484,84.4516129
seasonal_naive_24,2,2025-05-07 21:33:00,88.51612903,87.61290323
seasonal_naive_24,2,2025-05-07 22:58:00,61.87096774,87.61290323
seasonal_naive_24,2,2025-05-08 00:24:00,62.32258065,87.61290323
seasonal_naive_24,2,2025-05-08 01:50:00,62.32258065,105.6774194
seasonal_naive_24,2,2025-05-08 03:15:00,88.51612903,106.1290323
seasonal_naive_24,2,2025-05-08 04:41:00,88.96774194,106.1290323
seasonal_naive_24,2,2025-05-08 06:06:00,88.96774194,106.1290323
seasonal_naive_24,2,2025-05-08 07:32:00,88.96774194,105.6774194
seasonal_naive_24,2,2025-05-08 08:58:00,88.96774194,91.67741935
seasonal_naive_24,2,2025-05-08 10:23:00,100.7096774,91.22580645
seasonal_naive_24,2,2025-05-08 11:49:00,101.1612903,89.41935484
seasonal_naive_24,2,2025-05-08 13:15:00,101.1612903,65.48387097
seasonal_naive_24,2,2025-05-08 14:40:00,100.2580645,65.93548387
seasonal_naive_24,2,2025-05-08 16:06:00,98.0,87.61290323
ridge,2,2025-05-04 19:21:00,89.41935484,87.15322265692541
ridge,2,2025-05-04 20:46:00,109.2903226,87.03093978021082
ridge,2,2025-05-04 22:12:00,109.2903226,102.2945890050648
ridge,2,2025-05-04 23:38:00,109.2903226,100.4751116898698
ridge,2,2025-05-05 01:03:00,109.7419355,101.54229752622128
ridge,2,2025-05-05 02:29:00,108.8387097,102.46497874292035
ridge,2,2025-05-05 03:55:00,51.93548387,101.87647562575091
ridge,2,2025-05-05 05:20:00,51.93548387,49.56565944429051
ridge,2,2025-05-05 06:46:00,51.48387097,58.73567720789045
ridge,2,2025-05-05 08:11:00,60.06451613,69.67254322898627
ridge,2,2025-05-05 09:37:00,62.32258065,77.47490888462788
ridge,2,2025-05-05 11:03:00,83.5483871,77.54999789191653
ridge,2,2025-05-05 12:28:00,84.4516129,92.65638733087903
ridge,2,2025-05-05 13:54:00,84.90322581,89.01237156362409
ridge,2,2025-05-05 15:19:00,87.61290323,89.59168227486077
ridge,2,2025-05-05 16:45:00,107.483871,91.60840705672511
ridge,2,2025-05-05 18:11:00,107.9354839,107.13372321652403
ridge,2,2025-05-05 19:36:00,108.3870968,105.53990642907988
ridge,2,2025-05-05 21:02:00,108.3870968,105.97859968211952
ridge,2,2025-05-05 22:28:00,107.9354839,106.15754052816179
ridge,2,2025-05-05 23:53:00,98.0,106.15619747530509
ridge,2,2025-05-06 01:19:00,97.5483871,96.52240033740232
ridge,2,2025-05-06 02:44:00,96.64516129,96.7841185925802
ridge,2,2025-05-06 04:10:00,62.77419355,99.88874281713011
ridge,2,2025-05-06 05:36:00,63.67741935,67.80095387429682
ridge,2,2025-05-06 07:01:00,63.67741935,72.94994573440103
ridge,2,2025-05-06 08:27:00,83.5483871,77.8298159187115
ridge,2,2025-05-06 09:52:00,84.4516129,91.49862233406985
ridge,2,2025-05-06 11:18:00,87.61290323,87.0764960971129
ridge,2,2025-05-06 12:44:00,87.61290323,89.0738890444235
ridge,2,2025-05-06 14:09:00,87.61290323,88.53665505420615
ridge,2,2025-05-06 15:35:00,105.6774194,88.61734650376971
ridge,2,2025-05-06 17:00:00,106.1290323,101.84052802809818
ridge,2,2025-05-06 18:26:00,106.1290323,99.35809314516924
ridge,2,2025-05-06 19:52:00,106.1290323,99.01036749753605
ridge,2,2025-05-06 21:17:00,105.6774194,98.78063929097169
ridge,2,2025-05-06 22:43:00,91.67741935,98.46107471206761
ridge,2,2025-05-07 00:09:00,91.22580645,87.52382184043925
ridge,2,2025-05-07 01:34:00,89.41935484,89.16452961164235
ridge,2,2025-05-07 03:00:00,65.48387097,89.79362443199464
ridge,2,2025-05-07 04:25:00,65.93548387,69.5757175066945
ridge,2,2025-05-07 05:51:00,87.61290323,73.26102677803107
ridge,2,2025-05-07 07:17:00,88.51612903,93.02299971833354
ridge,2,2025-05-07 08:42:00,94.38709677,88.59539915833764
ridge,2,2025-05-07 10:08:00,94.83870968,92.83980033717033
ridge,2,2025-05-07 11:33:00,103.8709677,91.86338655306812
ridge,2,2025-05-07 12:59:00,104.3225806,98.84711516642984
ridge,2,2025-05-07 14:25:00,104.3225806,98.50040461297392
ridge,2,2025-05-07 15:50:00,104.3225806,98.22507712738675
ridge,2,2025-05-07 17:16:00,103.8709677,98.13561058854415
ridge,2,2025-05-07 18:42:00,89.41935484,97.32826250790433
ridge,2,2025-05-07 20:07:00,89.41935484,82.89974206298506
ridge,2,2025-05-07 21:33:00,88.51612903,84.18700085468367
ridge,2,2025-05-07 22:58:00,61.87096774,86.23912094240536
ridge,2,2025-05-08 00:24:00,62.32258065,64.74712336875587
ridge,2,2025-05-08 01:50:00,62.32258065,70.09099818608513
ridge,2,2025-05-08 03:15:00,88.51612903,76.61813235763336
ridge,2,2025-05-08 04:41:00,88.96774194,95.33140808936533
ridge,2,2025-05-08 06:06:00,88.96774194,90.2032471544125
ridge,2,2025-05-08 07:32:00,88.96774194,90.35708325804471
ridge,2,2025-05-08 08:58:00,88.96774194,89.98286278516699
ridge,2,2025-05-08 10:23:00,100.7096774,89.41449138104788
ridge,2,2025-05-08 11:49:00,101.1612903,97.45342766988563
ridge,2,2025-05-08 13:15:00,101.1612903,95.54650504380237
ridge,2,2025-05-08 14:40:00,100.2580645,95.27259922342402
ridge,2,2025-05-08 16:06:00,98.0,94.21834119562737
random_forest,2,2025-05-04 19:21:00,89.41935484,89.58687908584164
random_forest,2,2025-05-04 20:46:00,109.2903226,102.05594982539814
random_forest,2,2025-05-04 22:12:00,109.2903226,107.128406555152
random_forest,2,2025-05-04 23:38:00,109.2903226,106.82860761312953
random_forest,2,2025-05-05 01:03:00,109.7419355,104.98928155786028
random_forest,2,2025-05-05 02:29:00,108.8387097,103.54311178496057
random_forest,2,2025-05-05 03:55:00,51.93548387,102.7298363265816
random_forest,2,2025-05-05 05:20:00,51.93548387,62.42521720476663
random_forest,2,2025-05-05 06:46:00,51.48387097,66.0065084336203
random_forest,2,2025-05-05 08:11:00,60.06451613,74.75397849493339
random_forest,2,2025-05-05 09:37:00,62.32258065,80.37089789524725
random_forest,2,2025-05-05 11:03:00,83.5483871,82.52046073319322
random_forest,2,2025-05-05 12:28:00,84.4516129,82.65318865978442
random_forest,2,2025-05-05 13:54:00,84.90322581,85.1160886501106
random_forest,2,2025-05-05 15:19:00,87.61290323,80.92793287380891
random_forest,2,2025-05-05 16:45:00,107.483871,84.77501730494396
random_forest,2,2025-05-05 18:11:00,107.9354839,106.85078413750753
random_forest,2,2025-05-05 19:36:00,108.3870968,106.67758381372329
random_forest,2,2025-05-05 21:02:00,108.3870968,104.93486933270748
random_forest,2,2025-05-05 22:28:00,107.9354839,102.03996574043909
random_forest,2,2025-05-05 23:53:00,98.0,97.70154191816184
random_forest,2,2025-05-06 01:19:00,97.5483871,93.43817728100075
random_forest,2,2025-05-06 02:44:00,96.64516129,91.75469953428754
random_forest,2,2025-05-06 04:10:00,62.77419355,79.25492831373339
random_forest,2,2025-05-06 05:36:00,63.67741935,65.02235719851073
random_forest,2,2025-05-06 07:01:00,63.67741935,83.55275050590915
random_forest,2,2025-05-06 08:27:00,83.5483871,88.03873149913737
random_forest,2,2025-05-06 09:52:00,84.4516129,85.81458440096759
random_forest,2,2025-05-06 11:18:00,87.61290323,87.33590348729159
random_forest,2,2025-05-06 12:44:00,87.61290323,87.12727529663607
random_forest,2,2025-05-06 14:09:00,87.61290323,88.46365510291415
random_forest,2,2025-05-06 15:35:00,105.6774194,104.12331901194757
random_forest,2,2025-05-06 17:00:00,106.1290323,104.50238745524376
random_forest,2,2025-05-06 18:26:00,106.1290323,103.86932339049164
random_forest,2,2025-05-06 19:52:00,106.1290323,101.37718483242983
random_forest,2,2025-05-06 21:17:00,105.6774194,103.26236911678029
random_forest,2,2025-05-06 22:43:00,91.67741935,101.07294028484138
random_forest,2,2025-05-07 00:09:00,91.22580645,80.76910972012375
random_forest,2,2025-05-07 01:34:00,89.41935484,78.28059740733505
random_forest,2,2025-05-07 03:00:00,65.48387097,75.11982502390885
random_forest,2,2025-05-07 04:25:00,65.93548387,71.65009724908273
random_forest,2,2025-05-07 05:51:00,87.61290323,83.85724810022258
random_forest,2,2025-05-07 07:17:00,88.51612903,87.95215596460517
random_forest,2,2025-05-07 08:42:00,94.38709677,86.95346477617245
random_forest,2,2025-05-07 10:08:00,94.83870968,92.24328191464002
random_forest,2,2025-05-07 11:33:00,103.8709677,95.42637598121927
random_forest,2,2025-05-07 12:59:00,104.3225806,103.40201215646948
random_forest,2,2025-05-07 14:25:00,104.3225806,103.98756679383797
random_forest,2,2025-05-07 15:50:00,104.3225806,99.84175882101452
random_forest,2,2025-05-07 17:16:00,103.8709677,103.3476316271248
random_forest,2,2025-05-07 18:42:00,89.41935484,99.10197612495169
random_forest,2,2025-05-07 20:07:00,89.41935484,82.56332681755889
random_forest,2,2025-05-07 21:33:00,88.51612903,81.9264362154684
random_forest,2,2025-05-07 22:58:00,61.87096774,98.42172043011183
random_forest,2,2025-05-08 00:24:00,62.32258065,66.51144196431167
random_forest,2,2025-05-08 01:50:00,62.32258065,68.45873297434719
random_forest,2,2025-05-08 03:15:00,88.51612903,84.24688172180853
random_forest,2,2025-05-08 04:41:00,88.96774194,88.15649502299415
random_forest,2,2025-05-08 06:06:00,88.96774194,84.70441889109733
random_forest,2,2025-05-08 07:32:00,88.96774194,102.87348865961332
random_forest,2,2025-05-08 08:58:00,88.96774194,101.85204063005551
random_forest,2,2025-05-08 10:23:00,100.7096774,103.0472258134444
random_forest,2,2025-05-08 11:49:00,101.1612903,95.9448421356038
random_forest,2,2025-05-08 13:15:00,101.1612903,102.61692718788936
random_forest,2,2025-05-08 14:40:00,100.2580645,99.14650915453552
random_forest,2,2025-05-08 16:06:00,98.0,96.66849123578967
xgboost,2,2025-05-04 19:21:00,89.41935484,89.09952545166016
xgboost,2,2025-05-04 20:46:00,109.2903226,100.26280212402344
xgboost,2,2025-05-04 22:12:00,109.2903226,106.31584930419922
xgboost,2,2025-05-04 23:38:00,109.2903226,107.79853057861328
xgboost,2,2025-05-05 01:03:00,109.7419355,104.87651062011719
xgboost,2,2025-05-05 02:29:00,108.8387097,104.10887145996094
xgboost,2,2025-05-05 03:55:00,51.93548387,106.0280990600586
xgboost,2,2025-05-05 05:20:00,51.93548387,66.65629577636719
xgboost,2,2025-05-05 06:46:00,51.48387097,62.64655685424805
xgboost,2,2025-05-05 08:11:00,60.06451613,80.58817291259766
xgboost,2,2025-05-05 09:37:00,62.32258065,78.11068725585938
xgboost,2,2025-05-05 11:03:00,83.5483871,78.52317810058594
xgboost,2,2025-05-05 12:28:00,84.4516129,83.4259033203125
xgboost,2,2025-05-05 13:54:00,84.90322581,86.97557067871094
xgboost,2,2025-05-05 15:19:00,87.61290323,83.37667083740234
xgboost,2,2025-05-05 16:45:00,107.483871,87.40239715576172
xgboost,2,2025-05-05 18:11:00,107.9354839,105.64754486083984
xgboost,2,2025-05-05 19:36:00,108.3870968,106.77581787109375
xgboost,2,2025-05-05 21:02:00,108.3870968,105.36980438232422
xgboost,2,2025-05-05 22:28:00,107.9354839,103.21245574951172
xgboost,2,2025-05-05 23:53:00,98.0,97.83085632324219
xgboost,2,2025-05-06 01:19:00,97.5483871,94.25225067138672
xgboost,2,2025-05-06 02:44:00,96.64516129,93.51739501953125
xgboost,2,2025-05-06 04:10:00,62.77419355,72.9927749633789
xgboost,2,2025-05-06 05:36:00,63.67741935,59.852474212646484
xgboost,2,2025-05-06 07:01:00,63.67741935,78.69049835205078
xgboost,2,2025-05-06 08:27:00,83.5483871,86.86759185791016
xgboost,2,2025-05-06 09:52:00,84.4516129,86.81620788574219
xgboost,2,2025-05-06 11:18:00,87.61290323,88.01190185546875
xgboost,2,2025-05-06 12:44:00,87.61290323,85.96798706054688
xgboost,2,2025-05-06 14:09:00,87.61290323,90.18424987792969
xgboost,2,2025-05-06 15:35:00,105.6774194,102.69297790527344
xgboost,2,2025-05-06 17:00:00,106.1290323,104.19816589355469
xgboost,2,2025-05-06 18:26:00,106.1290323,107.37152099609375
xgboost,2,2025-05-06 19:52:00,106.1290323,100.79490661621094
xgboost,2,2025-05-06 21:17:00,105.6774194,104.44357299804688
xgboost,2,2025-05-06 22:43:00,91.67741935,104.29087829589844
xgboost,2,2025-05-07 00:09:00,91.22580645,76.03216552734375
xgboost,2,2025-05-07 01:34:00,89.41935484,76.0116195678711
xgboost,2,2025-05-07 03:00:00,65.48387097,77.62528228759766
xgboost,2,2025-05-07 04:25:00,65.93548387,73.4250259399414
xgboost,2,2025-05-07 05:51:00,87.61290323,83.51011657714844
xgboost,2,2025-05-07 07:17:00,88.51612903,87.95018005371094
xgboost,2,2025-05-07 08:42:00,94.38709677,88.63211059570312
xgboost,2,2025-05-07 10:08:00,94.83870968,92.10433197021484
xgboost,2,2025-05-07 11:33:00,103.8709677,95.68633270263672
xgboost,2,2025-05-07 12:59:00,104.3225806,98.77373504638672
xgboost,2,2025-05-07 14:25:00,104.3225806,106.19183349609375
xgboost,2,2025-05-07 15:50:00,104.3225806,97.95982360839844
xgboost,2,2025-05-07 17:16:00,103.8709677,101.86033630371094
xgboost,2,2025-05-07 18:42:00,89.41935484,94.36819458007812
xgboost,2,2025-05-07 20:07:00,89.41935484,81.16211700439453
xgboost,2,2025-05-07 21:33:00,88.51612903,83.36463165283203
xgboost,2,2025-05-07 22:58:00,61.87096774,89.89583587646484
xgboost,2,2025-05-08 00:24:00,62.32258065,64.75358581542969
xgboost,2,2025-05-08 01:50:00,62.32258065,67.62496948242188
xgboost,2,2025-05-08 03:15:00,88.51612903,87.5375747680664
xgboost,2,2025-05-08 04:41:00,88.96774194,88.79994201660156
xgboost,2,2025-05-08 06:06:00,88.96774194,84.16566467285156
xgboost,2,2025-05-08 07:32:00,88.96774194,90.04389953613281
xgboost,2,2025-05-08 08:58:00,88.96774194,89.77703857421875
xgboost,2,2025-05-08 10:23:00,100.7096774,90.12133026123047
xgboost,2,2025-05-08 11:49:00,101.1612903,99.31412506103516
xgboost,2,2025-05-08 13:15:00,101.1612903,102.08598327636719
xgboost,2,2025-05-08 14:40:00,100.2580645,88.49620819091797
xgboost,2,2025-05-08 16:06:00,98.0,95.08535766601562
persistence,3,2025-05-08 17:31:00,89.41935484,98.0
persistence,3,2025-05-08 18:57:00,88.51612903,89.41935484
persistence,3,2025-05-08 20:23:00,88.06451613,88.51612903
persistence,3,2025-05-08 21:48:00,60.06451613,88.06451613
persistence,3,2025-05-08 23:14:00,60.51612903,60.06451613
persistence,3,2025-05-09 00:39:00,86.25806452,60.51612903
persistence,3,2025-05-09 02:05:00,87.61290323,86.25806452
persistence,3,2025-05-09 03:31:00,87.61290323,87.61290323
persistence,3,2025-05-09 04:56:00,87.61290323,87.61290323
persistence,3,2025-05-09 06:22:00,108.3870968,87.61290323
persistence,3,2025-05-09 07:48:00,109.2903226,108.3870968
persistence,3,2025-05-09 09:13:00,109.7419355,109.2903226
persistence,3,2025-05-09 10:39:00,109.2903226,109.7419355
persistence,3,2025-05-09 12:04:00,109.2903226,109.2903226
persistence,3,2025-05-09 13:30:00,88.96774194,109.2903226
persistence,3,2025-05-09 14:56:00,88.96774194,88.96774194
persistence,3,2025-05-09 16:21:00,87.61290323,88.96774194
persistence,3,2025-05-09 17:47:00,58.25806452,87.61290323
persistence,3,2025-05-09 19:12:00,58.70967742,58.25806452
persistence,3,2025-05-09 20:38:00,59.16129032,58.70967742
persistence,3,2025-05-09 22:04:00,83.09677419,59.16129032
persistence,3,2025-05-09 23:29:00,83.5483871,83.09677419
persistence,3,2025-05-10 00:55:00,87.61290323,83.5483871
persistence,3,2025-05-10 02:20:00,87.61290323,87.61290323
persistence,3,2025-05-10 03:46:00,87.61290323,87.61290323
persistence,3,2025-05-10 05:12:00,103.4193548,87.61290323
persistence,3,2025-05-10 06:37:00,103.4193548,103.4193548
persistence,3,2025-05-10 08:03:00,103.8709677,103.4193548
persistence,3,2025-05-10 09:29:00,103.4193548,103.8709677
persistence,3,2025-05-10 10:54:00,103.4193548,103.4193548
persistence,3,2025-05-10 12:20:00,88.96774194,103.4193548
persistence,3,2025-05-10 13:45:00,88.06451613,88.96774194
persistence,3,2025-05-10 15:11:00,87.16129032,88.06451613
persistence,3,2025-05-10 16:37:00,59.61290323,87.16129032
persistence,3,2025-05-10 18:02:00,79.03225806,59.61290323
persistence,3,2025-05-10 19:28:00,79.48387097,79.03225806
persistence,3,2025-05-10 20:53:00,79.48387097,79.48387097
persistence,3,2025-05-10 22:19:00,82.64516129,79.48387097
persistence,3,2025-05-10 23:45:00,82.64516129,82.64516129
persistence,3,2025-05-11 01:10:00,94.83870968,82.64516129
persistence,3,2025-05-11 02:36:00,95.29032258,94.83870968
persistence,3,2025-05-11 04:02:00,95.29032258,95.29032258
persistence,3,2025-05-11 05:27:00,95.29032258,95.29032258
persistence,3,2025-05-11 06:53:00,95.29032258,95.29032258
persistence,3,2025-05-11 08:18:00,83.5483871,95.29032258
persistence,3,2025-05-11 09:44:00,83.5483871,83.5483871
persistence,3,2025-05-11 11:10:00,81.74193548,83.5483871
persistence,3,2025-05-11 12:35:00,56.0,81.74193548
persistence,3,2025-05-11 14:01:00,56.4516129,56.0
persistence,3,2025-05-11 15:26:00,56.4516129,56.4516129
persistence,3,2025-05-11 16:52:00,76.32258065,56.4516129
persistence,3,2025-05-11 18:18:00,77.22580645,76.32258065
persistence,3,2025-05-11 19:43:00,77.22580645,77.22580645
persistence,3,2025-05-11 21:09:00,77.22580645,77.22580645
persistence,3,2025-05-11 22:35:00,76.77419355,77.22580645
persistence,3,2025-05-12 00:00:00,95.74193548,76.77419355
persistence,3,2025-05-12 01:26:00,96.64516129,95.74193548
persistence,3,2025-05-12 02:51:00,96.64516129,96.64516129
persistence,3,2025-05-12 04:17:00,96.64516129,96.64516129
persistence,3,2025-05-12 05:43:00,96.19354839,96.64516129
persistence,3,2025-05-12 07:08:00,85.35483871,96.19354839
persistence,3,2025-05-12 08:34:00,84.4516129,85.35483871
persistence,3,2025-05-12 09:59:00,83.5483871,84.4516129
persistence,3,2025-05-12 11:25:00,57.35483871,83.5483871
persistence,3,2025-05-12 12:51:00,78.12903226,57.35483871
persistence,3,2025-05-12 14:16:00,78.12903226,78.12903226
seasonal_naive_17,3,2025-05-08 17:31:00,89.41935484,103.8709677
seasonal_naive_17,3,2025-05-08 18:57:00,88.51612903,89.41935484
seasonal_naive_17,3,2025-05-08 20:23:00,88.06451613,89.41935484
seasonal_naive_17,3,2025-05-08 21:48:00,60.06451613,88.51612903
seasonal_naive_17,3,2025-05-08 23:14:00,60.51612903,61.87096774
seasonal_naive_17,3,2025-05-09 00:39:00,86.25806452,62.32258065
seasonal_naive_17,3,2025-05-09 02:05:00,87.61290323,62.32258065
seasonal_naive_17,3,2025-05-09 03:31:00,87.61290323,88.51612903
seasonal_naive_17,3,2025-05-09 04:56:00,87.61290323,88.96774194
seasonal_naive_17,3,2025-05-09 06:22:00,108.3870968,88.96774194
seasonal_naive_17,3,2025-05-09 07:48:00,109.2903226,88.96774194
seasonal_naive_17,3,2025-05-09 09:13:00,109.7419355,88.96774194
seasonal_naive_17,3,2025-05-09 10:39:00,109.2903226,100.7096774
seasonal_naive_17,3,2025-05-09 12:04:00,109.2903226,101.1612903
seasonal_naive_17,3,2025-05-09 13:30:00,88.96774194,101.1612903
seasonal_naive_17,3,2025-05-09 14:56:00,88.96774194,100.2580645
seasonal_naive_17,3,2025-05-09 16:21:00,87.61290323,98.0
seasonal_naive_17,3,2025-05-09 17:47:00,58.25806452,89.41935484
seasonal_naive_17,3,2025-05-09 19:12:00,58.70967742,88.51612903
seasonal_naive_17,3,2025-05-09 20:38:00,59.16129032,88.06451613
seasonal_naive_17,3,2025-05-09 22:04:00,83.09677419,60.06451613
seasonal_naive_17,3,2025-05-09 23:29:00,83.5483871,60.51612903
seasonal_naive_17,3,2025-05-10 00:55:00,87.61290323,86.25806452
seasonal_naive_17,3,2025-05-10 02:20:00,87.61290323,87.61290323
seasonal_naive_17,3,2025-05-10 03:46:00,87.61290323,87.61290323
seasonal_naive_17,3,2025-05-10 05:12:00,103.4193548,87.61290323
seasonal_naive_17,3,2025-05-10 06:37:00,103.4193548,108.3870968
seasonal_naive_17,3,2025-05-10 08:03:00,103.8709677,109.2903226
seasonal_naive_17,3,2025-05-10 09:29:00,103.4193548,109.7419355
seasonal_naive_17,3,2025-05-10 10:54:00,103.4193548,109.2903226
seasonal_naive_17,3,2025-05-10 12:20:00,88.96774194,109.2903226
seasonal_naive_17,3,2025-05-10 13:45:00,88.06451613,88.96774194
seasonal_naive_17,3,2025-05-10 15:11:00,87.16129032,88.96774194
seasonal_naive_17,3,2025-05-10 16:37:00,59.61290323,87.61290323
seasonal_naive_17,3,2025-05-10 18:02:00,79.03225806,58.25806452
seasonal_naive_17,3,2025-05-10 19:28:00,79.48387097,58.70967742
seasonal_naive_17,3,2025-05-10 20:53:00,79.48387097,59.16129032
seasonal_naive_17,3,2025-05-10 22:19:00,82.64516129,83.09677419
seasonal_naive_17,3,2025-05-10 23:45:00,82.64516129,83.5483871
seasonal_naive_17,3,2025-05-11 01:10:00,94.83870968,87.61290323
seasonal_naive_17,3,2025-05-11 02:36:00,95.29032258,87.61290323
seasonal_naive_17,3,2025-05-11 04:02:00,95.29032258,87.61290323
seasonal_naive_17,3,2025-05-11 05:27:00,95.29032258,103.4193548
seasonal_naive_17,3,2025-05-11 06:53:00,95.29032258,103.4193548
seasonal_naive_17,3,2025-05-11 08:18:00,83.5483871,103.8709677
seasonal_naive_17,3,2025-05-11 09:44:00,83.5483871,103.4193548
seasonal_naive_17,3,2025-05-11 11:10:00,81.74193548,103.4193548
seasonal_naive_17,3,2025-05-11 12:35:00,56.0,88.96774194
seasonal_naive_17,3,2025-05-11 14:01:00,56.4516129,88.06451613
seasonal_naive_17,3,2025-05-11 15:26:00,56.4516129,87.16129032
seasonal_naive_17,3,2025-05-11 16:52:00,76.32258065,59.61290323
seasonal_naive_17,3,2025-05-11 18:18:00,77.22580645,79.03225806
seasonal_naive_17,3,2025-05-11 19:43:00,77.22580645,79.48387097
seasonal_naive_17,3,2025-05-11 21:09:00,77.22580645,79.48387097
seasonal_naive_17,3,2025-05-11 22:35:00,76.77419355,82.64516129
seasonal_naive_17,3,2025-05-12 00:00:00,95.74193548,82.64516129
seasonal_naive_17,3,2025-05-12 01:26:00,96.64516129,94.83870968
seasonal_naive_17,3,2025-05-12 02:51:00,96.64516129,95.29032258
seasonal_naive_17,3,2025-05-12 04:17:00,96.64516129,95.29032258
seasonal_naive_17,3,2025-05-12 05:43:00,96.19354839,95.29032258
seasonal_naive_17,3,2025-05-12 07:08:00,85.35483871,95.29032258
seasonal_naive_17,3,2025-05-12 08:34:00,84.4516129,83.5483871
seasonal_naive_17,3,2025-05-12 09:59:00,83.5483871,83.5483871
seasonal_naive_17,3,2025-05-12 11:25:00,57.35483871,81.74193548
seasonal_naive_17,3,2025-05-12 12:51:00,78.12903226,56.0
seasonal_naive_17,3,2025-05-12 14:16:00,78.12903226,56.4516129
drift,3,2025-05-08 17:31:00,89.41935484,97.98445535289855
drift,3,2025-05-08 18:57:00,88.51612903,97.9689107057971
drift,3,2025-05-08 20:23:00,88.06451613,97.95336605869565
drift,3,2025-05-08 21:48:00,60.06451613,97.9378214115942
drift,3,2025-05-08 23:14:00,60.51612903,97.92227676449275
drift,3,2025-05-09 00:39:00,86.25806452,97.9067321173913
drift,3,2025-05-09 02:05:00,87.61290323,97.89118747028985
drift,3,2025-05-09 03:31:00,87.61290323,97.8756428231884
drift,3,2025-05-09 04:56:00,87.61290323,97.86009817608695
drift,3,2025-05-09 06:22:00,108.3870968,97.8445535289855
drift,3,2025-05-09 07:48:00,109.2903226,97.82900888188406
drift,3,2025-05-09 09:13:00,109.7419355,97.81346423478261
drift,3,2025-05-09 10:39:00,109.2903226,97.79791958768116
drift,3,2025-05-09 12:04:00,109.2903226,97.78237494057971
drift,3,2025-05-09 13:30:00,88.96774194,97.76683029347826
drift,3,2025-05-09 14:56:00,88.96774194,97.75128564637681
drift,3,2025-05-09 16:21:00,87.61290323,97.73574099927536
drift,3,2025-05-09 17:47:00,58.25806452,97.72019635217391
drift,3,2025-05-09 19:12:00,58.70967742,97.70465170507246
drift,3,2025-05-09 20:38:00,59.16129032,97.68910705797101
drift,3,2025-05-09 22:04:00,83.09677419,97.67356241086956
drift,3,2025-05-09 23:29:00,83.5483871,97.65801776376811
drift,3,2025-05-10 00:55:00,87.61290323,97.64247311666666
drift,3,2025-05-10 02:20:00,87.61290323,97.62692846956521
drift,3,2025-05-10 03:46:00,87.61290323,97.61138382246376
drift,3,2025-05-10 05:12:00,103.4193548,97.59583917536231
drift,3,2025-05-10 06:37:00,103.4193548,97.58029452826086
drift,3,2025-05-10 08:03:00,103.8709677,97.56474988115941
drift,3,2025-05-10 09:29:00,103.4193548,97.54920523405796
drift,3,2025-05-10 10:54:00,103.4193548,97.53366058695651
drift,3,2025-05-10 12:20:00,88.96774194,97.51811593985508
drift,3,2025-05-10 13:45:00,88.06451613,97.50257129275363
drift,3,2025-05-10 15:11:00,87.16129032,97.48702664565218
drift,3,2025-05-10 16:37:00,59.61290323,97.47148199855073
drift,3,2025-05-10 18:02:00,79.03225806,97.45593735144928
drift,3,2025-05-10 19:28:00,79.48387097,97.44039270434783
drift,3,2025-05-10 20:53:00,79.48387097,97.42484805724638
drift,3,2025-05-10 22:19:00,82.64516129,97.40930341014493
drift,3,2025-05-10 23:45:00,82.64516129,97.39375876304348
drift,3,2025-05-11 01:10:00,94.83870968,97.37821411594203
drift,3,2025-05-11 02:36:00,95.29032258,97.36266946884058
drift,3,2025-05-11 04:02:00,95.29032258,97.34712482173913
drift,3,2025-05-11 05:27:00,95.29032258,97.33158017463768
drift,3,2025-05-11 06:53:00,95.29032258,97.31603552753623
drift,3,2025-05-11 08:18:00,83.5483871,97.30049088043478
drift,3,2025-05-11 09:44:00,83.5483871,97.28494623333333
drift,3,2025-05-11 11:10:00,81.74193548,97.26940158623188
drift,3,2025-05-11 12:35:00,56.0,97.25385693913043
drift,3,2025-05-11 14:01:00,56.4516129,97.23831229202898
drift,3,2025-05-11 15:26:00,56.4516129,97.22276764492753
drift,3,2025-05-11 16:52:00,76.32258065,97.20722299782608
drift,3,2025-05-11 18:18:00,77.22580645,97.19167835072464
drift,3,2025-05-11 19:43:00,77.22580645,97.1761337036232
drift,3,2025-05-11 21:09:00,77.22580645,97.16058905652174
drift,3,2025-05-11 22:35:00,76.77419355,97.1450444094203
drift,3,2025-05-12 00:00:00,95.74193548,97.12949976231884
drift,3,2025-05-12 01:26:00,96.64516129,97.1139551152174
drift,3,2025-05-12 02:51:00,96.64516129,97.09841046811594
drift,3,2025-05-12 04:17:00,96.64516129,97.0828658210145
drift,3,2025-05-12 05:43:00,96.19354839,97.06732117391304
drift,3,2025-05-12 07:08:00,85.35483871,97.0517765268116
drift,3,2025-05-12 08:34:00,84.4516129,97.03623187971014
drift,3,2025-05-12 09:59:00,83.5483871,97.0206872326087
drift,3,2025-05-12 11:25:00,57.35483871,97.00514258550724
drift,3,2025-05-12 12:51:00,78.12903226,96.9895979384058
drift,3,2025-05-12 14:16:00,78.12903226,96.97405329130434
rolling_mean_17,3,2025-05-08 17:31:00,89.41935484,88.4364326317647
rolling_mean_17,3,2025-05-08 18:57:00,88.51612903,87.58633775764706
rolling_mean_17,3,2025-05-08 20:23:00,88.06451613,87.53320682764705
rolling_mean_17,3,2025-05-08 21:48:00,60.06451613,87.45351043294117
rolling_mean_17,3,2025-05-08 23:14:00,60.51612903,85.77988614470587
rolling_mean_17,3,2025-05-09 00:39:00,86.25806452,85.70018975
rolling_mean_17,3,2025-05-09 02:05:00,87.61290323,87.10815938941175
rolling_mean_17,3,2025-05-09 03:31:00,87.61290323,88.5958254235294
rolling_mean_17,3,2025-05-09 04:56:00,87.61290323,88.54269449411765
rolling_mean_17,3,2025-05-09 06:22:00,108.3870968,88.46299809941176
rolling_mean_17,3,2025-05-09 07:48:00,109.2903226,89.60531309117647
rolling_mean_17,3,2025-05-09 09:13:00,109.7419355,90.80075901235294
rolling_mean_17,3,2025-05-09 10:39:00,109.2903226,92.0227703982353
rolling_mean_17,3,2025-05-09 12:04:00,109.2903226,92.5275142335294
rolling_mean_17,3,2025-05-09 13:30:00,88.96774194,93.00569260411766
rolling_mean_17,3,2025-05-09 14:56:00,88.96774194,92.28842505352941
rolling_mean_17,3,2025-05-09 16:21:00,87.61290323,91.62428843235296
rolling_mean_17,3,2025-05-09 17:47:00,58.25806452,91.01328274000001
rolling_mean_17,3,2025-05-09 19:12:00,58.70967742,89.18026566235295
rolling_mean_17,3,2025-05-09 20:38:00,59.16129032,87.42694497941177
rolling_mean_17,3,2025-05-09 22:04:00,83.09677419,85.72675522588236
rolling_mean_17,3,2025-05-09 23:29:00,83.5483871,87.08159393529411
rolling_mean_17,3,2025-05-10 00:55:00,87.61290323,88.4364326452941
rolling_mean_17,3,2025-05-10 02:20:00,87.61290323,88.51612904000001
rolling_mean_17,3,2025-05-10 03:46:00,87.61290323,88.51612904
rolling_mean_17,3,2025-05-10 05:12:00,103.4193548,88.51612904000001
rolling_mean_17,3,2025-05-10 06:37:00,103.4193548,89.44592030882352
rolling_mean_17,3,2025-05-10 08:03:00,103.8709677,89.15370019117647
rolling_mean_17,3,2025-05-10 09:29:00,103.4193548,88.83491460882352
rolling_mean_17,3,2025-05-10 10:54:00,103.4193548,88.46299809705883
rolling_mean_17,3,2025-05-10 12:20:00,88.96774194,88.11764705
rolling_mean_17,3,2025-05-10 13:45:00,88.06451613,86.92220112882353
rolling_mean_17,3,2025-05-10 15:11:00,87.16129032,86.86907019882352
rolling_mean_17,3,2025-05-10 16:37:00,59.61290323,86.76280833882352
rolling_mean_17,3,2025-05-10 18:02:00,79.03225806,85.11574951529413
rolling_mean_17,3,2025-05-10 19:28:00,79.48387097,86.33776089999999
rolling_mean_17,3,2025-05-10 20:53:00,79.48387097,87.55977228529412
rolling_mean_17,3,2025-05-10 22:19:00,82.64516129,88.75521820588234
rolling_mean_17,3,2025-05-10 23:45:00,82.64516129,88.72865274117646
rolling_mean_17,3,2025-05-11 01:10:00,94.83870968,88.67552181117647
rolling_mean_17,3,2025-05-11 02:36:00,95.29032258,89.10056924941175
rolling_mean_17,3,2025-05-11 04:02:00,95.29032258,89.55218215235294
rolling_mean_17,3,2025-05-11 05:27:00,95.29032258,90.00379505529412
rolling_mean_17,3,2025-05-11 06:53:00,95.29032258,89.52561668941176
rolling_mean_17,3,2025-05-11 08:18:00,83.5483871,89.04743832352942
rolling_mean_17,3,2025-05-11 09:44:00,83.5483871,87.85199240588234
rolling_mean_17,3,2025-05-11 11:10:00,81.74193548,86.68311195294118
rolling_mean_17,3,2025-05-11 12:35:00,56.0,85.40796964
rolling_mean_17,3,2025-05-11 14:01:00,56.4516129,83.46869070235294
rolling_mean_17,3,2025-05-11 15:26:00,56.4516129,81.60910815941178
rolling_mean_17,3,2025-05-11 16:52:00,76.32258065,79.8026565464706
rolling_mean_17,3,2025-05-11 18:18:00,77.22580645,80.78557874764705
rolling_mean_17,3,2025-05-11 19:43:00,77.22580645,80.67931688823529
rolling_mean_17,3,2025-05-11 21:09:00,77.22580645,80.5464895635294
rolling_mean_17,3,2025-05-11 22:35:00,76.77419355,80.41366223882353
rolling_mean_17,3,2025-05-12 00:00:00,95.74193548,80.06831119529411
rolling_mean_17,3,2025-05-12 01:26:00,96.64516129,80.83870967705882
rolling_mean_17,3,2025-05-12 02:51:00,96.64516129,80.94497153647059
rolling_mean_17,3,2025-05-12 04:17:00,96.64516129,81.02466793117647
rolling_mean_17,3,2025-05-12 05:43:00,96.19354839,81.10436432588234
rolling_mean_17,3,2025-05-12 07:08:00,85.35483871,81.15749525588234
rolling_mean_17,3,2025-05-12 08:34:00,84.4516129,80.57305502823529
rolling_mean_17,3,2025-05-12 09:59:00,83.5483871,80.62618595764707
rolling_mean_17,3,2025-05-12 11:25:00,57.35483871,80.62618595764705
rolling_mean_17,3,2025-05-12 12:51:00,78.12903226,79.19165085352941
rolling_mean_17,3,2025-05-12 14:16:00,78.12903226,80.49335863352941
train_mean,3,2025-05-08 17:31:00,89.41935484,92.70641077792044
train_mean,3,2025-05-08 18:57:00,88.51612903,92.70641077792044
train_mean,3,2025-05-08 20:23:00,88.06451613,92.70641077792044
train_mean,3,2025-05-08 21:48:00,60.06451613,92.70641077792044
train_mean,3,2025-05-08 23:14:00,60.51612903,92.70641077792044
train_mean,3,2025-05-09 00:39:00,86.25806452,92.70641077792044
train_mean,3,2025-05-09 02:05:00,87.61290323,92.70641077792044
train_mean,3,2025-05-09 03:31:00,87.61290323,92.70641077792044
train_mean,3,2025-05-09 04:56:00,87.61290323,92.70641077792044
train_mean,3,2025-05-09 06:22:00,108.3870968,92.70641077792044
train_mean,3,2025-05-09 07:48:00,109.2903226,92.70641077792044
train_mean,3,2025-05-09 09:13:00,109.7419355,92.70641077792044
train_mean,3,2025-05-09 10:39:00,109.2903226,92.70641077792044
train_mean,3,2025-05-09 12:04:00,109.2903226,92.70641077792044
train_mean,3,2025-05-09 13:30:00,88.96774194,92.70641077792044
train_mean,3,2025-05-09 14:56:00,88.96774194,92.70641077792044
train_mean,3,2025-05-09 16:21:00,87.61290323,92.70641077792044
train_mean,3,2025-05-09 17:47:00,58.25806452,92.70641077792044
train_mean,3,2025-05-09 19:12:00,58.70967742,92.70641077792044
train_mean,3,2025-05-09 20:38:00,59.16129032,92.70641077792044
train_mean,3,2025-05-09 22:04:00,83.09677419,92.70641077792044
train_mean,3,2025-05-09 23:29:00,83.5483871,92.70641077792044
train_mean,3,2025-05-10 00:55:00,87.61290323,92.70641077792044
train_mean,3,2025-05-10 02:20:00,87.61290323,92.70641077792044
train_mean,3,2025-05-10 03:46:00,87.61290323,92.70641077792044
train_mean,3,2025-05-10 05:12:00,103.4193548,92.70641077792044
train_mean,3,2025-05-10 06:37:00,103.4193548,92.70641077792044
train_mean,3,2025-05-10 08:03:00,103.8709677,92.70641077792044
train_mean,3,2025-05-10 09:29:00,103.4193548,92.70641077792044
train_mean,3,2025-05-10 10:54:00,103.4193548,92.70641077792044
train_mean,3,2025-05-10 12:20:00,88.96774194,92.70641077792044
train_mean,3,2025-05-10 13:45:00,88.06451613,92.70641077792044
train_mean,3,2025-05-10 15:11:00,87.16129032,92.70641077792044
train_mean,3,2025-05-10 16:37:00,59.61290323,92.70641077792044
train_mean,3,2025-05-10 18:02:00,79.03225806,92.70641077792044
train_mean,3,2025-05-10 19:28:00,79.48387097,92.70641077792044
train_mean,3,2025-05-10 20:53:00,79.48387097,92.70641077792044
train_mean,3,2025-05-10 22:19:00,82.64516129,92.70641077792044
train_mean,3,2025-05-10 23:45:00,82.64516129,92.70641077792044
train_mean,3,2025-05-11 01:10:00,94.83870968,92.70641077792044
train_mean,3,2025-05-11 02:36:00,95.29032258,92.70641077792044
train_mean,3,2025-05-11 04:02:00,95.29032258,92.70641077792044
train_mean,3,2025-05-11 05:27:00,95.29032258,92.70641077792044
train_mean,3,2025-05-11 06:53:00,95.29032258,92.70641077792044
train_mean,3,2025-05-11 08:18:00,83.5483871,92.70641077792044
train_mean,3,2025-05-11 09:44:00,83.5483871,92.70641077792044
train_mean,3,2025-05-11 11:10:00,81.74193548,92.70641077792044
train_mean,3,2025-05-11 12:35:00,56.0,92.70641077792044
train_mean,3,2025-05-11 14:01:00,56.4516129,92.70641077792044
train_mean,3,2025-05-11 15:26:00,56.4516129,92.70641077792044
train_mean,3,2025-05-11 16:52:00,76.32258065,92.70641077792044
train_mean,3,2025-05-11 18:18:00,77.22580645,92.70641077792044
train_mean,3,2025-05-11 19:43:00,77.22580645,92.70641077792044
train_mean,3,2025-05-11 21:09:00,77.22580645,92.70641077792044
train_mean,3,2025-05-11 22:35:00,76.77419355,92.70641077792044
train_mean,3,2025-05-12 00:00:00,95.74193548,92.70641077792044
train_mean,3,2025-05-12 01:26:00,96.64516129,92.70641077792044
train_mean,3,2025-05-12 02:51:00,96.64516129,92.70641077792044
train_mean,3,2025-05-12 04:17:00,96.64516129,92.70641077792044
train_mean,3,2025-05-12 05:43:00,96.19354839,92.70641077792044
train_mean,3,2025-05-12 07:08:00,85.35483871,92.70641077792044
train_mean,3,2025-05-12 08:34:00,84.4516129,92.70641077792044
train_mean,3,2025-05-12 09:59:00,83.5483871,92.70641077792044
train_mean,3,2025-05-12 11:25:00,57.35483871,92.70641077792044
train_mean,3,2025-05-12 12:51:00,78.12903226,92.70641077792044
train_mean,3,2025-05-12 14:16:00,78.12903226,92.70641077792044
seasonal_naive_24,3,2025-05-08 17:31:00,89.41935484,88.51612903
seasonal_naive_24,3,2025-05-08 18:57:00,88.51612903,94.38709677
seasonal_naive_24,3,2025-05-08 20:23:00,88.06451613,94.83870968
seasonal_naive_24,3,2025-05-08 21:48:00,60.06451613,103.8709677
seasonal_naive_24,3,2025-05-08 23:14:00,60.51612903,104.3225806
seasonal_naive_24,3,2025-05-09 00:39:00,86.25806452,104.3225806
seasonal_naive_24,3,2025-05-09 02:05:00,87.61290323,104.3225806
seasonal_naive_24,3,2025-05-09 03:31:00,87.61290323,103.8709677
seasonal_naive_24,3,2025-05-09 04:56:00,87.61290323,89.41935484
seasonal_naive_24,3,2025-05-09 06:22:00,108.3870968,89.41935484
seasonal_naive_24,3,2025-05-09 07:48:00,109.2903226,88.51612903
seasonal_naive_24,3,2025-05-09 09:13:00,109.7419355,61.87096774
seasonal_naive_24,3,2025-05-09 10:39:00,109.2903226,62.32258065
seasonal_naive_24,3,2025-05-09 12:04:00,109.2903226,62.32258065
seasonal_naive_24,3,2025-05-09 13:30:00,88.96774194,88.51612903
seasonal_naive_24,3,2025-05-09 14:56:00,88.96774194,88.96774194
seasonal_naive_24,3,2025-05-09 16:21:00,87.61290323,88.96774194
seasonal_naive_24,3,2025-05-09 17:47:00,58.25806452,88.96774194
seasonal_naive_24,3,2025-05-09 19:12:00,58.70967742,88.96774194
seasonal_naive_24,3,2025-05-09 20:38:00,59.16129032,100.7096774
seasonal_naive_24,3,2025-05-09 22:04:00,83.09677419,101.1612903
seasonal_naive_24,3,2025-05-09 23:29:00,83.5483871,101.1612903
seasonal_naive_24,3,2025-05-10 00:55:00,87.61290323,100.2580645
seasonal_naive_24,3,2025-05-10 02:20:00,87.61290323,98.0
seasonal_naive_24,3,2025-05-10 03:46:00,87.61290323,89.41935484
seasonal_naive_24,3,2025-05-10 05:12:00,103.4193548,88.51612903
seasonal_naive_24,3,2025-05-10 06:37:00,103.4193548,88.06451613
seasonal_naive_24,3,2025-05-10 08:03:00,103.8709677,60.06451613
seasonal_naive_24,3,2025-05-10 09:29:00,103.4193548,60.51612903
seasonal_naive_24,3,2025-05-10 10:54:00,103.4193548,86.25806452
seasonal_naive_24,3,2025-05-10 12:20:00,88.96774194,87.61290323
seasonal_naive_24,3,2025-05-10 13:45:00,88.06451613,87.61290323
seasonal_naive_24,3,2025-05-10 15:11:00,87.16129032,87.61290323
seasonal_naive_24,3,2025-05-10 16:37:00,59.61290323,108.3870968
seasonal_naive_24,3,2025-05-10 18:02:00,79.03225806,109.2903226
seasonal_naive_24,3,2025-05-10 19:28:00,79.48387097,109.7419355
seasonal_naive_24,3,2025-05-10 20:53:00,79.48387097,109.2903226
seasonal_naive_24,3,2025-05-10 22:19:00,82.64516129,109.2903226
seasonal_naive_24,3,2025-05-10 23:45:00,82.64516129,88.96774194
seasonal_naive_24,3,2025-05-11 01:10:00,94.83870968,88.96774194
seasonal_naive_24,3,2025-05-11 02:36:00,95.29032258,87.61290323
seasonal_naive_24,3,2025-05-11 04:02:00,95.29032258,58.25806452
seasonal_naive_24,3,2025-05-11 05:27:00,95.29032258,58.70967742
seasonal_naive_24,3,2025-05-11 06:53:00,95.29032258,59.16129032
seasonal_naive_24,3,2025-05-11 08:18:00,83.5483871,83.09677419
seasonal_naive_24,3,2025-05-11 09:44:00,83.5483871,83.5483871
seasonal_naive_24,3,2025-05-11 11:10:00,81.74193548,87.61290323
seasonal_naive_24,3,2025-05-11 12:35:00,56.0,87.61290323
seasonal_naive_24,3,2025-05-11 14:01:00,56.4516129,87.61290323
seasonal_naive_24,3,2025-05-11 15:26:00,56.4516129,103.4193548
seasonal_naive_24,3,2025-05-11 16:52:00,76.32258065,103.4193548
seasonal_naive_24,3,2025-05-11 18:18:00,77.22580645,103.8709677
seasonal_naive_24,3,2025-05-11 19:43:00,77.22580645,103.4193548
seasonal_naive_24,3,2025-05-11 21:09:00,77.22580645,103.4193548
seasonal_naive_24,3,2025-05-11 22:35:00,76.77419355,88.96774194
seasonal_naive_24,3,2025-05-12 00:00:00,95.74193548,88.06451613
seasonal_naive_24,3,2025-05-12 01:26:00,96.64516129,87.16129032
seasonal_naive_24,3,2025-05-12 02:51:00,96.64516129,59.61290323
seasonal_naive_24,3,2025-05-12 04:17:00,96.64516129,79.03225806
seasonal_naive_24,3,2025-05-12 05:43:00,96.19354839,79.48387097
seasonal_naive_24,3,2025-05-12 07:08:00,85.35483871,79.48387097
seasonal_naive_24,3,2025-05-12 08:34:00,84.4516129,82.64516129
seasonal_naive_24,3,2025-05-12 09:59:00,83.5483871,82.64516129
seasonal_naive_24,3,2025-05-12 11:25:00,57.35483871,94.83870968
seasonal_naive_24,3,2025-05-12 12:51:00,78.12903226,95.29032258
seasonal_naive_24,3,2025-05-12 14:16:00,78.12903226,95.29032258
ridge,3,2025-05-08 17:31:00,89.41935484,93.7392578422765
ridge,3,2025-05-08 18:57:00,88.51612903,85.5898780066478
ridge,3,2025-05-08 20:23:00,88.06451613,86.02942372689195
ridge,3,2025-05-08 21:48:00,60.06451613,87.41866442066063
ridge,3,2025-05-08 23:14:00,60.51612903,63.32583838978857
ridge,3,2025-05-09 00:39:00,86.25806452,68.67514249748828
ridge,3,2025-05-09 02:05:00,87.61290323,92.33329275753489
ridge,3,2025-05-09 03:31:00,87.61290323,87.91745935300756
ridge,3,2025-05-09 04:56:00,87.61290323,87.05914498668501
ridge,3,2025-05-09 06:22:00,108.3870968,87.38243511716263
ridge,3,2025-05-09 07:48:00,109.2903226,104.53913190172777
ridge,3,2025-05-09 09:13:00,109.7419355,103.75499899750763
ridge,3,2025-05-09 10:39:00,109.2903226,104.11710754994547
ridge,3,2025-05-09 12:04:00,109.2903226,103.83321825242412
ridge,3,2025-05-09 13:30:00,88.96774194,104.32524944507938
ridge,3,2025-05-09 14:56:00,88.96774194,85.60937180851404
ridge,3,2025-05-09 16:21:00,87.61290323,88.41193315109552
ridge,3,2025-05-09 17:47:00,58.25806452,91.07942044463334
ridge,3,2025-05-09 19:12:00,58.70967742,64.79857009761159
ridge,3,2025-05-09 20:38:00,59.16129032,69.76251334318736
ridge,3,2025-05-09 22:04:00,83.09677419,76.91780772315965
ridge,3,2025-05-09 23:29:00,83.5483871,94.43455218673438
ridge,3,2025-05-10 00:55:00,87.61290323,88.48531408071811
ridge,3,2025-05-10 02:20:00,87.61290323,90.5895707854432
ridge,3,2025-05-10 03:46:00,87.61290323,89.55164779712409
ridge,3,2025-05-10 05:12:00,103.4193548,89.48154488345693
ridge,3,2025-05-10 06:37:00,103.4193548,101.80161723886174
ridge,3,2025-05-10 08:03:00,103.8709677,99.74851585360237
ridge,3,2025-05-10 09:29:00,103.4193548,99.50608220120802
ridge,3,2025-05-10 10:54:00,103.4193548,98.2572079106803
ridge,3,2025-05-10 12:20:00,88.96774194,97.45249323324411
ridge,3,2025-05-10 13:45:00,88.06451613,83.52512054033816
ridge,3,2025-05-10 15:11:00,87.16129032,85.1045951791171
ridge,3,2025-05-10 16:37:00,59.61290323,87.5504770157031
ridge,3,2025-05-10 18:02:00,79.03225806,63.58626504685148
ridge,3,2025-05-10 19:28:00,79.48387097,83.07445005029159
ridge,3,2025-05-10 20:53:00,79.48387097,83.26810143789865
ridge,3,2025-05-10 22:19:00,82.64516129,81.42174787591107
ridge,3,2025-05-10 23:45:00,82.64516129,83.97704350286881
ridge,3,2025-05-11 01:10:00,94.83870968,83.47434808284433
ridge,3,2025-05-11 02:36:00,95.29032258,92.26139959181666
ridge,3,2025-05-11 04:02:00,95.29032258,90.83466392164962
ridge,3,2025-05-11 05:27:00,95.29032258,90.52046257993305
ridge,3,2025-05-11 06:53:00,95.29032258,90.54514722539977
ridge,3,2025-05-11 08:18:00,83.5483871,90.48629664374397
ridge,3,2025-05-11 09:44:00,83.5483871,78.72393650609338
ridge,3,2025-05-11 11:10:00,81.74193548,78.9027174888239
ridge,3,2025-05-11 12:35:00,56.0,78.3791907318989
ridge,3,2025-05-11 14:01:00,56.4516129,56.28420654247734
ridge,3,2025-05-11 15:26:00,56.4516129,61.5267257062448
ridge,3,2025-05-11 16:52:00,76.32258065,67.75415869618608
ridge,3,2025-05-11 18:18:00,77.22580645,81.47956293726412
ridge,3,2025-05-11 19:43:00,77.22580645,79.10827538630157
ridge,3,2025-05-11 21:09:00,77.22580645,78.51950774364475
ridge,3,2025-05-11 22:35:00,76.77419355,78.62856061814097
ridge,3,2025-05-12 00:00:00,95.74193548,77.2304568854661
ridge,3,2025-05-12 01:26:00,96.64516129,91.65993761857226
ridge,3,2025-05-12 02:51:00,96.64516129,89.44630390504544
ridge,3,2025-05-12 04:17:00,96.64516129,88.79386172497716
ridge,3,2025-05-12 05:43:00,96.19354839,89.13367925421252
ridge,3,2025-05-12 07:08:00,85.35483871,89.40098721814968
ridge,3,2025-05-12 08:34:00,84.4516129,79.68829035614564
ridge,3,2025-05-12 09:59:00,83.5483871,80.49086767184289
ridge,3,2025-05-12 11:25:00,57.35483871,81.62487821536011
ridge,3,2025-05-12 12:51:00,78.12903226,58.563454972116716
ridge,3,2025-05-12 14:16:00,78.12903226,79.59097806763091
random_forest,3,2025-05-08 17:31:00,89.41935484,90.07748809421747
random_forest,3,2025-05-08 18:57:00,88.51612903,77.91247497444148
random_forest,3,2025-05-08 20:23:00,88.06451613,75.90703022904795
random_forest,3,2025-05-08 21:48:00,60.06451613,70.1407467141506
random_forest,3,2025-05-08 23:14:00,60.51612903,62.9489605748237
random_forest,3,2025-05-09 00:39:00,86.25806452,79.3706690562908
random_forest,3,2025-05-09 02:05:00,87.61290323,87.08231349642743
random_forest,3,2025-05-09 03:31:00,87.61290323,88.21827466183906
random_forest,3,2025-05-09 04:56:00,87.61290323,80.1243228482899
random_forest,3,2025-05-09 06:22:00,108.3870968,97.1379838814167
random_forest,3,2025-05-09 07:48:00,109.2903226,107.42013121135454
random_forest,3,2025-05-09 09:13:00,109.7419355,107.59132155662547
random_forest,3,2025-05-09 10:39:00,109.2903226,103.33285296711243
random_forest,3,2025-05-09 12:04:00,109.2903226,82.63364515809151
random_forest,3,2025-05-09 13:30:00,88.96774194,102.86675216056501
random_forest,3,2025-05-09 14:56:00,88.96774194,73.81588289429928
random_forest,3,2025-05-09 16:21:00,87.61290323,75.89446800502186
random_forest,3,2025-05-09 17:47:00,58.25806452,67.95466331334488
random_forest,3,2025-05-09 19:12:00,58.70967742,60.80765922273912
random_forest,3,2025-05-09 20:38:00,59.16129032,69.06164874556671
random_forest,3,2025-05-09 22:04:00,83.09677419,80.23392473111674
random_forest,3,2025-05-09 23:29:00,83.5483871,84.82810180563256
random_forest,3,2025-05-10 00:55:00,87.61290323,87.51403202634317
random_forest,3,2025-05-10 02:20:00,87.61290323,88.16673444700764
random_forest,3,2025-05-10 03:46:00,87.61290323,88.41536658797291
random_forest,3,2025-05-10 05:12:00,103.4193548,102.10798388305845
random_forest,3,2025-05-10 06:37:00,103.4193548,101.86946841321172
random_forest,3,2025-05-10 08:03:00,103.8709677,102.7132954847012
random_forest,3,2025-05-10 09:29:00,103.4193548,99.88516166125888
random_forest,3,2025-05-10 10:54:00,103.4193548,99.76218118332945
random_forest,3,2025-05-10 12:20:00,88.96774194,97.6042301930637
random_forest,3,2025-05-10 13:45:00,88.06451613,79.71647267002957
random_forest,3,2025-05-10 15:11:00,87.16129032,78.01392156805984
random_forest,3,2025-05-10 16:37:00,59.61290323,69.59557955814454
random_forest,3,2025-05-10 18:02:00,79.03225806,65.47214640338946
random_forest,3,2025-05-10 19:28:00,79.48387097,83.73132480974547
random_forest,3,2025-05-10 20:53:00,79.48387097,82.75769661830988
random_forest,3,2025-05-10 22:19:00,82.64516129,93.77957692503672
random_forest,3,2025-05-10 23:45:00,82.64516129,84.5594867441641
random_forest,3,2025-05-11 01:10:00,94.83870968,86.03429839463811
random_forest,3,2025-05-11 02:36:00,95.29032258,94.21887058148542
random_forest,3,2025-05-11 04:02:00,95.29032258,95.15873251442507
random_forest,3,2025-05-11 05:27:00,95.29032258,104.98180986086024
random_forest,3,2025-05-11 06:53:00,95.29032258,97.65198513130142
random_forest,3,2025-05-11 08:18:00,83.5483871,96.52454300950279
random_forest,3,2025-05-11 09:44:00,83.5483871,73.67652554140659
random_forest,3,2025-05-11 11:10:00,81.74193548,73.61039845876482
random_forest,3,2025-05-11 12:35:00,56.0,85.16367314585891
random_forest,3,2025-05-11 14:01:00,56.4516129,66.59327543467849
random_forest,3,2025-05-11 15:26:00,56.4516129,69.56623207961883
random_forest,3,2025-05-11 16:52:00,76.32258065,77.49878136285554
random_forest,3,2025-05-11 18:18:00,77.22580645,80.5292578781786
random_forest,3,2025-05-11 19:43:00,77.22580645,80.68552922915826
random_forest,3,2025-05-11 21:09:00,77.22580645,93.42541218570729
random_forest,3,2025-05-11 22:35:00,76.77419355,96.05756272504976
random_forest,3,2025-05-12 00:00:00,95.74193548,94.61443996359081
random_forest,3,2025-05-12 01:26:00,96.64516129,93.63171640061375
random_forest,3,2025-05-12 02:51:00,96.64516129,93.76334986770871
random_forest,3,2025-05-12 04:17:00,96.64516129,101.50630030716762
random_forest,3,2025-05-12 05:43:00,96.19354839,102.02573639664534
random_forest,3,2025-05-12 07:08:00,85.35483871,100.95069520790913
random_forest,3,2025-05-12 08:34:00,84.4516129,73.99684109631596
random_forest,3,2025-05-12 09:59:00,83.5483871,76.24914036566643
random_forest,3,2025-05-12 11:25:00,57.35483871,83.29313012681781
random_forest,3,2025-05-12 12:51:00,78.12903226,66.56504962925612
random_forest,3,2025-05-12 14:16:00,78.12903226,81.79960239151848
xgboost,3,2025-05-08 17:31:00,89.41935484,90.0987319946289
xgboost,3,2025-05-08 18:57:00,88.51612903,75.55207824707031
xgboost,3,2025-05-08 20:23:00,88.06451613,72.90010833740234
xgboost,3,2025-05-08 21:48:00,60.06451613,67.5322494506836
xgboost,3,2025-05-08 23:14:00,60.51612903,64.67164611816406
xgboost,3,2025-05-09 00:39:00,86.25806452,75.72770690917969
xgboost,3,2025-05-09 02:05:00,87.61290323,84.54219818115234
xgboost,3,2025-05-09 03:31:00,87.61290323,85.13835906982422
xgboost,3,2025-05-09 04:56:00,87.61290323,78.95169830322266
xgboost,3,2025-05-09 06:22:00,108.3870968,101.86749267578125
xgboost,3,2025-05-09 07:48:00,109.2903226,105.86811828613281
xgboost,3,2025-05-09 09:13:00,109.7419355,107.75447845458984
xgboost,3,2025-05-09 10:39:00,109.2903226,93.79203796386719
xgboost,3,2025-05-09 12:04:00,109.2903226,75.21144104003906
xgboost,3,2025-05-09 13:30:00,88.96774194,99.35916900634766
xgboost,3,2025-05-09 14:56:00,88.96774194,72.36409759521484
xgboost,3,2025-05-09 16:21:00,87.61290323,75.47107696533203
xgboost,3,2025-05-09 17:47:00,58.25806452,67.08942413330078
xgboost,3,2025-05-09 19:12:00,58.70967742,64.315673828125
xgboost,3,2025-05-09 20:38:00,59.16129032,72.51698303222656
xgboost,3,2025-05-09 22:04:00,83.09677419,82.93095397949219
xgboost,3,2025-05-09 23:29:00,83.5483871,85.96678161621094
xgboost,3,2025-05-10 00:55:00,87.61290323,86.35145568847656
xgboost,3,2025-05-10 02:20:00,87.61290323,86.9789047241211
xgboost,3,2025-05-10 03:46:00,87.61290323,85.49642944335938
xgboost,3,2025-05-10 05:12:00,103.4193548,99.73493194580078
xgboost,3,2025-05-10 06:37:00,103.4193548,100.6036148071289
xgboost,3,2025-05-10 08:03:00,103.8709677,102.90811920166016
xgboost,3,2025-05-10 09:29:00,103.4193548,98.37333679199219
xgboost,3,2025-05-10 10:54:00,103.4193548,101.77474975585938
xgboost,3,2025-05-10 12:20:00,88.96774194,102.44782257080078
xgboost,3,2025-05-10 13:45:00,88.06451613,79.46977233886719
xgboost,3,2025-05-10 15:11:00,87.16129032,77.83660888671875
xgboost,3,2025-05-10 16:37:00,59.61290323,65.57369232177734
xgboost,3,2025-05-10 18:02:00,79.03225806,71.21074676513672
xgboost,3,2025-05-10 19:28:00,79.48387097,82.16305541992188
xgboost,3,2025-05-10 20:53:00,79.48387097,84.57664489746094
xgboost,3,2025-05-10 22:19:00,82.64516129,80.04592895507812
xgboost,3,2025-05-10 23:45:00,82.64516129,80.04995727539062
xgboost,3,2025-05-11 01:10:00,94.83870968,82.38685607910156
xgboost,3,2025-05-11 02:36:00,95.29032258,94.31133270263672
xgboost,3,2025-05-11 04:02:00,95.29032258,98.46807861328125
xgboost,3,2025-05-11 05:27:00,95.29032258,105.92481231689453
xgboost,3,2025-05-11 06:53:00,95.29032258,101.05825805664062
xgboost,3,2025-05-11 08:18:00,83.5483871,96.6666488647461
xgboost,3,2025-05-11 09:44:00,83.5483871,68.94831848144531
xgboost,3,2025-05-11 11:10:00,81.74193548,69.19597625732422
xgboost,3,2025-05-11 12:35:00,56.0,80.71472930908203
xgboost,3,2025-05-11 14:01:00,56.4516129,66.58271789550781
xgboost,3,2025-05-11 15:26:00,56.4516129,73.1749267578125
xgboost,3,2025-05-11 16:52:00,76.32258065,79.66595458984375
xgboost,3,2025-05-11 18:18:00,77.22580645,83.19892883300781
xgboost,3,2025-05-11 19:43:00,77.22580645,81.9205551147461
xgboost,3,2025-05-11 21:09:00,77.22580645,94.27143096923828
xgboost,3,2025-05-11 22:35:00,76.77419355,95.44890594482422
xgboost,3,2025-05-12 00:00:00,95.74193548,93.52909851074219
xgboost,3,2025-05-12 01:26:00,96.64516129,95.43252563476562
xgboost,3,2025-05-12 02:51:00,96.64516129,96.33415222167969
xgboost,3,2025-05-12 04:17:00,96.64516129,94.90746307373047
xgboost,3,2025-05-12 05:43:00,96.19354839,98.09986877441406
xgboost,3,2025-05-12 07:08:00,85.35483871,89.86725616455078
xgboost,3,2025-05-12 08:34:00,84.4516129,74.7416000366211
xgboost,3,2025-05-12 09:59:00,83.5483871,77.89888763427734
xgboost,3,2025-05-12 11:25:00,57.35483871,83.45038604736328
xgboost,3,2025-05-12 12:51:00,78.12903226,72.89443969726562
xgboost,3,2025-05-12 14:16:00,78.12903226,83.171142578125
persistence,4,2025-05-12 15:42:00,78.58064516,78.12903226
persistence,4,2025-05-12 17:08:00,82.19354839,78.58064516
persistence,4,2025-05-12 18:33:00,82.64516129,82.19354839
persistence,4,2025-05-12 19:59:00,95.29032258,82.64516129
persistence,4,2025-05-12 21:24:00,95.74193548,95.29032258
persistence,4,2025-05-12 22:50:00,96.19354839,95.74193548
persistence,4,2025-05-13 00:16:00,96.19354839,96.19354839
persistence,4,2025-05-13 01:41:00,95.74193548,96.19354839
persistence,4,2025-05-13 03:07:00,84.90322581,95.74193548
persistence,4,2025-05-13 04:32:00,84.90322581,84.90322581
persistence,4,2025-05-13 05:58:00,84.0,84.90322581
persistence,4,2025-05-13 07:24:00,58.25806452,84.0
persistence,4,2025-05-13 08:49:00,59.61290323,58.25806452
persistence,4,2025-05-13 10:15:00,59.61290323,59.61290323
persistence,4,2025-05-13 11:40:00,79.93548387,59.61290323
persistence,4,2025-05-13 13:06:00,80.83870968,79.93548387
persistence,4,2025-05-13 14:32:00,85.80645161,80.83870968
persistence,4,2025-05-13 15:57:00,86.70967742,85.80645161
persistence,4,2025-05-13 17:23:00,86.70967742,86.70967742
persistence,4,2025-05-13 18:49:00,94.83870968,86.70967742
persistence,4,2025-05-13 20:14:00,94.83870968,94.83870968
persistence,4,2025-05-13 21:40:00,94.83870968,94.83870968
persistence,4,2025-05-13 23:05:00,94.83870968,94.83870968
persistence,4,2025-05-14 00:31:00,93.93548387,94.83870968
persistence,4,2025-05-14 01:57:00,79.93548387,93.93548387
persistence,4,2025-05-14 03:22:00,79.48387097,79.93548387
persistence,4,2025-05-14 04:48:00,77.67741935,79.48387097
persistence,4,2025-05-14 06:13:00,55.5483871,77.67741935
persistence,4,2025-05-14 07:39:00,74.96774194,55.5483871
persistence,4,2025-05-14 09:05:00,75.41935484,74.96774194
persistence,4,2025-05-14 10:30:00,75.41935484,75.41935484
persistence,4,2025-05-14 11:56:00,79.03225806,75.41935484
persistence,4,2025-05-14 13:22:00,79.03225806,79.03225806
persistence,4,2025-05-14 14:47:00,95.74193548,79.03225806
persistence,4,2025-05-14 16:13:00,96.64516129,95.74193548
persistence,4,2025-05-14 17:38:00,96.64516129,96.64516129
persistence,4,2025-05-14 19:04:00,96.64516129,96.64516129
persistence,4,2025-05-14 20:30:00,94.38709677,96.64516129
persistence,4,2025-05-14 21:55:00,85.35483871,94.38709677
persistence,4,2025-05-14 23:21:00,85.35483871,85.35483871
persistence,4,2025-05-15 00:46:00,84.0,85.35483871
persistence,4,2025-05-15 02:12:00,53.29032258,84.0
persistence,4,2025-05-15 03:38:00,52.83870968,53.29032258
persistence,4,2025-05-15 05:03:00,53.29032258,52.83870968
persistence,4,2025-05-15 06:29:00,71.80645161,53.29032258
persistence,4,2025-05-15 07:55:00,72.70967742,71.80645161
persistence,4,2025-05-15 09:20:00,80.38709677,72.70967742
persistence,4,2025-05-15 10:46:00,80.83870968,80.38709677
persistence,4,2025-05-15 12:11:00,80.83870968,80.83870968
persistence,4,2025-05-15 13:37:00,99.80645161,80.83870968
persistence,4,2025-05-15 15:03:00,100.7096774,99.80645161
persistence,4,2025-05-15 16:28:00,100.7096774,100.7096774
persistence,4,2025-05-15 17:54:00,100.7096774,100.7096774
persistence,4,2025-05-15 19:19:00,100.7096774,100.7096774
persistence,4,2025-05-15 20:45:00,92.12903226,100.7096774
persistence,4,2025-05-15 22:11:00,53.29032258,92.12903226
persistence,4,2025-05-15 23:36:00,55.09677419,53.29032258
persistence,4,2025-05-16 01:02:00,55.5483871,55.09677419
persistence,4,2025-05-16 02:28:00,74.51612903,55.5483871
persistence,4,2025-05-16 03:53:00,74.96774194,74.51612903
persistence,4,2025-05-16 05:19:00,74.96774194,74.96774194
persistence,4,2025-05-16 06:44:00,85.35483871,74.96774194
persistence,4,2025-05-16 08:10:00,85.80645161,85.35483871
persistence,4,2025-05-16 09:36:00,111.0967742,85.80645161
persistence,4,2025-05-16 11:01:00,113.3548387,111.0967742
persistence,4,2025-05-16 12:27:00,113.8064516,113.3548387
seasonal_naive_17,4,2025-05-12 15:42:00,78.58064516,56.4516129
seasonal_naive_17,4,2025-05-12 17:08:00,82.19354839,76.32258065
seasonal_naive_17,4,2025-05-12 18:33:00,82.64516129,77.22580645
seasonal_naive_17,4,2025-05-12 19:59:00,95.29032258,77.22580645
seasonal_naive_17,4,2025-05-12 21:24:00,95.74193548,77.22580645
seasonal_naive_17,4,2025-05-12 22:50:00,96.19354839,76.77419355
seasonal_naive_17,4,2025-05-13 00:16:00,96.19354839,95.74193548
seasonal_naive_17,4,2025-05-13 01:41:00,95.74193548,96.64516129
seasonal_naive_17,4,2025-05-13 03:07:00,84.90322581,96.64516129
seasonal_naive_17,4,2025-05-13 04:32:00,84.90322581,96.64516129
seasonal_naive_17,4,2025-05-13 05:58:00,84.0,96.19354839
seasonal_naive_17,4,2025-05-13 07:24:00,58.25806452,85.35483871
seasonal_naive_17,4,2025-05-13 08:49:00,59.61290323,84.4516129
seasonal_naive_17,4,2025-05-13 10:15:00,59.61290323,83.5483871
seasonal_naive_17,4,2025-05-13 11:40:00,79.93548387,57.35483871
seasonal_naive_17,4,2025-05-13 13:06:00,80.83870968,78.12903226
seasonal_naive_17,4,2025-05-13 14:32:00,85.80645161,78.12903226
seasonal_naive_17,4,2025-05-13 15:57:00,86.70967742,78.58064516
seasonal_naive_17,4,2025-05-13 17:23:00,86.70967742,82.19354839
seasonal_naive_17,4,2025-05-13 18:49:00,94.83870968,82.64516129
seasonal_naive_17,4,2025-05-13 20:14:00,94.83870968,95.29032258
seasonal_naive_17,4,2025-05-13 21:40:00,94.83870968,95.74193548
seasonal_naive_17,4,2025-05-13 23:05:00,94.83870968,96.19354839
seasonal_naive_17,4,2025-05-14 00:31:00,93.93548387,96.19354839
seasonal_naive_17,4,2025-05-14 01:57:00,79.93548387,95.74193548
seasonal_naive_17,4,2025-05-14 03:22:00,79.48387097,84.90322581
seasonal_naive_17,4,2025-05-14 04:48:00,77.67741935,84.90322581
seasonal_naive_17,4,2025-05-14 06:13:00,55.5483871,84.0
seasonal_naive_17,4,2025-05-14 07:39:00,74.96774194,58.25806452
seasonal_naive_17,4,2025-05-14 09:05:00,75.41935484,59.61290323
seasonal_naive_17,4,2025-05-14 10:30:00,75.41935484,59.61290323
seasonal_naive_17,4,2025-05-14 11:56:00,79.03225806,79.93548387
seasonal_naive_17,4,2025-05-14 13:22:00,79.03225806,80.83870968
seasonal_naive_17,4,2025-05-14 14:47:00,95.74193548,85.80645161
seasonal_naive_17,4,2025-05-14 16:13:00,96.64516129,86.70967742
seasonal_naive_17,4,2025-05-14 17:38:00,96.64516129,86.70967742
seasonal_naive_17,4,2025-05-14 19:04:00,96.64516129,94.83870968
seasonal_naive_17,4,2025-05-14 20:30:00,94.38709677,94.83870968
seasonal_naive_17,4,2025-05-14 21:55:00,85.35483871,94.83870968
seasonal_naive_17,4,2025-05-14 23:21:00,85.35483871,94.83870968
seasonal_naive_17,4,2025-05-15 00:46:00,84.0,93.93548387
seasonal_naive_17,4,2025-05-15 02:12:00,53.29032258,79.93548387
seasonal_naive_17,4,2025-05-15 03:38:00,52.83870968,79.48387097
seasonal_naive_17,4,2025-05-15 05:03:00,53.29032258,77.67741935
seasonal_naive_17,4,2025-05-15 06:29:00,71.80645161,55.5483871
seasonal_naive_17,4,2025-05-15 07:55:00,72.70967742,74.96774194
seasonal_naive_17,4,2025-05-15 09:20:00,80.38709677,75.41935484
seasonal_naive_17,4,2025-05-15 10:46:00,80.83870968,75.41935484
seasonal_naive_17,4,2025-05-15 12:11:00,80.83870968,79.03225806
seasonal_naive_17,4,2025-05-15 13:37:00,99.80645161,79.03225806
seasonal_naive_17,4,2025-05-15 15:03:00,100.7096774,95.74193548
seasonal_naive_17,4,2025-05-15 16:28:00,100.7096774,96.64516129
seasonal_naive_17,4,2025-05-15 17:54:00,100.7096774,96.64516129
seasonal_naive_17,4,2025-05-15 19:19:00,100.7096774,96.64516129
seasonal_naive_17,4,2025-05-15 20:45:00,92.12903226,94.38709677
seasonal_naive_17,4,2025-05-15 22:11:00,53.29032258,85.35483871
seasonal_naive_17,4,2025-05-15 23:36:00,55.09677419,85.35483871
seasonal_naive_17,4,2025-05-16 01:02:00,55.5483871,84.0
seasonal_naive_17,4,2025-05-16 02:28:00,74.51612903,53.29032258
seasonal_naive_17,4,2025-05-16 03:53:00,74.96774194,52.83870968
seasonal_naive_17,4,2025-05-16 05:19:00,74.96774194,53.29032258
seasonal_naive_17,4,2025-05-16 06:44:00,85.35483871,71.80645161
seasonal_naive_17,4,2025-05-16 08:10:00,85.80645161,72.70967742
seasonal_naive_17,4,2025-05-16 09:36:00,111.0967742,80.38709677
seasonal_naive_17,4,2025-05-16 11:01:00,113.3548387,80.83870968
seasonal_naive_17,4,2025-05-16 12:27:00,113.8064516,80.83870968
drift,4,2025-05-12 15:42:00,78.58064516,78.08299405135922
drift,4,2025-05-12 17:08:00,82.19354839,78.03695584271846
drift,4,2025-05-12 18:33:00,82.64516129,77.99091763407768
drift,4,2025-05-12 19:59:00,95.29032258,77.9448794254369
drift,4,2025-05-12 21:24:00,95.74193548,77.89884121679611
drift,4,2025-05-12 22:50:00,96.19354839,77.85280300815535
drift,4,2025-05-13 00:16:00,96.19354839,77.80676479951457
drift,4,2025-05-13 01:41:00,95.74193548,77.76072659087379
drift,4,2025-05-13 03:07:00,84.90322581,77.714688382233
drift,4,2025-05-13 04:32:00,84.90322581,77.66865017359224
drift,4,2025-05-13 05:58:00,84.0,77.62261196495146
drift,4,2025-05-13 07:24:00,58.25806452,77.57657375631068
drift,4,2025-05-13 08:49:00,59.61290323,77.5305355476699
drift,4,2025-05-13 10:15:00,59.61290323,77.48449733902913
drift,4,2025-05-13 11:40:00,79.93548387,77.43845913038835
drift,4,2025-05-13 13:06:00,80.83870968,77.39242092174757
drift,4,2025-05-13 14:32:00,85.80645161,77.34638271310679
drift,4,2025-05-13 15:57:00,86.70967742,77.30034450446603
drift,4,2025-05-13 17:23:00,86.70967742,77.25430629582524
drift,4,2025-05-13 18:49:00,94.83870968,77.20826808718446
drift,4,2025-05-13 20:14:00,94.83870968,77.1622298785437
drift,4,2025-05-13 21:40:00,94.83870968,77.11619166990292
drift,4,2025-05-13 23:05:00,94.83870968,77.07015346126214
drift,4,2025-05-14 00:31:00,93.93548387,77.02411525262136
drift,4,2025-05-14 01:57:00,79.93548387,76.97807704398059
drift,4,2025-05-14 03:22:00,79.48387097,76.93203883533981
drift,4,2025-05-14 04:48:00,77.67741935,76.88600062669903
drift,4,2025-05-14 06:13:00,55.5483871,76.83996241805825
drift,4,2025-05-14 07:39:00,74.96774194,76.79392420941748
drift,4,2025-05-14 09:05:00,75.41935484,76.7478860007767
drift,4,2025-05-14 10:30:00,75.41935484,76.70184779213592
drift,4,2025-05-14 11:56:00,79.03225806,76.65580958349514
drift,4,2025-05-14 13:22:00,79.03225806,76.60977137485438
drift,4,2025-05-14 14:47:00,95.74193548,76.5637331662136
drift,4,2025-05-14 16:13:00,96.64516129,76.51769495757281
drift,4,2025-05-14 17:38:00,96.64516129,76.47165674893205
drift,4,2025-05-14 19:04:00,96.64516129,76.42561854029127
drift,4,2025-05-14 20:30:00,94.38709677,76.37958033165049
drift,4,2025-05-14 21:55:00,85.35483871,76.3335421230097
drift,4,2025-05-14 23:21:00,85.35483871,76.28750391436894
drift,4,2025-05-15 00:46:00,84.0,76.24146570572816
drift,4,2025-05-15 02:12:00,53.29032258,76.19542749708738
drift,4,2025-05-15 03:38:00,52.83870968,76.1493892884466
drift,4,2025-05-15 05:03:00,53.29032258,76.10335107980583
drift,4,2025-05-15 06:29:00,71.80645161,76.05731287116505
drift,4,2025-05-15 07:55:00,72.70967742,76.01127466252427
drift,4,2025-05-15 09:20:00,80.38709677,75.96523645388349
drift,4,2025-05-15 10:46:00,80.83870968,75.91919824524273
drift,4,2025-05-15 12:11:00,80.83870968,75.87316003660194
drift,4,2025-05-15 13:37:00,99.80645161,75.82712182796116
drift,4,2025-05-15 15:03:00,100.7096774,75.78108361932038
drift,4,2025-05-15 16:28:00,100.7096774,75.73504541067962
drift,4,2025-05-15 17:54:00,100.7096774,75.68900720203884
drift,4,2025-05-15 19:19:00,100.7096774,75.64296899339806
drift,4,2025-05-15 20:45:00,92.12903226,75.59693078475729
drift,4,2025-05-15 22:11:00,53.29032258,75.55089257611651
drift,4,2025-05-15 23:36:00,55.09677419,75.50485436747573
drift,4,2025-05-16 01:02:00,55.5483871,75.45881615883495
drift,4,2025-05-16 02:28:00,74.51612903,75.41277795019418
drift,4,2025-05-16 03:53:00,74.96774194,75.3667397415534
drift,4,2025-05-16 05:19:00,74.96774194,75.32070153291262
drift,4,2025-05-16 06:44:00,85.35483871,75.27466332427184
drift,4,2025-05-16 08:10:00,85.80645161,75.22862511563108
drift,4,2025-05-16 09:36:00,111.0967742,75.1825869069903
drift,4,2025-05-16 11:01:00,113.3548387,75.13654869834951
drift,4,2025-05-16 12:27:00,113.8064516,75.09051048970873
rolling_mean_17,4,2025-05-12 15:42:00,78.58064516,81.76850094882354
rolling_mean_17,4,2025-05-12 17:08:00,82.19354839,83.07020872882353
rolling_mean_17,4,2025-05-12 18:33:00,82.64516129,83.41555977235294
rolling_mean_17,4,2025-05-12 19:59:00,95.29032258,83.73434535117647
rolling_mean_17,4,2025-05-12 21:24:00,95.74193548,84.79696394705883
rolling_mean_17,4,2025-05-12 22:50:00,96.19354839,85.88614800764705
rolling_mean_17,4,2025-05-13 00:16:00,96.19354839,87.0284629982353
rolling_mean_17,4,2025-05-13 01:41:00,95.74193548,87.05502846352941
rolling_mean_17,4,2025-05-13 03:07:00,84.90322581,87.0018975335294
rolling_mean_17,4,2025-05-13 04:32:00,84.90322581,86.3111954464706
rolling_mean_17,4,2025-05-13 05:58:00,84.0,85.62049335941177
rolling_mean_17,4,2025-05-13 07:24:00,58.25806452,84.90322580705883
rolling_mean_17,4,2025-05-13 08:49:00,59.61290323,83.30929791352942
rolling_mean_17,4,2025-05-13 10:15:00,59.61290323,81.8481973447059
rolling_mean_17,4,2025-05-13 11:40:00,79.93548387,80.44022770529412
rolling_mean_17,4,2025-05-13 13:06:00,80.83870968,81.76850095
rolling_mean_17,4,2025-05-13 14:32:00,85.80645161,81.92789373941176
rolling_mean_17,4,2025-05-13 15:57:00,86.70967742,82.37950664235295
rolling_mean_17,4,2025-05-13 17:23:00,86.70967742,82.85768501058823
rolling_mean_17,4,2025-05-13 18:49:00,94.83870968,83.12333965941176
rolling_mean_17,4,2025-05-13 20:14:00,94.83870968,83.84060721176469
rolling_mean_17,4,2025-05-13 21:40:00,94.83870968,83.81404174705882
rolling_mean_17,4,2025-05-13 23:05:00,94.83870968,83.76091081764706
rolling_mean_17,4,2025-05-14 00:31:00,93.93548387,83.68121442294117
rolling_mean_17,4,2025-05-14 01:57:00,79.93548387,83.54838709823531
rolling_mean_17,4,2025-05-14 03:22:00,79.48387097,82.61859582705881
rolling_mean_17,4,2025-05-14 04:48:00,77.67741935,82.2998102482353
rolling_mean_17,4,2025-05-14 06:13:00,55.5483871,81.87476280941176
rolling_mean_17,4,2025-05-14 07:39:00,74.96774194,80.20113852117646
rolling_mean_17,4,2025-05-14 09:05:00,75.41935484,81.18406072235294
rolling_mean_17,4,2025-05-14 10:30:00,75.41935484,82.11385199352942
rolling_mean_17,4,2025-05-14 11:56:00,79.03225806,83.04364326470588
rolling_mean_17,4,2025-05-14 13:22:00,79.03225806,82.99051233470588
rolling_mean_17,4,2025-05-14 14:47:00,95.74193548,82.88425047470588
rolling_mean_17,4,2025-05-14 16:13:00,96.64516129,83.46869070235294
rolling_mean_17,4,2025-05-14 17:38:00,96.64516129,84.05313093000001
rolling_mean_17,4,2025-05-14 19:04:00,96.64516129,84.63757115764706
rolling_mean_17,4,2025-05-14 20:30:00,94.38709677,84.74383301705882
rolling_mean_17,4,2025-05-14 21:55:00,85.35483871,84.71726755176469
rolling_mean_17,4,2025-05-14 23:21:00,85.35483871,84.15939278882354
rolling_mean_17,4,2025-05-15 00:46:00,84.0,83.60151802588234
rolling_mean_17,4,2025-05-15 02:12:00,53.29032258,83.0170777982353
rolling_mean_17,4,2025-05-15 03:38:00,52.83870968,81.44971536941178
rolling_mean_17,4,2025-05-15 05:03:00,53.29032258,79.88235294058823
rolling_mean_17,4,2025-05-15 06:29:00,71.80645161,78.44781783647059
rolling_mean_17,4,2025-05-15 07:55:00,72.70967742,79.40417457235294
rolling_mean_17,4,2025-05-15 09:20:00,80.38709677,79.27134724764704
rolling_mean_17,4,2025-05-15 10:46:00,80.83870968,79.56356736117647
rolling_mean_17,4,2025-05-15 12:11:00,80.83870968,79.88235294
rolling_mean_17,4,2025-05-15 13:37:00,99.80645161,79.9886148
rolling_mean_17,4,2025-05-15 15:03:00,100.7096774,81.21062618529412
rolling_mean_17,4,2025-05-15 16:28:00,100.7096774,81.50284629823528
rolling_mean_17,4,2025-05-15 17:54:00,100.7096774,81.74193548117647
rolling_mean_17,4,2025-05-15 19:19:00,100.7096774,81.98102466411764
rolling_mean_17,4,2025-05-15 20:45:00,92.12903226,82.22011384705881
rolling_mean_17,4,2025-05-15 22:11:00,53.29032258,82.08728652294117
rolling_mean_17,4,2025-05-15 23:36:00,55.09677419,80.20113851529413
rolling_mean_17,4,2025-05-16 01:02:00,55.5483871,78.42125236705883
rolling_mean_17,4,2025-05-16 02:28:00,74.51612903,76.74762807882352
rolling_mean_17,4,2025-05-16 03:53:00,74.96774194,77.99620492882352
rolling_mean_17,4,2025-05-16 05:19:00,74.96774194,79.29791270882353
rolling_mean_17,4,2025-05-16 06:44:00,85.35483871,80.57305502411765
rolling_mean_17,4,2025-05-16 08:10:00,85.80645161,81.37001897117646
rolling_mean_17,4,2025-05-16 09:36:00,111.0967742,82.14041745294118
rolling_mean_17,4,2025-05-16 11:01:00,113.3548387,83.9468690664706
rolling_mean_17,4,2025-05-16 12:27:00,113.8064516,85.85958253823529
train_mean,4,2025-05-12 15:42:00,78.58064516,91.9086976895315
train_mean,4,2025-05-12 17:08:00,82.19354839,91.9086976895315
train_mean,4,2025-05-12 18:33:00,82.64516129,91.9086976895315
train_mean,4,2025-05-12 19:59:00,95.29032258,91.9086976895315
train_mean,4,2025-05-12 21:24:00,95.74193548,91.9086976895315
train_mean,4,2025-05-12 22:50:00,96.19354839,91.9086976895315
train_mean,4,2025-05-13 00:16:00,96.19354839,91.9086976895315
train_mean,4,2025-05-13 01:41:00,95.74193548,91.9086976895315
train_mean,4,2025-05-13 03:07:00,84.90322581,91.9086976895315
train_mean,4,2025-05-13 04:32:00,84.90322581,91.9086976895315
train_mean,4,2025-05-13 05:58:00,84.0,91.9086976895315
train_mean,4,2025-05-13 07:24:00,58.25806452,91.9086976895315
train_mean,4,2025-05-13 08:49:00,59.61290323,91.9086976895315
train_mean,4,2025-05-13 10:15:00,59.61290323,91.9086976895315
train_mean,4,2025-05-13 11:40:00,79.93548387,91.9086976895315
train_mean,4,2025-05-13 13:06:00,80.83870968,91.9086976895315
train_mean,4,2025-05-13 14:32:00,85.80645161,91.9086976895315
train_mean,4,2025-05-13 15:57:00,86.70967742,91.9086976895315
train_mean,4,2025-05-13 17:23:00,86.70967742,91.9086976895315
train_mean,4,2025-05-13 18:49:00,94.83870968,91.9086976895315
train_mean,4,2025-05-13 20:14:00,94.83870968,91.9086976895315
train_mean,4,2025-05-13 21:40:00,94.83870968,91.9086976895315
train_mean,4,2025-05-13 23:05:00,94.83870968,91.9086976895315
train_mean,4,2025-05-14 00:31:00,93.93548387,91.9086976895315
train_mean,4,2025-05-14 01:57:00,79.93548387,91.9086976895315
train_mean,4,2025-05-14 03:22:00,79.48387097,91.9086976895315
train_mean,4,2025-05-14 04:48:00,77.67741935,91.9086976895315
train_mean,4,2025-05-14 06:13:00,55.5483871,91.9086976895315
train_mean,4,2025-05-14 07:39:00,74.96774194,91.9086976895315
train_mean,4,2025-05-14 09:05:00,75.41935484,91.9086976895315
train_mean,4,2025-05-14 10:30:00,75.41935484,91.9086976895315
train_mean,4,2025-05-14 11:56:00,79.03225806,91.9086976895315
train_mean,4,2025-05-14 13:22:00,79.03225806,91.9086976895315
train_mean,4,2025-05-14 14:47:00,95.74193548,91.9086976895315
train_mean,4,2025-05-14 16:13:00,96.64516129,91.9086976895315
train_mean,4,2025-05-14 17:38:00,96.64516129,91.9086976895315
train_mean,4,2025-05-14 19:04:00,96.64516129,91.9086976895315
train_mean,4,2025-05-14 20:30:00,94.38709677,91.9086976895315
train_mean,4,2025-05-14 21:55:00,85.35483871,91.9086976895315
train_mean,4,2025-05-14 23:21:00,85.35483871,91.9086976895315
train_mean,4,2025-05-15 00:46:00,84.0,91.9086976895315
train_mean,4,2025-05-15 02:12:00,53.29032258,91.9086976895315
train_mean,4,2025-05-15 03:38:00,52.83870968,91.9086976895315
train_mean,4,2025-05-15 05:03:00,53.29032258,91.9086976895315
train_mean,4,2025-05-15 06:29:00,71.80645161,91.9086976895315
train_mean,4,2025-05-15 07:55:00,72.70967742,91.9086976895315
train_mean,4,2025-05-15 09:20:00,80.38709677,91.9086976895315
train_mean,4,2025-05-15 10:46:00,80.83870968,91.9086976895315
train_mean,4,2025-05-15 12:11:00,80.83870968,91.9086976895315
train_mean,4,2025-05-15 13:37:00,99.80645161,91.9086976895315
train_mean,4,2025-05-15 15:03:00,100.7096774,91.9086976895315
train_mean,4,2025-05-15 16:28:00,100.7096774,91.9086976895315
train_mean,4,2025-05-15 17:54:00,100.7096774,91.9086976895315
train_mean,4,2025-05-15 19:19:00,100.7096774,91.9086976895315
train_mean,4,2025-05-15 20:45:00,92.12903226,91.9086976895315
train_mean,4,2025-05-15 22:11:00,53.29032258,91.9086976895315
train_mean,4,2025-05-15 23:36:00,55.09677419,91.9086976895315
train_mean,4,2025-05-16 01:02:00,55.5483871,91.9086976895315
train_mean,4,2025-05-16 02:28:00,74.51612903,91.9086976895315
train_mean,4,2025-05-16 03:53:00,74.96774194,91.9086976895315
train_mean,4,2025-05-16 05:19:00,74.96774194,91.9086976895315
train_mean,4,2025-05-16 06:44:00,85.35483871,91.9086976895315
train_mean,4,2025-05-16 08:10:00,85.80645161,91.9086976895315
train_mean,4,2025-05-16 09:36:00,111.0967742,91.9086976895315
train_mean,4,2025-05-16 11:01:00,113.3548387,91.9086976895315
train_mean,4,2025-05-16 12:27:00,113.8064516,91.9086976895315
seasonal_naive_24,4,2025-05-12 15:42:00,78.58064516,95.29032258
seasonal_naive_24,4,2025-05-12 17:08:00,82.19354839,95.29032258
seasonal_naive_24,4,2025-05-12 18:33:00,82.64516129,83.5483871
seasonal_naive_24,4,2025-05-12 19:59:00,95.29032258,83.5483871
seasonal_naive_24,4,2025-05-12 21:24:00,95.74193548,81.74193548
seasonal_naive_24,4,2025-05-12 22:50:00,96.19354839,56.0
seasonal_naive_24,4,2025-05-13 00:16:00,96.19354839,56.4516129
seasonal_naive_24,4,2025-05-13 01:41:00,95.74193548,56.4516129
seasonal_naive_24,4,2025-05-13 03:07:00,84.90322581,76.32258065
seasonal_naive_24,4,2025-05-13 04:32:00,84.90322581,77.22580645
seasonal_naive_24,4,2025-05-13 05:58:00,84.0,77.22580645
seasonal_naive_24,4,2025-05-13 07:24:00,58.25806452,77.22580645
seasonal_naive_24,4,2025-05-13 08:49:00,59.61290323,76.77419355
seasonal_naive_24,4,2025-05-13 10:15:00,59.61290323,95.74193548
seasonal_naive_24,4,2025-05-13 11:40:00,79.93548387,96.64516129
seasonal_naive_24,4,2025-05-13 13:06:00,80.83870968,96.64516129
seasonal_naive_24,4,2025-05-13 14:32:00,85.80645161,96.64516129
seasonal_naive_24,4,2025-05-13 15:57:00,86.70967742,96.19354839
seasonal_naive_24,4,2025-05-13 17:23:00,86.70967742,85.35483871
seasonal_naive_24,4,2025-05-13 18:49:00,94.83870968,84.4516129
seasonal_naive_24,4,2025-05-13 20:14:00,94.83870968,83.5483871
seasonal_naive_24,4,2025-05-13 21:40:00,94.83870968,57.35483871
seasonal_naive_24,4,2025-05-13 23:05:00,94.83870968,78.12903226
seasonal_naive_24,4,2025-05-14 00:31:00,93.93548387,78.12903226
seasonal_naive_24,4,2025-05-14 01:57:00,79.93548387,78.58064516
seasonal_naive_24,4,2025-05-14 03:22:00,79.48387097,82.19354839
seasonal_naive_24,4,2025-05-14 04:48:00,77.67741935,82.64516129
seasonal_naive_24,4,2025-05-14 06:13:00,55.5483871,95.29032258
seasonal_naive_24,4,2025-05-14 07:39:00,74.96774194,95.74193548
seasonal_naive_24,4,2025-05-14 09:05:00,75.41935484,96.19354839
seasonal_naive_24,4,2025-05-14 10:30:00,75.41935484,96.19354839
seasonal_naive_24,4,2025-05-14 11:56:00,79.03225806,95.74193548
seasonal_naive_24,4,2025-05-14 13:22:00,79.03225806,84.90322581
seasonal_naive_24,4,2025-05-14 14:47:00,95.74193548,84.90322581
seasonal_naive_24,4,2025-05-14 16:13:00,96.64516129,84.0
seasonal_naive_24,4,2025-05-14 17:38:00,96.64516129,58.25806452
seasonal_naive_24,4,2025-05-14 19:04:00,96.64516129,59.61290323
seasonal_naive_24,4,2025-05-14 20:30:00,94.38709677,59.61290323
seasonal_naive_24,4,2025-05-14 21:55:00,85.35483871,79.93548387
seasonal_naive_24,4,2025-05-14 23:21:00,85.35483871,80.83870968
seasonal_naive_24,4,2025-05-15 00:46:00,84.0,85.80645161
seasonal_naive_24,4,2025-05-15 02:12:00,53.29032258,86.70967742
seasonal_naive_24,4,2025-05-15 03:38:00,52.83870968,86.70967742
seasonal_naive_24,4,2025-05-15 05:03:00,53.29032258,94.83870968
seasonal_naive_24,4,2025-05-15 06:29:00,71.80645161,94.83870968
seasonal_naive_24,4,2025-05-15 07:55:00,72.70967742,94.83870968
seasonal_naive_24,4,2025-05-15 09:20:00,80.38709677,94.83870968
seasonal_naive_24,4,2025-05-15 10:46:00,80.83870968,93.93548387
seasonal_naive_24,4,2025-05-15 12:11:00,80.83870968,79.93548387
seasonal_naive_24,4,2025-05-15 13:37:00,99.80645161,79.48387097
seasonal_naive_24,4,2025-05-15 15:03:00,100.7096774,77.67741935
seasonal_naive_24,4,2025-05-15 16:28:00,100.7096774,55.5483871
seasonal_naive_24,4,2025-05-15 17:54:00,100.7096774,74.96774194
seasonal_naive_24,4,2025-05-15 19:19:00,100.7096774,75.41935484
seasonal_naive_24,4,2025-05-15 20:45:00,92.12903226,75.41935484
seasonal_naive_24,4,2025-05-15 22:11:00,53.29032258,79.03225806
seasonal_naive_24,4,2025-05-15 23:36:00,55.09677419,79.03225806
seasonal_naive_24,4,2025-05-16 01:02:00,55.5483871,95.74193548
seasonal_naive_24,4,2025-05-16 02:28:00,74.51612903,96.64516129
seasonal_naive_24,4,2025-05-16 03:53:00,74.96774194,96.64516129
seasonal_naive_24,4,2025-05-16 05:19:00,74.96774194,96.64516129
seasonal_naive_24,4,2025-05-16 06:44:00,85.35483871,94.38709677
seasonal_naive_24,4,2025-05-16 08:10:00,85.80645161,85.35483871
seasonal_naive_24,4,2025-05-16 09:36:00,111.0967742,85.35483871
seasonal_naive_24,4,2025-05-16 11:01:00,113.3548387,84.0
seasonal_naive_24,4,2025-05-16 12:27:00,113.8064516,53.29032258
ridge,4,2025-05-12 15:42:00,78.58064516,80.5559926256847
ridge,4,2025-05-12 17:08:00,82.19354839,78.7616713042235
ridge,4,2025-05-12 18:33:00,82.64516129,81.06984327521177
ridge,4,2025-05-12 19:59:00,95.29032258,80.71668605587683
ridge,4,2025-05-12 21:24:00,95.74193548,90.8164527138725
ridge,4,2025-05-12 22:50:00,96.19354839,90.8945772726138
ridge,4,2025-05-13 00:16:00,96.19354839,91.03918944797702
ridge,4,2025-05-13 01:41:00,95.74193548,90.86356791657771
ridge,4,2025-05-13 03:07:00,84.90322581,89.92266902654102
ridge,4,2025-05-13 04:32:00,84.90322581,79.49372838647727
ridge,4,2025-05-13 05:58:00,84.0,80.65059709352363
ridge,4,2025-05-13 07:24:00,58.25806452,82.2826656530588
ridge,4,2025-05-13 08:49:00,59.61290323,60.264903460723524
ridge,4,2025-05-13 10:15:00,59.61290323,64.56051056184445
ridge,4,2025-05-13 11:40:00,79.93548387,69.64312175750567
ridge,4,2025-05-13 13:06:00,80.83870968,83.17042553994558
ridge,4,2025-05-13 14:32:00,85.80645161,81.84515266612671
ridge,4,2025-05-13 15:57:00,86.70967742,85.40606917387419
ridge,4,2025-05-13 17:23:00,86.70967742,85.47518197790211
ridge,4,2025-05-13 18:49:00,94.83870968,84.879984077975
ridge,4,2025-05-13 20:14:00,94.83870968,90.66717487821346
ridge,4,2025-05-13 21:40:00,94.83870968,89.94959477155375
ridge,4,2025-05-13 23:05:00,94.83870968,90.25725904806613
ridge,4,2025-05-14 00:31:00,93.93548387,89.66498103792392
ridge,4,2025-05-14 01:57:00,79.93548387,88.45707720531473
ridge,4,2025-05-14 03:22:00,79.48387097,75.19602691456478
ridge,4,2025-05-14 04:48:00,77.67741935,76.27690724439468
ridge,4,2025-05-14 06:13:00,55.5483871,77.5699508238057
ridge,4,2025-05-14 07:39:00,74.96774194,59.96856747840093
ridge,4,2025-05-14 09:05:00,75.41935484,78.39173641498846
ridge,4,2025-05-14 10:30:00,75.41935484,77.85392649396226
ridge,4,2025-05-14 11:56:00,79.03225806,75.07702370595408
ridge,4,2025-05-14 13:22:00,79.03225806,77.51163981686643
ridge,4,2025-05-14 14:47:00,95.74193548,77.17099955823457
ridge,4,2025-05-14 16:13:00,96.64516129,90.331650087238
ridge,4,2025-05-14 17:38:00,96.64516129,89.48766150323401
ridge,4,2025-05-14 19:04:00,96.64516129,88.61405688338984
ridge,4,2025-05-14 20:30:00,94.38709677,88.47547198718905
ridge,4,2025-05-14 21:55:00,85.35483871,86.73393006535542
ridge,4,2025-05-14 23:21:00,85.35483871,79.03272080108665
ridge,4,2025-05-15 00:46:00,84.0,79.00530421780142
ridge,4,2025-05-15 02:12:00,53.29032258,79.14099718288017
ridge,4,2025-05-15 03:38:00,52.83870968,52.175766048739625
ridge,4,2025-05-15 05:03:00,53.29032258,56.25195825950105
ridge,4,2025-05-15 06:29:00,71.80645161,64.13757340836067
ridge,4,2025-05-15 07:55:00,72.70967742,77.20268032234527
ridge,4,2025-05-15 09:20:00,80.38709677,75.53903849521654
ridge,4,2025-05-15 10:46:00,80.83870968,80.03497075395293
ridge,4,2025-05-15 12:11:00,80.83870968,78.74980445161401
ridge,4,2025-05-15 13:37:00,99.80645161,78.40570041336535
ridge,4,2025-05-15 15:03:00,100.7096774,93.26346405225328
ridge,4,2025-05-15 16:28:00,100.7096774,92.29402850779461
ridge,4,2025-05-15 17:54:00,100.7096774,91.64772865398608
ridge,4,2025-05-15 19:19:00,100.7096774,91.42440854321553
ridge,4,2025-05-15 20:45:00,92.12903226,91.66365833881297
ridge,4,2025-05-15 22:11:00,53.29032258,84.56840298854723
ridge,4,2025-05-15 23:36:00,55.09677419,51.625388638044704
ridge,4,2025-05-16 01:02:00,55.5483871,61.17884905948038
ridge,4,2025-05-16 02:28:00,74.51612903,68.95845051373676
ridge,4,2025-05-16 03:53:00,74.96774194,82.32128231123369
ridge,4,2025-05-16 05:19:00,74.96774194,80.12830605600061
ridge,4,2025-05-16 06:44:00,85.35483871,78.85326862141213
ridge,4,2025-05-16 08:10:00,85.80645161,87.14768526871653
ridge,4,2025-05-16 09:36:00,111.0967742,85.96191879126029
ridge,4,2025-05-16 11:01:00,113.3548387,105.59993909510136
ridge,4,2025-05-16 12:27:00,113.8064516,105.69729797402894
random_forest,4,2025-05-12 15:42:00,78.58064516,79.85184464768707
random_forest,4,2025-05-12 17:08:00,82.19354839,85.76279930537936
random_forest,4,2025-05-12 18:33:00,82.64516129,83.03235851626091
random_forest,4,2025-05-12 19:59:00,95.29032258,83.49661818686953
random_forest,4,2025-05-12 21:24:00,95.74193548,90.5249072151835
random_forest,4,2025-05-12 22:50:00,96.19354839,95.11536911614809
random_forest,4,2025-05-13 00:16:00,96.19354839,88.56550312916058
random_forest,4,2025-05-13 01:41:00,95.74193548,93.25851813522506
random_forest,4,2025-05-13 03:07:00,84.90322581,88.5179805019068
random_forest,4,2025-05-13 04:32:00,84.90322581,74.99756331627768
random_forest,4,2025-05-13 05:58:00,84.0,74.04564701217461
random_forest,4,2025-05-13 07:24:00,58.25806452,85.78315915483675
random_forest,4,2025-05-13 08:49:00,59.61290323,70.43456410057243
random_forest,4,2025-05-13 10:15:00,59.61290323,77.66292555543325
random_forest,4,2025-05-13 11:40:00,79.93548387,78.4743955072694
random_forest,4,2025-05-13 13:06:00,80.83870968,81.73498769090823
random_forest,4,2025-05-13 14:32:00,85.80645161,82.01255758472723
random_forest,4,2025-05-13 15:57:00,86.70967742,85.75758213226176
random_forest,4,2025-05-13 17:23:00,86.70967742,85.91897834008229
random_forest,4,2025-05-13 18:49:00,94.83870968,96.47173284485511
random_forest,4,2025-05-13 20:14:00,94.83870968,93.97476563330892
random_forest,4,2025-05-13 21:40:00,94.83870968,94.30065305659177
random_forest,4,2025-05-13 23:05:00,94.83870968,99.94932237395217
random_forest,4,2025-05-14 00:31:00,93.93548387,100.93996560611917
random_forest,4,2025-05-14 01:57:00,79.93548387,104.11209557579237
random_forest,4,2025-05-14 03:22:00,79.48387097,79.63057329604008
random_forest,4,2025-05-14 04:48:00,77.67741935,82.42410013762591
random_forest,4,2025-05-14 06:13:00,55.5483871,79.29828699131754
random_forest,4,2025-05-14 07:39:00,74.96774194,76.69220828415418
random_forest,4,2025-05-14 09:05:00,75.41935484,80.25088806768734
random_forest,4,2025-05-14 10:30:00,75.41935484,80.741693976142
random_forest,4,2025-05-14 11:56:00,79.03225806,85.57245280624049
random_forest,4,2025-05-14 13:22:00,79.03225806,81.39187043998776
random_forest,4,2025-05-14 14:47:00,95.74193548,81.41259978640213
random_forest,4,2025-05-14 16:13:00,96.64516129,95.35690716568838
random_forest,4,2025-05-14 17:38:00,96.64516129,96.10253677021187
random_forest,4,2025-05-14 19:04:00,96.64516129,92.56413406969922
random_forest,4,2025-05-14 20:30:00,94.38709677,92.36776038055244
random_forest,4,2025-05-14 21:55:00,85.35483871,83.1495813147837
random_forest,4,2025-05-14 23:21:00,85.35483871,78.03790161600497
random_forest,4,2025-05-15 00:46:00,84.0,79.07291279813022
random_forest,4,2025-05-15 02:12:00,53.29032258,79.91633841772673
random_forest,4,2025-05-15 03:38:00,52.83870968,72.42215053866661
random_forest,4,2025-05-15 05:03:00,53.29032258,75.6491756282223
random_forest,4,2025-05-15 06:29:00,71.80645161,72.16629928529733
random_forest,4,2025-05-15 07:55:00,72.70967742,80.81000730987631
random_forest,4,2025-05-15 09:20:00,80.38709677,81.692006117708
random_forest,4,2025-05-15 10:46:00,80.83870968,82.55683005492305
random_forest,4,2025-05-15 12:11:00,80.83870968,81.81016019706506
random_forest,4,2025-05-15 13:37:00,99.80645161,90.89317733161657
random_forest,4,2025-05-15 15:03:00,100.7096774,97.11760917608457
random_forest,4,2025-05-15 16:28:00,100.7096774,99.22519846742287
random_forest,4,2025-05-15 17:54:00,100.7096774,94.77146508294622
random_forest,4,2025-05-15 19:19:00,100.7096774,96.1857024236231
random_forest,4,2025-05-15 20:45:00,92.12903226,95.28567336858524
random_forest,4,2025-05-15 22:11:00,53.29032258,80.28371952699656
random_forest,4,2025-05-15 23:36:00,55.09677419,64.51922580666661
random_forest,4,2025-05-16 01:02:00,55.5483871,74.64508960612234
random_forest,4,2025-05-16 02:28:00,74.51612903,73.80113799459727
random_forest,4,2025-05-16 03:53:00,74.96774194,79.3862249725968
random_forest,4,2025-05-16 05:19:00,74.96774194,80.12264321146813
random_forest,4,2025-05-16 06:44:00,85.35483871,88.96587267294295
random_forest,4,2025-05-16 08:10:00,85.80645161,85.30166919388367
random_forest,4,2025-05-16 09:36:00,111.0967742,85.20546942605426
random_forest,4,2025-05-16 11:01:00,113.3548387,110.22881237853434
random_forest,4,2025-05-16 12:27:00,113.8064516,111.59834609943113
xgboost,4,2025-05-12 15:42:00,78.58064516,79.35745239257812
xgboost,4,2025-05-12 17:08:00,82.19354839,82.009765625
xgboost,4,2025-05-12 18:33:00,82.64516129,78.79578399658203
xgboost,4,2025-05-12 19:59:00,95.29032258,78.57894897460938
xgboost,4,2025-05-12 21:24:00,95.74193548,91.19933319091797
xgboost,4,2025-05-12 22:50:00,96.19354839,93.72957611083984
xgboost,4,2025-05-13 00:16:00,96.19354839,89.75851440429688
xgboost,4,2025-05-13 01:41:00,95.74193548,94.89226531982422
xgboost,4,2025-05-13 03:07:00,84.90322581,86.64391326904297
xgboost,4,2025-05-13 04:32:00,84.90322581,67.53739166259766
xgboost,4,2025-05-13 05:58:00,84.0,74.60191345214844
xgboost,4,2025-05-13 07:24:00,58.25806452,84.0030746459961
xgboost,4,2025-05-13 08:49:00,59.61290323,68.71039581298828
xgboost,4,2025-05-13 10:15:00,59.61290323,76.65389251708984
xgboost,4,2025-05-13 11:40:00,79.93548387,74.23419189453125
xgboost,4,2025-05-13 13:06:00,80.83870968,81.3260498046875
xgboost,4,2025-05-13 14:32:00,85.80645161,77.78369140625
xgboost,4,2025-05-13 15:57:00,86.70967742,84.63279724121094
xgboost,4,2025-05-13 17:23:00,86.70967742,86.81121826171875
xgboost,4,2025-05-13 18:49:00,94.83870968,94.58721923828125
xgboost,4,2025-05-13 20:14:00,94.83870968,92.68465423583984
xgboost,4,2025-05-13 21:40:00,94.83870968,95.77213287353516
xgboost,4,2025-05-13 23:05:00,94.83870968,102.16092681884766
xgboost,4,2025-05-14 00:31:00,93.93548387,109.32857513427734
xgboost,4,2025-05-14 01:57:00,79.93548387,108.91108703613281
xgboost,4,2025-05-14 03:22:00,79.48387097,76.49372863769531
xgboost,4,2025-05-14 04:48:00,77.67741935,85.44334411621094
xgboost,4,2025-05-14 06:13:00,55.5483871,78.73180389404297
xgboost,4,2025-05-14 07:39:00,74.96774194,77.13267517089844
xgboost,4,2025-05-14 09:05:00,75.41935484,78.5156478881836
xgboost,4,2025-05-14 10:30:00,75.41935484,80.61751556396484
xgboost,4,2025-05-14 11:56:00,79.03225806,80.70445251464844
xgboost,4,2025-05-14 13:22:00,79.03225806,76.26295471191406
xgboost,4,2025-05-14 14:47:00,95.74193548,76.17008209228516
xgboost,4,2025-05-14 16:13:00,96.64516129,88.9273452758789
xgboost,4,2025-05-14 17:38:00,96.64516129,92.16907501220703
xgboost,4,2025-05-14 19:04:00,96.64516129,85.43970489501953
xgboost,4,2025-05-14 20:30:00,94.38709677,78.5416259765625
xgboost,4,2025-05-14 21:55:00,85.35483871,69.45440673828125
xgboost,4,2025-05-14 23:21:00,85.35483871,66.50554656982422
xgboost,4,2025-05-15 00:46:00,84.0,70.02531433105469
xgboost,4,2025-05-15 02:12:00,53.29032258,74.9195327758789
xgboost,4,2025-05-15 03:38:00,52.83870968,70.4462661743164
xgboost,4,2025-05-15 05:03:00,53.29032258,75.67607116699219
xgboost,4,2025-05-15 06:29:00,71.80645161,78.12263488769531
xgboost,4,2025-05-15 07:55:00,72.70967742,78.72152709960938
xgboost,4,2025-05-15 09:20:00,80.38709677,78.08975982666016
xgboost,4,2025-05-15 10:46:00,80.83870968,82.16439819335938
xgboost,4,2025-05-15 12:11:00,80.83870968,79.78764343261719
xgboost,4,2025-05-15 13:37:00,99.80645161,91.11518859863281
xgboost,4,2025-05-15 15:03:00,100.7096774,95.97733306884766
xgboost,4,2025-05-15 16:28:00,100.7096774,102.12841796875
xgboost,4,2025-05-15 17:54:00,100.7096774,92.56883239746094
xgboost,4,2025-05-15 19:19:00,100.7096774,94.68946075439453
xgboost,4,2025-05-15 20:45:00,92.12903226,96.22876739501953
xgboost,4,2025-05-15 22:11:00,53.29032258,85.83863830566406
xgboost,4,2025-05-15 23:36:00,55.09677419,68.0189208984375
xgboost,4,2025-05-16 01:02:00,55.5483871,75.87225341796875
xgboost,4,2025-05-16 02:28:00,74.51612903,73.12283325195312
xgboost,4,2025-05-16 03:53:00,74.96774194,77.98377227783203
xgboost,4,2025-05-16 05:19:00,74.96774194,79.26598358154297
xgboost,4,2025-05-16 06:44:00,85.35483871,86.6936264038086
xgboost,4,2025-05-16 08:10:00,85.80645161,85.7991714477539
xgboost,4,2025-05-16 09:36:00,111.0967742,83.65994262695312
xgboost,4,2025-05-16 11:01:00,113.3548387,111.99911499023438
xgboost,4,2025-05-16 12:27:00,113.8064516,108.59669494628906
persistence,5,2025-05-16 13:52:00,113.8064516,113.8064516
persistence,5,2025-05-16 15:18:00,113.3548387,113.8064516
persistence,5,2025-05-16 16:44:00,104.7741935,113.3548387
persistence,5,2025-05-16 18:09:00,104.3225806,104.7741935
persistence,5,2025-05-16 19:35:00,103.4193548,104.3225806
persistence,5,2025-05-16 21:00:00,63.67741935,103.4193548
persistence,5,2025-05-16 22:26:00,64.12903226,63.67741935
persistence,5,2025-05-16 23:52:00,64.12903226,64.12903226
persistence,5,2025-05-17 01:17:00,86.25806452,64.12903226
persistence,5,2025-05-17 02:43:00,86.70967742,86.25806452
persistence,5,2025-05-17 04:09:00,92.12903226,86.70967742
persistence,5,2025-05-17 05:34:00,93.03225806,92.12903226
persistence,5,2025-05-17 07:00:00,93.03225806,93.03225806
persistence,5,2025-05-17 08:25:00,108.8387097,93.03225806
persistence,5,2025-05-17 09:51:00,108.8387097,108.8387097
persistence,5,2025-05-17 11:17:00,108.8387097,108.8387097
persistence,5,2025-05-17 12:42:00,108.8387097,108.8387097
persistence,5,2025-05-17 14:08:00,108.3870968,108.8387097
persistence,5,2025-05-17 15:33:00,88.06451613,108.3870968
persistence,5,2025-05-17 16:59:00,61.87096774,88.06451613
persistence,5,2025-05-17 18:25:00,63.22580645,61.87096774
persistence,5,2025-05-17 19:50:00,63.67741935,63.22580645
persistence,5,2025-05-17 21:16:00,86.70967742,63.67741935
persistence,5,2025-05-17 22:42:00,87.61290323,86.70967742
persistence,5,2025-05-18 00:07:00,87.61290323,87.61290323
persistence,5,2025-05-18 01:33:00,92.58064516,87.61290323
persistence,5,2025-05-18 02:58:00,92.58064516,92.58064516
persistence,5,2025-05-18 04:24:00,116.9677419,92.58064516
persistence,5,2025-05-18 05:50:00,117.4193548,116.9677419
persistence,5,2025-05-18 07:15:00,117.8709677,117.4193548
persistence,5,2025-05-18 08:41:00,117.8709677,117.8709677
persistence,5,2025-05-18 10:06:00,117.4193548,117.8709677
persistence,5,2025-05-18 11:32:00,104.3225806,117.4193548
persistence,5,2025-05-18 12:58:00,104.3225806,104.3225806
persistence,5,2025-05-18 14:23:00,102.9677419,104.3225806
persistence,5,2025-05-18 15:49:00,67.29032258,102.9677419
persistence,5,2025-05-18 17:15:00,68.19354839,67.29032258
persistence,5,2025-05-18 18:40:00,68.19354839,68.19354839
persistence,5,2025-05-18 20:06:00,92.58064516,68.19354839
persistence,5,2025-05-18 21:31:00,93.03225806,92.58064516
persistence,5,2025-05-18 22:57:00,100.2580645,93.03225806
persistence,5,2025-05-19 00:23:00,101.1612903,100.2580645
persistence,5,2025-05-19 01:48:00,101.1612903,101.1612903
persistence,5,2025-05-19 03:14:00,121.483871,101.1612903
persistence,5,2025-05-19 04:39:00,122.3870968,121.483871
persistence,5,2025-05-19 06:05:00,122.3870968,122.3870968
persistence,5,2025-05-19 07:31:00,121.9354839,122.3870968
persistence,5,2025-05-19 08:56:00,110.1935484,121.9354839
persistence,5,2025-05-19 10:22:00,109.2903226,110.1935484
persistence,5,2025-05-19 11:48:00,74.51612903,109.2903226
persistence,5,2025-05-19 13:13:00,76.32258065,74.51612903
persistence,5,2025-05-19 14:39:00,76.77419355,76.32258065
persistence,5,2025-05-19 16:04:00,102.516129,76.77419355
persistence,5,2025-05-19 17:30:00,102.9677419,102.516129
persistence,5,2025-05-19 18:56:00,102.9677419,102.9677419
persistence,5,2025-05-19 20:21:00,115.1612903,102.9677419
persistence,5,2025-05-19 21:47:00,115.6129032,115.1612903
persistence,5,2025-05-19 23:12:00,133.6774194,115.6129032
persistence,5,2025-05-20 00:38:00,133.6774194,133.6774194
persistence,5,2025-05-20 02:04:00,134.1290323,133.6774194
persistence,5,2025-05-20 03:29:00,134.1290323,134.1290323
persistence,5,2025-05-20 04:55:00,134.1290323,134.1290323
persistence,5,2025-05-20 06:20:00,112.0,134.1290323
persistence,5,2025-05-20 07:46:00,112.0,112.0
persistence,5,2025-05-20 09:12:00,110.6451613,112.0
persistence,5,2025-05-20 10:37:00,72.25806452,110.6451613
seasonal_naive_17,5,2025-05-16 13:52:00,113.8064516,99.80645161
seasonal_naive_17,5,2025-05-16 15:18:00,113.3548387,100.7096774
seasonal_naive_17,5,2025-05-16 16:44:00,104.7741935,100.7096774
seasonal_naive_17,5,2025-05-16 18:09:00,104.3225806,100.7096774
seasonal_naive_17,5,2025-05-16 19:35:00,103.4193548,100.7096774
seasonal_naive_17,5,2025-05-16 21:00:00,63.67741935,92.12903226
seasonal_naive_17,5,2025-05-16 22:26:00,64.12903226,53.29032258
seasonal_naive_17,5,2025-05-16 23:52:00,64.12903226,55.09677419
seasonal_naive_17,5,2025-05-17 01:17:00,86.25806452,55.5483871
seasonal_naive_17,5,2025-05-17 02:43:00,86.70967742,74.51612903
seasonal_naive_17,5,2025-05-17 04:09:00,92.12903226,74.96774194
seasonal_naive_17,5,2025-05-17 05:34:00,93.03225806,74.96774194
seasonal_naive_17,5,2025-05-17 07:00:00,93.03225806,85.35483871
seasonal_naive_17,5,2025-05-17 08:25:00,108.8387097,85.80645161
seasonal_naive_17,5,2025-05-17 09:51:00,108.8387097,111.0967742
seasonal_naive_17,5,2025-05-17 11:17:00,108.8387097,113.3548387
seasonal_naive_17,5,2025-05-17 12:42:00,108.8387097,113.8064516
seasonal_naive_17,5,2025-05-17 14:08:00,108.3870968,113.8064516
seasonal_naive_17,5,2025-05-17 15:33:00,88.06451613,113.3548387
seasonal_naive_17,5,2025-05-17 16:59:00,61.87096774,104.7741935
seasonal_naive_17,5,2025-05-17 18:25:00,63.22580645,104.3225806
seasonal_naive_17,5,2025-05-17 19:50:00,63.67741935,103.4193548
seasonal_naive_17,5,2025-05-17 21:16:00,86.70967742,63.67741935
seasonal_naive_17,5,2025-05-17 22:42:00,87.61290323,64.12903226
seasonal_naive_17,5,2025-05-18 00:07:00,87.61290323,64.12903226
seasonal_naive_17,5,2025-05-18 01:33:00,92.58064516,86.25806452
seasonal_naive_17,5,2025-05-18 02:58:00,92.58064516,86.70967742
seasonal_naive_17,5,2025-05-18 04:24:00,116.9677419,92.12903226
seasonal_naive_17,5,2025-05-18 05:50:00,117.4193548,93.03225806
seasonal_naive_17,5,2025-05-18 07:15:00,117.8709677,93.03225806
seasonal_naive_17,5,2025-05-18 08:41:00,117.8709677,108.8387097
seasonal_naive_17,5,2025-05-18 10:06:00,117.4193548,108.8387097
seasonal_naive_17,5,2025-05-18 11:32:00,104.3225806,108.8387097
seasonal_naive_17,5,2025-05-18 12:58:00,104.3225806,108.8387097
seasonal_naive_17,5,2025-05-18 14:23:00,102.9677419,108.3870968
seasonal_naive_17,5,2025-05-18 15:49:00,67.29032258,88.06451613
seasonal_naive_17,5,2025-05-18 17:15:00,68.19354839,61.87096774
seasonal_naive_17,5,2025-05-18 18:40:00,68.19354839,63.22580645
seasonal_naive_17,5,2025-05-18 20:06:00,92.58064516,63.67741935
seasonal_naive_17,5,2025-05-18 21:31:00,93.03225806,86.70967742
seasonal_naive_17,5,2025-05-18 22:57:00,100.2580645,87.61290323
seasonal_naive_17,5,2025-05-19 00:23:00,101.1612903,87.61290323
seasonal_naive_17,5,2025-05-19 01:48:00,101.1612903,92.58064516
seasonal_naive_17,5,2025-05-19 03:14:00,121.483871,92.58064516
seasonal_naive_17,5,2025-05-19 04:39:00,122.3870968,116.9677419
seasonal_naive_17,5,2025-05-19 06:05:00,122.3870968,117.4193548
seasonal_naive_17,5,2025-05-19 07:31:00,121.9354839,117.8709677
seasonal_naive_17,5,2025-05-19 08:56:00,110.1935484,117.8709677
seasonal_naive_17,5,2025-05-19 10:22:00,109.2903226,117.4193548
seasonal_naive_17,5,2025-05-19 11:48:00,74.51612903,104.3225806
seasonal_naive_17,5,2025-05-19 13:13:00,76.32258065,104.3225806
seasonal_naive_17,5,2025-05-19 14:39:00,76.77419355,102.9677419
seasonal_naive_17,5,2025-05-19 16:04:00,102.516129,67.29032258
seasonal_naive_17,5,2025-05-19 17:30:00,102.9677419,68.19354839
seasonal_naive_17,5,2025-05-19 18:56:00,102.9677419,68.19354839
seasonal_naive_17,5,2025-05-19 20:21:00,115.1612903,92.58064516
seasonal_naive_17,5,2025-05-19 21:47:00,115.6129032,93.03225806
seasonal_naive_17,5,2025-05-19 23:12:00,133.6774194,100.2580645
seasonal_naive_17,5,2025-05-20 00:38:00,133.6774194,101.1612903
seasonal_naive_17,5,2025-05-20 02:04:00,134.1290323,101.1612903
seasonal_naive_17,5,2025-05-20 03:29:00,134.1290323,121.483871
seasonal_naive_17,5,2025-05-20 04:55:00,134.1290323,122.3870968
seasonal_naive_17,5,2025-05-20 06:20:00,112.0,122.3870968
seasonal_naive_17,5,2025-05-20 07:46:00,112.0,121.9354839
seasonal_naive_17,5,2025-05-20 09:12:00,110.6451613,110.1935484
seasonal_naive_17,5,2025-05-20 10:37:00,72.25806452,109.2903226
drift,5,2025-05-16 13:52:00,113.8064516,113.81701564444445
drift,5,2025-05-16 15:18:00,113.3548387,113.82757968888889
drift,5,2025-05-16 16:44:00,104.7741935,113.83814373333334
drift,5,2025-05-16 18:09:00,104.3225806,113.84870777777778
drift,5,2025-05-16 19:35:00,103.4193548,113.85927182222223
drift,5,2025-05-16 21:00:00,63.67741935,113.86983586666668
drift,5,2025-05-16 22:26:00,64.12903226,113.88039991111111
drift,5,2025-05-16 23:52:00,64.12903226,113.89096395555556
drift,5,2025-05-17 01:17:00,86.25806452,113.901528
drift,5,2025-05-17 02:43:00,86.70967742,113.91209204444445
drift,5,2025-05-17 04:09:00,92.12903226,113.92265608888889
drift,5,2025-05-17 05:34:00,93.03225806,113.93322013333334
drift,5,2025-05-17 07:00:00,93.03225806,113.94378417777779
drift,5,2025-05-17 08:25:00,108.8387097,113.95434822222222
drift,5,2025-05-17 09:51:00,108.8387097,113.96491226666667
drift,5,2025-05-17 11:17:00,108.8387097,113.97547631111111
drift,5,2025-05-17 12:42:00,108.8387097,113.98604035555556
drift,5,2025-05-17 14:08:00,108.3870968,113.9966044
drift,5,2025-05-17 15:33:00,88.06451613,114.00716844444445
drift,5,2025-05-17 16:59:00,61.87096774,114.0177324888889
drift,5,2025-05-17 18:25:00,63.22580645,114.02829653333333
drift,5,2025-05-17 19:50:00,63.67741935,114.03886057777778
drift,5,2025-05-17 21:16:00,86.70967742,114.04942462222222
drift,5,2025-05-17 22:42:00,87.61290323,114.05998866666667
drift,5,2025-05-18 00:07:00,87.61290323,114.07055271111112
drift,5,2025-05-18 01:33:00,92.58064516,114.08111675555556
drift,5,2025-05-18 02:58:00,92.58064516,114.0916808
drift,5,2025-05-18 04:24:00,116.9677419,114.10224484444444
drift,5,2025-05-18 05:50:00,117.4193548,114.11280888888889
drift,5,2025-05-18 07:15:00,117.8709677,114.12337293333334
drift,5,2025-05-18 08:41:00,117.8709677,114.13393697777778
drift,5,2025-05-18 10:06:00,117.4193548,114.14450102222223
drift,5,2025-05-18 11:32:00,104.3225806,114.15506506666667
drift,5,2025-05-18 12:58:00,104.3225806,114.16562911111112
drift,5,2025-05-18 14:23:00,102.9677419,114.17619315555555
drift,5,2025-05-18 15:49:00,67.29032258,114.1867572
drift,5,2025-05-18 17:15:00,68.19354839,114.19732124444445
drift,5,2025-05-18 18:40:00,68.19354839,114.20788528888889
drift,5,2025-05-18 20:06:00,92.58064516,114.21844933333334
drift,5,2025-05-18 21:31:00,93.03225806,114.22901337777778
drift,5,2025-05-18 22:57:00,100.2580645,114.23957742222223
drift,5,2025-05-19 00:23:00,101.1612903,114.25014146666666
drift,5,2025-05-19 01:48:00,101.1612903,114.26070551111111
drift,5,2025-05-19 03:14:00,121.483871,114.27126955555556
drift,5,2025-05-19 04:39:00,122.3870968,114.2818336
drift,5,2025-05-19 06:05:00,122.3870968,114.29239764444445
drift,5,2025-05-19 07:31:00,121.9354839,114.30296168888889
drift,5,2025-05-19 08:56:00,110.1935484,114.31352573333334
drift,5,2025-05-19 10:22:00,109.2903226,114.32408977777779
drift,5,2025-05-19 11:48:00,74.51612903,114.33465382222222
drift,5,2025-05-19 13:13:00,76.32258065,114.34521786666667
drift,5,2025-05-19 14:39:00,76.77419355,114.35578191111111
drift,5,2025-05-19 16:04:00,102.516129,114.36634595555556
drift,5,2025-05-19 17:30:00,102.9677419,114.37691000000001
drift,5,2025-05-19 18:56:00,102.9677419,114.38747404444445
drift,5,2025-05-19 20:21:00,115.1612903,114.3980380888889
drift,5,2025-05-19 21:47:00,115.6129032,114.40860213333333
drift,5,2025-05-19 23:12:00,133.6774194,114.41916617777778
drift,5,2025-05-20 00:38:00,133.6774194,114.42973022222222
drift,5,2025-05-20 02:04:00,134.1290323,114.44029426666667
drift,5,2025-05-20 03:29:00,134.1290323,114.45085831111112
drift,5,2025-05-20 04:55:00,134.1290323,114.46142235555556
drift,5,2025-05-20 06:20:00,112.0,114.4719864
drift,5,2025-05-20 07:46:00,112.0,114.48255044444444
drift,5,2025-05-20 09:12:00,110.6451613,114.49311448888889
drift,5,2025-05-20 10:37:00,72.25806452,114.50367853333333
rolling_mean_17,5,2025-05-16 13:52:00,113.8064516,87.79886147470587
rolling_mean_17,5,2025-05-16 15:18:00,113.3548387,88.62239088588235
rolling_mean_17,5,2025-05-16 16:44:00,104.7741935,89.36622390352943
rolling_mean_17,5,2025-05-16 18:09:00,104.3225806,89.60531308588236
rolling_mean_17,5,2025-05-16 19:35:00,103.4193548,89.81783680352942
rolling_mean_17,5,2025-05-16 21:00:00,63.67741935,89.97722959176473
rolling_mean_17,5,2025-05-16 22:26:00,64.12903226,88.3036053029412
rolling_mean_17,5,2025-05-16 23:52:00,64.12903226,88.94117646058825
rolling_mean_17,5,2025-05-17 01:17:00,86.25806452,89.47248575882354
rolling_mean_17,5,2025-05-17 02:43:00,86.70967742,91.27893737176471
rolling_mean_17,5,2025-05-17 04:09:00,92.12903226,91.99620492411765
rolling_mean_17,5,2025-05-17 05:34:00,93.03225806,93.00569259
rolling_mean_17,5,2025-05-17 07:00:00,93.03225806,94.06831118529412
rolling_mean_17,5,2025-05-17 08:25:00,108.8387097,94.51992408823529
rolling_mean_17,5,2025-05-17 09:51:00,108.8387097,95.87476279941177
rolling_mean_17,5,2025-05-17 11:17:00,108.8387097,95.74193547588234
rolling_mean_17,5,2025-05-17 12:42:00,108.8387097,95.47628082882353
rolling_mean_17,5,2025-05-17 14:08:00,108.3870968,95.18406071705883
rolling_mean_17,5,2025-05-17 15:33:00,88.06451613,94.86527514058825
rolling_mean_17,5,2025-05-17 16:59:00,61.87096774,93.37760910705882
rolling_mean_17,5,2025-05-17 18:25:00,63.22580645,90.85388994470588
rolling_mean_17,5,2025-05-17 19:50:00,63.67741935,88.4364326417647
rolling_mean_17,5,2025-05-17 21:16:00,86.70967742,86.09867173294118
rolling_mean_17,5,2025-05-17 22:42:00,87.61290323,87.45351044294117
rolling_mean_17,5,2025-05-18 00:07:00,87.61290323,88.83491461764707
rolling_mean_17,5,2025-05-18 01:33:00,92.58064516,90.21631879235295
rolling_mean_17,5,2025-05-18 02:58:00,92.58064516,90.58823530058824
rolling_mean_17,5,2025-05-18 04:24:00,116.9677419,90.93358634411764
rolling_mean_17,5,2025-05-18 05:50:00,117.4193548,92.39468691117648
rolling_mean_17,5,2025-05-18 07:15:00,117.8709677,93.82922201352942
rolling_mean_17,5,2025-05-18 08:41:00,117.8709677,95.29032258058822
rolling_mean_17,5,2025-05-18 10:06:00,117.4193548,95.82163187470589
rolling_mean_17,5,2025-05-18 11:32:00,104.3225806,96.32637570411765
rolling_mean_17,5,2025-05-18 12:58:00,104.3225806,96.06072105117647
rolling_mean_17,5,2025-05-18 14:23:00,102.9677419,95.79506639823529
rolling_mean_17,5,2025-05-18 15:49:00,67.29032258,95.47628081588235
rolling_mean_17,5,2025-05-18 17:15:00,68.19354839,94.25426943058824
rolling_mean_17,5,2025-05-18 18:40:00,68.19354839,94.62618593941176
rolling_mean_17,5,2025-05-18 20:06:00,92.58064516,94.91840605352941
rolling_mean_17,5,2025-05-18 21:31:00,93.03225806,96.61859580705881
rolling_mean_17,5,2025-05-18 22:57:00,100.2580645,96.99051231529411
rolling_mean_17,5,2025-05-19 00:23:00,101.1612903,97.73434533117647
rolling_mean_17,5,2025-05-19 01:48:00,101.1612903,98.5313092764706
rolling_mean_17,5,2025-05-19 03:14:00,121.483871,99.0360531082353
rolling_mean_17,5,2025-05-19 04:39:00,122.3870968,100.7362428635294
rolling_mean_17,5,2025-05-19 06:05:00,122.3870968,101.05502844588236
rolling_mean_17,5,2025-05-19 07:31:00,121.9354839,101.34724856352943
rolling_mean_17,5,2025-05-19 08:56:00,110.1935484,101.58633775176472
rolling_mean_17,5,2025-05-19 10:22:00,109.2903226,101.1347248517647
rolling_mean_17,5,2025-05-19 11:48:00,74.51612903,100.65654648705882
rolling_mean_17,5,2025-05-19 13:13:00,76.32258065,98.90322580647057
rolling_mean_17,5,2025-05-19 14:39:00,76.77419355,97.25616698588234
rolling_mean_17,5,2025-05-19 16:04:00,102.516129,95.71537002411765
rolling_mean_17,5,2025-05-19 17:30:00,102.9677419,97.78747628411766
rolling_mean_17,5,2025-05-19 18:56:00,102.9677419,99.83301707882352
rolling_mean_17,5,2025-05-19 20:21:00,115.1612903,101.8785578735294
rolling_mean_17,5,2025-05-19 21:47:00,115.6129032,103.20683111705883
rolling_mean_17,5,2025-05-19 23:12:00,133.6774194,104.53510436058824
rolling_mean_17,5,2025-05-20 00:38:00,133.6774194,106.50094876647057
rolling_mean_17,5,2025-05-20 02:04:00,134.1290323,108.41366224294117
rolling_mean_17,5,2025-05-20 03:29:00,134.1290323,110.35294118411765
rolling_mean_17,5,2025-05-20 04:55:00,134.1290323,111.09677420176472
rolling_mean_17,5,2025-05-20 06:20:00,112.0,111.78747629
rolling_mean_17,5,2025-05-20 07:46:00,112.0,111.17647059588235
rolling_mean_17,5,2025-05-20 09:12:00,110.6451613,110.5920303664706
rolling_mean_17,5,2025-05-20 10:37:00,72.25806452,110.61859583117646
train_mean,5,2025-05-16 13:52:00,113.8064516,91.0781257340292
train_mean,5,2025-05-16 15:18:00,113.3548387,91.0781257340292
train_mean,5,2025-05-16 16:44:00,104.7741935,91.0781257340292
train_mean,5,2025-05-16 18:09:00,104.3225806,91.0781257340292
train_mean,5,2025-05-16 19:35:00,103.4193548,91.0781257340292
train_mean,5,2025-05-16 21:00:00,63.67741935,91.0781257340292
train_mean,5,2025-05-16 22:26:00,64.12903226,91.0781257340292
train_mean,5,2025-05-16 23:52:00,64.12903226,91.0781257340292
train_mean,5,2025-05-17 01:17:00,86.25806452,91.0781257340292
train_mean,5,2025-05-17 02:43:00,86.70967742,91.0781257340292
train_mean,5,2025-05-17 04:09:00,92.12903226,91.0781257340292
train_mean,5,2025-05-17 05:34:00,93.03225806,91.0781257340292
train_mean,5,2025-05-17 07:00:00,93.03225806,91.0781257340292
train_mean,5,2025-05-17 08:25:00,108.8387097,91.0781257340292
train_mean,5,2025-05-17 09:51:00,108.8387097,91.0781257340292
train_mean,5,2025-05-17 11:17:00,108.8387097,91.0781257340292
train_mean,5,2025-05-17 12:42:00,108.8387097,91.0781257340292
train_mean,5,2025-05-17 14:08:00,108.3870968,91.0781257340292
train_mean,5,2025-05-17 15:33:00,88.06451613,91.0781257340292
train_mean,5,2025-05-17 16:59:00,61.87096774,91.0781257340292
train_mean,5,2025-05-17 18:25:00,63.22580645,91.0781257340292
train_mean,5,2025-05-17 19:50:00,63.67741935,91.0781257340292
train_mean,5,2025-05-17 21:16:00,86.70967742,91.0781257340292
train_mean,5,2025-05-17 22:42:00,87.61290323,91.0781257340292
train_mean,5,2025-05-18 00:07:00,87.61290323,91.0781257340292
train_mean,5,2025-05-18 01:33:00,92.58064516,91.0781257340292
train_mean,5,2025-05-18 02:58:00,92.58064516,91.0781257340292
train_mean,5,2025-05-18 04:24:00,116.9677419,91.0781257340292
train_mean,5,2025-05-18 05:50:00,117.4193548,91.0781257340292
train_mean,5,2025-05-18 07:15:00,117.8709677,91.0781257340292
train_mean,5,2025-05-18 08:41:00,117.8709677,91.0781257340292
train_mean,5,2025-05-18 10:06:00,117.4193548,91.0781257340292
train_mean,5,2025-05-18 11:32:00,104.3225806,91.0781257340292
train_mean,5,2025-05-18 12:58:00,104.3225806,91.0781257340292
train_mean,5,2025-05-18 14:23:00,102.9677419,91.0781257340292
train_mean,5,2025-05-18 15:49:00,67.29032258,91.0781257340292
train_mean,5,2025-05-18 17:15:00,68.19354839,91.0781257340292
train_mean,5,2025-05-18 18:40:00,68.19354839,91.0781257340292
train_mean,5,2025-05-18 20:06:00,92.58064516,91.0781257340292
train_mean,5,2025-05-18 21:31:00,93.03225806,91.0781257340292
train_mean,5,2025-05-18 22:57:00,100.2580645,91.0781257340292
train_mean,5,2025-05-19 00:23:00,101.1612903,91.0781257340292
train_mean,5,2025-05-19 01:48:00,101.1612903,91.0781257340292
train_mean,5,2025-05-19 03:14:00,121.483871,91.0781257340292
train_mean,5,2025-05-19 04:39:00,122.3870968,91.0781257340292
train_mean,5,2025-05-19 06:05:00,122.3870968,91.0781257340292
train_mean,5,2025-05-19 07:31:00,121.9354839,91.0781257340292
train_mean,5,2025-05-19 08:56:00,110.1935484,91.0781257340292
train_mean,5,2025-05-19 10:22:00,109.2903226,91.0781257340292
train_mean,5,2025-05-19 11:48:00,74.51612903,91.0781257340292
train_mean,5,2025-05-19 13:13:00,76.32258065,91.0781257340292
train_mean,5,2025-05-19 14:39:00,76.77419355,91.0781257340292
train_mean,5,2025-05-19 16:04:00,102.516129,91.0781257340292
train_mean,5,2025-05-19 17:30:00,102.9677419,91.0781257340292
train_mean,5,2025-05-19 18:56:00,102.9677419,91.0781257340292
train_mean,5,2025-05-19 20:21:00,115.1612903,91.0781257340292
train_mean,5,2025-05-19 21:47:00,115.6129032,91.0781257340292
train_mean,5,2025-05-19 23:12:00,133.6774194,91.0781257340292
train_mean,5,2025-05-20 00:38:00,133.6774194,91.0781257340292
train_mean,5,2025-05-20 02:04:00,134.1290323,91.0781257340292
train_mean,5,2025-05-20 03:29:00,134.1290323,91.0781257340292
train_mean,5,2025-05-20 04:55:00,134.1290323,91.0781257340292
train_mean,5,2025-05-20 06:20:00,112.0,91.0781257340292
train_mean,5,2025-05-20 07:46:00,112.0,91.0781257340292
train_mean,5,2025-05-20 09:12:00,110.6451613,91.0781257340292
train_mean,5,2025-05-20 10:37:00,72.25806452,91.0781257340292
seasonal_naive_24,5,2025-05-16 13:52:00,113.8064516,52.83870968
seasonal_naive_24,5,2025-05-16 15:18:00,113.3548387,53.29032258
seasonal_naive_24,5,2025-05-16 16:44:00,104.7741935,71.80645161
seasonal_naive_24,5,2025-05-16 18:09:00,104.3225806,72.70967742
seasonal_naive_24,5,2025-05-16 19:35:00,103.4193548,80.38709677
seasonal_naive_24,5,2025-05-16 21:00:00,63.67741935,80.83870968
seasonal_naive_24,5,2025-05-16 22:26:00,64.12903226,80.83870968
seasonal_naive_24,5,2025-05-16 23:52:00,64.12903226,99.80645161
seasonal_naive_24,5,2025-05-17 01:17:00,86.25806452,100.7096774
seasonal_naive_24,5,2025-05-17 02:43:00,86.70967742,100.7096774
seasonal_naive_24,5,2025-05-17 04:09:00,92.12903226,100.7096774
seasonal_naive_24,5,2025-05-17 05:34:00,93.03225806,100.7096774
seasonal_naive_24,5,2025-05-17 07:00:00,93.03225806,92.12903226
seasonal_naive_24,5,2025-05-17 08:25:00,108.8387097,53.29032258
seasonal_naive_24,5,2025-05-17 09:51:00,108.8387097,55.09677419
seasonal_naive_24,5,2025-05-17 11:17:00,108.8387097,55.5483871
seasonal_naive_24,5,2025-05-17 12:42:00,108.8387097,74.51612903
seasonal_naive_24,5,2025-05-17 14:08:00,108.3870968,74.96774194
seasonal_naive_24,5,2025-05-17 15:33:00,88.06451613,74.96774194
seasonal_naive_24,5,2025-05-17 16:59:00,61.87096774,85.35483871
seasonal_naive_24,5,2025-05-17 18:25:00,63.22580645,85.80645161
seasonal_naive_24,5,2025-05-17 19:50:00,63.67741935,111.0967742
seasonal_naive_24,5,2025-05-17 21:16:00,86.70967742,113.3548387
seasonal_naive_24,5,2025-05-17 22:42:00,87.61290323,113.8064516
seasonal_naive_24,5,2025-05-18 00:07:00,87.61290323,113.8064516
seasonal_naive_24,5,2025-05-18 01:33:00,92.58064516,113.3548387
seasonal_naive_24,5,2025-05-18 02:58:00,92.58064516,104.7741935
seasonal_naive_24,5,2025-05-18 04:24:00,116.9677419,104.3225806
seasonal_naive_24,5,2025-05-18 05:50:00,117.4193548,103.4193548
seasonal_naive_24,5,2025-05-18 07:15:00,117.8709677,63.67741935
seasonal_naive_24,5,2025-05-18 08:41:00,117.8709677,64.12903226
seasonal_naive_24,5,2025-05-18 10:06:00,117.4193548,64.12903226
seasonal_naive_24,5,2025-05-18 11:32:00,104.3225806,86.25806452
seasonal_naive_24,5,2025-05-18 12:58:00,104.3225806,86.70967742
seasonal_naive_24,5,2025-05-18 14:23:00,102.9677419,92.12903226
seasonal_naive_24,5,2025-05-18 15:49:00,67.29032258,93.03225806
seasonal_naive_24,5,2025-05-18 17:15:00,68.19354839,93.03225806
seasonal_naive_24,5,2025-05-18 18:40:00,68.19354839,108.8387097
seasonal_naive_24,5,2025-05-18 20:06:00,92.58064516,108.8387097
seasonal_naive_24,5,2025-05-18 21:31:00,93.03225806,108.8387097
seasonal_naive_24,5,2025-05-18 22:57:00,100.2580645,108.8387097
seasonal_naive_24,5,2025-05-19 00:23:00,101.1612903,108.3870968
seasonal_naive_24,5,2025-05-19 01:48:00,101.1612903,88.06451613
seasonal_naive_24,5,2025-05-19 03:14:00,121.483871,61.87096774
seasonal_naive_24,5,2025-05-19 04:39:00,122.3870968,63.22580645
seasonal_naive_24,5,2025-05-19 06:05:00,122.3870968,63.67741935
seasonal_naive_24,5,2025-05-19 07:31:00,121.9354839,86.70967742
seasonal_naive_24,5,2025-05-19 08:56:00,110.1935484,87.61290323
seasonal_naive_24,5,2025-05-19 10:22:00,109.2903226,87.61290323
seasonal_naive_24,5,2025-05-19 11:48:00,74.51612903,92.58064516
seasonal_naive_24,5,2025-05-19 13:13:00,76.32258065,92.58064516
seasonal_naive_24,5,2025-05-19 14:39:00,76.77419355,116.9677419
seasonal_naive_24,5,2025-05-19 16:04:00,102.516129,117.4193548
seasonal_naive_24,5,2025-05-19 17:30:00,102.9677419,117.8709677
seasonal_naive_24,5,2025-05-19 18:56:00,102.9677419,117.8709677
seasonal_naive_24,5,2025-05-19 20:21:00,115.1612903,117.4193548
seasonal_naive_24,5,2025-05-19 21:47:00,115.6129032,104.3225806
seasonal_naive_24,5,2025-05-19 23:12:00,133.6774194,104.3225806
seasonal_naive_24,5,2025-05-20 00:38:00,133.6774194,102.9677419
seasonal_naive_24,5,2025-05-20 02:04:00,134.1290323,67.29032258
seasonal_naive_24,5,2025-05-20 03:29:00,134.1290323,68.19354839
seasonal_naive_24,5,2025-05-20 04:55:00,134.1290323,68.19354839
seasonal_naive_24,5,2025-05-20 06:20:00,112.0,92.58064516
seasonal_naive_24,5,2025-05-20 07:46:00,112.0,93.03225806
seasonal_naive_24,5,2025-05-20 09:12:00,110.6451613,100.2580645
seasonal_naive_24,5,2025-05-20 10:37:00,72.25806452,101.1612903
ridge,5,2025-05-16 13:52:00,113.8064516,107.76903636829931
ridge,5,2025-05-16 15:18:00,113.3548387,108.87515794686014
ridge,5,2025-05-16 16:44:00,104.7741935,109.41465976481271
ridge,5,2025-05-16 18:09:00,104.3225806,101.57762866972828
ridge,5,2025-05-16 19:35:00,103.4193548,101.70942456489564
ridge,5,2025-05-16 21:00:00,63.67741935,102.88485668489871
ridge,5,2025-05-16 22:26:00,64.12903226,69.06176965419272
ridge,5,2025-05-16 23:52:00,64.12903226,73.40877246945412
ridge,5,2025-05-17 01:17:00,86.25806452,81.86931092388632
ridge,5,2025-05-17 02:43:00,86.70967742,96.29628437446027
ridge,5,2025-05-17 04:09:00,92.12903226,93.91515216950968
ridge,5,2025-05-17 05:34:00,93.03225806,97.18297981945753
ridge,5,2025-05-17 07:00:00,93.03225806,97.48420469921466
ridge,5,2025-05-17 08:25:00,108.8387097,97.75147193643832
ridge,5,2025-05-17 09:51:00,108.8387097,109.01481104762009
ridge,5,2025-05-17 11:17:00,108.8387097,106.72969282650027
ridge,5,2025-05-17 12:42:00,108.8387097,105.4971033371861
ridge,5,2025-05-17 14:08:00,108.3870968,105.37609456474597
ridge,5,2025-05-17 15:33:00,88.06451613,105.10805610307503
ridge,5,2025-05-17 16:59:00,61.87096774,86.30179687550866
ridge,5,2025-05-17 18:25:00,63.22580645,64.97266234163197
ridge,5,2025-05-17 19:50:00,63.67741935,71.6070975650498
ridge,5,2025-05-17 21:16:00,86.70967742,77.97701478209893
ridge,5,2025-05-17 22:42:00,87.61290323,95.255890932529
ridge,5,2025-05-18 00:07:00,87.61290323,91.04724983838675
ridge,5,2025-05-18 01:33:00,92.58064516,88.65256688661907
ridge,5,2025-05-18 02:58:00,92.58064516,91.92401803735994
ridge,5,2025-05-18 04:24:00,116.9677419,90.99615276433894
ridge,5,2025-05-18 05:50:00,117.4193548,110.68362121850704
ridge,5,2025-05-18 07:15:00,117.8709677,110.66998025164114
ridge,5,2025-05-18 08:41:00,117.8709677,111.11581793267919
ridge,5,2025-05-18 10:06:00,117.4193548,111.51932384524656
ridge,5,2025-05-18 11:32:00,104.3225806,111.14835667185238
ridge,5,2025-05-18 12:58:00,104.3225806,98.93618918112023
ridge,5,2025-05-18 14:23:00,102.9677419,100.44043929483993
ridge,5,2025-05-18 15:49:00,67.29032258,102.91615709227955
ridge,5,2025-05-18 17:15:00,68.19354839,72.38731700514585
ridge,5,2025-05-18 18:40:00,68.19354839,76.18097471434388
ridge,5,2025-05-18 20:06:00,92.58064516,82.40774948557376
ridge,5,2025-05-18 21:31:00,93.03225806,98.98837381594407
ridge,5,2025-05-18 22:57:00,100.2580645,97.42551097618879
ridge,5,2025-05-19 00:23:00,101.1612903,101.98328963839383
ridge,5,2025-05-19 01:48:00,101.1612903,101.73565919648037
ridge,5,2025-05-19 03:14:00,121.483871,100.98540327113659
ridge,5,2025-05-19 04:39:00,122.3870968,116.03275909115635
ridge,5,2025-05-19 06:05:00,122.3870968,115.53899716219392
ridge,5,2025-05-19 07:31:00,121.9354839,115.74840039667268
ridge,5,2025-05-19 08:56:00,110.1935484,116.00760604439193
ridge,5,2025-05-19 10:22:00,109.2903226,104.84918460952683
ridge,5,2025-05-19 11:48:00,74.51612903,104.9439225268194
ridge,5,2025-05-19 13:13:00,76.32258065,75.9107799151966
ridge,5,2025-05-19 14:39:00,76.77419355,81.44489846788358
ridge,5,2025-05-19 16:04:00,102.516129,90.09600190084358
ridge,5,2025-05-19 17:30:00,102.9677419,108.87931532728479
ridge,5,2025-05-19 18:56:00,102.9677419,105.76796598155687
ridge,5,2025-05-19 20:21:00,115.1612903,102.60779971143354
ridge,5,2025-05-19 21:47:00,115.6129032,112.36490905853341
ridge,5,2025-05-19 23:12:00,133.6774194,112.22489187003336
ridge,5,2025-05-20 00:38:00,133.6774194,125.48218746605733
ridge,5,2025-05-20 02:04:00,134.1290323,124.90998499547206
ridge,5,2025-05-20 03:29:00,134.1290323,124.57736604358101
ridge,5,2025-05-20 04:55:00,134.1290323,125.14367222499746
ridge,5,2025-05-20 06:20:00,112.0,126.33175770909867
ridge,5,2025-05-20 07:46:00,112.0,106.68044584605423
ridge,5,2025-05-20 09:12:00,110.6451613,109.28033516366123
ridge,5,2025-05-20 10:37:00,72.25806452,112.15709870379641
random_forest,5,2025-05-16 13:52:00,113.8064516,103.8784005320541
random_forest,5,2025-05-16 15:18:00,113.3548387,104.65378225287378
random_forest,5,2025-05-16 16:44:00,104.7741935,103.70869891927435
random_forest,5,2025-05-16 18:09:00,104.3225806,95.88972882334745
random_forest,5,2025-05-16 19:35:00,103.4193548,96.25559070795447
random_forest,5,2025-05-16 21:00:00,63.67741935,89.74321396321827
random_forest,5,2025-05-16 22:26:00,64.12903226,65.38589798380607
random_forest,5,2025-05-16 23:52:00,64.12903226,77.0343823750532
random_forest,5,2025-05-17 01:17:00,86.25806452,85.42398998281938
random_forest,5,2025-05-17 02:43:00,86.70967742,87.56036900760877
random_forest,5,2025-05-17 04:09:00,92.12903226,88.31443447378825
random_forest,5,2025-05-17 05:34:00,93.03225806,90.15449166571884
random_forest,5,2025-05-17 07:00:00,93.03225806,92.17652696405794
random_forest,5,2025-05-17 08:25:00,108.8387097,105.20175372340013
random_forest,5,2025-05-17 09:51:00,108.8387097,104.83610043653142
random_forest,5,2025-05-17 11:17:00,108.8387097,104.8175719094756
random_forest,5,2025-05-17 12:42:00,108.8387097,102.22304617469784
random_forest,5,2025-05-17 14:08:00,108.3870968,102.37369220493453
random_forest,5,2025-05-17 15:33:00,88.06451613,103.52439703793794
random_forest,5,2025-05-17 16:59:00,61.87096774,81.94144252157089
random_forest,5,2025-05-17 18:25:00,63.22580645,64.79131720434839
random_forest,5,2025-05-17 19:50:00,63.67741935,65.72186379836673
random_forest,5,2025-05-17 21:16:00,86.70967742,84.46451775251374
random_forest,5,2025-05-17 22:42:00,87.61290323,87.30982205663453
random_forest,5,2025-05-18 00:07:00,87.61290323,87.70243546559146
random_forest,5,2025-05-18 01:33:00,92.58064516,101.44066029700666
random_forest,5,2025-05-18 02:58:00,92.58064516,91.59690411715178
random_forest,5,2025-05-18 04:24:00,116.9677419,91.80781122428311
random_forest,5,2025-05-18 05:50:00,117.4193548,114.86916365064819
random_forest,5,2025-05-18 07:15:00,117.8709677,114.23096771140003
random_forest,5,2025-05-18 08:41:00,117.8709677,112.37968933740939
random_forest,5,2025-05-18 10:06:00,117.4193548,113.1911540914713
random_forest,5,2025-05-18 11:32:00,104.3225806,106.13191754460534
random_forest,5,2025-05-18 12:58:00,104.3225806,96.6070871465265
random_forest,5,2025-05-18 14:23:00,102.9677419,98.18007045545659
random_forest,5,2025-05-18 15:49:00,67.29032258,95.36238162109535
random_forest,5,2025-05-18 17:15:00,68.19354839,76.66866773261175
random_forest,5,2025-05-18 18:40:00,68.19354839,85.92982687748562
random_forest,5,2025-05-18 20:06:00,92.58064516,88.20026625215608
random_forest,5,2025-05-18 21:31:00,93.03225806,92.58285850919181
random_forest,5,2025-05-18 22:57:00,100.2580645,92.17318647741509
random_forest,5,2025-05-19 00:23:00,101.1612903,100.67071400926497
random_forest,5,2025-05-19 01:48:00,101.1612903,102.12912933465033
random_forest,5,2025-05-19 03:14:00,121.483871,99.66687211523387
random_forest,5,2025-05-19 04:39:00,122.3870968,115.5647311494002
random_forest,5,2025-05-19 06:05:00,122.3870968,116.03591394353347
random_forest,5,2025-05-19 07:31:00,121.9354839,109.06071085190933
random_forest,5,2025-05-19 08:56:00,110.1935484,109.25490439730942
random_forest,5,2025-05-19 10:22:00,109.2903226,100.49391181636892
random_forest,5,2025-05-19 11:48:00,74.51612903,98.44470458515119
random_forest,5,2025-05-19 13:13:00,76.32258065,74.69870504414475
random_forest,5,2025-05-19 14:39:00,76.77419355,78.0628130834188
random_forest,5,2025-05-19 16:04:00,102.516129,88.10071404949768
random_forest,5,2025-05-19 17:30:00,102.9677419,101.76925164830837
random_forest,5,2025-05-19 18:56:00,102.9677419,103.00338599681817
random_forest,5,2025-05-19 20:21:00,115.1612903,99.28183206469667
random_forest,5,2025-05-19 21:47:00,115.6129032,114.36924908025301
random_forest,5,2025-05-19 23:12:00,133.6774194,114.17510152552978
random_forest,5,2025-05-20 00:38:00,133.6774194,114.67053760183349
random_forest,5,2025-05-20 02:04:00,134.1290323,114.50193545113352
random_forest,5,2025-05-20 03:29:00,134.1290323,108.96654119920566
random_forest,5,2025-05-20 04:55:00,134.1290323,104.17655912596652
random_forest,5,2025-05-20 06:20:00,112.0,104.15698923353317
random_forest,5,2025-05-20 07:46:00,112.0,102.36855435805734
random_forest,5,2025-05-20 09:12:00,110.6451613,101.66982078453964
random_forest,5,2025-05-20 10:37:00,72.25806452,102.54184050371026
xgboost,5,2025-05-16 13:52:00,113.8064516,90.93225860595703
xgboost,5,2025-05-16 15:18:00,113.3548387,102.33304595947266
xgboost,5,2025-05-16 16:44:00,104.7741935,104.76020050048828
xgboost,5,2025-05-16 18:09:00,104.3225806,102.81481170654297
xgboost,5,2025-05-16 19:35:00,103.4193548,96.71896362304688
xgboost,5,2025-05-16 21:00:00,63.67741935,87.67803955078125
xgboost,5,2025-05-16 22:26:00,64.12903226,65.7791519165039
xgboost,5,2025-05-16 23:52:00,64.12903226,82.93095397949219
xgboost,5,2025-05-17 01:17:00,86.25806452,88.6732177734375
xgboost,5,2025-05-17 02:43:00,86.70967742,90.3909912109375
xgboost,5,2025-05-17 04:09:00,92.12903226,86.32296752929688
xgboost,5,2025-05-17 05:34:00,93.03225806,89.81015014648438
xgboost,5,2025-05-17 07:00:00,93.03225806,94.5235366821289
xgboost,5,2025-05-17 08:25:00,108.8387097,109.06343841552734
xgboost,5,2025-05-17 09:51:00,108.8387097,106.79322814941406
xgboost,5,2025-05-17 11:17:00,108.8387097,107.49913024902344
xgboost,5,2025-05-17 12:42:00,108.8387097,103.45098114013672
xgboost,5,2025-05-17 14:08:00,108.3870968,106.07025146484375
xgboost,5,2025-05-17 15:33:00,88.06451613,104.31553649902344
xgboost,5,2025-05-17 16:59:00,61.87096774,80.15689849853516
xgboost,5,2025-05-17 18:25:00,63.22580645,67.45511627197266
xgboost,5,2025-05-17 19:50:00,63.67741935,69.84745025634766
xgboost,5,2025-05-17 21:16:00,86.70967742,82.97350311279297
xgboost,5,2025-05-17 22:42:00,87.61290323,84.99990844726562
xgboost,5,2025-05-18 00:07:00,87.61290323,90.1191177368164
xgboost,5,2025-05-18 01:33:00,92.58064516,101.98604583740234
xgboost,5,2025-05-18 02:58:00,92.58064516,94.32551574707031
xgboost,5,2025-05-18 04:24:00,116.9677419,91.33145141601562
xgboost,5,2025-05-18 05:50:00,117.4193548,110.31311798095703
xgboost,5,2025-05-18 07:15:00,117.8709677,112.86378479003906
xgboost,5,2025-05-18 08:41:00,117.8709677,110.37406921386719
xgboost,5,2025-05-18 10:06:00,117.4193548,113.15486907958984
xgboost,5,2025-05-18 11:32:00,104.3225806,107.07306671142578
xgboost,5,2025-05-18 12:58:00,104.3225806,91.40213012695312
xgboost,5,2025-05-18 14:23:00,102.9677419,97.99746704101562
xgboost,5,2025-05-18 15:49:00,67.29032258,91.92294311523438
xgboost,5,2025-05-18 17:15:00,68.19354839,77.55894470214844
xgboost,5,2025-05-18 18:40:00,68.19354839,88.59249114990234
xgboost,5,2025-05-18 20:06:00,92.58064516,92.81071472167969
xgboost,5,2025-05-18 21:31:00,93.03225806,96.2625732421875
xgboost,5,2025-05-18 22:57:00,100.2580645,93.64332580566406
xgboost,5,2025-05-19 00:23:00,101.1612903,105.71306610107422
xgboost,5,2025-05-19 01:48:00,101.1612903,106.52900695800781
xgboost,5,2025-05-19 03:14:00,121.483871,100.9510726928711
xgboost,5,2025-05-19 04:39:00,122.3870968,116.5608901977539
xgboost,5,2025-05-19 06:05:00,122.3870968,115.85693359375
xgboost,5,2025-05-19 07:31:00,121.9354839,111.02104187011719
xgboost,5,2025-05-19 08:56:00,110.1935484,110.25349426269531
xgboost,5,2025-05-19 10:22:00,109.2903226,102.5402603149414
xgboost,5,2025-05-19 11:48:00,74.51612903,94.31486511230469
xgboost,5,2025-05-19 13:13:00,76.32258065,69.03128051757812
xgboost,5,2025-05-19 14:39:00,76.77419355,69.08988189697266
xgboost,5,2025-05-19 16:04:00,102.516129,87.44168853759766
xgboost,5,2025-05-19 17:30:00,102.9677419,102.50154113769531
xgboost,5,2025-05-19 18:56:00,102.9677419,104.29020690917969
xgboost,5,2025-05-19 20:21:00,115.1612903,96.93980407714844
xgboost,5,2025-05-19 21:47:00,115.6129032,115.17341613769531
xgboost,5,2025-05-19 23:12:00,133.6774194,111.23258972167969
xgboost,5,2025-05-20 00:38:00,133.6774194,103.65798950195312
xgboost,5,2025-05-20 02:04:00,134.1290323,108.71292114257812
xgboost,5,2025-05-20 03:29:00,134.1290323,108.8070297241211
xgboost,5,2025-05-20 04:55:00,134.1290323,104.00914001464844
xgboost,5,2025-05-20 06:20:00,112.0,108.73908233642578
xgboost,5,2025-05-20 07:46:00,112.0,96.68562316894531
xgboost,5,2025-05-20 09:12:00,110.6451613,97.8858642578125
xgboost,5,2025-05-20 10:37:00,72.25806452,98.11692810058594
persistence,6,2025-05-20 12:03:00,73.16129032,72.25806452
persistence,6,2025-05-20 13:29:00,73.16129032,73.16129032
persistence,6,2025-05-20 14:54:00,99.80645161,73.16129032
persistence,6,2025-05-20 16:20:00,100.2580645,99.80645161
persistence,6,2025-05-20 17:45:00,104.3225806,100.2580645
persistence,6,2025-05-20 19:11:00,104.3225806,104.3225806
persistence,6,2025-05-20 20:37:00,104.7741935,104.3225806
persistence,6,2025-05-20 22:02:00,128.2580645,104.7741935
persistence,6,2025-05-20 23:28:00,127.3548387,128.2580645
persistence,6,2025-05-21 00:53:00,127.3548387,127.3548387
persistence,6,2025-05-21 02:19:00,127.3548387,127.3548387
persistence,6,2025-05-21 03:45:00,108.3870968,127.3548387
persistence,6,2025-05-21 05:10:00,107.483871,108.3870968
persistence,6,2025-05-21 06:36:00,69.5483871,107.483871
persistence,6,2025-05-21 08:02:00,70.90322581,69.5483871
persistence,6,2025-05-21 09:27:00,71.35483871,70.90322581
persistence,6,2025-05-21 10:53:00,93.03225806,71.35483871
persistence,6,2025-05-21 12:18:00,94.38709677,93.03225806
persistence,6,2025-05-21 13:44:00,94.38709677,94.38709677
persistence,6,2025-05-21 15:10:00,103.4193548,94.38709677
persistence,6,2025-05-21 16:35:00,103.4193548,103.4193548
persistence,6,2025-05-21 18:01:00,124.6451613,103.4193548
persistence,6,2025-05-21 19:26:00,125.0967742,124.6451613
persistence,6,2025-05-21 20:52:00,125.5483871,125.0967742
persistence,6,2025-05-21 22:18:00,125.5483871,125.5483871
persistence,6,2025-05-21 23:43:00,124.6451613,125.5483871
persistence,6,2025-05-22 01:09:00,108.3870968,124.6451613
persistence,6,2025-05-22 02:35:00,108.3870968,108.3870968
persistence,6,2025-05-22 04:00:00,107.0322581,108.3870968
persistence,6,2025-05-22 05:26:00,67.29032258,107.0322581
persistence,6,2025-05-22 06:51:00,67.74193548,67.29032258
persistence,6,2025-05-22 08:17:00,67.74193548,67.74193548
persistence,6,2025-05-22 09:43:00,89.87096774,67.74193548
persistence,6,2025-05-22 11:08:00,91.22580645,89.87096774
persistence,6,2025-05-22 12:34:00,98.0,91.22580645
persistence,6,2025-05-22 13:59:00,98.90322581,98.0
persistence,6,2025-05-22 15:25:00,118.3225806,98.90322581
persistence,6,2025-05-22 16:51:00,118.3225806,118.3225806
persistence,6,2025-05-22 18:16:00,118.3225806,118.3225806
persistence,6,2025-05-22 19:42:00,117.8709677,118.3225806
persistence,6,2025-05-22 21:08:00,116.9677419,117.8709677
persistence,6,2025-05-22 22:33:00,100.2580645,116.9677419
persistence,6,2025-05-22 23:59:00,98.90322581,100.2580645
persistence,6,2025-05-23 01:24:00,65.48387097,98.90322581
persistence,6,2025-05-23 02:50:00,66.83870968,65.48387097
persistence,6,2025-05-23 04:16:00,67.29032258,66.83870968
persistence,6,2025-05-23 05:41:00,89.41935484,67.29032258
persistence,6,2025-05-23 07:07:00,89.87096774,89.41935484
persistence,6,2025-05-23 08:32:00,90.77419355,89.87096774
persistence,6,2025-05-23 09:58:00,96.19354839,90.77419355
persistence,6,2025-05-23 11:24:00,96.64516129,96.19354839
persistence,6,2025-05-23 12:49:00,115.6129032,96.64516129
persistence,6,2025-05-23 14:15:00,116.9677419,115.6129032
persistence,6,2025-05-23 15:40:00,116.9677419,116.9677419
persistence,6,2025-05-23 17:06:00,116.9677419,116.9677419
persistence,6,2025-05-23 18:32:00,116.9677419,116.9677419
persistence,6,2025-05-23 19:57:00,104.7741935,116.9677419
persistence,6,2025-05-23 21:23:00,104.3225806,104.7741935
persistence,6,2025-05-23 22:49:00,103.4193548,104.3225806
persistence,6,2025-05-24 00:14:00,67.74193548,103.4193548
persistence,6,2025-05-24 01:40:00,67.74193548,67.74193548
persistence,6,2025-05-24 03:05:00,67.74193548,67.74193548
persistence,6,2025-05-24 04:31:00,87.61290323,67.74193548
persistence,6,2025-05-24 05:57:00,92.58064516,87.61290323
persistence,6,2025-05-24 07:22:00,92.58064516,92.58064516
persistence,6,2025-05-24 08:48:00,92.58064516,92.58064516
seasonal_naive_17,6,2025-05-20 12:03:00,73.16129032,74.51612903
seasonal_naive_17,6,2025-05-20 13:29:00,73.16129032,76.32258065
seasonal_naive_17,6,2025-05-20 14:54:00,99.80645161,76.77419355
seasonal_naive_17,6,2025-05-20 16:20:00,100.2580645,102.516129
seasonal_naive_17,6,2025-05-20 17:45:00,104.3225806,102.9677419
seasonal_naive_17,6,2025-05-20 19:11:00,104.3225806,102.9677419
seasonal_naive_17,6,2025-05-20 20:37:00,104.7741935,115.1612903
seasonal_naive_17,6,2025-05-20 22:02:00,128.2580645,115.6129032
seasonal_naive_17,6,2025-05-20 23:28:00,127.3548387,133.6774194
seasonal_naive_17,6,2025-05-21 00:53:00,127.3548387,133.6774194
seasonal_naive_17,6,2025-05-21 02:19:00,127.3548387,134.1290323
seasonal_naive_17,6,2025-05-21 03:45:00,108.3870968,134.1290323
seasonal_naive_17,6,2025-05-21 05:10:00,107.483871,134.1290323
seasonal_naive_17,6,2025-05-21 06:36:00,69.5483871,112.0
seasonal_naive_17,6,2025-05-21 08:02:00,70.90322581,112.0
seasonal_naive_17,6,2025-05-21 09:27:00,71.35483871,110.6451613
seasonal_naive_17,6,2025-05-21 10:53:00,93.03225806,72.25806452
seasonal_naive_17,6,2025-05-21 12:18:00,94.38709677,73.16129032
seasonal_naive_17,6,2025-05-21 13:44:00,94.38709677,73.16129032
seasonal_naive_17,6,2025-05-21 15:10:00,103.4193548,99.80645161
seasonal_naive_17,6,2025-05-21 16:35:00,103.4193548,100.2580645
seasonal_naive_17,6,2025-05-21 18:01:00,124.6451613,104.3225806
seasonal_naive_17,6,2025-05-21 19:26:00,125.0967742,104.3225806
seasonal_naive_17,6,2025-05-21 20:52:00,125.5483871,104.7741935
seasonal_naive_17,6,2025-05-21 22:18:00,125.5483871,128.2580645
seasonal_naive_17,6,2025-05-21 23:43:00,124.6451613,127.3548387
seasonal_naive_17,6,2025-05-22 01:09:00,108.3870968,127.3548387
seasonal_naive_17,6,2025-05-22 02:35:00,108.3870968,127.3548387
seasonal_naive_17,6,2025-05-22 04:00:00,107.0322581,108.3870968
seasonal_naive_17,6,2025-05-22 05:26:00,67.29032258,107.483871
seasonal_naive_17,6,2025-05-22 06:51:00,67.74193548,69.5483871
seasonal_naive_17,6,2025-05-22 08:17:00,67.74193548,70.90322581
seasonal_naive_17,6,2025-05-22 09:43:00,89.87096774,71.35483871
seasonal_naive_17,6,2025-05-22 11:08:00,91.22580645,93.03225806
seasonal_naive_17,6,2025-05-22 12:34:00,98.0,94.38709677
seasonal_naive_17,6,2025-05-22 13:59:00,98.90322581,94.38709677
seasonal_naive_17,6,2025-05-22 15:25:00,118.3225806,103.4193548
seasonal_naive_17,6,2025-05-22 16:51:00,118.3225806,103.4193548
seasonal_naive_17,6,2025-05-22 18:16:00,118.3225806,124.6451613
seasonal_naive_17,6,2025-05-22 19:42:00,117.8709677,125.0967742
seasonal_naive_17,6,2025-05-22 21:08:00,116.9677419,125.5483871
seasonal_naive_17,6,2025-05-22 22:33:00,100.2580645,125.5483871
seasonal_naive_17,6,2025-05-22 23:59:00,98.90322581,124.6451613
seasonal_naive_17,6,2025-05-23 01:24:00,65.48387097,108.3870968
seasonal_naive_17,6,2025-05-23 02:50:00,66.83870968,108.3870968
seasonal_naive_17,6,2025-05-23 04:16:00,67.29032258,107.0322581
seasonal_naive_17,6,2025-05-23 05:41:00,89.41935484,67.29032258
seasonal_naive_17,6,2025-05-23 07:07:00,89.87096774,67.74193548
seasonal_naive_17,6,2025-05-23 08:32:00,90.77419355,67.74193548
seasonal_naive_17,6,2025-05-23 09:58:00,96.19354839,89.87096774
seasonal_naive_17,6,2025-05-23 11:24:00,96.64516129,91.22580645
seasonal_naive_17,6,2025-05-23 12:49:00,115.6129032,98.0
seasonal_naive_17,6,2025-05-23 14:15:00,116.9677419,98.90322581
seasonal_naive_17,6,2025-05-23 15:40:00,116.9677419,118.3225806
seasonal_naive_17,6,2025-05-23 17:06:00,116.9677419,118.3225806
seasonal_naive_17,6,2025-05-23 18:32:00,116.9677419,118.3225806
seasonal_naive_17,6,2025-05-23 19:57:00,104.7741935,117.8709677
seasonal_naive_17,6,2025-05-23 21:23:00,104.3225806,116.9677419
seasonal_naive_17,6,2025-05-23 22:49:00,103.4193548,100.2580645
seasonal_naive_17,6,2025-05-24 00:14:00,67.74193548,98.90322581
seasonal_naive_17,6,2025-05-24 01:40:00,67.74193548,65.48387097
seasonal_naive_17,6,2025-05-24 03:05:00,67.74193548,66.83870968
seasonal_naive_17,6,2025-05-24 04:31:00,87.61290323,67.29032258
seasonal_naive_17,6,2025-05-24 05:57:00,92.58064516,89.41935484
seasonal_naive_17,6,2025-05-24 07:22:00,92.58064516,89.87096774
seasonal_naive_17,6,2025-05-24 08:48:00,92.58064516,90.77419355
drift,6,2025-05-20 12:03:00,73.16129032,72.21230107909334
drift,6,2025-05-20 13:29:00,73.16129032,72.16653763818667
drift,6,2025-05-20 14:54:00,99.80645161,72.12077419728
drift,6,2025-05-20 16:20:00,100.2580645,72.07501075637335
drift,6,2025-05-20 17:45:00,104.3225806,72.02924731546668
drift,6,2025-05-20 19:11:00,104.3225806,71.98348387456001
drift,6,2025-05-20 20:37:00,104.7741935,71.93772043365334
drift,6,2025-05-20 22:02:00,128.2580645,71.89195699274667
drift,6,2025-05-20 23:28:00,127.3548387,71.84619355184
drift,6,2025-05-21 00:53:00,127.3548387,71.80043011093333
drift,6,2025-05-21 02:19:00,127.3548387,71.75466667002667
drift,6,2025-05-21 03:45:00,108.3870968,71.70890322912001
drift,6,2025-05-21 05:10:00,107.483871,71.66313978821334
drift,6,2025-05-21 06:36:00,69.5483871,71.61737634730667
drift,6,2025-05-21 08:02:00,70.90322581,71.5716129064
drift,6,2025-05-21 09:27:00,71.35483871,71.52584946549334
drift,6,2025-05-21 10:53:00,93.03225806,71.48008602458667
drift,6,2025-05-21 12:18:00,94.38709677,71.43432258368
drift,6,2025-05-21 13:44:00,94.38709677,71.38855914277333
drift,6,2025-05-21 15:10:00,103.4193548,71.34279570186668
drift,6,2025-05-21 16:35:00,103.4193548,71.29703226096001
drift,6,2025-05-21 18:01:00,124.6451613,71.25126882005334
drift,6,2025-05-21 19:26:00,125.0967742,71.20550537914667
drift,6,2025-05-21 20:52:00,125.5483871,71.15974193824
drift,6,2025-05-21 22:18:00,125.5483871,71.11397849733333
drift,6,2025-05-21 23:43:00,124.6451613,71.06821505642667
drift,6,2025-05-22 01:09:00,108.3870968,71.02245161552
drift,6,2025-05-22 02:35:00,108.3870968,70.97668817461334
drift,6,2025-05-22 04:00:00,107.0322581,70.93092473370668
drift,6,2025-05-22 05:26:00,67.29032258,70.8851612928
drift,6,2025-05-22 06:51:00,67.74193548,70.83939785189334
drift,6,2025-05-22 08:17:00,67.74193548,70.79363441098667
drift,6,2025-05-22 09:43:00,89.87096774,70.74787097008
drift,6,2025-05-22 11:08:00,91.22580645,70.70210752917333
drift,6,2025-05-22 12:34:00,98.0,70.65634408826668
drift,6,2025-05-22 13:59:00,98.90322581,70.61058064736001
drift,6,2025-05-22 15:25:00,118.3225806,70.56481720645334
drift,6,2025-05-22 16:51:00,118.3225806,70.51905376554667
drift,6,2025-05-22 18:16:00,118.3225806,70.47329032464
drift,6,2025-05-22 19:42:00,117.8709677,70.42752688373334
drift,6,2025-05-22 21:08:00,116.9677419,70.38176344282667
drift,6,2025-05-22 22:33:00,100.2580645,70.33600000192
drift,6,2025-05-22 23:59:00,98.90322581,70.29023656101334
drift,6,2025-05-23 01:24:00,65.48387097,70.24447312010668
drift,6,2025-05-23 02:50:00,66.83870968,70.19870967920001
drift,6,2025-05-23 04:16:00,67.29032258,70.15294623829334
drift,6,2025-05-23 05:41:00,89.41935484,70.10718279738667
drift,6,2025-05-23 07:07:00,89.87096774,70.06141935648
drift,6,2025-05-23 08:32:00,90.77419355,70.01565591557333
drift,6,2025-05-23 09:58:00,96.19354839,69.96989247466666
drift,6,2025-05-23 11:24:00,96.64516129,69.92412903376001
drift,6,2025-05-23 12:49:00,115.6129032,69.87836559285334
drift,6,2025-05-23 14:15:00,116.9677419,69.83260215194667
drift,6,2025-05-23 15:40:00,116.9677419,69.78683871104
drift,6,2025-05-23 17:06:00,116.9677419,69.74107527013334
drift,6,2025-05-23 18:32:00,116.9677419,69.69531182922667
drift,6,2025-05-23 19:57:00,104.7741935,69.64954838832
drift,6,2025-05-23 21:23:00,104.3225806,69.60378494741335
drift,6,2025-05-23 22:49:00,103.4193548,69.55802150650668
drift,6,2025-05-24 00:14:00,67.74193548,69.51225806560001
drift,6,2025-05-24 01:40:00,67.74193548,69.46649462469334
drift,6,2025-05-24 03:05:00,67.74193548,69.42073118378667
drift,6,2025-05-24 04:31:00,87.61290323,69.37496774288
drift,6,2025-05-24 05:57:00,92.58064516,69.32920430197333
drift,6,2025-05-24 07:22:00,92.58064516,69.28344086106667
drift,6,2025-05-24 08:48:00,92.58064516,69.23767742016001
rolling_mean_17,6,2025-05-20 12:03:00,73.16129032,108.44022770882354
rolling_mean_17,6,2025-05-20 13:29:00,73.16129032,108.36053131411765
rolling_mean_17,6,2025-05-20 14:54:00,99.80645161,108.17457305941177
rolling_mean_17,6,2025-05-20 16:20:00,100.2580645,109.52941176882352
rolling_mean_17,6,2025-05-20 17:45:00,104.3225806,109.39658444529412
rolling_mean_17,6,2025-05-20 19:11:00,104.3225806,109.47628083941176
rolling_mean_17,6,2025-05-20 20:37:00,104.7741935,109.55597723352942
rolling_mean_17,6,2025-05-20 22:02:00,128.2580645,108.94497153941177
rolling_mean_17,6,2025-05-20 23:28:00,127.3548387,109.68880455705883
rolling_mean_17,6,2025-05-21 00:53:00,127.3548387,109.31688804529412
rolling_mean_17,6,2025-05-21 02:19:00,127.3548387,108.94497153352941
rolling_mean_17,6,2025-05-21 03:45:00,108.3870968,108.54648955705882
rolling_mean_17,6,2025-05-21 05:10:00,107.483871,107.03225805705883
rolling_mean_17,6,2025-05-21 06:36:00,69.5483871,105.46489562764704
rolling_mean_17,6,2025-05-21 08:02:00,70.90322581,102.96774192764705
rolling_mean_17,6,2025-05-21 09:27:00,71.35483871,100.55028462235293
rolling_mean_17,6,2025-05-21 10:53:00,93.03225806,98.23908917588236
rolling_mean_17,6,2025-05-21 12:18:00,94.38709677,99.46110056058824
rolling_mean_17,6,2025-05-21 13:44:00,94.38709677,100.70967741058824
rolling_mean_17,6,2025-05-21 15:10:00,103.4193548,101.95825426058822
rolling_mean_17,6,2025-05-21 16:35:00,103.4193548,102.17077797764706
rolling_mean_17,6,2025-05-21 18:01:00,124.6451613,102.35673623058824
rolling_mean_17,6,2025-05-21 19:26:00,125.0967742,103.55218215411765
rolling_mean_17,6,2025-05-21 20:52:00,125.5483871,104.77419354235295
rolling_mean_17,6,2025-05-21 22:18:00,125.5483871,105.99620493058823
rolling_mean_17,6,2025-05-21 23:43:00,124.6451613,105.83681214235293
rolling_mean_17,6,2025-05-22 01:09:00,108.3870968,105.67741935411765
rolling_mean_17,6,2025-05-22 02:35:00,108.3870968,104.56166983058823
rolling_mean_17,6,2025-05-22 04:00:00,107.0322581,103.44592030705883
rolling_mean_17,6,2025-05-22 05:26:00,67.29032258,103.36622391294118
rolling_mean_17,6,2025-05-22 06:51:00,67.74193548,101.00189753529412
rolling_mean_17,6,2025-05-22 08:17:00,67.74193548,100.8956356752941
rolling_mean_17,6,2025-05-22 09:43:00,89.87096774,100.70967742058824
rolling_mean_17,6,2025-05-22 11:08:00,91.22580645,101.79886148117647
rolling_mean_17,6,2025-05-22 12:34:00,98.0,101.6925996217647
rolling_mean_17,6,2025-05-22 13:59:00,98.90322581,101.90512334117648
rolling_mean_17,6,2025-05-22 15:25:00,118.3225806,102.17077799058823
rolling_mean_17,6,2025-05-22 16:51:00,118.3225806,103.04743833176471
rolling_mean_17,6,2025-05-22 18:16:00,118.3225806,103.92409867294117
rolling_mean_17,6,2025-05-22 19:42:00,117.8709677,103.55218216117648
rolling_mean_17,6,2025-05-22 21:08:00,116.9677419,103.12713471999999
rolling_mean_17,6,2025-05-22 22:33:00,100.2580645,102.62239088470588
rolling_mean_17,6,2025-05-22 23:59:00,98.90322581,101.13472484941177
rolling_mean_17,6,2025-05-23 01:24:00,65.48387097,99.62049335
rolling_mean_17,6,2025-05-23 02:50:00,66.83870968,97.0967741835294
rolling_mean_17,6,2025-05-23 04:16:00,67.29032258,94.6527514117647
rolling_mean_17,6,2025-05-23 05:41:00,89.41935484,92.31499049882352
rolling_mean_17,6,2025-05-23 07:07:00,89.87096774,93.61669827882353
rolling_mean_17,6,2025-05-23 08:32:00,90.77419355,94.91840605882352
rolling_mean_17,6,2025-05-23 09:58:00,96.19354839,96.27324476882352
rolling_mean_17,6,2025-05-23 11:24:00,96.64516129,96.64516127764705
rolling_mean_17,6,2025-05-23 12:49:00,115.6129032,96.96394685647059
rolling_mean_17,6,2025-05-23 14:15:00,116.9677419,97.99999998588234
rolling_mean_17,6,2025-05-23 15:40:00,116.9677419,99.06261857941176
rolling_mean_17,6,2025-05-23 17:06:00,116.9677419,98.98292218529411
rolling_mean_17,6,2025-05-23 18:32:00,116.9677419,98.90322579117647
rolling_mean_17,6,2025-05-23 19:57:00,104.7741935,98.82352939705882
rolling_mean_17,6,2025-05-23 21:23:00,104.3225806,98.05313091470587
rolling_mean_17,6,2025-05-23 22:49:00,103.4193548,97.30929789705883
rolling_mean_17,6,2025-05-24 00:14:00,67.74193548,97.49525615
rolling_mean_17,6,2025-05-24 01:40:00,67.74193548,95.6622390717647
rolling_mean_17,6,2025-05-24 03:05:00,67.74193548,95.79506639588234
rolling_mean_17,6,2025-05-24 04:31:00,87.61290323,95.84819732529411
rolling_mean_17,6,2025-05-24 05:57:00,92.58064516,97.04364324588235
rolling_mean_17,6,2025-05-24 07:22:00,92.58064516,97.2296015
rolling_mean_17,6,2025-05-24 08:48:00,92.58064516,97.38899428941176
train_mean,6,2025-05-20 12:03:00,73.16129032,91.85241183608524
train_mean,6,2025-05-20 13:29:00,73.16129032,91.85241183608524
train_mean,6,2025-05-20 14:54:00,99.80645161,91.85241183608524
train_mean,6,2025-05-20 16:20:00,100.2580645,91.85241183608524
train_mean,6,2025-05-20 17:45:00,104.3225806,91.85241183608524
train_mean,6,2025-05-20 19:11:00,104.3225806,91.85241183608524
train_mean,6,2025-05-20 20:37:00,104.7741935,91.85241183608524
train_mean,6,2025-05-20 22:02:00,128.2580645,91.85241183608524
train_mean,6,2025-05-20 23:28:00,127.3548387,91.85241183608524
train_mean,6,2025-05-21 00:53:00,127.3548387,91.85241183608524
train_mean,6,2025-05-21 02:19:00,127.3548387,91.85241183608524
train_mean,6,2025-05-21 03:45:00,108.3870968,91.85241183608524
train_mean,6,2025-05-21 05:10:00,107.483871,91.85241183608524
train_mean,6,2025-05-21 06:36:00,69.5483871,91.85241183608524
train_mean,6,2025-05-21 08:02:00,70.90322581,91.85241183608524
train_mean,6,2025-05-21 09:27:00,71.35483871,91.85241183608524
train_mean,6,2025-05-21 10:53:00,93.03225806,91.85241183608524
train_mean,6,2025-05-21 12:18:00,94.38709677,91.85241183608524
train_mean,6,2025-05-21 13:44:00,94.38709677,91.85241183608524
train_mean,6,2025-05-21 15:10:00,103.4193548,91.85241183608524
train_mean,6,2025-05-21 16:35:00,103.4193548,91.85241183608524
train_mean,6,2025-05-21 18:01:00,124.6451613,91.85241183608524
train_mean,6,2025-05-21 19:26:00,125.0967742,91.85241183608524
train_mean,6,2025-05-21 20:52:00,125.5483871,91.85241183608524
train_mean,6,2025-05-21 22:18:00,125.5483871,91.85241183608524
train_mean,6,2025-05-21 23:43:00,124.6451613,91.85241183608524
train_mean,6,2025-05-22 01:09:00,108.3870968,91.85241183608524
train_mean,6,2025-05-22 02:35:00,108.3870968,91.85241183608524
train_mean,6,2025-05-22 04:00:00,107.0322581,91.85241183608524
train_mean,6,2025-05-22 05:26:00,67.29032258,91.85241183608524
train_mean,6,2025-05-22 06:51:00,67.74193548,91.85241183608524
train_mean,6,2025-05-22 08:17:00,67.74193548,91.85241183608524
train_mean,6,2025-05-22 09:43:00,89.87096774,91.85241183608524
train_mean,6,2025-05-22 11:08:00,91.22580645,91.85241183608524
train_mean,6,2025-05-22 12:34:00,98.0,91.85241183608524
train_mean,6,2025-05-22 13:59:00,98.90322581,91.85241183608524
train_mean,6,2025-05-22 15:25:00,118.3225806,91.85241183608524
train_mean,6,2025-05-22 16:51:00,118.3225806,91.85241183608524
train_mean,6,2025-05-22 18:16:00,118.3225806,91.85241183608524
train_mean,6,2025-05-22 19:42:00,117.8709677,91.85241183608524
train_mean,6,2025-05-22 21:08:00,116.9677419,91.85241183608524
train_mean,6,2025-05-22 22:33:00,100.2580645,91.85241183608524
train_mean,6,2025-05-22 23:59:00,98.90322581,91.85241183608524
train_mean,6,2025-05-23 01:24:00,65.48387097,91.85241183608524
train_mean,6,2025-05-23 02:50:00,66.83870968,91.85241183608524
train_mean,6,2025-05-23 04:16:00,67.29032258,91.85241183608524
train_mean,6,2025-05-23 05:41:00,89.41935484,91.85241183608524
train_mean,6,2025-05-23 07:07:00,89.87096774,91.85241183608524
train_mean,6,2025-05-23 08:32:00,90.77419355,91.85241183608524
train_mean,6,2025-05-23 09:58:00,96.19354839,91.85241183608524
train_mean,6,2025-05-23 11:24:00,96.64516129,91.85241183608524
train_mean,6,2025-05-23 12:49:00,115.6129032,91.85241183608524
train_mean,6,2025-05-23 14:15:00,116.9677419,91.85241183608524
train_mean,6,2025-05-23 15:40:00,116.9677419,91.85241183608524
train_mean,6,2025-05-23 17:06:00,116.9677419,91.85241183608524
train_mean,6,2025-05-23 18:32:00,116.9677419,91.85241183608524
train_mean,6,2025-05-23 19:57:00,104.7741935,91.85241183608524
train_mean,6,2025-05-23 21:23:00,104.3225806,91.85241183608524
train_mean,6,2025-05-23 22:49:00,103.4193548,91.85241183608524
train_mean,6,2025-05-24 00:14:00,67.74193548,91.85241183608524
train_mean,6,2025-05-24 01:40:00,67.74193548,91.85241183608524
train_mean,6,2025-05-24 03:05:00,67.74193548,91.85241183608524
train_mean,6,2025-05-24 04:31:00,87.61290323,91.85241183608524
train_mean,6,2025-05-24 05:57:00,92.58064516,91.85241183608524
train_mean,6,2025-05-24 07:22:00,92.58064516,91.85241183608524
train_mean,6,2025-05-24 08:48:00,92.58064516,91.85241183608524
seasonal_naive_24,6,2025-05-20 12:03:00,73.16129032,101.1612903
seasonal_naive_24,6,2025-05-20 13:29:00,73.16129032,121.483871
seasonal_naive_24,6,2025-05-20 14:54:00,99.80645161,122.3870968
seasonal_naive_24,6,2025-05-20 16:20:00,100.2580645,122.3870968
seasonal_naive_24,6,2025-05-20 17:45:00,104.3225806,121.9354839
seasonal_naive_24,6,2025-05-20 19:11:00,104.3225806,110.1935484
seasonal_naive_24,6,2025-05-20 20:37:00,104.7741935,109.2903226
seasonal_naive_24,6,2025-05-20 22:02:00,128.2580645,74.51612903
seasonal_naive_24,6,2025-05-20 23:28:00,127.3548387,76.32258065
seasonal_naive_24,6,2025-05-21 00:53:00,127.3548387,76.77419355
seasonal_naive_24,6,2025-05-21 02:19:00,127.3548387,102.516129
seasonal_naive_24,6,2025-05-21 03:45:00,108.3870968,102.9677419
seasonal_naive_24,6,2025-05-21 05:10:00,107.483871,102.9677419
seasonal_naive_24,6,2025-05-21 06:36:00,69.5483871,115.1612903
seasonal_naive_24,6,2025-05-21 08:02:00,70.90322581,115.6129032
seasonal_naive_24,6,2025-05-21 09:27:00,71.35483871,133.6774194
seasonal_naive_24,6,2025-05-21 10:53:00,93.03225806,133.6774194
seasonal_naive_24,6,2025-05-21 12:18:00,94.38709677,134.1290323
seasonal_naive_24,6,2025-05-21 13:44:00,94.38709677,134.1290323
seasonal_naive_24,6,2025-05-21 15:10:00,103.4193548,134.1290323
seasonal_naive_24,6,2025-05-21 16:35:00,103.4193548,112.0
seasonal_naive_24,6,2025-05-21 18:01:00,124.6451613,112.0
seasonal_naive_24,6,2025-05-21 19:26:00,125.0967742,110.6451613
seasonal_naive_24,6,2025-05-21 20:52:00,125.5483871,72.25806452
seasonal_naive_24,6,2025-05-21 22:18:00,125.5483871,73.16129032
seasonal_naive_24,6,2025-05-21 23:43:00,124.6451613,73.16129032
seasonal_naive_24,6,2025-05-22 01:09:00,108.3870968,99.80645161
seasonal_naive_24,6,2025-05-22 02:35:00,108.3870968,100.2580645
seasonal_naive_24,6,2025-05-22 04:00:00,107.0322581,104.3225806
seasonal_naive_24,6,2025-05-22 05:26:00,67.29032258,104.3225806
seasonal_naive_24,6,2025-05-22 06:51:00,67.74193548,104.7741935
seasonal_naive_24,6,2025-05-22 08:17:00,67.74193548,128.2580645
seasonal_naive_24,6,2025-05-22 09:43:00,89.87096774,127.3548387
seasonal_naive_24,6,2025-05-22 11:08:00,91.22580645,127.3548387
seasonal_naive_24,6,2025-05-22 12:34:00,98.0,127.3548387
seasonal_naive_24,6,2025-05-22 13:59:00,98.90322581,108.3870968
seasonal_naive_24,6,2025-05-22 15:25:00,118.3225806,107.483871
seasonal_naive_24,6,2025-05-22 16:51:00,118.3225806,69.5483871
seasonal_naive_24,6,2025-05-22 18:16:00,118.3225806,70.90322581
seasonal_naive_24,6,2025-05-22 19:42:00,117.8709677,71.35483871
seasonal_naive_24,6,2025-05-22 21:08:00,116.9677419,93.03225806
seasonal_naive_24,6,2025-05-22 22:33:00,100.2580645,94.38709677
seasonal_naive_24,6,2025-05-22 23:59:00,98.90322581,94.38709677
seasonal_naive_24,6,2025-05-23 01:24:00,65.48387097,103.4193548
seasonal_naive_24,6,2025-05-23 02:50:00,66.83870968,103.4193548
seasonal_naive_24,6,2025-05-23 04:16:00,67.29032258,124.6451613
seasonal_naive_24,6,2025-05-23 05:41:00,89.41935484,125.0967742
seasonal_naive_24,6,2025-05-23 07:07:00,89.87096774,125.5483871
seasonal_naive_24,6,2025-05-23 08:32:00,90.77419355,125.5483871
seasonal_naive_24,6,2025-05-23 09:58:00,96.19354839,124.6451613
seasonal_naive_24,6,2025-05-23 11:24:00,96.64516129,108.3870968
seasonal_naive_24,6,2025-05-23 12:49:00,115.6129032,108.3870968
seasonal_naive_24,6,2025-05-23 14:15:00,116.9677419,107.0322581
seasonal_naive_24,6,2025-05-23 15:40:00,116.9677419,67.29032258
seasonal_naive_24,6,2025-05-23 17:06:00,116.9677419,67.74193548
seasonal_naive_24,6,2025-05-23 18:32:00,116.9677419,67.74193548
seasonal_naive_24,6,2025-05-23 19:57:00,104.7741935,89.87096774
seasonal_naive_24,6,2025-05-23 21:23:00,104.3225806,91.22580645
seasonal_naive_24,6,2025-05-23 22:49:00,103.4193548,98.0
seasonal_naive_24,6,2025-05-24 00:14:00,67.74193548,98.90322581
seasonal_naive_24,6,2025-05-24 01:40:00,67.74193548,118.3225806
seasonal_naive_24,6,2025-05-24 03:05:00,67.74193548,118.3225806
seasonal_naive_24,6,2025-05-24 04:31:00,87.61290323,118.3225806
seasonal_naive_24,6,2025-05-24 05:57:00,92.58064516,117.8709677
seasonal_naive_24,6,2025-05-24 07:22:00,92.58064516,116.9677419
seasonal_naive_24,6,2025-05-24 08:48:00,92.58064516,100.2580645
ridge,6,2025-05-20 12:03:00,73.16129032,78.68303580743152
ridge,6,2025-05-20 13:29:00,73.16129032,83.05978637805353
ridge,6,2025-05-20 14:54:00,99.80645161,91.93570532425946
ridge,6,2025-05-20 16:20:00,100.2580645,110.56204203155397
ridge,6,2025-05-20 17:45:00,104.3225806,108.36420557716752
ridge,6,2025-05-20 19:11:00,104.3225806,109.46885362680288
ridge,6,2025-05-20 20:37:00,104.7741935,108.52282593784086
ridge,6,2025-05-20 22:02:00,128.2580645,108.72833858606829
ridge,6,2025-05-20 23:28:00,127.3548387,126.53135756539022
ridge,6,2025-05-21 00:53:00,127.3548387,124.77565833685718
ridge,6,2025-05-21 02:19:00,127.3548387,122.8293012175076
ridge,6,2025-05-21 03:45:00,108.3870968,122.26906056323911
ridge,6,2025-05-21 05:10:00,107.483871,103.77857949608483
ridge,6,2025-05-21 06:36:00,69.5483871,104.37370362477004
ridge,6,2025-05-21 08:02:00,70.90322581,74.741185136598
ridge,6,2025-05-21 09:27:00,71.35483871,79.18248135852156
ridge,6,2025-05-21 10:53:00,93.03225806,88.3214438695839
ridge,6,2025-05-21 12:18:00,94.38709677,103.60903231203031
ridge,6,2025-05-21 13:44:00,94.38709677,102.53347784249029
ridge,6,2025-05-21 15:10:00,103.4193548,100.24449476369017
ridge,6,2025-05-21 16:35:00,103.4193548,107.01362355225574
ridge,6,2025-05-21 18:01:00,124.6451613,105.84379671561695
ridge,6,2025-05-21 19:26:00,125.0967742,121.49670816563584
ridge,6,2025-05-21 20:52:00,125.5483871,120.72972696199048
ridge,6,2025-05-21 22:18:00,125.5483871,120.21448591936263
ridge,6,2025-05-21 23:43:00,124.6451613,120.48191966134839
ridge,6,2025-05-22 01:09:00,108.3870968,119.66493096260898
ridge,6,2025-05-22 02:35:00,108.3870968,103.82825948214203
ridge,6,2025-05-22 04:00:00,107.0322581,104.81682613459675
ridge,6,2025-05-22 05:26:00,67.29032258,107.24064429309597
ridge,6,2025-05-22 06:51:00,67.74193548,73.20334555857735
ridge,6,2025-05-22 08:17:00,67.74193548,77.50344093020547
ridge,6,2025-05-22 09:43:00,89.87096774,86.13524441818655
ridge,6,2025-05-22 11:08:00,91.22580645,100.8037387801224
ridge,6,2025-05-22 12:34:00,98.0,99.47323925734779
ridge,6,2025-05-22 13:59:00,98.90322581,103.239086927657
ridge,6,2025-05-22 15:25:00,118.3225806,103.23625780581929
ridge,6,2025-05-22 16:51:00,118.3225806,117.70961730812418
ridge,6,2025-05-22 18:16:00,118.3225806,115.33215734450748
ridge,6,2025-05-22 19:42:00,117.8709677,113.4840649042534
ridge,6,2025-05-22 21:08:00,116.9677419,112.64487978042439
ridge,6,2025-05-22 22:33:00,100.2580645,111.81230212800179
ridge,6,2025-05-22 23:59:00,98.90322581,96.20574163623027
ridge,6,2025-05-23 01:24:00,65.48387097,96.15420242703709
ridge,6,2025-05-23 02:50:00,66.83870968,69.4187104980978
ridge,6,2025-05-23 04:16:00,67.29032258,73.3107691959942
ridge,6,2025-05-23 05:41:00,89.41935484,81.98929224745325
ridge,6,2025-05-23 07:07:00,89.87096774,98.40227931495406
ridge,6,2025-05-23 08:32:00,90.77419355,96.65544934138569
ridge,6,2025-05-23 09:58:00,96.19354839,94.61342167302462
ridge,6,2025-05-23 11:24:00,96.64516129,98.00037717081041
ridge,6,2025-05-23 12:49:00,115.6129032,97.35345211241675
ridge,6,2025-05-23 14:15:00,116.9677419,111.89126800977292
ridge,6,2025-05-23 15:40:00,116.9677419,111.58644461186549
ridge,6,2025-05-23 17:06:00,116.9677419,110.26601769516954
ridge,6,2025-05-23 18:32:00,116.9677419,109.73049419130876
ridge,6,2025-05-23 19:57:00,104.7741935,109.33547671679119
ridge,6,2025-05-23 21:23:00,104.3225806,97.77061147359713
ridge,6,2025-05-23 22:49:00,103.4193548,98.91873446751013
ridge,6,2025-05-24 00:14:00,67.74193548,102.11248677010643
ridge,6,2025-05-24 01:40:00,67.74193548,71.24980702359315
ridge,6,2025-05-24 03:05:00,67.74193548,74.08509412987749
ridge,6,2025-05-24 04:31:00,87.61290323,81.87338265160017
ridge,6,2025-05-24 05:57:00,92.58064516,95.59654532530584
ridge,6,2025-05-24 07:22:00,92.58064516,98.06481075431195
ridge,6,2025-05-24 08:48:00,92.58064516,96.40275341864194
random_forest,6,2025-05-20 12:03:00,73.16129032,73.54266069359727
random_forest,6,2025-05-20 13:29:00,73.16129032,79.41008608896806
random_forest,6,2025-05-20 14:54:00,99.80645161,92.17944239166484
random_forest,6,2025-05-20 16:20:00,100.2580645,97.48698778282082
random_forest,6,2025-05-20 17:45:00,104.3225806,99.09494277778174
random_forest,6,2025-05-20 19:11:00,104.3225806,101.72241039756214
random_forest,6,2025-05-20 20:37:00,104.7741935,102.225121725011
random_forest,6,2025-05-20 22:02:00,128.2580645,97.72433661230457
random_forest,6,2025-05-20 23:28:00,127.3548387,126.48172045629995
random_forest,6,2025-05-21 00:53:00,127.3548387,125.17354840983339
random_forest,6,2025-05-21 02:19:00,127.3548387,123.86537636663319
random_forest,6,2025-05-21 03:45:00,108.3870968,123.54623658076653
random_forest,6,2025-05-21 05:10:00,107.483871,99.17147479942834
random_forest,6,2025-05-21 06:36:00,69.5483871,99.2865137698667
random_forest,6,2025-05-21 08:02:00,70.90322581,74.48494205472848
random_forest,6,2025-05-21 09:27:00,71.35483871,76.88126781284804
random_forest,6,2025-05-21 10:53:00,93.03225806,91.08152008204527
random_forest,6,2025-05-21 12:18:00,94.38709677,95.83764621989131
random_forest,6,2025-05-21 13:44:00,94.38709677,95.29656103692987
random_forest,6,2025-05-21 15:10:00,103.4193548,91.86479363452732
random_forest,6,2025-05-21 16:35:00,103.4193548,103.84898780331349
random_forest,6,2025-05-21 18:01:00,124.6451613,104.44035029713119
random_forest,6,2025-05-21 19:26:00,125.0967742,119.54742831786876
random_forest,6,2025-05-21 20:52:00,125.5483871,121.35591399173335
random_forest,6,2025-05-21 22:18:00,125.5483871,120.8215053921333
random_forest,6,2025-05-21 23:43:00,124.6451613,121.62838711436666
random_forest,6,2025-05-22 01:09:00,108.3870968,122.18989248873322
random_forest,6,2025-05-22 02:35:00,108.3870968,99.6906429196772
random_forest,6,2025-05-22 04:00:00,107.0322581,85.45703002615618
random_forest,6,2025-05-22 05:26:00,67.29032258,101.168760219584
random_forest,6,2025-05-22 06:51:00,67.74193548,70.73978629367984
random_forest,6,2025-05-22 08:17:00,67.74193548,77.74493761791175
random_forest,6,2025-05-22 09:43:00,89.87096774,89.68872641757099
random_forest,6,2025-05-22 11:08:00,91.22580645,90.0776564334514
random_forest,6,2025-05-22 12:34:00,98.0,89.40970481216236
random_forest,6,2025-05-22 13:59:00,98.90322581,97.0207123077078
random_forest,6,2025-05-22 15:25:00,118.3225806,97.38634655889683
random_forest,6,2025-05-22 16:51:00,118.3225806,112.43956986320018
random_forest,6,2025-05-22 18:16:00,118.3225806,112.06774191443346
random_forest,6,2025-05-22 19:42:00,117.8709677,110.97145738495907
random_forest,6,2025-05-22 21:08:00,116.9677419,110.03252955434581
random_forest,6,2025-05-22 22:33:00,100.2580645,108.81568911790586
random_forest,6,2025-05-22 23:59:00,98.90322581,93.70427626288449
random_forest,6,2025-05-23 01:24:00,65.48387097,95.41605629823559
random_forest,6,2025-05-23 02:50:00,66.83870968,70.40498207846812
random_forest,6,2025-05-23 04:16:00,67.29032258,73.65507260440673
random_forest,6,2025-05-23 05:41:00,89.41935484,85.12778543218253
random_forest,6,2025-05-23 07:07:00,89.87096774,92.29544933500185
random_forest,6,2025-05-23 08:32:00,90.77419355,93.42430553646051
random_forest,6,2025-05-23 09:58:00,96.19354839,75.21370728256078
random_forest,6,2025-05-23 11:24:00,96.64516129,98.11137411124434
random_forest,6,2025-05-23 12:49:00,115.6129032,95.83463832873869
random_forest,6,2025-05-23 14:15:00,116.9677419,115.90576500149412
random_forest,6,2025-05-23 15:40:00,116.9677419,116.9452153065172
random_forest,6,2025-05-23 17:06:00,116.9677419,111.72097831275481
random_forest,6,2025-05-23 18:32:00,116.9677419,111.80614155774575
random_forest,6,2025-05-23 19:57:00,104.7741935,112.15074281373121
random_forest,6,2025-05-23 21:23:00,104.3225806,98.72265505324947
random_forest,6,2025-05-23 22:49:00,103.4193548,98.71119303704819
random_forest,6,2025-05-24 00:14:00,67.74193548,91.55277295484935
random_forest,6,2025-05-24 01:40:00,67.74193548,72.42488674370848
random_forest,6,2025-05-24 03:05:00,67.74193548,78.66006695658946
random_forest,6,2025-05-24 04:31:00,87.61290323,88.59163898778984
random_forest,6,2025-05-24 05:57:00,92.58064516,92.50735940821406
random_forest,6,2025-05-24 07:22:00,92.58064516,95.19285216577944
random_forest,6,2025-05-24 08:48:00,92.58064516,96.50671233585378
xgboost,6,2025-05-20 12:03:00,73.16129032,75.85079193115234
xgboost,6,2025-05-20 13:29:00,73.16129032,82.1916732788086
xgboost,6,2025-05-20 14:54:00,99.80645161,96.6067886352539
xgboost,6,2025-05-20 16:20:00,100.2580645,101.49933624267578
xgboost,6,2025-05-20 17:45:00,104.3225806,100.78963470458984
xgboost,6,2025-05-20 19:11:00,104.3225806,97.0663070678711
xgboost,6,2025-05-20 20:37:00,104.7741935,95.39876556396484
xgboost,6,2025-05-20 22:02:00,128.2580645,101.2020492553711
xgboost,6,2025-05-20 23:28:00,127.3548387,117.22489929199219
xgboost,6,2025-05-21 00:53:00,127.3548387,123.069580078125
xgboost,6,2025-05-21 02:19:00,127.3548387,121.69548034667969
xgboost,6,2025-05-21 03:45:00,108.3870968,112.86031341552734
xgboost,6,2025-05-21 05:10:00,107.483871,102.54136657714844
xgboost,6,2025-05-21 06:36:00,69.5483871,96.68624877929688
xgboost,6,2025-05-21 08:02:00,70.90322581,70.8846435546875
xgboost,6,2025-05-21 09:27:00,71.35483871,75.4483413696289
xgboost,6,2025-05-21 10:53:00,93.03225806,90.56616973876953
xgboost,6,2025-05-21 12:18:00,94.38709677,93.85393524169922
xgboost,6,2025-05-21 13:44:00,94.38709677,95.3186264038086
xgboost,6,2025-05-21 15:10:00,103.4193548,81.64266204833984
xgboost,6,2025-05-21 16:35:00,103.4193548,104.01571655273438
xgboost,6,2025-05-21 18:01:00,124.6451613,104.90802764892578
xgboost,6,2025-05-21 19:26:00,125.0967742,118.8395004272461
xgboost,6,2025-05-21 20:52:00,125.5483871,121.51939392089844
xgboost,6,2025-05-21 22:18:00,125.5483871,112.70479583740234
xgboost,6,2025-05-21 23:43:00,124.6451613,116.48179626464844
xgboost,6,2025-05-22 01:09:00,108.3870968,116.38224029541016
xgboost,6,2025-05-22 02:35:00,108.3870968,102.01112365722656
xgboost,6,2025-05-22 04:00:00,107.0322581,80.80819702148438
xgboost,6,2025-05-22 05:26:00,67.29032258,94.75312805175781
xgboost,6,2025-05-22 06:51:00,67.74193548,73.68941497802734
xgboost,6,2025-05-22 08:17:00,67.74193548,84.63328552246094
xgboost,6,2025-05-22 09:43:00,89.87096774,95.76625061035156
xgboost,6,2025-05-22 11:08:00,91.22580645,88.77297973632812
xgboost,6,2025-05-22 12:34:00,98.0,87.656494140625
xgboost,6,2025-05-22 13:59:00,98.90322581,98.66053009033203
xgboost,6,2025-05-22 15:25:00,118.3225806,93.31192016601562
xgboost,6,2025-05-22 16:51:00,118.3225806,110.28545379638672
xgboost,6,2025-05-22 18:16:00,118.3225806,115.72335052490234
xgboost,6,2025-05-22 19:42:00,117.8709677,106.76200866699219
xgboost,6,2025-05-22 21:08:00,116.9677419,111.27197265625
xgboost,6,2025-05-22 22:33:00,100.2580645,103.99156188964844
xgboost,6,2025-05-22 23:59:00,98.90322581,94.93086242675781
xgboost,6,2025-05-23 01:24:00,65.48387097,96.07298278808594
xgboost,6,2025-05-23 02:50:00,66.83870968,68.3290023803711
xgboost,6,2025-05-23 04:16:00,67.29032258,73.06367492675781
xgboost,6,2025-05-23 05:41:00,89.41935484,85.6954116821289
xgboost,6,2025-05-23 07:07:00,89.87096774,89.92021179199219
xgboost,6,2025-05-23 08:32:00,90.77419355,91.11947631835938
xgboost,6,2025-05-23 09:58:00,96.19354839,69.8656234741211
xgboost,6,2025-05-23 11:24:00,96.64516129,97.07872009277344
xgboost,6,2025-05-23 12:49:00,115.6129032,92.9680404663086
xgboost,6,2025-05-23 14:15:00,116.9677419,112.10445404052734
xgboost,6,2025-05-23 15:40:00,116.9677419,115.69102478027344
xgboost,6,2025-05-23 17:06:00,116.9677419,102.84687805175781
xgboost,6,2025-05-23 18:32:00,116.9677419,108.91439819335938
xgboost,6,2025-05-23 19:57:00,104.7741935,105.68472290039062
xgboost,6,2025-05-23 21:23:00,104.3225806,98.57835388183594
xgboost,6,2025-05-23 22:49:00,103.4193548,97.85663604736328
xgboost,6,2025-05-24 00:14:00,67.74193548,87.34942626953125
xgboost,6,2025-05-24 01:40:00,67.74193548,81.10233306884766
xgboost,6,2025-05-24 03:05:00,67.74193548,86.8116455078125
xgboost,6,2025-05-24 04:31:00,87.61290323,99.13046264648438
xgboost,6,2025-05-24 05:57:00,92.58064516,92.29519653320312
xgboost,6,2025-05-24 07:22:00,92.58064516,93.80834197998047
xgboost,6,2025-05-24 08:48:00,92.58064516,98.27349853515625
persistence,7,2025-05-24 10:13:00,110.6451613,92.58064516
persistence,7,2025-05-24 11:39:00,111.0967742,110.6451613
persistence,7,2025-05-24 13:05:00,111.0967742,111.0967742
persistence,7,2025-05-24 14:30:00,111.0967742,111.0967742
persistence,7,2025-05-24 15:56:00,110.6451613,111.0967742
persistence,7,2025-05-24 17:22:00,99.35483871,110.6451613
persistence,7,2025-05-24 18:47:00,98.4516129,99.35483871
persistence,7,2025-05-24 20:13:00,62.77419355,98.4516129
persistence,7,2025-05-24 21:38:00,66.38709677,62.77419355
persistence,7,2025-05-24 23:04:00,66.83870968,66.38709677
persistence,7,2025-05-25 00:30:00,88.96774194,66.83870968
persistence,7,2025-05-25 01:55:00,89.87096774,88.96774194
persistence,7,2025-05-25 03:21:00,89.87096774,89.87096774
persistence,7,2025-05-25 04:46:00,92.58064516,89.87096774
persistence,7,2025-05-25 06:12:00,92.58064516,92.58064516
persistence,7,2025-05-25 07:38:00,104.3225806,92.58064516
persistence,7,2025-05-25 09:03:00,105.2258065,104.3225806
persistence,7,2025-05-25 10:29:00,104.7741935,105.2258065
persistence,7,2025-05-25 11:55:00,104.7741935,104.7741935
persistence,7,2025-05-25 13:20:00,104.3225806,104.7741935
persistence,7,2025-05-25 14:46:00,82.64516129,104.3225806
persistence,7,2025-05-25 16:11:00,82.64516129,82.64516129
persistence,7,2025-05-25 17:37:00,81.74193548,82.64516129
persistence,7,2025-05-25 19:03:00,53.74193548,81.74193548
persistence,7,2025-05-25 20:28:00,54.19354839,53.74193548
persistence,7,2025-05-25 21:54:00,54.19354839,54.19354839
persistence,7,2025-05-25 23:19:00,78.58064516,54.19354839
persistence,7,2025-05-26 00:45:00,93.93548387,78.58064516
persistence,7,2025-05-26 02:11:00,94.38709677,93.93548387
persistence,7,2025-05-26 03:36:00,94.38709677,94.38709677
persistence,7,2025-05-26 05:02:00,118.3225806,94.38709677
persistence,7,2025-05-26 06:28:00,118.7741935,118.3225806
persistence,7,2025-05-26 07:53:00,118.7741935,118.7741935
persistence,7,2025-05-26 09:19:00,118.3225806,118.7741935
persistence,7,2025-05-26 10:44:00,117.4193548,118.3225806
persistence,7,2025-05-26 12:10:00,106.1290323,117.4193548
persistence,7,2025-05-26 13:36:00,103.4193548,106.1290323
persistence,7,2025-05-26 15:01:00,62.77419355,103.4193548
persistence,7,2025-05-26 16:27:00,65.93548387,62.77419355
persistence,7,2025-05-26 17:52:00,65.93548387,65.93548387
persistence,7,2025-05-26 19:18:00,89.41935484,65.93548387
persistence,7,2025-05-26 20:44:00,89.87096774,89.41935484
persistence,7,2025-05-26 22:09:00,90.77419355,89.87096774
persistence,7,2025-05-26 23:35:00,98.4516129,90.77419355
persistence,7,2025-05-27 01:00:00,98.4516129,98.4516129
persistence,7,2025-05-27 02:26:00,111.5483871,98.4516129
persistence,7,2025-05-27 03:52:00,112.0,111.5483871
persistence,7,2025-05-27 05:17:00,112.0,112.0
persistence,7,2025-05-27 06:43:00,111.5483871,112.0
persistence,7,2025-05-27 08:09:00,109.7419355,111.5483871
persistence,7,2025-05-27 09:34:00,98.90322581,109.7419355
persistence,7,2025-05-27 11:00:00,98.90322581,98.90322581
persistence,7,2025-05-27 12:25:00,97.5483871,98.90322581
persistence,7,2025-05-27 13:51:00,64.58064516,97.5483871
persistence,7,2025-05-27 15:17:00,89.41935484,64.58064516
persistence,7,2025-05-27 16:42:00,89.87096774,89.41935484
persistence,7,2025-05-27 18:08:00,90.32258065,89.87096774
persistence,7,2025-05-27 19:33:00,98.90322581,90.32258065
persistence,7,2025-05-27 20:59:00,98.90322581,98.90322581
persistence,7,2025-05-27 22:25:00,98.90322581,98.90322581
persistence,7,2025-05-27 23:50:00,118.7741935,98.90322581
persistence,7,2025-05-28 01:16:00,119.2258065,118.7741935
persistence,7,2025-05-28 02:42:00,119.2258065,119.2258065
persistence,7,2025-05-28 04:07:00,119.2258065,119.2258065
persistence,7,2025-05-28 05:33:00,118.3225806,119.2258065
persistence,7,2025-05-28 06:58:00,110.6451613,118.3225806
persistence,7,2025-05-28 08:24:00,109.7419355,110.6451613
persistence,7,2025-05-28 09:50:00,65.93548387,109.7419355
persistence,7,2025-05-28 11:15:00,66.83870968,65.93548387
persistence,7,2025-05-28 12:41:00,67.29032258,66.83870968
persistence,7,2025-05-28 14:06:00,67.29032258,67.29032258
seasonal_naive_17,7,2025-05-24 10:13:00,110.6451613,96.19354839
seasonal_naive_17,7,2025-05-24 11:39:00,111.0967742,96.64516129
seasonal_naive_17,7,2025-05-24 13:05:00,111.0967742,115.6129032
seasonal_naive_17,7,2025-05-24 14:30:00,111.0967742,116.9677419
seasonal_naive_17,7,2025-05-24 15:56:00,110.6451613,116.9677419
seasonal_naive_17,7,2025-05-24 17:22:00,99.35483871,116.9677419
seasonal_naive_17,7,2025-05-24 18:47:00,98.4516129,116.9677419
seasonal_naive_17,7,2025-05-24 20:13:00,62.77419355,104.7741935
seasonal_naive_17,7,2025-05-24 21:38:00,66.38709677,104.3225806
seasonal_naive_17,7,2025-05-24 23:04:00,66.83870968,103.4193548
seasonal_naive_17,7,2025-05-25 00:30:00,88.96774194,67.74193548
seasonal_naive_17,7,2025-05-25 01:55:00,89.87096774,67.74193548
seasonal_naive_17,7,2025-05-25 03:21:00,89.87096774,67.74193548
seasonal_naive_17,7,2025-05-25 04:46:00,92.58064516,87.61290323
seasonal_naive_17,7,2025-05-25 06:12:00,92.58064516,92.58064516
seasonal_naive_17,7,2025-05-25 07:38:00,104.3225806,92.58064516
seasonal_naive_17,7,2025-05-25 09:03:00,105.2258065,92.58064516
seasonal_naive_17,7,2025-05-25 10:29:00,104.7741935,110.6451613
seasonal_naive_17,7,2025-05-25 11:55:00,104.7741935,111.0967742
seasonal_naive_17,7,2025-05-25 13:20:00,104.3225806,111.0967742
seasonal_naive_17,7,2025-05-25 14:46:00,82.64516129,111.0967742
seasonal_naive_17,7,2025-05-25 16:11:00,82.64516129,110.6451613
seasonal_naive_17,7,2025-05-25 17:37:00,81.74193548,99.35483871
seasonal_naive_17,7,2025-05-25 19:03:00,53.74193548,98.4516129
seasonal_naive_17,7,2025-05-25 20:28:00,54.19354839,62.77419355
seasonal_naive_17,7,2025-05-25 21:54:00,54.19354839,66.38709677
seasonal_naive_17,7,2025-05-25 23:19:00,78.58064516,66.83870968
seasonal_naive_17,7,2025-05-26 00:45:00,93.93548387,88.96774194
seasonal_naive_17,7,2025-05-26 02:11:00,94.38709677,89.87096774
seasonal_naive_17,7,2025-05-26 03:36:00,94.38709677,89.87096774
seasonal_naive_17,7,2025-05-26 05:02:00,118.3225806,92.58064516
seasonal_naive_17,7,2025-05-26 06:28:00,118.7741935,92.58064516
seasonal_naive_17,7,2025-05-26 07:53:00,118.7741935,104.3225806
seasonal_naive_17,7,2025-05-26 09:19:00,118.3225806,105.2258065
seasonal_naive_17,7,2025-05-26 10:44:00,117.4193548,104.7741935
seasonal_naive_17,7,2025-05-26 12:10:00,106.1290323,104.7741935
seasonal_naive_17,7,2025-05-26 13:36:00,103.4193548,104.3225806
seasonal_naive_17,7,2025-05-26 15:01:00,62.77419355,82.64516129
seasonal_naive_17,7,2025-05-26 16:27:00,65.93548387,82.64516129
seasonal_naive_17,7,2025-05-26 17:52:00,65.93548387,81.74193548
seasonal_naive_17,7,2025-05-26 19:18:00,89.41935484,53.74193548
seasonal_naive_17,7,2025-05-26 20:44:00,89.87096774,54.19354839
seasonal_naive_17,7,2025-05-26 22:09:00,90.77419355,54.19354839
seasonal_naive_17,7,2025-05-26 23:35:00,98.4516129,78.58064516
seasonal_naive_17,7,2025-05-27 01:00:00,98.4516129,93.93548387
seasonal_naive_17,7,2025-05-27 02:26:00,111.5483871,94.38709677
seasonal_naive_17,7,2025-05-27 03:52:00,112.0,94.38709677
seasonal_naive_17,7,2025-05-27 05:17:00,112.0,118.3225806
seasonal_naive_17,7,2025-05-27 06:43:00,111.5483871,118.7741935
seasonal_naive_17,7,2025-05-27 08:09:00,109.7419355,118.7741935
seasonal_naive_17,7,2025-05-27 09:34:00,98.90322581,118.3225806
seasonal_naive_17,7,2025-05-27 11:00:00,98.90322581,117.4193548
seasonal_naive_17,7,2025-05-27 12:25:00,97.5483871,106.1290323
seasonal_naive_17,7,2025-05-27 13:51:00,64.58064516,103.4193548
seasonal_naive_17,7,2025-05-27 15:17:00,89.41935484,62.77419355
seasonal_naive_17,7,2025-05-27 16:42:00,89.87096774,65.93548387
seasonal_naive_17,7,2025-05-27 18:08:00,90.32258065,65.93548387
seasonal_naive_17,7,2025-05-27 19:33:00,98.90322581,89.41935484
seasonal_naive_17,7,2025-05-27 20:59:00,98.90322581,89.87096774
seasonal_naive_17,7,2025-05-27 22:25:00,98.90322581,90.77419355
seasonal_naive_17,7,2025-05-27 23:50:00,118.7741935,98.4516129
seasonal_naive_17,7,2025-05-28 01:16:00,119.2258065,98.4516129
seasonal_naive_17,7,2025-05-28 02:42:00,119.2258065,111.5483871
seasonal_naive_17,7,2025-05-28 04:07:00,119.2258065,112.0
seasonal_naive_17,7,2025-05-28 05:33:00,118.3225806,112.0
seasonal_naive_17,7,2025-05-28 06:58:00,110.6451613,111.5483871
seasonal_naive_17,7,2025-05-28 08:24:00,109.7419355,109.7419355
seasonal_naive_17,7,2025-05-28 09:50:00,65.93548387,98.90322581
seasonal_naive_17,7,2025-05-28 11:15:00,66.83870968,98.90322581
seasonal_naive_17,7,2025-05-28 12:41:00,67.29032258,97.5483871
seasonal_naive_17,7,2025-05-28 14:06:00,67.29032258,64.58064516
drift,7,2025-05-24 10:13:00,110.6451613,92.56348829720588
drift,7,2025-05-24 11:39:00,111.0967742,92.54633143441177
drift,7,2025-05-24 13:05:00,111.0967742,92.52917457161765
drift,7,2025-05-24 14:30:00,111.0967742,92.51201770882354
drift,7,2025-05-24 15:56:00,110.6451613,92.49486084602941
drift,7,2025-05-24 17:22:00,99.35483871,92.4777039832353
drift,7,2025-05-24 18:47:00,98.4516129,92.46054712044118
drift,7,2025-05-24 20:13:00,62.77419355,92.44339025764707
drift,7,2025-05-24 21:38:00,66.38709677,92.42623339485294
drift,7,2025-05-24 23:04:00,66.83870968,92.40907653205883
drift,7,2025-05-25 00:30:00,88.96774194,92.39191966926471
drift,7,2025-05-25 01:55:00,89.87096774,92.37476280647059
drift,7,2025-05-25 03:21:00,89.87096774,92.35760594367648
drift,7,2025-05-25 04:46:00,92.58064516,92.34044908088235
drift,7,2025-05-25 06:12:00,92.58064516,92.32329221808824
drift,7,2025-05-25 07:38:00,104.3225806,92.30613535529412
drift,7,2025-05-25 09:03:00,105.2258065,92.28897849250001
drift,7,2025-05-25 10:29:00,104.7741935,92.27182162970588
drift,7,2025-05-25 11:55:00,104.7741935,92.25466476691177
drift,7,2025-05-25 13:20:00,104.3225806,92.23750790411765
drift,7,2025-05-25 14:46:00,82.64516129,92.22035104132354
drift,7,2025-05-25 16:11:00,82.64516129,92.20319417852942
drift,7,2025-05-25 17:37:00,81.74193548,92.18603731573529
drift,7,2025-05-25 19:03:00,53.74193548,92.16888045294118
drift,7,2025-05-25 20:28:00,54.19354839,92.15172359014706
drift,7,2025-05-25 21:54:00,54.19354839,92.13456672735295
drift,7,2025-05-25 23:19:00,78.58064516,92.11740986455882
drift,7,2025-05-26 00:45:00,93.93548387,92.10025300176471
drift,7,2025-05-26 02:11:00,94.38709677,92.08309613897059
drift,7,2025-05-26 03:36:00,94.38709677,92.06593927617648
drift,7,2025-05-26 05:02:00,118.3225806,92.04878241338236
drift,7,2025-05-26 06:28:00,118.7741935,92.03162555058825
drift,7,2025-05-26 07:53:00,118.7741935,92.01446868779412
drift,7,2025-05-26 09:19:00,118.3225806,91.997311825
drift,7,2025-05-26 10:44:00,117.4193548,91.98015496220589
drift,7,2025-05-26 12:10:00,106.1290323,91.96299809941176
drift,7,2025-05-26 13:36:00,103.4193548,91.94584123661765
drift,7,2025-05-26 15:01:00,62.77419355,91.92868437382353
drift,7,2025-05-26 16:27:00,65.93548387,91.91152751102942
drift,7,2025-05-26 17:52:00,65.93548387,91.8943706482353
drift,7,2025-05-26 19:18:00,89.41935484,91.87721378544119
drift,7,2025-05-26 20:44:00,89.87096774,91.86005692264706
drift,7,2025-05-26 22:09:00,90.77419355,91.84290005985294
drift,7,2025-05-26 23:35:00,98.4516129,91.82574319705883
drift,7,2025-05-27 01:00:00,98.4516129,91.8085863342647
drift,7,2025-05-27 02:26:00,111.5483871,91.7914294714706
drift,7,2025-05-27 03:52:00,112.0,91.77427260867647
drift,7,2025-05-27 05:17:00,112.0,91.75711574588236
drift,7,2025-05-27 06:43:00,111.5483871,91.73995888308824
drift,7,2025-05-27 08:09:00,109.7419355,91.72280202029413
drift,7,2025-05-27 09:34:00,98.90322581,91.7056451575
drift,7,2025-05-27 11:00:00,98.90322581,91.68848829470589
drift,7,2025-05-27 12:25:00,97.5483871,91.67133143191177
drift,7,2025-05-27 13:51:00,64.58064516,91.65417456911764
drift,7,2025-05-27 15:17:00,89.41935484,91.63701770632353
drift,7,2025-05-27 16:42:00,89.87096774,91.61986084352941
drift,7,2025-05-27 18:08:00,90.32258065,91.6027039807353
drift,7,2025-05-27 19:33:00,98.90322581,91.58554711794118
drift,7,2025-05-27 20:59:00,98.90322581,91.56839025514707
drift,7,2025-05-27 22:25:00,98.90322581,91.55123339235294
drift,7,2025-05-27 23:50:00,118.7741935,91.53407652955883
drift,7,2025-05-28 01:16:00,119.2258065,91.51691966676471
drift,7,2025-05-28 02:42:00,119.2258065,91.4997628039706
drift,7,2025-05-28 04:07:00,119.2258065,91.48260594117647
drift,7,2025-05-28 05:33:00,118.3225806,91.46544907838235
drift,7,2025-05-28 06:58:00,110.6451613,91.44829221558824
drift,7,2025-05-28 08:24:00,109.7419355,91.43113535279412
drift,7,2025-05-28 09:50:00,65.93548387,91.41397849
drift,7,2025-05-28 11:15:00,66.83870968,91.39682162720588
drift,7,2025-05-28 12:41:00,67.29032258,91.37966476441177
drift,7,2025-05-28 14:06:00,67.29032258,91.36250790161765
rolling_mean_17,7,2025-05-24 10:13:00,110.6451613,97.49525614882351
rolling_mean_17,7,2025-05-24 11:39:00,111.0967742,98.34535102588234
rolling_mean_17,7,2025-05-24 13:05:00,111.0967742,99.19544590294117
rolling_mean_17,7,2025-05-24 14:30:00,111.0967742,98.92979125588235
rolling_mean_17,7,2025-05-24 15:56:00,110.6451613,98.58444021470588
rolling_mean_17,7,2025-05-24 17:22:00,99.35483871,98.21252370882351
rolling_mean_17,7,2025-05-24 18:47:00,98.4516129,97.17647058
rolling_mean_17,7,2025-05-24 20:13:00,62.77419355,96.08728652117647
rolling_mean_17,7,2025-05-24 21:38:00,66.38709677,93.61669828882354
rolling_mean_17,7,2025-05-24 23:04:00,66.83870968,91.38519923999999
rolling_mean_17,7,2025-05-25 00:30:00,88.96774194,89.23339658588236
rolling_mean_17,7,2025-05-25 01:55:00,89.87096774,90.48197343647058
rolling_mean_17,7,2025-05-25 03:21:00,89.87096774,91.78368121647058
rolling_mean_17,7,2025-05-25 04:46:00,92.58064516,93.0853889964706
rolling_mean_17,7,2025-05-25 06:12:00,92.58064516,93.37760910999998
rolling_mean_17,7,2025-05-25 07:38:00,104.3225806,93.37760910999998
rolling_mean_17,7,2025-05-25 09:03:00,105.2258065,94.06831119470587
rolling_mean_17,7,2025-05-25 10:29:00,104.7741935,94.81214421470588
rolling_mean_17,7,2025-05-25 11:55:00,104.7741935,94.46679316764705
rolling_mean_17,7,2025-05-25 13:20:00,104.3225806,94.09487665588235
rolling_mean_17,7,2025-05-25 14:46:00,82.64516129,93.69639467941177
rolling_mean_17,7,2025-05-25 16:11:00,82.64516129,92.02277039058824
rolling_mean_17,7,2025-05-25 17:37:00,81.74193548,90.3757115664706
rolling_mean_17,7,2025-05-25 19:03:00,53.74193548,89.33965843529413
rolling_mean_17,7,2025-05-25 20:28:00,54.19354839,86.70967741058823
rolling_mean_17,7,2025-05-25 21:54:00,54.19354839,86.20493357764705
rolling_mean_17,7,2025-05-25 23:19:00,78.58064516,85.48766602588235
rolling_mean_17,7,2025-05-26 00:45:00,93.93548387,86.17836811294117
rolling_mean_17,7,2025-05-26 02:11:00,94.38709677,86.4705882264706
rolling_mean_17,7,2025-05-26 03:36:00,94.38709677,86.73624287529412
rolling_mean_17,7,2025-05-26 05:02:00,118.3225806,87.00189752411765
rolling_mean_17,7,2025-05-26 06:28:00,118.7741935,88.51612902058824
rolling_mean_17,7,2025-05-26 07:53:00,118.7741935,90.0569259817647
rolling_mean_17,7,2025-05-26 09:19:00,118.3225806,90.90702085823528
rolling_mean_17,7,2025-05-26 10:44:00,117.4193548,91.67741933470587
rolling_mean_17,7,2025-05-26 12:10:00,106.1290323,92.42125235235294
rolling_mean_17,7,2025-05-26 13:36:00,103.4193548,92.50094875235294
rolling_mean_17,7,2025-05-26 15:01:00,62.77419355,92.44781782294118
rolling_mean_17,7,2025-05-26 16:27:00,65.93548387,91.27893736764705
rolling_mean_17,7,2025-05-26 17:52:00,65.93548387,90.29601516647058
rolling_mean_17,7,2025-05-26 19:18:00,89.41935484,89.36622389529411
rolling_mean_17,7,2025-05-26 20:44:00,89.87096774,91.46489562235294
rolling_mean_17,7,2025-05-26 22:09:00,90.77419355,93.56356734882353
rolling_mean_17,7,2025-05-26 23:35:00,98.4516129,95.71537000529413
rolling_mean_17,7,2025-05-27 01:00:00,98.4516129,96.88425046058823
rolling_mean_17,7,2025-05-27 02:26:00,111.5483871,97.14990510941178
rolling_mean_17,7,2025-05-27 03:52:00,112.0,98.15939277588234
rolling_mean_17,7,2025-05-27 05:17:00,112.0,99.19544590705883
rolling_mean_17,7,2025-05-27 06:43:00,111.5483871,98.82352940117647
rolling_mean_17,7,2025-05-27 08:09:00,109.7419355,98.39848196588235
rolling_mean_17,7,2025-05-27 09:34:00,98.90322581,97.8671726717647
rolling_mean_17,7,2025-05-27 11:00:00,98.90322581,96.72485768411764
rolling_mean_17,7,2025-05-27 12:25:00,97.5483871,95.63567362588235
rolling_mean_17,7,2025-05-27 13:51:00,64.58064516,95.13092979058824
rolling_mean_17,7,2025-05-27 15:17:00,89.41935484,92.8462998117647
rolling_mean_17,7,2025-05-27 16:42:00,89.87096774,94.41366224058822
rolling_mean_17,7,2025-05-27 18:08:00,90.32258065,95.82163188
rolling_mean_17,7,2025-05-27 19:33:00,98.90322581,97.25616698470589
rolling_mean_17,7,2025-05-27 20:59:00,98.90322581,97.81404174764705
rolling_mean_17,7,2025-05-27 22:25:00,98.90322581,98.34535104588237
rolling_mean_17,7,2025-05-27 23:50:00,118.7741935,98.82352941411764
rolling_mean_17,7,2025-05-28 01:16:00,119.2258065,100.01897533176471
rolling_mean_17,7,2025-05-28 02:42:00,119.2258065,101.24098672000001
rolling_mean_17,7,2025-05-28 04:07:00,119.2258065,101.69259962588235
rolling_mean_17,7,2025-05-28 05:33:00,118.3225806,102.11764706705883
rolling_mean_17,7,2025-05-28 06:58:00,110.6451613,102.48956357294118
rolling_mean_17,7,2025-05-28 08:24:00,109.7419355,102.43643264352941
rolling_mean_17,7,2025-05-28 09:50:00,65.93548387,102.43643264352941
rolling_mean_17,7,2025-05-28 11:15:00,66.83870968,100.49715370588235
rolling_mean_17,7,2025-05-28 12:41:00,67.29032258,98.6110056982353
rolling_mean_17,7,2025-05-28 14:06:00,67.29032258,96.83111955
train_mean,7,2025-05-24 10:13:00,110.6451613,92.42808070184822
train_mean,7,2025-05-24 11:39:00,111.0967742,92.42808070184822
train_mean,7,2025-05-24 13:05:00,111.0967742,92.42808070184822
train_mean,7,2025-05-24 14:30:00,111.0967742,92.42808070184822
train_mean,7,2025-05-24 15:56:00,110.6451613,92.42808070184822
train_mean,7,2025-05-24 17:22:00,99.35483871,92.42808070184822
train_mean,7,2025-05-24 18:47:00,98.4516129,92.42808070184822
train_mean,7,2025-05-24 20:13:00,62.77419355,92.42808070184822
train_mean,7,2025-05-24 21:38:00,66.38709677,92.42808070184822
train_mean,7,2025-05-24 23:04:00,66.83870968,92.42808070184822
train_mean,7,2025-05-25 00:30:00,88.96774194,92.42808070184822
train_mean,7,2025-05-25 01:55:00,89.87096774,92.42808070184822
train_mean,7,2025-05-25 03:21:00,89.87096774,92.42808070184822
train_mean,7,2025-05-25 04:46:00,92.58064516,92.42808070184822
train_mean,7,2025-05-25 06:12:00,92.58064516,92.42808070184822
train_mean,7,2025-05-25 07:38:00,104.3225806,92.42808070184822
train_mean,7,2025-05-25 09:03:00,105.2258065,92.42808070184822
train_mean,7,2025-05-25 10:29:00,104.7741935,92.42808070184822
train_mean,7,2025-05-25 11:55:00,104.7741935,92.42808070184822
train_mean,7,2025-05-25 13:20:00,104.3225806,92.42808070184822
train_mean,7,2025-05-25 14:46:00,82.64516129,92.42808070184822
train_mean,7,2025-05-25 16:11:00,82.64516129,92.42808070184822
train_mean,7,2025-05-25 17:37:00,81.74193548,92.42808070184822
train_mean,7,2025-05-25 19:03:00,53.74193548,92.42808070184822
train_mean,7,2025-05-25 20:28:00,54.19354839,92.42808070184822
train_mean,7,2025-05-25 21:54:00,54.19354839,92.42808070184822
train_mean,7,2025-05-25 23:19:00,78.58064516,92.42808070184822
train_mean,7,2025-05-26 00:45:00,93.93548387,92.42808070184822
train_mean,7,2025-05-26 02:11:00,94.38709677,92.42808070184822
train_mean,7,2025-05-26 03:36:00,94.38709677,92.42808070184822
train_mean,7,2025-05-26 05:02:00,118.3225806,92.42808070184822
train_mean,7,2025-05-26 06:28:00,118.7741935,92.42808070184822
train_mean,7,2025-05-26 07:53:00,118.7741935,92.42808070184822
train_mean,7,2025-05-26 09:19:00,118.3225806,92.42808070184822
train_mean,7,2025-05-26 10:44:00,117.4193548,92.42808070184822
train_mean,7,2025-05-26 12:10:00,106.1290323,92.42808070184822
train_mean,7,2025-05-26 13:36:00,103.4193548,92.42808070184822
train_mean,7,2025-05-26 15:01:00,62.77419355,92.42808070184822
train_mean,7,2025-05-26 16:27:00,65.93548387,92.42808070184822
train_mean,7,2025-05-26 17:52:00,65.93548387,92.42808070184822
train_mean,7,2025-05-26 19:18:00,89.41935484,92.42808070184822
train_mean,7,2025-05-26 20:44:00,89.87096774,92.42808070184822
train_mean,7,2025-05-26 22:09:00,90.77419355,92.42808070184822
train_mean,7,2025-05-26 23:35:00,98.4516129,92.42808070184822
train_mean,7,2025-05-27 01:00:00,98.4516129,92.42808070184822
train_mean,7,2025-05-27 02:26:00,111.5483871,92.42808070184822
train_mean,7,2025-05-27 03:52:00,112.0,92.42808070184822
train_mean,7,2025-05-27 05:17:00,112.0,92.42808070184822
train_mean,7,2025-05-27 06:43:00,111.5483871,92.42808070184822
train_mean,7,2025-05-27 08:09:00,109.7419355,92.42808070184822
train_mean,7,2025-05-27 09:34:00,98.90322581,92.42808070184822
train_mean,7,2025-05-27 11:00:00,98.90322581,92.42808070184822
train_mean,7,2025-05-27 12:25:00,97.5483871,92.42808070184822
train_mean,7,2025-05-27 13:51:00,64.58064516,92.42808070184822
train_mean,7,2025-05-27 15:17:00,89.41935484,92.42808070184822
train_mean,7,2025-05-27 16:42:00,89.87096774,92.42808070184822
train_mean,7,2025-05-27 18:08:00,90.32258065,92.42808070184822
train_mean,7,2025-05-27 19:33:00,98.90322581,92.42808070184822
train_mean,7,2025-05-27 20:59:00,98.90322581,92.42808070184822
train_mean,7,2025-05-27 22:25:00,98.90322581,92.42808070184822
train_mean,7,2025-05-27 23:50:00,118.7741935,92.42808070184822
train_mean,7,2025-05-28 01:16:00,119.2258065,92.42808070184822
train_mean,7,2025-05-28 02:42:00,119.2258065,92.42808070184822
train_mean,7,2025-05-28 04:07:00,119.2258065,92.42808070184822
train_mean,7,2025-05-28 05:33:00,118.3225806,92.42808070184822
train_mean,7,2025-05-28 06:58:00,110.6451613,92.42808070184822
train_mean,7,2025-05-28 08:24:00,109.7419355,92.42808070184822
train_mean,7,2025-05-28 09:50:00,65.93548387,92.42808070184822
train_mean,7,2025-05-28 11:15:00,66.83870968,92.42808070184822
train_mean,7,2025-05-28 12:41:00,67.29032258,92.42808070184822
train_mean,7,2025-05-28 14:06:00,67.29032258,92.42808070184822
seasonal_naive_24,7,2025-05-24 10:13:00,110.6451613,98.90322581
seasonal_naive_24,7,2025-05-24 11:39:00,111.0967742,65.48387097
seasonal_naive_24,7,2025-05-24 13:05:00,111.0967742,66.83870968
seasonal_naive_24,7,2025-05-24 14:30:00,111.0967742,67.29032258
seasonal_naive_24,7,2025-05-24 15:56:00,110.6451613,89.41935484
seasonal_naive_24,7,2025-05-24 17:22:00,99.35483871,89.87096774
seasonal_naive_24,7,2025-05-24 18:47:00,98.4516129,90.77419355
seasonal_naive_24,7,2025-05-24 20:13:00,62.77419355,96.19354839
seasonal_naive_24,7,2025-05-24 21:38:00,66.38709677,96.64516129
seasonal_naive_24,7,2025-05-24 23:04:00,66.83870968,115.6129032
seasonal_naive_24,7,2025-05-25 00:30:00,88.96774194,116.9677419
seasonal_naive_24,7,2025-05-25 01:55:00,89.87096774,116.9677419
seasonal_naive_24,7,2025-05-25 03:21:00,89.87096774,116.9677419
seasonal_naive_24,7,2025-05-25 04:46:00,92.58064516,116.9677419
seasonal_naive_24,7,2025-05-25 06:12:00,92.58064516,104.7741935
seasonal_naive_24,7,2025-05-25 07:38:00,104.3225806,104.3225806
seasonal_naive_24,7,2025-05-25 09:03:00,105.2258065,103.4193548
seasonal_naive_24,7,2025-05-25 10:29:00,104.7741935,67.74193548
seasonal_naive_24,7,2025-05-25 11:55:00,104.7741935,67.74193548
seasonal_naive_24,7,2025-05-25 13:20:00,104.3225806,67.74193548
seasonal_naive_24,7,2025-05-25 14:46:00,82.64516129,87.61290323
seasonal_naive_24,7,2025-05-25 16:11:00,82.64516129,92.58064516
seasonal_naive_24,7,2025-05-25 17:37:00,81.74193548,92.58064516
seasonal_naive_24,7,2025-05-25 19:03:00,53.74193548,92.58064516
seasonal_naive_24,7,2025-05-25 20:28:00,54.19354839,110.6451613
seasonal_naive_24,7,2025-05-25 21:54:00,54.19354839,111.0967742
seasonal_naive_24,7,2025-05-25 23:19:00,78.58064516,111.0967742
seasonal_naive_24,7,2025-05-26 00:45:00,93.93548387,111.0967742
seasonal_naive_24,7,2025-05-26 02:11:00,94.38709677,110.6451613
seasonal_naive_24,7,2025-05-26 03:36:00,94.38709677,99.35483871
seasonal_naive_24,7,2025-05-26 05:02:00,118.3225806,98.4516129
seasonal_naive_24,7,2025-05-26 06:28:00,118.7741935,62.77419355
seasonal_naive_24,7,2025-05-26 07:53:00,118.7741935,66.38709677
seasonal_naive_24,7,2025-05-26 09:19:00,118.3225806,66.83870968
seasonal_naive_24,7,2025-05-26 10:44:00,117.4193548,88.96774194
seasonal_naive_24,7,2025-05-26 12:10:00,106.1290323,89.87096774
seasonal_naive_24,7,2025-05-26 13:36:00,103.4193548,89.87096774
seasonal_naive_24,7,2025-05-26 15:01:00,62.77419355,92.58064516
seasonal_naive_24,7,2025-05-26 16:27:00,65.93548387,92.58064516
seasonal_naive_24,7,2025-05-26 17:52:00,65.93548387,104.3225806
seasonal_naive_24,7,2025-05-26 19:18:00,89.41935484,105.2258065
seasonal_naive_24,7,2025-05-26 20:44:00,89.87096774,104.7741935
seasonal_naive_24,7,2025-05-26 22:09:00,90.77419355,104.7741935
seasonal_naive_24,7,2025-05-26 23:35:00,98.4516129,104.3225806
seasonal_naive_24,7,2025-05-27 01:00:00,98.4516129,82.64516129
seasonal_naive_24,7,2025-05-27 02:26:00,111.5483871,82.64516129
seasonal_naive_24,7,2025-05-27 03:52:00,112.0,81.74193548
seasonal_naive_24,7,2025-05-27 05:17:00,112.0,53.74193548
seasonal_naive_24,7,2025-05-27 06:43:00,111.5483871,54.19354839
seasonal_naive_24,7,2025-05-27 08:09:00,109.7419355,54.19354839
seasonal_naive_24,7,2025-05-27 09:34:00,98.90322581,78.58064516
seasonal_naive_24,7,2025-05-27 11:00:00,98.90322581,93.93548387
seasonal_naive_24,7,2025-05-27 12:25:00,97.5483871,94.38709677
seasonal_naive_24,7,2025-05-27 13:51:00,64.58064516,94.38709677
seasonal_naive_24,7,2025-05-27 15:17:00,89.41935484,118.3225806
seasonal_naive_24,7,2025-05-27 16:42:00,89.87096774,118.7741935
seasonal_naive_24,7,2025-05-27 18:08:00,90.32258065,118.7741935
seasonal_naive_24,7,2025-05-27 19:33:00,98.90322581,118.3225806
seasonal_naive_24,7,2025-05-27 20:59:00,98.90322581,117.4193548
seasonal_naive_24,7,2025-05-27 22:25:00,98.90322581,106.1290323
seasonal_naive_24,7,2025-05-27 23:50:00,118.7741935,103.4193548
seasonal_naive_24,7,2025-05-28 01:16:00,119.2258065,62.77419355
seasonal_naive_24,7,2025-05-28 02:42:00,119.2258065,65.93548387
seasonal_naive_24,7,2025-05-28 04:07:00,119.2258065,65.93548387
seasonal_naive_24,7,2025-05-28 05:33:00,118.3225806,89.41935484
seasonal_naive_24,7,2025-05-28 06:58:00,110.6451613,89.87096774
seasonal_naive_24,7,2025-05-28 08:24:00,109.7419355,90.77419355
seasonal_naive_24,7,2025-05-28 09:50:00,65.93548387,98.4516129
seasonal_naive_24,7,2025-05-28 11:15:00,66.83870968,98.4516129
seasonal_naive_24,7,2025-05-28 12:41:00,67.29032258,111.5483871
seasonal_naive_24,7,2025-05-28 14:06:00,67.29032258,112.0
ridge,7,2025-05-24 10:13:00,110.6451613,94.54905009555327
ridge,7,2025-05-24 11:39:00,111.0967742,107.57023457515757
ridge,7,2025-05-24 13:05:00,111.0967742,106.68883445231442
ridge,7,2025-05-24 14:30:00,111.0967742,105.53280663823435
ridge,7,2025-05-24 15:56:00,110.6451613,105.57078616621469
ridge,7,2025-05-24 17:22:00,99.35483871,104.91628286870942
ridge,7,2025-05-24 18:47:00,98.4516129,93.63350906226904
ridge,7,2025-05-24 20:13:00,62.77419355,92.87974826535508
ridge,7,2025-05-24 21:38:00,66.38709677,63.5820034290347
ridge,7,2025-05-24 23:04:00,66.83870968,69.30637831768288
ridge,7,2025-05-25 00:30:00,88.96774194,79.5551899096184
ridge,7,2025-05-25 01:55:00,89.87096774,94.83164622188582
ridge,7,2025-05-25 03:21:00,89.87096774,93.59375529893062
ridge,7,2025-05-25 04:46:00,92.58064516,91.18128147092614
ridge,7,2025-05-25 06:12:00,92.58064516,93.21099113386128
ridge,7,2025-05-25 07:38:00,104.3225806,93.42219841764084
ridge,7,2025-05-25 09:03:00,105.2258065,102.13420055233851
ridge,7,2025-05-25 10:29:00,104.7741935,101.84090389050246
ridge,7,2025-05-25 11:55:00,104.7741935,100.1125509440002
ridge,7,2025-05-25 13:20:00,104.3225806,99.7492444430595
ridge,7,2025-05-25 14:46:00,82.64516129,99.46614608828025
ridge,7,2025-05-25 16:11:00,82.64516129,79.1837986775767
ridge,7,2025-05-25 17:37:00,81.74193548,80.05282100605307
ridge,7,2025-05-25 19:03:00,53.74193548,84.46719287850577
ridge,7,2025-05-25 20:28:00,54.19354839,60.09202394570768
ridge,7,2025-05-25 21:54:00,54.19354839,62.84993931154479
ridge,7,2025-05-25 23:19:00,78.58064516,71.00553003016663
ridge,7,2025-05-26 00:45:00,93.93548387,88.47133452013398
ridge,7,2025-05-26 02:11:00,94.38709677,98.34741580794773
ridge,7,2025-05-26 03:36:00,94.38709677,95.51414569381986
ridge,7,2025-05-26 05:02:00,118.3225806,94.49481248237906
ridge,7,2025-05-26 06:28:00,118.7741935,113.20625564279266
ridge,7,2025-05-26 07:53:00,118.7741935,113.42183973029859
ridge,7,2025-05-26 09:19:00,118.3225806,112.75736849452984
ridge,7,2025-05-26 10:44:00,117.4193548,112.83378838376697
ridge,7,2025-05-26 12:10:00,106.1290323,112.48648600515085
ridge,7,2025-05-26 13:36:00,103.4193548,102.51136087189298
ridge,7,2025-05-26 15:01:00,62.77419355,101.9454479097062
ridge,7,2025-05-26 16:27:00,65.93548387,68.43049517329055
ridge,7,2025-05-26 17:52:00,65.93548387,74.41443392877602
ridge,7,2025-05-26 19:18:00,89.41935484,85.16747549055552
ridge,7,2025-05-26 20:44:00,89.87096774,101.15446025662483
ridge,7,2025-05-26 22:09:00,90.77419355,99.62639464986866
ridge,7,2025-05-26 23:35:00,98.4516129,97.61409863928694
ridge,7,2025-05-27 01:00:00,98.4516129,102.78055461795573
ridge,7,2025-05-27 02:26:00,111.5483871,102.02165135048423
ridge,7,2025-05-27 03:52:00,112.0,111.05970884963308
ridge,7,2025-05-27 05:17:00,112.0,110.43820881621127
ridge,7,2025-05-27 06:43:00,111.5483871,109.51892893733977
ridge,7,2025-05-27 08:09:00,109.7419355,109.00504705647758
ridge,7,2025-05-27 09:34:00,98.90322581,106.93826372950745
ridge,7,2025-05-27 11:00:00,98.90322581,96.2072962678091
ridge,7,2025-05-27 12:25:00,97.5483871,96.52653513950199
ridge,7,2025-05-27 13:51:00,64.58064516,98.1041601281133
ridge,7,2025-05-27 15:17:00,89.41935484,69.5319292157952
ridge,7,2025-05-27 16:42:00,89.87096774,92.05767358645349
ridge,7,2025-05-27 18:08:00,90.32258065,96.09884746246878
ridge,7,2025-05-27 19:33:00,98.90322581,93.0756435300488
ridge,7,2025-05-27 20:59:00,98.90322581,99.05028831619904
ridge,7,2025-05-27 22:25:00,98.90322581,98.65472653621315
ridge,7,2025-05-27 23:50:00,118.7741935,98.19930105108664
ridge,7,2025-05-28 01:16:00,119.2258065,112.1998818885674
ridge,7,2025-05-28 02:42:00,119.2258065,111.52380664025524
ridge,7,2025-05-28 04:07:00,119.2258065,110.32273919928669
ridge,7,2025-05-28 05:33:00,118.3225806,110.68671148578596
ridge,7,2025-05-28 06:58:00,110.6451613,110.47678510409929
ridge,7,2025-05-28 08:24:00,109.7419355,103.76609984153791
ridge,7,2025-05-28 09:50:00,65.93548387,103.82913866594623
ridge,7,2025-05-28 11:15:00,66.83870968,66.31036324637736
ridge,7,2025-05-28 12:41:00,67.29032258,70.39519647728557
ridge,7,2025-05-28 14:06:00,67.29032258,83.59732872288622
random_forest,7,2025-05-24 10:13:00,110.6451613,106.84124931043617
random_forest,7,2025-05-24 11:39:00,111.0967742,109.590440885369
random_forest,7,2025-05-24 13:05:00,111.0967742,111.38608157409763
random_forest,7,2025-05-24 14:30:00,111.0967742,103.4015278368769
random_forest,7,2025-05-24 15:56:00,110.6451613,107.91360716798826
random_forest,7,2025-05-24 17:22:00,99.35483871,102.59188050397971
random_forest,7,2025-05-24 18:47:00,98.4516129,91.12146737838735
random_forest,7,2025-05-24 20:13:00,62.77419355,91.76285563258102
random_forest,7,2025-05-24 21:38:00,66.38709677,64.41183873841666
random_forest,7,2025-05-24 23:04:00,66.83870968,71.14709277590057
random_forest,7,2025-05-25 00:30:00,88.96774194,87.41233683149419
random_forest,7,2025-05-25 01:55:00,89.87096774,89.357703761346
random_forest,7,2025-05-25 03:21:00,89.87096774,90.81274779400667
random_forest,7,2025-05-25 04:46:00,92.58064516,95.66016159101973
random_forest,7,2025-05-25 06:12:00,92.58064516,96.76054729171133
random_forest,7,2025-05-25 07:38:00,104.3225806,99.0371162968127
random_forest,7,2025-05-25 09:03:00,105.2258065,103.44941669856927
random_forest,7,2025-05-25 10:29:00,104.7741935,104.35335134818445
random_forest,7,2025-05-25 11:55:00,104.7741935,92.39104885955379
random_forest,7,2025-05-25 13:20:00,104.3225806,100.48268356638714
random_forest,7,2025-05-25 14:46:00,82.64516129,97.71060540814906
random_forest,7,2025-05-25 16:11:00,82.64516129,79.25772095984499
random_forest,7,2025-05-25 17:37:00,81.74193548,77.39031575959675
random_forest,7,2025-05-25 19:03:00,53.74193548,90.50584841835996
random_forest,7,2025-05-25 20:28:00,54.19354839,71.86360389892876
random_forest,7,2025-05-25 21:54:00,54.19354839,74.49092944074043
random_forest,7,2025-05-25 23:19:00,78.58064516,76.95313457251842
random_forest,7,2025-05-26 00:45:00,93.93548387,79.90716737291196
random_forest,7,2025-05-26 02:11:00,94.38709677,93.5832050670507
random_forest,7,2025-05-26 03:36:00,94.38709677,95.20024914357607
random_forest,7,2025-05-26 05:02:00,118.3225806,104.25377265389145
random_forest,7,2025-05-26 06:28:00,118.7741935,118.29866907780239
random_forest,7,2025-05-26 07:53:00,118.7741935,117.92755253429154
random_forest,7,2025-05-26 09:19:00,118.3225806,115.63107404243796
random_forest,7,2025-05-26 10:44:00,117.4193548,115.61755074364353
random_forest,7,2025-05-26 12:10:00,106.1290323,109.20552745445669
random_forest,7,2025-05-26 13:36:00,103.4193548,98.4927921322835
random_forest,7,2025-05-26 15:01:00,62.77419355,87.19999690812597
random_forest,7,2025-05-26 16:27:00,65.93548387,65.76043906786839
random_forest,7,2025-05-26 17:52:00,65.93548387,77.12209815259443
random_forest,7,2025-05-26 19:18:00,89.41935484,86.89354921876024
random_forest,7,2025-05-26 20:44:00,89.87096774,92.89699279693593
random_forest,7,2025-05-26 22:09:00,90.77419355,93.90389897658284
random_forest,7,2025-05-26 23:35:00,98.4516129,85.3985961357003
random_forest,7,2025-05-27 01:00:00,98.4516129,100.01865460355818
random_forest,7,2025-05-27 02:26:00,111.5483871,102.48227603565627
random_forest,7,2025-05-27 03:52:00,112.0,107.08608127502426
random_forest,7,2025-05-27 05:17:00,112.0,110.86753440928857
random_forest,7,2025-05-27 06:43:00,111.5483871,105.70114375558268
random_forest,7,2025-05-27 08:09:00,109.7419355,104.80648481280107
random_forest,7,2025-05-27 09:34:00,98.90322581,102.42584973157626
random_forest,7,2025-05-27 11:00:00,98.90322581,94.72368176014187
random_forest,7,2025-05-27 12:25:00,97.5483871,92.82552847607094
random_forest,7,2025-05-27 13:51:00,64.58064516,91.36177239472158
random_forest,7,2025-05-27 15:17:00,89.41935484,66.20195698928917
random_forest,7,2025-05-27 16:42:00,89.87096774,77.84574364906027
random_forest,7,2025-05-27 18:08:00,90.32258065,89.62970136150824
random_forest,7,2025-05-27 19:33:00,98.90322581,95.17622593481475
random_forest,7,2025-05-27 20:59:00,98.90322581,96.87782824323193
random_forest,7,2025-05-27 22:25:00,98.90322581,101.35136081891004
random_forest,7,2025-05-27 23:50:00,118.7741935,96.10513701264216
random_forest,7,2025-05-28 01:16:00,119.2258065,120.56079926800567
random_forest,7,2025-05-28 02:42:00,119.2258065,119.7909361142329
random_forest,7,2025-05-28 04:07:00,119.2258065,116.56478911133202
random_forest,7,2025-05-28 05:33:00,118.3225806,117.11356097118075
random_forest,7,2025-05-28 06:58:00,110.6451613,117.23772557183591
random_forest,7,2025-05-28 08:24:00,109.7419355,104.03784239768697
random_forest,7,2025-05-28 09:50:00,65.93548387,100.76573430992303
random_forest,7,2025-05-28 11:15:00,66.83870968,68.96607168489498
random_forest,7,2025-05-28 12:41:00,67.29032258,70.40493369134862
random_forest,7,2025-05-28 14:06:00,67.29032258,91.05481851814781
xgboost,7,2025-05-24 10:13:00,110.6451613,106.72505187988281
xgboost,7,2025-05-24 11:39:00,111.0967742,109.28145599365234
xgboost,7,2025-05-24 13:05:00,111.0967742,111.29554748535156
xgboost,7,2025-05-24 14:30:00,111.0967742,102.30230712890625
xgboost,7,2025-05-24 15:56:00,110.6451613,105.91651916503906
xgboost,7,2025-05-24 17:22:00,99.35483871,100.802734375
xgboost,7,2025-05-24 18:47:00,98.4516129,95.41307067871094
xgboost,7,2025-05-24 20:13:00,62.77419355,91.54823303222656
xgboost,7,2025-05-24 21:38:00,66.38709677,63.521934509277344
xgboost,7,2025-05-24 23:04:00,66.83870968,70.869384765625
xgboost,7,2025-05-25 00:30:00,88.96774194,85.79164123535156
xgboost,7,2025-05-25 01:55:00,89.87096774,90.58167266845703
xgboost,7,2025-05-25 03:21:00,89.87096774,92.85147094726562
xgboost,7,2025-05-25 04:46:00,92.58064516,100.00542449951172
xgboost,7,2025-05-25 06:12:00,92.58064516,93.78457641601562
xgboost,7,2025-05-25 07:38:00,104.3225806,98.59842681884766
xgboost,7,2025-05-25 09:03:00,105.2258065,104.6313705444336
xgboost,7,2025-05-25 10:29:00,104.7741935,109.19387817382812
xgboost,7,2025-05-25 11:55:00,104.7741935,94.01377868652344
xgboost,7,2025-05-25 13:20:00,104.3225806,99.88397216796875
xgboost,7,2025-05-25 14:46:00,82.64516129,103.69461822509766
xgboost,7,2025-05-25 16:11:00,82.64516129,82.01058197021484
xgboost,7,2025-05-25 17:37:00,81.74193548,80.6575927734375
xgboost,7,2025-05-25 19:03:00,53.74193548,86.82157897949219
xgboost,7,2025-05-25 20:28:00,54.19354839,73.1665267944336
xgboost,7,2025-05-25 21:54:00,54.19354839,72.6820297241211
xgboost,7,2025-05-25 23:19:00,78.58064516,77.65253448486328
xgboost,7,2025-05-26 00:45:00,93.93548387,78.14163970947266
xgboost,7,2025-05-26 02:11:00,94.38709677,93.43846130371094
xgboost,7,2025-05-26 03:36:00,94.38709677,94.95695495605469
xgboost,7,2025-05-26 05:02:00,118.3225806,105.10945892333984
xgboost,7,2025-05-26 06:28:00,118.7741935,116.85628509521484
xgboost,7,2025-05-26 07:53:00,118.7741935,117.88603210449219
xgboost,7,2025-05-26 09:19:00,118.3225806,113.09506225585938
xgboost,7,2025-05-26 10:44:00,117.4193548,116.50859069824219
xgboost,7,2025-05-26 12:10:00,106.1290323,96.6722412109375
xgboost,7,2025-05-26 13:36:00,103.4193548,100.44287109375
xgboost,7,2025-05-26 15:01:00,62.77419355,93.85501861572266
xgboost,7,2025-05-26 16:27:00,65.93548387,65.06437683105469
xgboost,7,2025-05-26 17:52:00,65.93548387,80.75084686279297
xgboost,7,2025-05-26 19:18:00,89.41935484,86.9177017211914
xgboost,7,2025-05-26 20:44:00,89.87096774,90.31117248535156
xgboost,7,2025-05-26 22:09:00,90.77419355,87.84052276611328
xgboost,7,2025-05-26 23:35:00,98.4516129,78.19873809814453
xgboost,7,2025-05-27 01:00:00,98.4516129,100.24455261230469
xgboost,7,2025-05-27 02:26:00,111.5483871,106.02021789550781
xgboost,7,2025-05-27 03:52:00,112.0,102.7912368774414
xgboost,7,2025-05-27 05:17:00,112.0,112.6993179321289
xgboost,7,2025-05-27 06:43:00,111.5483871,105.95454406738281
xgboost,7,2025-05-27 08:09:00,109.7419355,105.3430404663086
xgboost,7,2025-05-27 09:34:00,98.90322581,99.83145141601562
xgboost,7,2025-05-27 11:00:00,98.90322581,95.71448516845703
xgboost,7,2025-05-27 12:25:00,97.5483871,95.12993621826172
xgboost,7,2025-05-27 13:51:00,64.58064516,83.68374633789062
xgboost,7,2025-05-27 15:17:00,89.41935484,72.08234405517578
xgboost,7,2025-05-27 16:42:00,89.87096774,84.90471649169922
xgboost,7,2025-05-27 18:08:00,90.32258065,92.72488403320312
xgboost,7,2025-05-27 19:33:00,98.90322581,98.86886596679688
xgboost,7,2025-05-27 20:59:00,98.90322581,104.11052703857422
xgboost,7,2025-05-27 22:25:00,98.90322581,101.91240692138672
xgboost,7,2025-05-27 23:50:00,118.7741935,99.59942626953125
xgboost,7,2025-05-28 01:16:00,119.2258065,117.99781036376953
xgboost,7,2025-05-28 02:42:00,119.2258065,117.71650695800781
xgboost,7,2025-05-28 04:07:00,119.2258065,109.08027648925781
xgboost,7,2025-05-28 05:33:00,118.3225806,113.84236145019531
xgboost,7,2025-05-28 06:58:00,110.6451613,117.29389953613281
xgboost,7,2025-05-28 08:24:00,109.7419355,102.0084228515625
xgboost,7,2025-05-28 09:50:00,65.93548387,99.43936920166016
xgboost,7,2025-05-28 11:15:00,66.83870968,67.23279571533203
xgboost,7,2025-05-28 12:41:00,67.29032258,69.89239501953125
xgboost,7,2025-05-28 14:06:00,67.29032258,88.28872680664062
