horizon_hours,steps,lead_hours,fold,tau,method,group,n,coverage,coverage_lo,coverage_hi,coverage_gap,sla_violation_rate,mean_allocation_ratio,overprovision_ratio,cost,error,operator
1.5,1,1.43,0,0.8,marginal,ALL,66,0.7878787878787878,0.6697885403521797,0.878898067744857,-0.0121212121212122,0.21212121212121213,1.0753438761845997,0.13498204330750133,19.398478259268316,,gp
1.5,1,1.43,0,0.8,marginal,baseline,66,0.7878787878787878,0.6697885403521797,0.878898067744857,-0.0121212121212122,0.21212121212121213,1.0753438761845997,0.13498204330750133,19.398478259268316,,gp
1.5,1,1.43,0,0.8,adaptive,ALL,66,0.7272727272727273,0.6036427957562944,0.8296733838204806,-0.07272727272727275,0.2727272727272727,1.0795007801396759,0.1668438124859908,22.610964406820525,,gp
1.5,1,1.43,0,0.8,adaptive,baseline,66,0.7272727272727273,0.6036427957562944,0.8296733838204806,-0.07272727272727275,0.2727272727272727,1.0795007801396759,0.1668438124859908,22.610964406820525,,gp
1.5,1,1.43,0,0.8,mondrian,ALL,66,0.7878787878787878,0.6697885403521797,0.878898067744857,-0.0121212121212122,0.21212121212121213,1.0753438761845997,0.13498204330750133,19.398478259268316,,gp
1.5,1,1.43,0,0.8,mondrian,baseline,66,0.7878787878787878,0.6697885403521797,0.878898067744857,-0.0121212121212122,0.21212121212121213,1.0753438761845997,0.13498204330750133,19.398478259268316,,gp
1.5,1,1.43,0,0.9,marginal,ALL,66,0.8939393939393939,0.793606517867613,0.9562815509014071,-0.0060606060606061,0.10606060606060606,1.1069734919099465,0.15165331441587498,17.955421695235113,,gp
1.5,1,1.43,0,0.9,marginal,baseline,66,0.8939393939393939,0.793606517867613,0.9562815509014071,-0.0060606060606061,0.10606060606060606,1.1069734919099465,0.15165331441587498,17.955421695235113,,gp
1.5,1,1.43,0,0.9,adaptive,ALL,66,0.8636363636363636,0.7568586684861609,0.9357018153567446,-0.036363636363636376,0.13636363636363635,1.1425409737991963,0.21689608085398498,19.823194021919917,,gp
1.5,1,1.43,0,0.9,adaptive,baseline,66,0.8636363636363636,0.7568586684861609,0.9357018153567446,-0.036363636363636376,0.13636363636363635,1.1425409737991963,0.21689608085398498,19.823194021919917,,gp
1.5,1,1.43,0,0.9,mondrian,ALL,66,0.8939393939393939,0.793606517867613,0.9562815509014071,-0.0060606060606061,0.10606060606060606,1.1069734919099465,0.15165331441587498,17.955421695235113,,gp
1.5,1,1.43,0,0.9,mondrian,baseline,66,0.8939393939393939,0.793606517867613,0.9562815509014071,-0.0060606060606061,0.10606060606060606,1.1069734919099465,0.15165331441587498,17.955421695235113,,gp
1.5,1,1.43,0,0.95,marginal,ALL,66,0.9545454545454546,0.8728574940886829,0.9905262614362937,0.00454545454545463,0.045454545454545456,1.198343256072309,0.23615367918056193,20.19658456155022,,gp
1.5,1,1.43,0,0.95,marginal,baseline,66,0.9545454545454546,0.8728574940886829,0.9905262614362937,0.00454545454545463,0.045454545454545456,1.198343256072309,0.23615367918056193,20.19658456155022,,gp
1.5,1,1.43,0,0.95,adaptive,ALL,66,0.8787878787878788,0.7750598442768424,0.9461891381581342,-0.07121212121212117,0.12121212121212122,1.1674552630077402,0.24440315021236944,20.308913704669873,,gp
1.5,1,1.43,0,0.95,adaptive,baseline,66,0.8787878787878788,0.7750598442768424,0.9461891381581342,-0.07121212121212117,0.12121212121212122,1.1674552630077402,0.24440315021236944,20.308913704669873,,gp
1.5,1,1.43,0,0.95,mondrian,ALL,66,0.9545454545454546,0.8728574940886829,0.9905262614362937,0.00454545454545463,0.045454545454545456,1.198343256072309,0.23615367918056193,20.19658456155022,,gp
1.5,1,1.43,0,0.95,mondrian,baseline,66,0.9545454545454546,0.8728574940886829,0.9905262614362937,0.00454545454545463,0.045454545454545456,1.198343256072309,0.23615367918056193,20.19658456155022,,gp
1.5,1,1.43,1,0.8,marginal,ALL,66,0.803030303030303,0.6867611541519059,0.8907397343822824,0.003030303030302939,0.19696969696969696,1.0846854274715476,0.14295076407000915,18.56843069524651,,gp
1.5,1,1.43,1,0.8,marginal,baseline,49,0.8775510204081632,0.7523070316403171,0.9537109689181043,0.0775510204081632,0.12244897959183673,1.0960295316621949,0.13616646595827095,13.595143933867186,,gp
1.5,1,1.43,1,0.8,marginal,elevated_risk,17,0.5882352941176471,0.3292471539467574,0.8155630382160532,-0.21176470588235297,0.4117647058823529,1.0539985781906547,0.17212324595048353,32.903198419222214,,gp
1.5,1,1.43,1,0.8,adaptive,ALL,66,0.8484848484848485,0.7389589287110891,0.9248753700606944,0.048484848484848464,0.15151515151515152,1.0948920376145685,0.1458354401789069,16.042544881585858,,gp
1.5,1,1.43,1,0.8,adaptive,baseline,49,0.8775510204081632,0.7523070316403171,0.9537109689181043,0.0775510204081632,0.12244897959183673,1.1000230497393408,0.14559462202014248,14.810426518876827,,gp
1.5,1,1.43,1,0.8,adaptive,elevated_risk,17,0.7647058823529411,0.5010067267954201,0.9318922595626433,-0.03529411764705892,0.23529411764705882,1.0810121760507847,0.14663199255020454,19.593944868217786,,gp
1.5,1,1.43,1,0.8,mondrian,ALL,66,0.803030303030303,0.6867611541519059,0.8907397343822824,0.003030303030302939,0.19696969696969696,1.0846854274715476,0.14295076407000915,18.56843069524651,,gp
1.5,1,1.43,1,0.8,mondrian,baseline,49,0.8775510204081632,0.7523070316403171,0.9537109689181043,0.0775510204081632,0.12244897959183673,1.0960295316621949,0.13616646595827095,13.595143933867186,,gp
1.5,1,1.43,1,0.8,mondrian,elevated_risk,17,0.5882352941176471,0.3292471539467574,0.8155630382160532,-0.21176470588235297,0.4117647058823529,1.0539985781906547,0.17212324595048353,32.903198419222214,,gp
1.5,1,1.43,1,0.9,marginal,ALL,66,0.8939393939393939,0.793606517867613,0.9562815509014071,-0.0060606060606061,0.10606060606060606,1.1323173711305796,0.17760053432461195,16.160151789595464,,gp
1.5,1,1.43,1,0.9,marginal,baseline,49,0.9591836734693877,0.8602128129775362,0.9950181581650287,0.05918367346938769,0.04081632653061224,1.1444654334462616,0.1743347369362675,14.819912051983023,,gp
1.5,1,1.43,1,0.9,marginal,elevated_risk,17,0.7058823529411765,0.4404172812456629,0.8968644856296799,-0.1941176470588235,0.29411764705882354,1.0994557408888919,0.19039157409562782,20.02319573918428,,gp
1.5,1,1.43,1,0.9,adaptive,ALL,66,0.8939393939393939,0.793606517867613,0.9562815509014071,-0.0060606060606061,0.10606060606060606,1.1197873897265591,0.16518265677568436,15.534215734460172,,gp
1.5,1,1.43,1,0.9,adaptive,baseline,49,0.8979591836734694,0.7777233037173732,0.9660282950160443,-0.0020408163265306367,0.10204081632653061,1.1235910956878028,0.16891840135933547,15.1855118802897,,gp
1.5,1,1.43,1,0.9,adaptive,elevated_risk,17,0.8823529411764706,0.6355908378987498,0.9854206831596976,-0.01764705882352946,0.11764705882352941,1.1094980138904535,0.15422447266364123,16.539303314128,,gp
1.5,1,1.43,1,0.9,mondrian,ALL,66,0.8939393939393939,0.793606517867613,0.9562815509014071,-0.0060606060606061,0.10606060606060606,1.1323173711305796,0.17760053432461195,16.160151789595464,,gp
1.5,1,1.43,1,0.9,mondrian,baseline,49,0.9591836734693877,0.8602128129775362,0.9950181581650287,0.05918367346938769,0.04081632653061224,1.1444654334462616,0.1743347369362675,14.819912051983023,,gp
1.5,1,1.43,1,0.9,mondrian,elevated_risk,17,0.7058823529411765,0.4404172812456629,0.8968644856296799,-0.1941176470588235,0.29411764705882354,1.0994557408888919,0.19039157409562782,20.02319573918428,,gp
1.5,1,1.43,1,0.95,marginal,ALL,66,0.9545454545454546,0.8728574940886829,0.9905262614362937,0.00454545454545463,0.045454545454545456,1.1803490855329903,0.21562312506414522,16.93251000024976,,gp
1.5,1,1.43,1,0.95,marginal,baseline,49,0.9795918367346939,0.8914582360315931,0.9994834435024067,0.0295918367346939,0.02040816326530612,1.1933078535240398,0.22098895047826825,17.315633306445307,,gp
1.5,1,1.43,1,0.95,marginal,elevated_risk,17,0.8823529411764706,0.6355908378987498,0.9854206831596976,-0.0676470588235294,0.11764705882352941,1.1452944215838299,0.19845248373895147,15.828213411803768,,gp
1.5,1,1.43,1,0.95,adaptive,ALL,66,0.9393939393939394,0.8520324360541544,0.983241777301832,-0.010606060606060508,0.06060606060606061,1.1756218250073558,0.21682956337784545,17.25914978240876,,gp
1.5,1,1.43,1,0.95,adaptive,baseline,49,0.9387755102040817,0.8313410992976988,0.9871915786817211,-0.01122448979591828,0.061224489795918366,1.1764486945795423,0.21972391019293463,17.102256664867678,,gp
1.5,1,1.43,1,0.95,adaptive,elevated_risk,17,0.9411764705882353,0.7131106033327794,0.9985118256087334,-0.008823529411764675,0.058823529411764705,1.1733850664665126,0.20850831628446417,17.711371121203616,,gp
1.5,1,1.43,1,0.95,mondrian,ALL,66,0.9545454545454546,0.8728574940886829,0.9905262614362937,0.00454545454545463,0.045454545454545456,1.1803490855329903,0.21562312506414522,16.93251000024976,,gp
1.5,1,1.43,1,0.95,mondrian,baseline,49,0.9795918367346939,0.8914582360315931,0.9994834435024067,0.0295918367346939,0.02040816326530612,1.1933078535240398,0.22098895047826825,17.315633306445307,,gp
1.5,1,1.43,1,0.95,mondrian,elevated_risk,17,0.8823529411764706,0.6355908378987498,0.9854206831596976,-0.0676470588235294,0.11764705882352941,1.1452944215838299,0.19845248373895147,15.828213411803768,,gp
1.5,1,1.43,2,0.8,marginal,ALL,66,0.9090909090909091,0.8125573488135269,0.9659028672287315,0.10909090909090902,0.09090909090909091,1.0976748762573532,0.1427436508997067,13.440987675492128,,gp
1.5,1,1.43,2,0.8,marginal,baseline,66,0.9090909090909091,0.8125573488135269,0.9659028672287315,0.10909090909090902,0.09090909090909091,1.0976748762573532,0.1427436508997067,13.440987675492128,,gp
1.5,1,1.43,2,0.8,adaptive,ALL,66,0.8181818181818182,0.7039345441700697,0.9023647979841516,0.018181818181818188,0.18181818181818182,1.1033199811942456,0.17148388428895225,14.844026153543906,,gp
1.5,1,1.43,2,0.8,adaptive,baseline,66,0.8181818181818182,0.7039345441700697,0.9023647979841516,0.018181818181818188,0.18181818181818182,1.1033199811942456,0.17148388428895225,14.844026153543906,,gp
1.5,1,1.43,2,0.8,mondrian,ALL,66,0.7878787878787878,0.6697885403521797,0.878898067744857,-0.0121212121212122,0.21212121212121213,1.0736291081286482,0.13667442651668676,14.635183779089127,,gp
1.5,1,1.43,2,0.8,mondrian,baseline,66,0.7878787878787878,0.6697885403521797,0.878898067744857,-0.0121212121212122,0.21212121212121213,1.0736291081286482,0.13667442651668676,14.635183779089127,,gp
1.5,1,1.43,2,0.9,marginal,ALL,66,0.9696969696969697,0.8947833514203487,0.9963088610385701,0.0696969696969697,0.030303030303030304,1.1328594846031605,0.16949784563106535,14.253850924997334,,gp
1.5,1,1.43,2,0.9,marginal,baseline,66,0.9696969696969697,0.8947833514203487,0.9963088610385701,0.0696969696969697,0.030303030303030304,1.1328594846031605,0.16949784563106535,14.253850924997334,,gp
1.5,1,1.43,2,0.9,adaptive,ALL,66,0.8787878787878788,0.7750598442768424,0.9461891381581342,-0.021212121212121238,0.12121212121212122,1.1219326919807957,0.1810341681439335,14.892297032315664,,gp
1.5,1,1.43,2,0.9,adaptive,baseline,66,0.8787878787878788,0.7750598442768424,0.9461891381581342,-0.021212121212121238,0.12121212121212122,1.1219326919807957,0.1810341681439335,14.892297032315664,,gp
1.5,1,1.43,2,0.9,mondrian,ALL,66,0.9393939393939394,0.8520324360541544,0.983241777301832,0.039393939393939426,0.06060606060606061,1.1144554883157927,0.15554166440563472,13.653865039876894,,gp
1.5,1,1.43,2,0.9,mondrian,baseline,66,0.9393939393939394,0.8520324360541544,0.983241777301832,0.039393939393939426,0.06060606060606061,1.1144554883157927,0.15554166440563472,13.653865039876894,,gp
1.5,1,1.43,2,0.95,marginal,ALL,66,0.9696969696969697,0.8947833514203487,0.9963088610385701,0.01969696969696977,0.030303030303030304,1.1654533759007761,0.2037589409307241,16.20504509155984,,gp
1.5,1,1.43,2,0.95,marginal,baseline,66,0.9696969696969697,0.8947833514203487,0.9963088610385701,0.01969696969696977,0.030303030303030304,1.1654533759007761,0.2037589409307241,16.20504509155984,,gp
1.5,1,1.43,2,0.95,adaptive,ALL,66,0.9242424242424242,0.8319934099362835,0.9749443870832766,-0.025757575757575757,0.07575757575757576,1.1767740091325627,0.2348984871510978,17.87211699001543,,gp
1.5,1,1.43,2,0.95,adaptive,baseline,66,0.9242424242424242,0.8319934099362835,0.9749443870832766,-0.025757575757575757,0.07575757575757576,1.1767740091325627,0.2348984871510978,17.87211699001543,,gp
1.5,1,1.43,2,0.95,mondrian,ALL,66,0.9696969696969697,0.8947833514203487,0.9963088610385701,0.01969696969696977,0.030303030303030304,1.1506295077396171,0.18817681987799167,15.317632023330665,,gp
1.5,1,1.43,2,0.95,mondrian,baseline,66,0.9696969696969697,0.8947833514203487,0.9963088610385701,0.01969696969696977,0.030303030303030304,1.1506295077396171,0.18817681987799167,15.317632023330665,,gp
1.5,1,1.43,3,0.8,marginal,ALL,66,0.7424242424242424,0.6199387593265298,0.8422336207426877,-0.05757575757575761,0.25757575757575757,1.090480165342526,0.16055722066441952,18.27315799612127,,gp
1.5,1,1.43,3,0.8,marginal,baseline,32,0.78125,0.6002717362878925,0.9072284677152807,-0.018750000000000044,0.21875,1.1290815313237077,0.20459299408067025,20.13609674873657,,gp
1.5,1,1.43,3,0.8,marginal,elevated_risk,34,0.7058823529411765,0.5252189396595142,0.8490163355769715,-0.09411764705882353,0.29411764705882354,1.0569681349986768,0.11468662335582497,16.51980387601275,,gp
1.5,1,1.43,3,0.8,adaptive,ALL,66,0.803030303030303,0.6867611541519059,0.8907397343822824,0.003030303030302939,0.19696969696969696,1.12398762654672,0.1919189840378479,18.396965462968755,,gp
1.5,1,1.43,3,0.8,adaptive,baseline,32,0.90625,0.7497730493162054,0.9802328198267152,0.10624999999999996,0.09375,1.185193320778979,0.23275139140238815,19.637146466289902,,gp
1.5,1,1.43,3,0.8,adaptive,elevated_risk,34,0.7058823529411765,0.5252189396595142,0.8490163355769715,-0.09411764705882353,0.29411764705882354,1.0708514996198186,0.14257982513902837,17.22973628337237,,gp
1.5,1,1.43,3,0.8,mondrian,ALL,66,0.7424242424242424,0.6199387593265298,0.8422336207426877,-0.05757575757575761,0.25757575757575757,1.0859289075059149,0.15528055532621235,18.818614485969462,,gp
1.5,1,1.43,3,0.8,mondrian,baseline,32,0.78125,0.6002717362878925,0.9072284677152807,-0.018750000000000044,0.21875,1.1192878346487716,0.19425073001778423,21.261100759048468,,gp
1.5,1,1.43,3,0.8,mondrian,elevated_risk,34,0.7058823529411765,0.5252189396595142,0.8490163355769715,-0.09411764705882353,0.29411764705882354,1.0569681349986768,0.11468662335582497,16.51980387601275,,gp
1.5,1,1.43,3,0.9,marginal,ALL,66,0.8181818181818182,0.7039345441700697,0.9023647979841516,-0.08181818181818179,0.18181818181818182,1.127675167120855,0.1834631676626754,13.928748510121915,,gp
1.5,1,1.43,3,0.9,marginal,baseline,32,0.8125,0.63560769013591,0.9279238345415024,-0.08750000000000002,0.1875,1.167888152935431,0.23751110814632653,16.711054710382072,,gp
1.5,1,1.43,3,0.9,marginal,elevated_risk,34,0.8235294117647058,0.6546848689318661,0.9323593473172428,-0.07647058823529418,0.17647058823529413,1.0927639983945503,0.13327579435642783,11.310107380465297,,gp
1.5,1,1.43,3,0.9,adaptive,ALL,66,0.9090909090909091,0.8125573488135269,0.9659028672287315,0.009090909090909038,0.09090909090909091,1.1926434829341137,0.24354043418395646,18.44074530609751,,gp
1.5,1,1.43,3,0.9,adaptive,baseline,32,0.9375,0.7919305701049926,0.9923392636535436,0.03749999999999998,0.0625,1.2700163521117773,0.3141266879230847,23.555177816862816,,gp
1.5,1,1.43,3,0.9,adaptive,elevated_risk,34,0.8823529411764706,0.7254965128576445,0.9669983196635304,-0.01764705882352946,0.11764705882352941,1.1254717165013763,0.1729541804448281,13.62716176655369,,gp
1.5,1,1.43,3,0.9,mondrian,ALL,66,0.8181818181818182,0.7039345441700697,0.9023647979841516,-0.08181818181818179,0.18181818181818182,1.11798387474692,0.17289000234033874,14.80630841575757,,gp
1.5,1,1.43,3,0.9,mondrian,baseline,32,0.8125,0.63560769013591,0.9279238345415024,-0.08750000000000002,0.1875,1.1470337910632153,0.2155514570922428,18.521022015755612,,gp
1.5,1,1.43,3,0.9,mondrian,elevated_risk,34,0.8235294117647058,0.6546848689318661,0.9323593473172428,-0.07647058823529418,0.17647058823529413,1.0927639983945503,0.13327579435642783,11.310107380465297,,gp
1.5,1,1.43,3,0.95,marginal,ALL,66,0.9696969696969697,0.8947833514203487,0.9963088610385701,0.01969696969696977,0.030303030303030304,1.1584879646619826,0.18492569681928359,13.833000660340021,,gp
1.5,1,1.43,3,0.95,marginal,baseline,32,0.9375,0.7919305701049926,0.9923392636535436,-0.012499999999999956,0.0625,1.20003603619414,0.23865085457352955,17.012190562556764,,gp
1.5,1,1.43,3,0.95,marginal,elevated_risk,34,1.0,0.8971820757409874,1.0,0.050000000000000044,0.0,1.1224177324688303,0.1375211458596548,10.840821928841914,,gp
1.5,1,1.43,3,0.95,adaptive,ALL,66,0.9848484848484849,0.9184476789051758,0.9996164704150047,0.034848484848484906,0.015151515151515152,1.2528517495324554,0.28795241740666,21.826161324608744,,gp
1.5,1,1.43,3,0.95,adaptive,baseline,32,1.0,0.8911188393206472,1.0,0.050000000000000044,0.0,1.344402543660359,0.3689554509615207,28.132688425278104,,gp
1.5,1,1.43,3,0.95,adaptive,elevated_risk,34,0.9705882352941176,0.8467323304396823,0.9992556357653097,0.020588235294117685,0.029411764705882353,1.1733713240906847,0.20940402123224963,15.890606406331703,,gp
1.5,1,1.43,3,0.95,mondrian,ALL,66,0.9696969696969697,0.8947833514203487,0.9963088610385701,0.01969696969696977,0.030303030303030304,1.1553597305090415,0.18164579814368845,13.749687153918385,,gp
1.5,1,1.43,3,0.95,mondrian,baseline,32,0.9375,0.7919305701049926,0.9923392636535436,-0.012499999999999956,0.0625,1.1933044957009526,0.23165373739892658,16.840356455562134,,gp
1.5,1,1.43,3,0.95,mondrian,elevated_risk,34,1.0,0.8971820757409874,1.0,0.050000000000000044,0.0,1.1224177324688303,0.1375211458596548,10.840821928841914,,gp
1.5,1,1.43,4,0.8,marginal,ALL,66,0.8484848484848485,0.7389589287110891,0.9248753700606944,0.048484848484848464,0.15151515151515152,1.120438598364372,0.19467052950708466,25.5706414985899,,gp
1.5,1,1.43,4,0.8,marginal,baseline,40,0.85,0.7016473331604236,0.9428977418454741,0.04999999999999993,0.15,1.1064343055394095,0.16695276126982572,26.89702972097363,,gp
1.5,1,1.43,4,0.8,marginal,elevated_risk,26,0.8461538461538461,0.6513212144646388,0.9564365234610761,0.0461538461538461,0.15384615384615385,1.1427024443203593,0.23750708041921212,23.530044233384174,,gp
1.5,1,1.43,4,0.8,adaptive,ALL,66,0.8484848484848485,0.7389589287110891,0.9248753700606944,0.048484848484848464,0.15151515151515152,1.121611860516398,0.19094861403199245,22.66338928082463,,gp
1.5,1,1.43,4,0.8,adaptive,baseline,40,0.85,0.7016473331604236,0.9428977418454741,0.04999999999999993,0.15,1.1137556611031936,0.16572911073332916,20.49421217285257,,gp
1.5,1,1.43,4,0.8,adaptive,elevated_risk,26,0.8461538461538461,0.6513212144646388,0.9564365234610761,0.0461538461538461,0.15384615384615385,1.1341015460522026,0.22992421003901764,26.000584831550874,,gp
1.5,1,1.43,4,0.8,mondrian,ALL,66,0.8787878787878788,0.7750598442768424,0.9461891381581342,0.07878787878787874,0.12121212121212122,1.1282531865336116,0.19857274514484508,26.04650472832416,,gp
1.5,1,1.43,4,0.8,mondrian,baseline,40,0.85,0.7016473331604236,0.9428977418454741,0.04999999999999993,0.15,1.0886212743782369,0.14855070718565236,27.87380441163183,,gp
1.5,1,1.43,4,0.8,mondrian,elevated_risk,26,0.9230769230769231,0.7486970833046261,0.9905446089962873,0.12307692307692308,0.07692307692307693,1.191259494541946,0.269437298920368,23.235274446312353,,gp
1.5,1,1.43,4,0.9,marginal,ALL,66,0.8787878787878788,0.7750598442768424,0.9461891381581342,-0.021212121212121238,0.12121212121212122,1.158718288364536,0.2279947646477759,24.151521423290422,,gp
1.5,1,1.43,4,0.9,marginal,baseline,40,0.85,0.7016473331604236,0.9428977418454741,-0.050000000000000044,0.15,1.1442271472331154,0.20599529763264898,24.82466534230859,,gp
1.5,1,1.43,4,0.9,marginal,elevated_risk,26,0.9230769230769231,0.7486970833046261,0.9905446089962873,0.023076923076923106,0.07692307692307693,1.1817561195430821,0.2591606762525391,23.1159153940317,,gp
1.5,1,1.43,4,0.9,adaptive,ALL,66,0.8787878787878788,0.7750598442768424,0.9461891381581342,-0.021212121212121238,0.12121212121212122,1.154558644083441,0.21904693516379053,21.83417875581284,,gp
1.5,1,1.43,4,0.9,adaptive,baseline,40,0.9,0.7633626001239001,0.9720745847057807,0.0,0.1,1.148685702060765,0.19029517753369588,18.691475055790065,,gp
1.5,1,1.43,4,0.9,adaptive,elevated_risk,26,0.8461538461538461,0.6513212144646388,0.9564365234610761,-0.05384615384615388,0.15384615384615385,1.1638953723378107,0.2660952658312182,26.669107525078633,,gp
1.5,1,1.43,4,0.9,mondrian,ALL,66,0.8939393939393939,0.793606517867613,0.9562815509014071,-0.0060606060606061,0.10606060606060606,1.1719349820422613,0.24053299693196664,24.862296371189927,,gp
1.5,1,1.43,4,0.9,mondrian,baseline,40,0.85,0.7016473331604236,0.9428977418454741,-0.050000000000000044,0.15,1.1314890926617667,0.19283603422440607,25.52315451020703,,gp
1.5,1,1.43,4,0.9,mondrian,elevated_risk,26,0.9615384615384616,0.803630353237461,0.9990267121066649,0.06153846153846154,0.038461538461538464,1.2362353406519537,0.30540086621424894,23.845591541932837,,gp
1.5,1,1.43,4,0.95,marginal,ALL,66,0.9090909090909091,0.8125573488135269,0.9659028672287315,-0.040909090909090895,0.09090909090909091,1.1960716614066484,0.2585969107025434,23.22643108345969,,gp
1.5,1,1.43,4,0.95,marginal,baseline,40,0.9,0.7633626001239001,0.9720745847057807,-0.04999999999999993,0.1,1.1811054530422913,0.23074816049831806,22.98715613528906,,gp
1.5,1,1.43,4,0.95,marginal,elevated_risk,26,0.9230769230769231,0.7486970833046261,0.9905446089962873,-0.026923076923076827,0.07692307692307693,1.219864748407465,0.3003700360088814,23.594546388337587,,gp
1.5,1,1.43,4,0.95,adaptive,ALL,66,0.9090909090909091,0.8125573488135269,0.9659028672287315,-0.040909090909090895,0.09090909090909091,1.1787357995295549,0.23772946985517862,22.449214629734396,,gp
1.5,1,1.43,4,0.95,adaptive,baseline,40,0.925,0.796135251267101,0.9842578201489585,-0.02499999999999991,0.075,1.1743182202776605,0.211229832901173,19.067617595121067,,gp
1.5,1,1.43,4,0.95,adaptive,elevated_risk,26,0.8846153846153846,0.6984595998924323,0.9755419246820378,-0.06538461538461537,0.11538461538461539,1.1857588106299248,0.2803593206072746,27.651671606062596,,gp
1.5,1,1.43,4,0.95,mondrian,ALL,66,0.8939393939393939,0.793606517867613,0.9562815509014071,-0.05606060606060603,0.10606060606060606,1.2075096922915283,0.2783150577607755,24.517891876160625,,gp
1.5,1,1.43,4,0.95,mondrian,baseline,40,0.85,0.7016473331604236,0.9428977418454741,-0.09999999999999998,0.15,1.1642293764590461,0.22665893992290276,23.72784632886523,,gp
1.5,1,1.43,4,0.95,mondrian,elevated_risk,26,0.9615384615384616,0.803630353237461,0.9990267121066649,0.011538461538461608,0.038461538461538464,1.276316185890639,0.3485673780202822,25.73334656430739,,gp
1.5,1,1.43,5,0.8,marginal,ALL,66,0.6515151515151515,0.5242397683271001,0.7647080305896783,-0.14848484848484855,0.3484848484848485,1.02545326830058,0.1277014245032845,45.17990433354105,,gp
1.5,1,1.43,5,0.8,marginal,baseline,33,0.8484848484848485,0.6810101802895636,0.9489113006439188,0.048484848484848464,0.15151515151515152,1.0681659449416492,0.11367857249216702,18.903103037917838,,gp
1.5,1,1.43,5,0.8,marginal,elevated_risk,33,0.45454545454545453,0.2810661942938162,0.6364934689851531,-0.3454545454545455,0.5454545454545454,0.9873677521746861,0.1538774149240372,71.45670562916425,,gp
1.5,1,1.43,5,0.8,adaptive,ALL,66,0.696969696969697,0.571483485422635,0.8041003533935257,-0.10303030303030303,0.30303030303030304,1.0464313313236455,0.13475542470985072,34.35673100145945,,gp
1.5,1,1.43,5,0.8,adaptive,baseline,33,0.8484848484848485,0.6810101802895636,0.9489113006439188,0.048484848484848464,0.15151515151515152,1.073754153130068,0.11859533033633075,17.548216441527064,,gp
1.5,1,1.43,5,0.8,adaptive,elevated_risk,33,0.5454545454545454,0.36350653101484687,0.7189338057061838,-0.25454545454545463,0.45454545454545453,1.0220684523765355,0.15989334929088175,51.16524556139184,,gp
1.5,1,1.43,5,0.8,mondrian,ALL,66,0.696969696969697,0.571483485422635,0.8041003533935257,-0.10303030303030303,0.30303030303030304,1.0387676273165054,0.1282092627229585,37.64211129114198,,gp
1.5,1,1.43,5,0.8,mondrian,baseline,33,0.8484848484848485,0.6810101802895636,0.9489113006439188,0.048484848484848464,0.15151515151515152,1.0623316694572758,0.107424063119634,19.269371590847527,,gp
1.5,1,1.43,5,0.8,mondrian,elevated_risk,33,0.5454545454545454,0.36350653101484687,0.7189338057061838,-0.25454545454545463,0.45454545454545453,1.0177563309633135,0.16054179543924105,56.01485099143642,,gp
1.5,1,1.43,5,0.9,marginal,ALL,66,0.7424242424242424,0.6199387593265298,0.8422336207426877,-0.1575757575757576,0.25757575757575757,1.0807560238704752,0.17057706663049202,32.12091053196554,,gp
1.5,1,1.43,5,0.9,marginal,baseline,33,0.9393939393939394,0.797735687473645,0.9925741622577402,0.039393939393939426,0.06060606060606061,1.1268281761466856,0.1613505502084146,17.486192380619674,,gp
1.5,1,1.43,5,0.9,marginal,elevated_risk,33,0.5454545454545454,0.36350653101484687,0.7189338057061838,-0.3545454545454546,0.45454545454545453,1.0396749716757017,0.186467178246292,46.75562868331141,,gp
1.5,1,1.43,5,0.9,adaptive,ALL,66,0.7727272727272727,0.6530018980228203,0.8668572164845951,-0.12727272727272732,0.22727272727272727,1.0802233732785533,0.1556827565069452,26.79644708063193,,gp
1.5,1,1.43,5,0.9,adaptive,baseline,33,0.9090909090909091,0.756683649240845,0.9808450570125951,0.009090909090909038,0.09090909090909091,1.102207164950661,0.13991902314640065,16.940110075939625,,gp
1.5,1,1.43,5,0.9,adaptive,elevated_risk,33,0.6363636363636364,0.4512453552173484,0.79599692554488,-0.26363636363636367,0.36363636363636365,1.0606211352995996,0.17820237559343738,36.652784085324235,,gp
1.5,1,1.43,5,0.9,mondrian,ALL,66,0.7272727272727273,0.6036427957562944,0.8296733838204806,-0.17272727272727273,0.2727272727272727,1.0779325278254586,0.16962474417711407,31.715330247151087,,gp
1.5,1,1.43,5,0.9,mondrian,baseline,33,0.9090909090909091,0.756683649240845,0.9808450570125951,0.009090909090909038,0.09090909090909091,1.1188708386695478,0.15827437318440873,17.416062562787637,,gp
1.5,1,1.43,5,0.9,mondrian,elevated_risk,33,0.5454545454545454,0.36350653101484687,0.7189338057061838,-0.3545454545454546,0.45454545454545453,1.0414291564511566,0.18854202916495635,46.01459793151454,,gp
1.5,1,1.43,5,0.95,marginal,ALL,66,0.8181818181818182,0.7039345441700697,0.9023647979841516,-0.13181818181818172,0.18181818181818182,1.115803688837272,0.19196262307102943,27.374051104397196,,gp
1.5,1,1.43,5,0.95,marginal,baseline,33,0.9696969696969697,0.8424060277275032,0.9992330879249519,0.01969696969696977,0.030303030303030304,1.1640048810738108,0.19460874597058644,19.215507632162637,,gp
1.5,1,1.43,5,0.95,marginal,elevated_risk,33,0.6666666666666666,0.48173252751241785,0.8203948650674397,-0.2833333333333333,0.3333333333333333,1.072824240378946,0.18811371703531013,35.53259457663176,,gp
1.5,1,1.43,5,0.95,adaptive,ALL,66,0.8181818181818182,0.7039345441700697,0.9023647979841516,-0.13181818181818172,0.18181818181818182,1.1145800098455285,0.18126320569770757,20.544704126068076,,gp
1.5,1,1.43,5,0.95,adaptive,baseline,33,0.9090909090909091,0.756683649240845,0.9808450570125951,-0.040909090909090895,0.09090909090909091,1.1311355673141643,0.17015955059915122,16.79141854775532,,gp
1.5,1,1.43,5,0.95,adaptive,elevated_risk,33,0.7272727272727273,0.5447615722392182,0.8670036112891851,-0.22272727272727266,0.2727272727272727,1.099817953226051,0.19514277457090298,24.297989704380832,,gp
1.5,1,1.43,5,0.95,mondrian,ALL,66,0.8484848484848485,0.7389589287110891,0.9248753700606944,-0.10151515151515145,0.15151515151515152,1.1231378204820333,0.1908369679120299,25.082831622242246,,gp
1.5,1,1.43,5,0.95,mondrian,baseline,33,0.9696969696969697,0.8424060277275032,0.9992330879249519,0.01969696969696977,0.030303030303030304,1.1603083982546556,0.19074651170224174,18.983447041824096,,gp
1.5,1,1.43,5,0.95,mondrian,elevated_risk,33,0.7272727272727273,0.5447615722392182,0.8670036112891851,-0.22272727272727266,0.2727272727272727,1.0899940151648366,0.19095757619174747,31.182216202660392,,gp
1.5,1,1.43,6,0.8,marginal,ALL,66,0.6515151515151515,0.5242397683271001,0.7647080305896783,-0.14848484848484855,0.3484848484848485,1.0408970389340098,0.15846016613114344,46.07255332019679,,gp
1.5,1,1.43,6,0.8,marginal,baseline,17,0.5294117647058824,0.27811830033110657,0.7701673127340096,-0.2705882352941177,0.47058823529411764,1.029217891343822,0.17755554938867488,48.312848200596285,,gp
1.5,1,1.43,6,0.8,marginal,elevated_risk,49,0.6938775510204082,0.5458475634947544,0.8174805523541264,-0.10612244897959189,0.30612244897959184,1.0449844680953702,0.153405505857091,45.29530815760922,,gp
1.5,1,1.43,6,0.8,adaptive,ALL,66,0.6666666666666666,0.5398613431497498,0.7779692372780056,-0.13333333333333341,0.3333333333333333,1.0555321925639143,0.1595130107775439,36.42572880842655,,gp
1.5,1,1.43,6,0.8,adaptive,baseline,17,0.5294117647058824,0.27811830033110657,0.7701673127340096,-0.2705882352941177,0.47058823529411764,1.0410735543953964,0.18346644579526444,40.603500690769536,,gp
1.5,1,1.43,6,0.8,adaptive,elevated_risk,49,0.7142857142857143,0.5673702803535065,0.8341582083454184,-0.08571428571428574,0.2857142857142857,1.0605923785772504,0.15335355605870143,34.976297747205514,,gp
1.5,1,1.43,6,0.8,mondrian,ALL,66,0.6666666666666666,0.5398613431497498,0.7779692372780056,-0.13333333333333341,0.3333333333333333,1.0643519963876946,0.18394455664635112,41.504823760664955,,gp
1.5,1,1.43,6,0.8,mondrian,baseline,17,0.5294117647058824,0.27811830033110657,0.7701673127340096,-0.2705882352941177,0.47058823529411764,1.0138408967137402,0.15953131669053264,54.710632270097626,,gp
1.5,1,1.43,6,0.8,mondrian,elevated_risk,49,0.7142857142857143,0.5673702803535065,0.8341582083454184,-0.08571428571428574,0.2857142857142857,1.0820297027601316,0.19022224692070439,36.92321672678014,,gp
1.5,1,1.43,6,0.9,marginal,ALL,66,0.7424242424242424,0.6199387593265298,0.8422336207426877,-0.1575757575757576,0.25757575757575757,1.0934718656026436,0.1939237137743439,33.24944406547999,,gp
1.5,1,1.43,6,0.9,marginal,baseline,17,0.7647058823529411,0.5010067267954201,0.9318922595626433,-0.1352941176470589,0.23529411764705882,1.0814539024621326,0.1706432692773454,31.617742205386033,,gp
1.5,1,1.43,6,0.9,marginal,elevated_risk,49,0.7346938775510204,0.5891828588435798,0.850529271279232,-0.16530612244897958,0.2653061224489796,1.09767787230145,0.20233054095381564,33.81554471081871,,gp
1.5,1,1.43,6,0.9,adaptive,ALL,66,0.7424242424242424,0.6199387593265298,0.8422336207426877,-0.1575757575757576,0.25757575757575757,1.1050531379645119,0.19194755480049633,23.870969069795038,,gp
1.5,1,1.43,6,0.9,adaptive,baseline,17,0.6470588235294118,0.3832836634434029,0.857902516889779,-0.2529411764705882,0.35294117647058826,1.0888936521527441,0.19778975921508185,23.64253947615645,,gp
1.5,1,1.43,6,0.9,adaptive,elevated_risk,49,0.7755102040816326,0.6337569811407235,0.882256579445809,-0.1244897959183674,0.22448979591836735,1.1107085809691968,0.19025639036469527,23.9502201533023,,gp
1.5,1,1.43,6,0.9,mondrian,ALL,66,0.7121212121212122,0.5874932401392494,0.816959774581892,-0.18787878787878787,0.2878787878787879,1.1292267884475793,0.24616827681800577,28.30777499709251,,gp
1.5,1,1.43,6,0.9,mondrian,baseline,17,0.5294117647058824,0.27811830033110657,0.7701673127340096,-0.37058823529411766,0.47058823529411764,1.0459907661754544,0.19721597109362446,41.33429133828009,,gp
1.5,1,1.43,6,0.9,mondrian,elevated_risk,49,0.7755102040816326,0.6337569811407235,0.882256579445809,-0.1244897959183674,0.22448979591836735,1.158357454198952,0.257762243963254,23.78837136851723,,gp
1.5,1,1.43,6,0.95,marginal,ALL,66,0.8333333333333334,0.7213265468376222,0.9137520659512851,-0.11666666666666659,0.16666666666666666,1.177072414343552,0.25959342592085566,22.184632643917496,,gp
1.5,1,1.43,6,0.95,marginal,baseline,17,0.8823529411764706,0.6355908378987498,0.9854206831596976,-0.0676470588235294,0.11764705882352941,1.1645156921100726,0.2327510890593026,25.773086684311817,,gp
1.5,1,1.43,6,0.95,marginal,elevated_risk,49,0.8163265306122449,0.6797787855711315,0.9124096646871527,-0.13367346938775504,0.1836734693877551,1.1814669741546933,0.2696593022439381,20.939658793168444,,gp
1.5,1,1.43,6,0.95,adaptive,ALL,66,0.9242424242424242,0.8319934099362835,0.9749443870832766,-0.025757575757575757,0.07575757575757576,1.1516409645211971,0.1970779646143508,19.13689931431518,,gp
1.5,1,1.43,6,0.95,adaptive,baseline,17,0.9411764705882353,0.7131106033327794,0.9985118256087334,-0.008823529411764675,0.058823529411764705,1.133881372040179,0.17440518298319702,16.537973707816384,,gp
1.5,1,1.43,6,0.95,adaptive,elevated_risk,49,0.9183673469387755,0.80398581652111,0.9773091193569268,-0.031632653061224425,0.08163265306122448,1.157856407526796,0.2051393980832055,20.038567381875982,,gp
1.5,1,1.43,6,0.95,mondrian,ALL,66,0.9393939393939394,0.8520324360541544,0.983241777301832,-0.010606060606060508,0.06060606060606061,1.1975788226763393,0.2547483196518418,25.57560162980232,,gp
1.5,1,1.43,6,0.95,mondrian,baseline,17,0.7647058823529411,0.5010067267954201,0.9318922595626433,-0.18529411764705883,0.23529411764705882,1.0819707223688675,0.17120656062495543,31.53597055478515,,gp
1.5,1,1.43,6,0.95,mondrian,elevated_risk,49,1.0,0.9274807363357226,1.0,0.050000000000000044,0.0,1.238038960442149,0.27691245980183204,23.50771853337971,,gp
1.5,1,1.43,7,0.8,marginal,ALL,71,0.8732394366197183,0.7729595458050695,0.9403642377999862,0.07323943661971821,0.1267605633802817,1.116026692316362,0.17266652127960677,17.529727205072067,,gp
1.5,1,1.43,7,0.8,marginal,baseline,51,0.8431372549019608,0.7141237132684408,0.9297591665426912,0.04313725490196074,0.1568627450980392,1.1062099817632813,0.16836581497369899,18.79484719151194,,gp
1.5,1,1.43,7,0.8,marginal,elevated_risk,20,0.95,0.7512672372279723,0.9987349105020502,0.1499999999999999,0.05,1.140733085239464,0.18239969870876668,14.303671239650393,,gp
1.5,1,1.43,7,0.8,adaptive,ALL,71,0.8591549295774648,0.7561952845028386,0.9303374139449683,0.05915492957746471,0.14084507042253522,1.104180142761077,0.1584219804189396,17.25855150982709,,gp
1.5,1,1.43,7,0.8,adaptive,baseline,51,0.8431372549019608,0.7141237132684408,0.9297591665426912,0.04313725490196074,0.1568627450980392,1.0927698278237565,0.1499039640489027,18.64162212361695,,gp
1.5,1,1.43,7,0.8,adaptive,elevated_risk,20,0.9,0.6830172859809176,0.9876514728297052,0.09999999999999998,0.1,1.132897269816363,0.1787705750806945,13.731721444662941,,gp
1.5,1,1.43,7,0.8,mondrian,ALL,71,0.8450704225352113,0.7396750220611356,0.9200391524030307,0.04507042253521121,0.15492957746478872,1.102494482646477,0.1660355169020254,20.51278192647172,,gp
1.5,1,1.43,7,0.8,mondrian,baseline,51,0.7843137254901961,0.6467859364904809,0.8871094002502565,-0.015686274509803977,0.21568627450980393,1.0747315353811095,0.1459134954475924,22.094486111189873,,gp
1.5,1,1.43,7,0.8,mondrian,elevated_risk,20,1.0,0.8315665290169146,1.0,0.19999999999999996,0.0,1.1723674080151794,0.20627955981089122,16.479436255440426,,gp
1.5,1,1.43,7,0.9,marginal,ALL,71,0.9859154929577465,0.9240065838788966,0.9996434747253966,0.08591549295774648,0.014084507042253521,1.2198241996308241,0.25805365356273624,21.275008506169673,,gp
1.5,1,1.43,7,0.9,marginal,baseline,51,0.9803921568627451,0.8955251036044829,0.9995036955922623,0.08039215686274503,0.0196078431372549,1.21039355232753,0.24842459014940285,20.486459694166285,,gp
1.5,1,1.43,7,0.9,marginal,elevated_risk,20,1.0,0.8315665290169146,1.0,0.09999999999999998,0.0,1.243558960530061,0.28212631209606975,23.285807976778322,,gp
1.5,1,1.43,7,0.9,adaptive,ALL,71,0.9577464788732394,0.8814449055470013,0.9912000804384358,0.05774647887323936,0.04225352112676056,1.1688912054788752,0.20667007262526363,18.652811802620995,,gp
1.5,1,1.43,7,0.9,adaptive,baseline,51,0.9411764705882353,0.8375777819279495,0.9877009117447599,0.04117647058823526,0.058823529411764705,1.1566998087005318,0.19764452929149887,18.48506157110686,,gp
1.5,1,1.43,7,0.9,adaptive,elevated_risk,20,1.0,0.8315665290169146,1.0,0.09999999999999998,0.0,1.1995741351077502,0.2283313766262991,19.080574892982046,,gp
1.5,1,1.43,7,0.9,mondrian,ALL,71,0.9436619718309859,0.8619885567791707,0.9844383649587586,0.04366197183098586,0.056338028169014086,1.1968155340076139,0.2453604847056822,20.43336088200154,,gp
1.5,1,1.43,7,0.9,mondrian,baseline,51,0.9215686274509803,0.8111939930574618,0.978216437943731,0.021568627450980316,0.0784313725490196,1.1677064948315536,0.2176936382924856,18.320548264622012,,gp
1.5,1,1.43,7,0.9,mondrian,elevated_risk,20,1.0,0.8315665290169146,1.0,0.09999999999999998,0.0,1.2700762617849077,0.3103775737766942,25.821033056319344,,gp
1.5,1,1.43,7,0.95,marginal,ALL,71,1.0,0.9493705920455963,1.0,0.050000000000000044,0.0,1.2675850923344014,0.3041784899308437,25.34338407368729,,gp
1.5,1,1.43,7,0.95,marginal,baseline,51,1.0,0.9302229692504613,1.0,0.050000000000000044,0.0,1.2583320863437646,0.29305869688894637,24.376352919690945,,gp
1.5,1,1.43,7,0.95,marginal,elevated_risk,20,1.0,0.8315665290169146,1.0,0.050000000000000044,0.0,1.2908727710826329,0.3325339621876819,27.809313516377937,,gp
1.5,1,1.43,7,0.95,adaptive,ALL,71,0.971830985915493,0.9019199313429451,0.9965702092287638,0.02183098591549304,0.028169014084507043,1.2049632081880854,0.24055053078552785,21.17740684603677,,gp
1.5,1,1.43,7,0.95,adaptive,baseline,51,0.9607843137254902,0.8654135088703359,0.9952150073052927,0.010784313725490269,0.0392156862745098,1.1923364115707935,0.23000231930539153,20.606171607930015,,gp
1.5,1,1.43,7,0.95,adaptive,elevated_risk,20,1.0,0.8315665290169146,1.0,0.050000000000000044,0.0,1.2367419386396032,0.2663936489118616,22.63405670320899,,gp
1.5,1,1.43,7,0.95,mondrian,ALL,71,0.9859154929577465,0.9240065838788966,0.9996434747253966,0.03591549295774654,0.014084507042253521,1.255715260215649,0.29595466846089724,24.244552678355525,,gp
1.5,1,1.43,7,0.95,mondrian,baseline,51,0.9803921568627451,0.8955251036044829,0.9995036955922623,0.0303921568627451,0.0196078431372549,1.2397898756502548,0.2792249839218629,22.662030429108075,,gp
1.5,1,1.43,7,0.95,mondrian,elevated_risk,20,1.0,0.8315665290169146,1.0,0.050000000000000044,0.0,1.2957957745994293,0.3377788798084832,28.27998441393653,,gp
3.0,2,2.87,0,0.8,marginal,ALL,66,0.7727272727272727,0.6530018980228203,0.8668572164845951,-0.027272727272727337,0.22727272727272727,1.0930066493611608,0.17798655312294132,25.971461352941382,,gp
3.0,2,2.87,0,0.8,marginal,baseline,66,0.7727272727272727,0.6530018980228203,0.8668572164845951,-0.027272727272727337,0.22727272727272727,1.0930066493611608,0.17798655312294132,25.971461352941382,,gp
3.0,2,2.87,0,0.8,adaptive,ALL,66,0.7727272727272727,0.6530018980228203,0.8668572164845951,-0.027272727272727337,0.22727272727272727,1.125256604884332,0.21578982106515476,19.959056759417138,,gp
3.0,2,2.87,0,0.8,adaptive,baseline,66,0.7727272727272727,0.6530018980228203,0.8668572164845951,-0.027272727272727337,0.22727272727272727,1.125256604884332,0.21578982106515476,19.959056759417138,,gp
3.0,2,2.87,0,0.8,mondrian,ALL,66,0.7727272727272727,0.6530018980228203,0.8668572164845951,-0.027272727272727337,0.22727272727272727,1.0930066493611608,0.17798655312294132,25.971461352941382,,gp
3.0,2,2.87,0,0.8,mondrian,baseline,66,0.7727272727272727,0.6530018980228203,0.8668572164845951,-0.027272727272727337,0.22727272727272727,1.0930066493611608,0.17798655312294132,25.971461352941382,,gp
3.0,2,2.87,0,0.9,marginal,ALL,66,0.8939393939393939,0.793606517867613,0.9562815509014071,-0.0060606060606061,0.10606060606060606,1.177902612405523,0.23978333324732207,20.16671285110869,,gp
3.0,2,2.87,0,0.9,marginal,baseline,66,0.8939393939393939,0.793606517867613,0.9562815509014071,-0.0060606060606061,0.10606060606060606,1.177902612405523,0.23978333324732207,20.16671285110869,,gp
3.0,2,2.87,0,0.9,adaptive,ALL,66,0.9393939393939394,0.8520324360541544,0.983241777301832,0.039393939393939426,0.06060606060606061,1.197965622463305,0.2540775749897529,19.759441693964185,,gp
3.0,2,2.87,0,0.9,adaptive,baseline,66,0.9393939393939394,0.8520324360541544,0.983241777301832,0.039393939393939426,0.06060606060606061,1.197965622463305,0.2540775749897529,19.759441693964185,,gp
3.0,2,2.87,0,0.9,mondrian,ALL,66,0.8939393939393939,0.793606517867613,0.9562815509014071,-0.0060606060606061,0.10606060606060606,1.177902612405523,0.23978333324732207,20.16671285110869,,gp
3.0,2,2.87,0,0.9,mondrian,baseline,66,0.8939393939393939,0.793606517867613,0.9562815509014071,-0.0060606060606061,0.10606060606060606,1.177902612405523,0.23978333324732207,20.16671285110869,,gp
3.0,2,2.87,0,0.95,marginal,ALL,66,1.0,0.945641152829878,1.0,0.050000000000000044,0.0,1.2488985559073333,0.2848748484548199,22.63103428922719,,gp
3.0,2,2.87,0,0.95,marginal,baseline,66,1.0,0.945641152829878,1.0,0.050000000000000044,0.0,1.2488985559073333,0.2848748484548199,22.63103428922719,,gp
3.0,2,2.87,0,0.95,adaptive,ALL,66,0.9696969696969697,0.8947833514203487,0.9963088610385701,0.01969696969696977,0.030303030303030304,1.2434248830362822,0.2953444820756238,22.866490685187483,,gp
3.0,2,2.87,0,0.95,adaptive,baseline,66,0.9696969696969697,0.8947833514203487,0.9963088610385701,0.01969696969696977,0.030303030303030304,1.2434248830362822,0.2953444820756238,22.866490685187483,,gp
3.0,2,2.87,0,0.95,mondrian,ALL,66,1.0,0.945641152829878,1.0,0.050000000000000044,0.0,1.2488985559073333,0.2848748484548199,22.63103428922719,,gp
3.0,2,2.87,0,0.95,mondrian,baseline,66,1.0,0.945641152829878,1.0,0.050000000000000044,0.0,1.2488985559073333,0.2848748484548199,22.63103428922719,,gp
3.0,2,2.87,1,0.8,marginal,ALL,66,0.803030303030303,0.6867611541519059,0.8907397343822824,0.003030303030302939,0.19696969696969696,1.1219228792923344,0.20018720726677375,23.190263596206048,,gp
3.0,2,2.87,1,0.8,marginal,baseline,49,0.8775510204081632,0.7523070316403171,0.9537109689181043,0.0775510204081632,0.12244897959183673,1.138599002054392,0.19513094658118263,19.34213182229591,,gp
3.0,2,2.87,1,0.8,marginal,elevated_risk,17,0.5882352941176471,0.3292471539467574,0.8155630382160532,-0.21176470588235297,0.4117647058823529,1.0768124274497957,0.2219291282148156,34.28193753277055,,gp
3.0,2,2.87,1,0.8,adaptive,ALL,66,0.8787878787878788,0.7750598442768424,0.9461891381581342,0.07878787878787874,0.12121212121212122,1.134237628388134,0.1956484316056458,18.48515733167323,,gp
3.0,2,2.87,1,0.8,adaptive,baseline,49,0.8775510204081632,0.7523070316403171,0.9537109689181043,0.0775510204081632,0.12244897959183673,1.1368201181103634,0.19725572168047004,17.183954281049246,,gp
3.0,2,2.87,1,0.8,adaptive,elevated_risk,17,0.8823529411764706,0.6355908378987498,0.9854206831596976,0.08235294117647052,0.11764705882352941,1.1272517552381982,0.191040866724483,22.23568377170705,,gp
3.0,2,2.87,1,0.8,mondrian,ALL,66,0.803030303030303,0.6867611541519059,0.8907397343822824,0.003030303030302939,0.19696969696969696,1.1219228792923344,0.20018720726677375,23.190263596206048,,gp
3.0,2,2.87,1,0.8,mondrian,baseline,49,0.8775510204081632,0.7523070316403171,0.9537109689181043,0.0775510204081632,0.12244897959183673,1.138599002054392,0.19513094658118263,19.34213182229591,,gp
3.0,2,2.87,1,0.8,mondrian,elevated_risk,17,0.5882352941176471,0.3292471539467574,0.8155630382160532,-0.21176470588235297,0.4117647058823529,1.0768124274497957,0.2219291282148156,34.28193753277055,,gp
3.0,2,2.87,1,0.9,marginal,ALL,66,0.9090909090909091,0.8125573488135269,0.9659028672287315,0.009090909090909038,0.09090909090909091,1.1717469774700486,0.22613152375690457,19.242569353559567,,gp
3.0,2,2.87,1,0.9,marginal,baseline,49,0.9387755102040817,0.8313410992976988,0.9871915786817211,0.038775510204081653,0.061224489795918366,1.189264058745982,0.2337995366991079,18.522262396930802,,gp
3.0,2,2.87,1,0.9,marginal,elevated_risk,17,0.8235294117647058,0.565682127155716,0.962014931929374,-0.07647058823529418,0.17647058823529413,1.1243616551985116,0.2009366240896649,21.318748228548383,,gp
3.0,2,2.87,1,0.9,adaptive,ALL,66,0.9090909090909091,0.8125573488135269,0.9659028672287315,0.009090909090909038,0.09090909090909091,1.1806075501424789,0.2408733104996418,19.948992308656756,,gp
3.0,2,2.87,1,0.9,adaptive,baseline,49,0.9183673469387755,0.80398581652111,0.9773091193569268,0.01836734693877551,0.08163265306122448,1.1792960147420286,0.23598671399678733,18.337534168502746,,gp
3.0,2,2.87,1,0.9,adaptive,elevated_risk,17,0.8823529411764706,0.6355908378987498,0.9854206831596976,-0.01764705882352946,0.11764705882352941,1.1841553744998539,0.2555331000082053,24.59378341851243,,gp
3.0,2,2.87,1,0.9,mondrian,ALL,66,0.9090909090909091,0.8125573488135269,0.9659028672287315,0.009090909090909038,0.09090909090909091,1.1717469774700486,0.22613152375690457,19.242569353559567,,gp
3.0,2,2.87,1,0.9,mondrian,baseline,49,0.9387755102040817,0.8313410992976988,0.9871915786817211,0.038775510204081653,0.061224489795918366,1.189264058745982,0.2337995366991079,18.522262396930802,,gp
3.0,2,2.87,1,0.9,mondrian,elevated_risk,17,0.8235294117647058,0.565682127155716,0.962014931929374,-0.07647058823529418,0.17647058823529413,1.1243616551985116,0.2009366240896649,21.318748228548383,,gp
3.0,2,2.87,1,0.95,marginal,ALL,66,0.9242424242424242,0.8319934099362835,0.9749443870832766,-0.025757575757575757,0.07575757575757576,1.1917385935224365,0.24347519243201235,19.42928730229004,,gp
3.0,2,2.87,1,0.95,marginal,baseline,49,0.9591836734693877,0.8602128129775362,0.9950181581650287,0.009183673469387754,0.04081632653061224,1.2095931042820989,0.25003009230708295,19.365250570858578,,gp
3.0,2,2.87,1,0.95,marginal,elevated_risk,17,0.8235294117647058,0.565682127155716,0.962014931929374,-0.1264705882352941,0.17647058823529413,1.1434404933412368,0.22146945713713254,19.61386376347485,,gp
3.0,2,2.87,1,0.95,adaptive,ALL,66,0.9545454545454546,0.8728574940886829,0.9905262614362937,0.00454545454545463,0.045454545454545456,1.236499727927514,0.2904250714733759,23.543898746682142,,gp
3.0,2,2.87,1,0.95,adaptive,baseline,49,0.9591836734693877,0.8602128129775362,0.9950181581650287,0.009183673469387754,0.04081632653061224,1.2304945131715268,0.2824516305721591,21.604572505682125,,gp
3.0,2,2.87,1,0.95,adaptive,elevated_risk,17,0.9411764705882353,0.7131106033327794,0.9985118256087334,-0.008823529411764675,0.058823529411764705,1.252744388327258,0.3138470541207001,29.13372144132925,,gp
3.0,2,2.87,1,0.95,mondrian,ALL,66,0.9242424242424242,0.8319934099362835,0.9749443870832766,-0.025757575757575757,0.07575757575757576,1.1917385935224365,0.24347519243201235,19.42928730229004,,gp
3.0,2,2.87,1,0.95,mondrian,baseline,49,0.9591836734693877,0.8602128129775362,0.9950181581650287,0.009183673469387754,0.04081632653061224,1.2095931042820989,0.25003009230708295,19.365250570858578,,gp
3.0,2,2.87,1,0.95,mondrian,elevated_risk,17,0.8235294117647058,0.565682127155716,0.962014931929374,-0.1264705882352941,0.17647058823529413,1.1434404933412368,0.22146945713713254,19.61386376347485,,gp
3.0,2,2.87,2,0.8,marginal,ALL,66,0.8484848484848485,0.7389589287110891,0.9248753700606944,0.048484848484848464,0.15151515151515152,1.1347120369344983,0.20854603163364588,18.53000254930664,,gp
3.0,2,2.87,2,0.8,marginal,baseline,66,0.8484848484848485,0.7389589287110891,0.9248753700606944,0.048484848484848464,0.15151515151515152,1.1347120369344983,0.20854603163364588,18.53000254930664,,gp
3.0,2,2.87,2,0.8,adaptive,ALL,66,0.8484848484848485,0.7389589287110891,0.9248753700606944,0.048484848484848464,0.15151515151515152,1.130796282036371,0.20524637800384152,16.88717266237032,,gp
3.0,2,2.87,2,0.8,adaptive,baseline,66,0.8484848484848485,0.7389589287110891,0.9248753700606944,0.048484848484848464,0.15151515151515152,1.130796282036371,0.20524637800384152,16.88717266237032,,gp
3.0,2,2.87,2,0.8,mondrian,ALL,66,0.7575757575757576,0.6363888076622838,0.8546316735018541,-0.042424242424242475,0.24242424242424243,1.0918196937917346,0.18323919297784091,22.36724624064453,,gp
3.0,2,2.87,2,0.8,mondrian,baseline,66,0.7575757575757576,0.6363888076622838,0.8546316735018541,-0.042424242424242475,0.24242424242424243,1.0918196937917346,0.18323919297784091,22.36724624064453,,gp
3.0,2,2.87,2,0.9,marginal,ALL,66,0.9393939393939394,0.8520324360541544,0.983241777301832,0.039393939393939426,0.06060606060606061,1.1783168772612156,0.23254909560551434,17.777350406442057,,gp
3.0,2,2.87,2,0.9,marginal,baseline,66,0.9393939393939394,0.8520324360541544,0.983241777301832,0.039393939393939426,0.06060606060606061,1.1783168772612156,0.23254909560551434,17.777350406442057,,gp
3.0,2,2.87,2,0.9,adaptive,ALL,66,0.9393939393939394,0.8520324360541544,0.983241777301832,0.039393939393939426,0.06060606060606061,1.1739002684113184,0.23152848082697894,17.57651003416589,,gp
3.0,2,2.87,2,0.9,adaptive,baseline,66,0.9393939393939394,0.8520324360541544,0.983241777301832,0.039393939393939426,0.06060606060606061,1.1739002684113184,0.23152848082697894,17.57651003416589,,gp
3.0,2,2.87,2,0.9,mondrian,ALL,66,0.8939393939393939,0.793606517867613,0.9562815509014071,-0.0060606060606061,0.10606060606060606,1.1685544054360744,0.23364770398857027,17.616818244609377,,gp
3.0,2,2.87,2,0.9,mondrian,baseline,66,0.8939393939393939,0.793606517867613,0.9562815509014071,-0.0060606060606061,0.10606060606060606,1.1685544054360744,0.23364770398857027,17.616818244609377,,gp
3.0,2,2.87,2,0.95,marginal,ALL,66,0.9848484848484849,0.9184476789051758,0.9996164704150047,0.034848484848484906,0.015151515151515152,1.2140811869687467,0.25865353228997473,19.721200150859374,,gp
3.0,2,2.87,2,0.95,marginal,baseline,66,0.9848484848484849,0.9184476789051758,0.9996164704150047,0.034848484848484906,0.015151515151515152,1.2140811869687467,0.25865353228997473,19.721200150859374,,gp
3.0,2,2.87,2,0.95,adaptive,ALL,66,0.9545454545454546,0.8728574940886829,0.9905262614362937,0.00454545454545463,0.045454545454545456,1.2135814957170237,0.270868031550715,19.585094056579244,,gp
3.0,2,2.87,2,0.95,adaptive,baseline,66,0.9545454545454546,0.8728574940886829,0.9905262614362937,0.00454545454545463,0.045454545454545456,1.2135814957170237,0.270868031550715,19.585094056579244,,gp
3.0,2,2.87,2,0.95,mondrian,ALL,66,0.9545454545454546,0.8728574940886829,0.9905262614362937,0.00454545454545463,0.045454545454545456,1.1946716619590427,0.24609859811724658,18.51033547008138,,gp
3.0,2,2.87,2,0.95,mondrian,baseline,66,0.9545454545454546,0.8728574940886829,0.9905262614362937,0.00454545454545463,0.045454545454545456,1.1946716619590427,0.24609859811724658,18.51033547008138,,gp
3.0,2,2.87,3,0.8,marginal,ALL,66,0.8333333333333334,0.7213265468376222,0.9137520659512851,0.033333333333333326,0.16666666666666666,1.107130968952953,0.17195045980794135,22.86669260927438,,gp
3.0,2,2.87,3,0.8,marginal,baseline,32,0.875,0.7100515798092444,0.9648693468966886,0.07499999999999996,0.125,1.143338104754453,0.20141541466989735,18.38283368675598,,gp
3.0,2,2.87,3,0.8,marginal,elevated_risk,34,0.7941176470588235,0.6210222514603168,0.912978694541873,-0.005882352941176561,0.20588235294117646,1.0756975053227986,0.14139421032146846,27.086795124585812,,gp
3.0,2,2.87,3,0.8,adaptive,ALL,66,0.8636363636363636,0.7568586684861609,0.9357018153567446,0.0636363636363636,0.13636363636363635,1.12798333650415,0.18433439581420993,17.084663201603302,,gp
3.0,2,2.87,3,0.8,adaptive,baseline,32,0.90625,0.7497730493162054,0.9802328198267152,0.10624999999999996,0.09375,1.1789683902079255,0.2296695828580741,17.03569654219877,,gp
3.0,2,2.87,3,0.8,adaptive,elevated_risk,34,0.8235294117647058,0.6546848689318661,0.9323593473172428,0.0235294117647058,0.17647058823529413,1.0837203260283887,0.1373800949473506,17.13074946927816,,gp
3.0,2,2.87,3,0.8,mondrian,ALL,66,0.7878787878787878,0.6697885403521797,0.878898067744857,-0.0121212121212122,0.21212121212121213,1.1013896500750515,0.1751234078711961,23.235528896457147,,gp
3.0,2,2.87,3,0.8,mondrian,baseline,32,0.78125,0.6002717362878925,0.9072284677152807,-0.018750000000000044,0.21875,1.1309835562707475,0.21155094122490198,19.143558529070432,,gp
3.0,2,2.87,3,0.8,mondrian,elevated_risk,34,0.7941176470588235,0.6210222514603168,0.912978694541873,-0.005882352941176561,0.20588235294117646,1.0756975053227986,0.14139421032146846,27.086795124585812,,gp
3.0,2,2.87,3,0.9,marginal,ALL,66,0.8939393939393939,0.793606517867613,0.9562815509014071,-0.0060606060606061,0.10606060606060606,1.1490235309766805,0.2032954347551827,21.281079853502902,,gp
3.0,2,2.87,3,0.9,marginal,baseline,32,0.90625,0.7497730493162054,0.9802328198267152,0.006249999999999978,0.09375,1.1870458268965087,0.23955241843866748,17.876020021550904,,gp
3.0,2,2.87,3,0.9,marginal,elevated_risk,34,0.8823529411764706,0.7254965128576445,0.9669983196635304,-0.01764705882352946,0.11764705882352941,1.1160142241239315,0.1682470171944808,24.48584204828125,,gp
3.0,2,2.87,3,0.9,adaptive,ALL,66,0.9848484848484849,0.9184476789051758,0.9996164704150047,0.08484848484848484,0.015151515151515152,1.22334029323953,0.2574615139035982,19.184963110190473,,gp
3.0,2,2.87,3,0.9,adaptive,baseline,32,0.96875,0.8378290058184885,0.9992091314020475,0.06874999999999998,0.03125,1.2903106070841952,0.331091290999117,24.025238613748947,,gp
3.0,2,2.87,3,0.9,adaptive,elevated_risk,34,1.0,0.8971820757409874,1.0,0.09999999999999998,0.0,1.1651995737946885,0.19032848184591944,14.629409695076614,,gp
3.0,2,2.87,3,0.9,mondrian,ALL,66,0.8939393939393939,0.793606517867613,0.9562815509014071,-0.0060606060606061,0.10606060606060606,1.1444255466336857,0.19823356068119535,21.2933255544114,,gp
3.0,2,2.87,3,0.9,mondrian,baseline,32,0.90625,0.7497730493162054,0.9802328198267152,0.006249999999999978,0.09375,1.1771515810444806,0.22925412290883113,17.90127677967468,,gp
3.0,2,2.87,3,0.9,mondrian,elevated_risk,34,0.8823529411764706,0.7254965128576445,0.9669983196635304,-0.01764705882352946,0.11764705882352941,1.1160142241239315,0.1682470171944808,24.48584204828125,,gp
3.0,2,2.87,3,0.95,marginal,ALL,66,0.9393939393939394,0.8520324360541544,0.983241777301832,-0.010606060606060508,0.06060606060606061,1.1851924912654144,0.23051782082648659,21.59610729459339,,gp
3.0,2,2.87,3,0.95,marginal,baseline,32,0.96875,0.8378290058184885,0.9992091314020475,0.018750000000000044,0.03125,1.2247819497331025,0.2618355863749176,18.71764077146728,,gp
3.0,2,2.87,3,0.95,marginal,elevated_risk,34,0.9117647058823529,0.7632247257130623,0.9814204965591596,-0.038235294117647034,0.08823529411764706,1.1508226419157175,0.19920005527805565,24.305252257535614,,gp
3.0,2,2.87,3,0.95,adaptive,ALL,66,1.0,0.945641152829878,1.0,0.050000000000000044,0.0,1.2922877620440043,0.3254625566247596,24.910174519639977,,gp
3.0,2,2.87,3,0.95,adaptive,baseline,32,1.0,0.8911188393206472,1.0,0.050000000000000044,0.0,1.3708161547392128,0.40340865783390045,30.29029702703304,,gp
3.0,2,2.87,3,0.95,adaptive,elevated_risk,34,1.0,0.8971820757409874,1.0,0.050000000000000044,0.0,1.2241128202520877,0.252101520192627,19.846529806799452,,gp
3.0,2,2.87,3,0.95,mondrian,ALL,66,0.9242424242424242,0.8319934099362835,0.9749443870832766,-0.025757575757575757,0.07575757575757576,1.1758815050489857,0.22401507272052343,21.290538937679326,,gp
3.0,2,2.87,3,0.95,mondrian,baseline,32,0.9375,0.7919305701049926,0.9923392636535436,-0.012499999999999956,0.0625,1.2047459557240001,0.24965725741107347,18.087406035332034,,gp
3.0,2,2.87,3,0.95,mondrian,elevated_risk,34,0.9117647058823529,0.7632247257130623,0.9814204965591596,-0.038235294117647034,0.08823529411764706,1.1508226419157175,0.19920005527805565,24.305252257535614,,gp
3.0,2,2.87,4,0.8,marginal,ALL,66,0.8484848484848485,0.7389589287110891,0.9248753700606944,0.048484848484848464,0.15151515151515152,1.1478223030445684,0.23016249667120375,24.37394906309836,,gp
3.0,2,2.87,4,0.8,marginal,baseline,40,0.85,0.7016473331604236,0.9428977418454741,0.04999999999999993,0.15,1.1370187799471783,0.19268969215157683,18.788693433288085,,gp
3.0,2,2.87,4,0.8,marginal,elevated_risk,26,0.8461538461538461,0.6513212144646388,0.9564365234610761,0.0461538461538461,0.15384615384615385,1.1649976061483078,0.2880750127469909,32.96665003203726,,gp
3.0,2,2.87,4,0.8,adaptive,ALL,66,0.8333333333333334,0.7213265468376222,0.9137520659512851,0.033333333333333326,0.16666666666666666,1.1358717927123902,0.22208663932874464,25.513228122552317,,gp
3.0,2,2.87,4,0.8,adaptive,baseline,40,0.85,0.7016473331604236,0.9428977418454741,0.04999999999999993,0.15,1.1348917498592146,0.18873104134239216,18.641148049790758,,gp
3.0,2,2.87,4,0.8,adaptive,elevated_risk,26,0.8076923076923077,0.606494472060678,0.9344518912632175,0.007692307692307665,0.19230769230769232,1.1374298523292576,0.2760909408304581,36.085659003723954,,gp
3.0,2,2.87,4,0.8,mondrian,ALL,66,0.8787878787878788,0.7750598442768424,0.9461891381581342,0.07878787878787874,0.12121212121212122,1.1760444731161468,0.2549722809692365,23.809799646421933,,gp
3.0,2,2.87,4,0.8,mondrian,baseline,40,0.85,0.7016473331604236,0.9428977418454741,0.04999999999999993,0.15,1.1256249357380803,0.18084269986793317,19.413473042780268,,gp
3.0,2,2.87,4,0.8,mondrian,elevated_risk,26,0.9230769230769231,0.7486970833046261,0.9905446089962873,0.12307692307692308,0.07692307692307693,1.2562008099899742,0.3599891875294163,30.57337903663987,,gp
3.0,2,2.87,4,0.9,marginal,ALL,66,0.9242424242424242,0.8319934099362835,0.9749443870832766,0.024242424242424176,0.07575757575757576,1.2218097442926914,0.2871661817915537,23.304612398990297,,gp
3.0,2,2.87,4,0.9,marginal,baseline,40,0.95,0.8308031360405824,0.9938863534006491,0.04999999999999993,0.05,1.2100652349837968,0.24443956873763073,18.691184946812502,,gp
3.0,2,2.87,4,0.9,marginal,elevated_risk,26,0.8846153846153846,0.6984595998924323,0.9755419246820378,-0.015384615384615441,0.11538461538461539,1.2404810152629617,0.35775797727194775,30.40219309464844,,gp
3.0,2,2.87,4,0.9,adaptive,ALL,66,0.9393939393939394,0.8520324360541544,0.983241777301832,0.039393939393939426,0.06060606060606061,1.2080453143216183,0.27105635779501,25.065398434847236,,gp
3.0,2,2.87,4,0.9,adaptive,baseline,40,0.975,0.8684141415172343,0.9993672550679505,0.07499999999999996,0.025,1.215834362119003,0.24182850688875682,19.087349637420267,,gp
3.0,2,2.87,4,0.9,adaptive,elevated_risk,26,0.8846153846153846,0.6984595998924323,0.9755419246820378,-0.015384615384615441,0.11538461538461539,1.1956623855673945,0.32061662672300445,34.26239658473489,,gp
3.0,2,2.87,4,0.9,mondrian,ALL,66,0.9090909090909091,0.8125573488135269,0.9659028672287315,0.009090909090909038,0.09090909090909091,1.221010871262658,0.29326803517335864,23.035327128560017,,gp
3.0,2,2.87,4,0.9,mondrian,baseline,40,0.9,0.7633626001239001,0.9720745847057807,0.0,0.1,1.1688064980315747,0.21399072905063599,17.74533320135693,,gp
3.0,2,2.87,4,0.9,mondrian,elevated_risk,26,0.9230769230769231,0.7486970833046261,0.9905446089962873,0.023076923076923106,0.07692307692307693,1.3040047173906086,0.41218399435744263,31.17377932425706,,gp
3.0,2,2.87,4,0.95,marginal,ALL,66,0.9696969696969697,0.8947833514203487,0.9963088610385701,0.01969696969696977,0.030303030303030304,1.2554568941030126,0.30834931314058756,24.57478523140891,,gp
3.0,2,2.87,4,0.95,marginal,baseline,40,1.0,0.9119026971211976,1.0,0.050000000000000044,0.0,1.2432844540062193,0.26517528938676627,20.523790455491206,,gp
3.0,2,2.87,4,0.95,marginal,elevated_risk,26,0.9230769230769231,0.7486970833046261,0.9905446089962873,-0.026923076923076827,0.07692307692307693,1.2748084839769704,0.3803060193969565,30.807084886666914,,gp
3.0,2,2.87,4,0.95,adaptive,ALL,66,0.9393939393939394,0.8520324360541544,0.983241777301832,-0.010606060606060508,0.06060606060606061,1.245086730178802,0.31098540057578705,26.71878313178979,,gp
3.0,2,2.87,4,0.95,adaptive,baseline,40,0.975,0.8684141415172343,0.9993672550679505,0.025000000000000022,0.025,1.2573763139931964,0.28398411953435687,21.76246051464704,,gp
3.0,2,2.87,4,0.95,adaptive,elevated_risk,26,0.8846153846153846,0.6984595998924323,0.9755419246820378,-0.06538461538461537,0.11538461538461539,1.2255489067180443,0.3567701814721253,34.343894850470946,,gp
3.0,2,2.87,4,0.95,mondrian,ALL,66,0.9545454545454546,0.8728574940886829,0.9905262614362937,0.00454545454545463,0.045454545454545456,1.2883185365805947,0.3490469401424111,24.440311471124524,,gp
3.0,2,2.87,4,0.95,mondrian,baseline,40,0.95,0.8308031360405824,0.9938863534006491,0.0,0.05,1.226108569267887,0.2609000957567913,19.30023131839258,,gp
3.0,2,2.87,4,0.95,mondrian,elevated_risk,26,0.9615384615384616,0.803630353237461,0.9990267121066649,0.011538461538461608,0.038461538461538464,1.3872191484492875,0.48303014360855345,32.34812709071214,,gp
3.0,2,2.87,5,0.8,marginal,ALL,66,0.5606060606060606,0.43296119670295974,0.6826341362307495,-0.2393939393939395,0.4393939393939394,1.0189547763216877,0.154028167414682,52.24794675672734,,gp
3.0,2,2.87,5,0.8,marginal,baseline,33,0.7272727272727273,0.5447615722392182,0.8670036112891851,-0.07272727272727275,0.2727272727272727,1.0648757696167723,0.14020781317299946,23.954882559905894,,gp
3.0,2,2.87,5,0.8,marginal,elevated_risk,33,0.3939393939393939,0.22906623836420079,0.5786062786117496,-0.4060606060606061,0.6060606060606061,0.9780085077149726,0.17954266755317277,80.54101095354879,,gp
3.0,2,2.87,5,0.8,adaptive,ALL,66,0.6363636363636364,0.5087394315103151,0.7513222169426667,-0.1636363636363637,0.36363636363636365,1.0447378748069778,0.1539824733427691,38.226330609187265,,gp
3.0,2,2.87,5,0.8,adaptive,baseline,33,0.7575757575757576,0.5774106822882981,0.8890767004411605,-0.042424242424242475,0.24242424242424243,1.0864236128809146,0.15158053419460424,15.976341891520454,,gp
3.0,2,2.87,5,0.8,adaptive,elevated_risk,33,0.5151515151515151,0.33544447838855584,0.6920365563952677,-0.2848484848484849,0.48484848484848486,1.007568046678994,0.1575147367959527,60.47631932685409,,gp
3.0,2,2.87,5,0.8,mondrian,ALL,66,0.5606060606060606,0.43296119670295974,0.6826341362307495,-0.2393939393939395,0.4393939393939394,1.0210611073306202,0.15555964101239117,50.9374385469975,,gp
3.0,2,2.87,5,0.8,mondrian,baseline,33,0.7272727272727273,0.5447615722392182,0.8670036112891851,-0.07272727272727275,0.2727272727272727,1.0641908202688417,0.1394588541969097,24.083883362405896,,gp
3.0,2,2.87,5,0.8,mondrian,elevated_risk,33,0.3939393939393939,0.22906623836420079,0.5786062786117496,-0.4060606060606061,0.6060606060606061,0.9826037333894524,0.1852841705178953,77.79099373158911,,gp
3.0,2,2.87,5,0.9,marginal,ALL,66,0.7272727272727273,0.6036427957562944,0.8296733838204806,-0.17272727272727273,0.2727272727272727,1.083440655424108,0.18427625942220527,33.65888157161338,,gp
3.0,2,2.87,5,0.9,marginal,baseline,33,0.8787878787878788,0.7179837714627797,0.9659671185770213,-0.021212121212121238,0.12121212121212122,1.1332789714171807,0.18540064656056557,18.243873665576462,,gp
3.0,2,2.87,5,0.9,marginal,elevated_risk,33,0.5757575757575758,0.39215301618788523,0.7452381772653041,-0.3242424242424242,0.42424242424242425,1.039001436515114,0.1825600895794449,49.07388947765031,,gp
3.0,2,2.87,5,0.9,adaptive,ALL,66,0.8636363636363636,0.7568586684861609,0.9357018153567446,-0.036363636363636376,0.13636363636363635,1.1282472058263218,0.19035687047355035,23.698759418626054,,gp
3.0,2,2.87,5,0.9,adaptive,baseline,33,1.0,0.8942371899254207,1.0,0.09999999999999998,0.0,1.1685085898225256,0.19147071692097764,15.868139287173566,,gp
3.0,2,2.87,5,0.9,adaptive,elevated_risk,33,0.7272727272727273,0.5447615722392182,0.8670036112891851,-0.17272727272727273,0.2727272727272727,1.0923474282889938,0.1888253316083378,31.529379550078534,,gp
3.0,2,2.87,5,0.9,mondrian,ALL,66,0.8333333333333334,0.7213265468376222,0.9137520659512851,-0.06666666666666665,0.16666666666666666,1.1140702216258425,0.18590772068182682,25.253413177918734,,gp
3.0,2,2.87,5,0.9,mondrian,baseline,33,0.8787878787878788,0.7179837714627797,0.9659671185770213,-0.021212121212121238,0.12121212121212122,1.114040481592944,0.16489083275151445,18.847757887991822,,gp
3.0,2,2.87,5,0.9,mondrian,elevated_risk,33,0.7878787878787878,0.6109190803258864,0.9101957554572987,-0.11212121212121218,0.21212121212121213,1.1140967398539565,0.20934963414255991,31.65906846784565,,gp
3.0,2,2.87,5,0.95,marginal,ALL,66,0.8787878787878788,0.7750598442768424,0.9461891381581342,-0.07121212121212117,0.12121212121212122,1.162635633785301,0.2338700235168229,26.528436993696733,,gp
3.0,2,2.87,5,0.95,marginal,baseline,33,0.9696969696969697,0.8424060277275032,0.9992330879249519,0.01969696969696977,0.030303030303030304,1.217284805900972,0.25396358647852657,21.371049802881153,,gp
3.0,2,2.87,5,0.95,marginal,elevated_risk,33,0.7878787878787878,0.6109190803258864,0.9101957554572987,-0.1621212121212121,0.21212121212121213,1.113906729638918,0.20913948448703384,31.685824184512306,,gp
3.0,2,2.87,5,0.95,adaptive,ALL,66,0.9393939393939394,0.8520324360541544,0.983241777301832,-0.010606060606060508,0.06060606060606061,1.1928957679804861,0.2395323083573649,24.045255625218545,,gp
3.0,2,2.87,5,0.95,adaptive,baseline,33,1.0,0.8942371899254207,1.0,0.050000000000000044,0.0,1.2320544914476226,0.2559796122751577,21.852138198909014,,gp
3.0,2,2.87,5,0.95,adaptive,elevated_risk,33,0.8787878787878788,0.7179837714627797,0.9659671185770213,-0.07121212121212117,0.12121212121212122,1.157979197272224,0.2208164107957384,26.23837305152808,,gp
3.0,2,2.87,5,0.95,mondrian,ALL,66,0.9090909090909091,0.8125573488135269,0.9659028672287315,-0.040909090909090895,0.09090909090909091,1.1659743621963063,0.2237124566591482,22.195242670998166,,gp
3.0,2,2.87,5,0.95,mondrian,baseline,33,0.9696969696969697,0.8424060277275032,0.9992330879249519,0.01969696969696977,0.030303030303030304,1.1755836789121274,0.21038853269948135,18.753104956318648,,gp
3.0,2,2.87,5,0.95,mondrian,elevated_risk,33,0.8484848484848485,0.6810101802895636,0.9489113006439188,-0.10151515151515145,0.15151515151515152,1.1574060444152718,0.23893979832733883,25.63738038567768,,gp
3.0,2,2.87,6,0.8,marginal,ALL,66,0.6515151515151515,0.5242397683271001,0.7647080305896783,-0.14848484848484855,0.3484848484848485,1.0561989002431982,0.16697534955454482,34.28933282051372,,gp
3.0,2,2.87,6,0.8,marginal,baseline,17,0.7058823529411765,0.4404172812456629,0.8968644856296799,-0.09411764705882353,0.29411764705882354,1.05153812582414,0.1437689415318804,31.511475404011936,,gp
3.0,2,2.87,6,0.8,marginal,elevated_risk,49,0.6326530612244898,0.4828776911693928,0.7657758444633889,-0.1673469387755102,0.3673469387755102,1.057830062545744,0.17595847524073746,35.253079271136784,,gp
3.0,2,2.87,6,0.8,adaptive,ALL,66,0.6818181818181818,0.5556078292305275,0.7911016327585584,-0.11818181818181828,0.3181818181818182,1.0743045945105303,0.18011510782741189,29.04437636697923,,gp
3.0,2,2.87,6,0.8,adaptive,baseline,17,0.5882352941176471,0.3292471539467574,0.8155630382160532,-0.21176470588235297,0.4117647058823529,1.060175979575336,0.18354879390318785,27.06017405810307,,gp
3.0,2,2.87,6,0.8,adaptive,elevated_risk,49,0.7142857142857143,0.5673702803535065,0.8341582083454184,-0.08571428571428574,0.2857142857142857,1.0792492800922298,0.17913405466290452,29.732773086385247,,gp
3.0,2,2.87,6,0.8,mondrian,ALL,66,0.7121212121212122,0.5874932401392494,0.816959774581892,-0.08787878787878789,0.2878787878787879,1.0939320050552748,0.1968152077617229,26.98458609930338,,gp
3.0,2,2.87,6,0.8,mondrian,baseline,17,0.47058823529411764,0.22983268726599038,0.7218816996688935,-0.3294117647058824,0.5294117647058824,1.0287151920269515,0.18238342645825084,39.200695566321194,,gp
3.0,2,2.87,6,0.8,mondrian,elevated_risk,49,0.7959183673469388,0.6565700069535181,0.897550614504752,-0.004081632653061273,0.20408163265306123,1.1167563679913937,0.1997755731573069,22.746344039317606,,gp
3.0,2,2.87,6,0.9,marginal,ALL,66,0.8181818181818182,0.7039345441700697,0.9023647979841516,-0.08181818181818179,0.18181818181818182,1.1260164461131004,0.20302998456238017,20.943575129846412,,gp
3.0,2,2.87,6,0.9,marginal,baseline,17,0.7647058823529411,0.5010067267954201,0.9318922595626433,-0.1352941176470589,0.23529411764705882,1.1209057363975323,0.20645376366594376,18.66664966703125,,gp
3.0,2,2.87,6,0.9,marginal,elevated_risk,49,0.8367346938775511,0.703428642000297,0.9267772400920117,-0.06326530612244896,0.16326530612244897,1.127805075271637,0.20194439606612832,21.733528861843507,,gp
3.0,2,2.87,6,0.9,adaptive,ALL,66,0.8636363636363636,0.7568586684861609,0.9357018153567446,-0.036363636363636376,0.13636363636363635,1.154760707814526,0.22610049722074638,21.761420526849363,,gp
3.0,2,2.87,6,0.9,adaptive,baseline,17,0.8823529411764706,0.6355908378987498,0.9854206831596976,-0.01764705882352946,0.11764705882352941,1.1321534180910844,0.19638999406469007,20.885126832787904,,gp
3.0,2,2.87,6,0.9,adaptive,elevated_risk,49,0.8571428571428571,0.7275784873044027,0.940578494309687,-0.04285714285714293,0.14285714285714285,1.162672731749608,0.2367113912050522,22.065440788054367,,gp
3.0,2,2.87,6,0.9,mondrian,ALL,66,0.9090909090909091,0.8125573488135269,0.9659028672287315,0.009090909090909038,0.09090909090909091,1.184144683389888,0.24667304174339427,22.81795439774799,,gp
3.0,2,2.87,6,0.9,mondrian,baseline,17,0.7058823529411765,0.4404172812456629,0.8968644856296799,-0.1941176470588235,0.29411764705882354,1.0800313772651913,0.17542071907068565,25.166566751263794,,gp
3.0,2,2.87,6,0.9,mondrian,elevated_risk,49,0.9795918367346939,0.8914582360315931,0.9994834435024067,0.07959183673469383,0.02040816326530612,1.2205819113856404,0.2644861224115714,22.00312970367108,,gp
3.0,2,2.87,6,0.95,marginal,ALL,66,0.9696969696969697,0.8947833514203487,0.9963088610385701,0.01969696969696977,0.030303030303030304,1.2023047682357593,0.24700031386922366,20.480266812994202,,gp
3.0,2,2.87,6,0.95,marginal,baseline,17,1.0,0.8049356770309068,1.0,0.050000000000000044,0.0,1.196702422665524,0.23123301529914797,19.59559238907973,,gp
3.0,2,2.87,6,0.95,marginal,elevated_risk,49,0.9591836734693877,0.8602128129775362,0.9950181581650287,0.009183673469387754,0.04081632653061224,1.204265458472694,0.2527033793094638,20.78719467435228,,gp
3.0,2,2.87,6,0.95,adaptive,ALL,66,0.9242424242424242,0.8319934099362835,0.9749443870832766,-0.025757575757575757,0.07575757575757576,1.2004937496903552,0.26073034689489666,23.594826740943795,,gp
3.0,2,2.87,6,0.95,adaptive,baseline,17,0.8823529411764706,0.6355908378987498,0.9854206831596976,-0.0676470588235294,0.11764705882352941,1.1730669928907775,0.24337034576338543,22.84482141652877,,gp
3.0,2,2.87,6,0.95,adaptive,elevated_risk,49,0.9387755102040817,0.8313410992976988,0.9871915786817211,-0.01122448979591828,0.061224489795918366,1.2100924746553787,0.26639121682908506,23.855032669822474,,gp
3.0,2,2.87,6,0.95,mondrian,ALL,66,0.9393939393939394,0.8520324360541544,0.983241777301832,-0.010606060606060508,0.06060606060606061,1.2272322812357415,0.28452057641764383,24.630679996359497,,gp
3.0,2,2.87,6,0.95,mondrian,baseline,17,0.7647058823529411,0.5010067267954201,0.9318922595626433,-0.18529411764705883,0.23529411764705882,1.1143722258220607,0.19933115129937728,19.700386829653024,,gp
3.0,2,2.87,6,0.95,mondrian,elevated_risk,49,1.0,0.9274807363357226,1.0,0.050000000000000044,0.0,1.2667306674054803,0.30712185246942886,26.341189870522964,,gp
3.0,2,2.87,7,0.8,marginal,ALL,71,0.8169014084507042,0.7072708648210216,0.8987444790215321,0.016901408450704203,0.18309859154929578,1.1072146724470422,0.18363347287751125,22.550149976715456,,gp
3.0,2,2.87,7,0.8,marginal,baseline,51,0.7843137254901961,0.6467859364904809,0.8871094002502565,-0.015686274509803977,0.21568627450980393,1.094857118402157,0.17640840141143715,24.915215531629904,,gp
3.0,2,2.87,7,0.8,marginal,elevated_risk,20,0.9,0.6830172859809176,0.9876514728297052,0.09999999999999998,0.1,1.1383157815355238,0.19968918724656484,16.519232811683594,,gp
3.0,2,2.87,7,0.8,adaptive,ALL,71,0.7887323943661971,0.6755973390943473,0.8766594091273513,-0.011267605633802913,0.2112676056338028,1.0985109058333038,0.174865757139175,22.529876719720885,,gp
3.0,2,2.87,7,0.8,adaptive,baseline,51,0.7254901960784313,0.5825524769508033,0.8410727346135856,-0.0745098039215687,0.27450980392156865,1.0794265515029255,0.16691155459537654,25.603400516250105,,gp
3.0,2,2.87,7,0.8,adaptive,elevated_risk,20,0.95,0.7512672372279723,0.9987349105020502,0.1499999999999999,0.05,1.146541817432514,0.19035551998762457,14.692391038571383,,gp
3.0,2,2.87,7,0.8,mondrian,ALL,71,0.8028169014084507,0.6913500428435166,0.8877921791544382,0.0028169014084507005,0.19718309859154928,1.099757412075302,0.1804922301640637,24.754756705185965,,gp
3.0,2,2.87,7,0.8,mondrian,baseline,51,0.7450980392156863,0.6036657830559254,0.8567374162402719,-0.05490196078431375,0.2549019607843137,1.0728962382711975,0.16085590268397876,27.863527066180687,,gp
3.0,2,2.87,7,0.8,mondrian,elevated_risk,20,0.95,0.7512672372279723,0.9987349105020502,0.1499999999999999,0.05,1.1673607819405465,0.21976488512423364,16.82739228464942,,gp
3.0,2,2.87,7,0.9,marginal,ALL,71,0.9154929577464789,0.8250839441789607,0.9683539718665773,0.015492957746478853,0.08450704225352113,1.1691381271300556,0.22743230262239142,20.314699678670223,,gp
3.0,2,2.87,7,0.9,marginal,baseline,51,0.8823529411764706,0.7613239527359256,0.9555798581436852,-0.01764705882352946,0.11764705882352941,1.157010890467268,0.22071014569680875,20.795466599611668,,gp
3.0,2,2.87,7,0.9,marginal,elevated_risk,20,1.0,0.8315665290169146,1.0,0.09999999999999998,0.0,1.1996595805682706,0.2425571557049524,19.088744030269527,,gp
3.0,2,2.87,7,0.9,adaptive,ALL,71,0.9295774647887324,0.8432582827433042,0.9767397190692826,0.029577464788732355,0.07042253521126761,1.1577576439377615,0.20608271312550935,21.154035205107693,,gp
3.0,2,2.87,7,0.9,adaptive,baseline,51,0.9019607843137255,0.7858550174543191,0.9673935104481091,0.0019607843137254832,0.09803921568627451,1.1348003446406887,0.18685582132092932,21.368708188193676,,gp
3.0,2,2.87,7,0.9,adaptive,elevated_risk,20,1.0,0.8315665290169146,1.0,0.09999999999999998,0.0,1.2155358634156461,0.25030456427604325,20.60661909823844,,gp
3.0,2,2.87,7,0.9,mondrian,ALL,71,0.8873239436619719,0.789999506334595,0.9500803297672589,-0.012676056338028152,0.11267605633802817,1.1558275514000782,0.2228193082246886,23.042120697723647,,gp
3.0,2,2.87,7,0.9,mondrian,baseline,51,0.8431372549019608,0.7141237132684408,0.9297591665426912,-0.056862745098039236,0.1568627450980392,1.117573189223568,0.18765065598712324,22.626144814441254,,gp
3.0,2,2.87,7,0.9,mondrian,elevated_risk,20,1.0,0.8315665290169146,1.0,0.09999999999999998,0.0,1.2521049447127426,0.2984319105354539,24.102859200093754,,gp
3.0,2,2.87,7,0.95,marginal,ALL,71,0.9859154929577465,0.9240065838788966,0.9996434747253966,0.03591549295774654,0.014084507042253521,1.2220790629889635,0.2651804339995197,22.46073286426827,,gp
3.0,2,2.87,7,0.95,marginal,baseline,51,0.9803921568627451,0.8955251036044829,0.9995036955922623,0.0303921568627451,0.0196078431372549,1.2101487342315123,0.251879843385146,21.816761752179836,,gp
3.0,2,2.87,7,0.95,marginal,elevated_risk,20,1.0,0.8315665290169146,1.0,0.050000000000000044,0.0,1.2521049447127426,0.2984319105354539,24.102859200093754,,gp
3.0,2,2.87,7,0.95,adaptive,ALL,71,0.9436619718309859,0.8619885567791707,0.9844383649587586,-0.006338028169014076,0.056338028169014086,1.2137681221649954,0.26021439144164565,23.5842430579658,,gp
3.0,2,2.87,7,0.95,adaptive,baseline,51,0.9215686274509803,0.8111939930574618,0.978216437943731,-0.028431372549019618,0.0784313725490196,1.1871494314281126,0.2362602398965224,22.306462366529527,,gp
3.0,2,2.87,7,0.95,adaptive,elevated_risk,20,1.0,0.8315665290169146,1.0,0.050000000000000044,0.0,1.2807612181606403,0.31650664757268554,26.842583821128265,,gp
3.0,2,2.87,7,0.95,mondrian,ALL,71,0.9154929577464789,0.8250839441789607,0.9683539718665773,-0.03450704225352108,0.08450704225352113,1.198865708538321,0.2617034453335041,23.130243349802488,,gp
3.0,2,2.87,7,0.95,mondrian,baseline,51,0.8823529411764706,0.7613239527359256,0.9555798581436852,-0.0676470588235294,0.11764705882352941,1.157010890467268,0.22071014569680875,20.795466599611668,,gp
3.0,2,2.87,7,0.95,mondrian,elevated_risk,20,1.0,0.8315665290169146,1.0,0.050000000000000044,0.0,1.3042046176766666,0.3539383695160687,29.083924062789073,,gp
6.0,4,5.73,0,0.8,marginal,ALL,66,0.7424242424242424,0.6199387593265298,0.8422336207426877,-0.05757575757575761,0.25757575757575757,1.0866455993564548,0.16253945925628766,22.29107656896041,,gp
6.0,4,5.73,0,0.8,marginal,baseline,66,0.7424242424242424,0.6199387593265298,0.8422336207426877,-0.05757575757575761,0.25757575757575757,1.0866455993564548,0.16253945925628766,22.29107656896041,,gp
6.0,4,5.73,0,0.8,adaptive,ALL,66,0.7272727272727273,0.6036427957562944,0.8296733838204806,-0.07272727272727275,0.2727272727272727,1.1099929963226598,0.21398203048547768,25.475611084415714,,gp
6.0,4,5.73,0,0.8,adaptive,baseline,66,0.7272727272727273,0.6036427957562944,0.8296733838204806,-0.07272727272727275,0.2727272727272727,1.1099929963226598,0.21398203048547768,25.475611084415714,,gp
6.0,4,5.73,0,0.8,mondrian,ALL,66,0.7424242424242424,0.6199387593265298,0.8422336207426877,-0.05757575757575761,0.25757575757575757,1.0866455993564548,0.16253945925628766,22.29107656896041,,gp
6.0,4,5.73,0,0.8,mondrian,baseline,66,0.7424242424242424,0.6199387593265298,0.8422336207426877,-0.05757575757575761,0.25757575757575757,1.0866455993564548,0.16253945925628766,22.29107656896041,,gp
6.0,4,5.73,0,0.9,marginal,ALL,66,0.9090909090909091,0.8125573488135269,0.9659028672287315,0.009090909090909038,0.09090909090909091,1.1429222982203648,0.18756812990426408,17.407956803335406,,gp
6.0,4,5.73,0,0.9,marginal,baseline,66,0.9090909090909091,0.8125573488135269,0.9659028672287315,0.009090909090909038,0.09090909090909091,1.1429222982203648,0.18756812990426408,17.407956803335406,,gp
6.0,4,5.73,0,0.9,adaptive,ALL,66,0.8333333333333334,0.7213265468376222,0.9137520659512851,-0.06666666666666665,0.16666666666666666,1.1758915979736269,0.2682034392791973,22.87982805594401,,gp
6.0,4,5.73,0,0.9,adaptive,baseline,66,0.8333333333333334,0.7213265468376222,0.9137520659512851,-0.06666666666666665,0.16666666666666666,1.1758915979736269,0.2682034392791973,22.87982805594401,,gp
6.0,4,5.73,0,0.9,mondrian,ALL,66,0.9090909090909091,0.8125573488135269,0.9659028672287315,0.009090909090909038,0.09090909090909091,1.1429222982203648,0.18756812990426408,17.407956803335406,,gp
6.0,4,5.73,0,0.9,mondrian,baseline,66,0.9090909090909091,0.8125573488135269,0.9659028672287315,0.009090909090909038,0.09090909090909091,1.1429222982203648,0.18756812990426408,17.407956803335406,,gp
6.0,4,5.73,0,0.95,marginal,ALL,66,0.9545454545454546,0.8728574940886829,0.9905262614362937,0.00454545454545463,0.045454545454545456,1.1965073835060627,0.2344009132519446,19.28368572715377,,gp
6.0,4,5.73,0,0.95,marginal,baseline,66,0.9545454545454546,0.8728574940886829,0.9905262614362937,0.00454545454545463,0.045454545454545456,1.1965073835060627,0.2344009132519446,19.28368572715377,,gp
6.0,4,5.73,0,0.95,adaptive,ALL,66,0.9090909090909091,0.8125573488135269,0.9659028672287315,-0.040909090909090895,0.09090909090909091,1.2647028510561833,0.35223790345312705,25.30960037307858,,gp
6.0,4,5.73,0,0.95,adaptive,baseline,66,0.9090909090909091,0.8125573488135269,0.9659028672287315,-0.040909090909090895,0.09090909090909091,1.2647028510561833,0.35223790345312705,25.30960037307858,,gp
6.0,4,5.73,0,0.95,mondrian,ALL,66,0.9545454545454546,0.8728574940886829,0.9905262614362937,0.00454545454545463,0.045454545454545456,1.1965073835060627,0.2344009132519446,19.28368572715377,,gp
6.0,4,5.73,0,0.95,mondrian,baseline,66,0.9545454545454546,0.8728574940886829,0.9905262614362937,0.00454545454545463,0.045454545454545456,1.1965073835060627,0.2344009132519446,19.28368572715377,,gp
6.0,4,5.73,1,0.8,marginal,ALL,66,0.803030303030303,0.6867611541519059,0.8907397343822824,0.003030303030302939,0.19696969696969696,1.1079559240445225,0.17418690261383496,20.642308978627796,,gp
6.0,4,5.73,1,0.8,marginal,baseline,49,0.8775510204081632,0.7523070316403171,0.9537109689181043,0.0775510204081632,0.12244897959183673,1.1191412243635879,0.16019140892893563,13.673785087393979,,gp
6.0,4,5.73,1,0.8,marginal,elevated_risk,17,0.5882352941176471,0.3292471539467574,0.8155630382160532,-0.21176470588235297,0.4117647058823529,1.0772229500241688,0.23436752545890194,40.728054312184085,,gp
6.0,4,5.73,1,0.8,adaptive,ALL,66,0.8484848484848485,0.7389589287110891,0.9248753700606944,0.048484848484848464,0.15151515151515152,1.1640693761788294,0.24825479536988232,25.14540057712891,,gp
6.0,4,5.73,1,0.8,adaptive,baseline,49,0.8979591836734694,0.7777233037173732,0.9660282950160443,0.09795918367346934,0.10204081632653061,1.173436444082518,0.23173253084081458,17.56749421753193,,gp
6.0,4,5.73,1,0.8,adaptive,elevated_risk,17,0.7058823529411765,0.4404172812456629,0.8968644856296799,-0.09411764705882353,0.29411764705882354,1.1383322170218009,0.30883643197646393,46.98760126067314,,gp
6.0,4,5.73,1,0.8,mondrian,ALL,66,0.803030303030303,0.6867611541519059,0.8907397343822824,0.003030303030302939,0.19696969696969696,1.1079559240445225,0.17418690261383496,20.642308978627796,,gp
6.0,4,5.73,1,0.8,mondrian,baseline,49,0.8775510204081632,0.7523070316403171,0.9537109689181043,0.0775510204081632,0.12244897959183673,1.1191412243635879,0.16019140892893563,13.673785087393979,,gp
6.0,4,5.73,1,0.8,mondrian,elevated_risk,17,0.5882352941176471,0.3292471539467574,0.8155630382160532,-0.21176470588235297,0.4117647058823529,1.0772229500241688,0.23436752545890194,40.728054312184085,,gp
6.0,4,5.73,1,0.9,marginal,ALL,66,0.8939393939393939,0.793606517867613,0.9562815509014071,-0.0060606060606061,0.10606060606060606,1.13274204320007,0.18133990371742098,18.68000764853013,,gp
6.0,4,5.73,1,0.9,marginal,baseline,49,0.9591836734693877,0.8602128129775362,0.9950181581650287,0.05918367346938769,0.04081632653061224,1.1442404015497374,0.17162075268678884,13.571227775324461,,gp
6.0,4,5.73,1,0.9,marginal,elevated_risk,17,0.7058823529411765,0.4404172812456629,0.8968644856296799,-0.1941176470588235,0.29411764705882354,1.1011489041374816,0.2194065785873971,33.40531434188764,,gp
6.0,4,5.73,1,0.9,adaptive,ALL,66,0.9090909090909091,0.8125573488135269,0.9659028672287315,0.009090909090909038,0.09090909090909091,1.2230414976801438,0.3004652637609892,26.581737461468602,,gp
6.0,4,5.73,1,0.9,adaptive,baseline,49,0.9795918367346939,0.8914582360315931,0.9994834435024067,0.07959183673469383,0.02040816326530612,1.2323109344018879,0.27759773299767393,21.38027523768079,,gp
6.0,4,5.73,1,0.9,adaptive,elevated_risk,17,0.7058823529411765,0.4404172812456629,0.8968644856296799,-0.1941176470588235,0.29411764705882354,1.197572592078467,0.3919353868142505,41.57418740062171,,gp
6.0,4,5.73,1,0.9,mondrian,ALL,66,0.8939393939393939,0.793606517867613,0.9562815509014071,-0.0060606060606061,0.10606060606060606,1.13274204320007,0.18133990371742098,18.68000764853013,,gp
6.0,4,5.73,1,0.9,mondrian,baseline,49,0.9591836734693877,0.8602128129775362,0.9950181581650287,0.05918367346938769,0.04081632653061224,1.1442404015497374,0.17162075268678884,13.571227775324461,,gp
6.0,4,5.73,1,0.9,mondrian,elevated_risk,17,0.7058823529411765,0.4404172812456629,0.8968644856296799,-0.1941176470588235,0.29411764705882354,1.1011489041374816,0.2194065785873971,33.40531434188764,,gp
6.0,4,5.73,1,0.95,marginal,ALL,66,0.9393939393939394,0.8520324360541544,0.983241777301832,-0.010606060606060508,0.06060606060606061,1.2010276908544526,0.24416471374021553,20.285797706365415,,gp
6.0,4,5.73,1,0.95,marginal,baseline,49,1.0,0.9274807363357226,1.0,0.050000000000000044,0.0,1.2133885226812668,0.23585460696255647,19.313136338275662,,gp
6.0,4,5.73,1,0.95,marginal,elevated_risk,17,0.7647058823529411,0.5010067267954201,0.9318922595626433,-0.18529411764705883,0.23529411764705882,1.1670648009393796,0.2754874239021613,23.089351061447637,,gp
6.0,4,5.73,1,0.95,adaptive,ALL,66,0.9393939393939394,0.8520324360541544,0.983241777301832,-0.010606060606060508,0.06060606060606061,1.2656104160253285,0.33947068152573523,28.399171287842716,,gp
6.0,4,5.73,1,0.95,adaptive,baseline,49,1.0,0.9274807363357226,1.0,0.050000000000000044,0.0,1.274809377856458,0.3186167035378863,24.872148299681776,,gp
6.0,4,5.73,1,0.95,adaptive,elevated_risk,17,0.7647058823529411,0.5010067267954201,0.9318922595626433,-0.18529411764705883,0.23529411764705882,1.2403351487633092,0.41807413701839674,38.56529637136542,,gp
6.0,4,5.73,1,0.95,mondrian,ALL,66,0.9393939393939394,0.8520324360541544,0.983241777301832,-0.010606060606060508,0.06060606060606061,1.2010276908544526,0.24416471374021553,20.285797706365415,,gp
6.0,4,5.73,1,0.95,mondrian,baseline,49,1.0,0.9274807363357226,1.0,0.050000000000000044,0.0,1.2133885226812668,0.23585460696255647,19.313136338275662,,gp
6.0,4,5.73,1,0.95,mondrian,elevated_risk,17,0.7647058823529411,0.5010067267954201,0.9318922595626433,-0.18529411764705883,0.23529411764705882,1.1670648009393796,0.2754874239021613,23.089351061447637,,gp
6.0,4,5.73,2,0.8,marginal,ALL,66,0.8181818181818182,0.7039345441700697,0.9023647979841516,0.018181818181818188,0.18181818181818182,1.119797148952398,0.1891372714232981,19.204093495714964,,gp
6.0,4,5.73,2,0.8,marginal,baseline,66,0.8181818181818182,0.7039345441700697,0.9023647979841516,0.018181818181818188,0.18181818181818182,1.119797148952398,0.1891372714232981,19.204093495714964,,gp
6.0,4,5.73,2,0.8,adaptive,ALL,66,0.8181818181818182,0.7039345441700697,0.9023647979841516,0.018181818181818188,0.18181818181818182,1.1535194803795326,0.2524103281029198,27.30068739812165,,gp
6.0,4,5.73,2,0.8,adaptive,baseline,66,0.8181818181818182,0.7039345441700697,0.9023647979841516,0.018181818181818188,0.18181818181818182,1.1535194803795326,0.2524103281029198,27.30068739812165,,gp
6.0,4,5.73,2,0.8,mondrian,ALL,66,0.7878787878787878,0.6697885403521797,0.878898067744857,-0.0121212121212122,0.21212121212121213,1.1101775146013042,0.18576201441197415,20.162566279650502,,gp
6.0,4,5.73,2,0.8,mondrian,baseline,66,0.7878787878787878,0.6697885403521797,0.878898067744857,-0.0121212121212122,0.21212121212121213,1.1101775146013042,0.18576201441197415,20.162566279650502,,gp
6.0,4,5.73,2,0.9,marginal,ALL,66,0.9242424242424242,0.8319934099362835,0.9749443870832766,0.024242424242424176,0.07575757575757576,1.1486561747035546,0.19712512428317094,18.823697605601026,,gp
6.0,4,5.73,2,0.9,marginal,baseline,66,0.9242424242424242,0.8319934099362835,0.9749443870832766,0.024242424242424176,0.07575757575757576,1.1486561747035546,0.19712512428317094,18.823697605601026,,gp
6.0,4,5.73,2,0.9,adaptive,ALL,66,0.8484848484848485,0.7389589287110891,0.9248753700606944,-0.051515151515151514,0.15151515151515152,1.2074585382070095,0.3114682166321252,28.416381215669215,,gp
6.0,4,5.73,2,0.9,adaptive,baseline,66,0.8484848484848485,0.7389589287110891,0.9248753700606944,-0.051515151515151514,0.15151515151515152,1.2074585382070095,0.3114682166321252,28.416381215669215,,gp
6.0,4,5.73,2,0.9,mondrian,ALL,66,0.8939393939393939,0.793606517867613,0.9562815509014071,-0.0060606060606061,0.10606060606060606,1.1298134995590337,0.1834650602662651,18.78041552046756,,gp
6.0,4,5.73,2,0.9,mondrian,baseline,66,0.8939393939393939,0.793606517867613,0.9562815509014071,-0.0060606060606061,0.10606060606060606,1.1298134995590337,0.1834650602662651,18.78041552046756,,gp
6.0,4,5.73,2,0.95,marginal,ALL,66,0.9545454545454546,0.8728574940886829,0.9905262614362937,0.00454545454545463,0.045454545454545456,1.187947314666819,0.2318514810006091,20.269047575959107,,gp
6.0,4,5.73,2,0.95,marginal,baseline,66,0.9545454545454546,0.8728574940886829,0.9905262614362937,0.00454545454545463,0.045454545454545456,1.187947314666819,0.2318514810006091,20.269047575959107,,gp
6.0,4,5.73,2,0.95,adaptive,ALL,66,0.9090909090909091,0.8125573488135269,0.9659028672287315,-0.040909090909090895,0.09090909090909091,1.3045987727389623,0.40849597209783683,33.75205322204587,,gp
6.0,4,5.73,2,0.95,adaptive,baseline,66,0.9090909090909091,0.8125573488135269,0.9659028672287315,-0.040909090909090895,0.09090909090909091,1.3045987727389623,0.40849597209783683,33.75205322204587,,gp
6.0,4,5.73,2,0.95,mondrian,ALL,66,0.9545454545454546,0.8728574940886829,0.9905262614362937,0.00454545454545463,0.045454545454545456,1.167654985350193,0.21052663645920042,19.361159240978637,,gp
6.0,4,5.73,2,0.95,mondrian,baseline,66,0.9545454545454546,0.8728574940886829,0.9905262614362937,0.00454545454545463,0.045454545454545456,1.167654985350193,0.21052663645920042,19.361159240978637,,gp
6.0,4,5.73,3,0.8,marginal,ALL,66,0.8939393939393939,0.793606517867613,0.9562815509014071,0.09393939393939388,0.10606060606060606,1.1858622095039106,0.24745187463769863,19.99229733976888,,gp
6.0,4,5.73,3,0.8,marginal,baseline,32,0.96875,0.8378290058184885,0.9992091314020475,0.16874999999999996,0.03125,1.2714741611980942,0.3148885987280311,23.04161991985535,,gp
6.0,4,5.73,3,0.8,marginal,elevated_risk,34,0.8235294117647058,0.6546848689318661,0.9323593473172428,0.0235294117647058,0.17647058823529413,1.112025592997318,0.1727897872519734,17.122346676158084,,gp
6.0,4,5.73,3,0.8,adaptive,ALL,66,0.9242424242424242,0.8319934099362835,0.9749443870832766,0.12424242424242415,0.07575757575757576,1.2198320676698782,0.27973839019003355,21.518053479533307,,gp
6.0,4,5.73,3,0.8,adaptive,baseline,32,1.0,0.8911188393206472,1.0,0.19999999999999996,0.0,1.3269992079126738,0.36350131676815767,26.53572201309131,,gp
6.0,4,5.73,3,0.8,adaptive,elevated_risk,34,0.8529411764705882,0.6894342696048746,0.9504715447438226,0.05294117647058816,0.14705882352941177,1.1274050305608385,0.1873103332762414,16.795541918537534,,gp
6.0,4,5.73,3,0.8,mondrian,ALL,66,0.8939393939393939,0.793606517867613,0.9562815509014071,0.09393939393939388,0.10606060606060606,1.1819379366697431,0.24284248368892267,19.773487122275093,,gp
6.0,4,5.73,3,0.8,mondrian,baseline,32,0.96875,0.8378290058184885,0.9992091314020475,0.16874999999999996,0.03125,1.2629997793230607,0.30611588692229624,22.590323846274416,,gp
6.0,4,5.73,3,0.8,mondrian,elevated_risk,34,0.8235294117647058,0.6546848689318661,0.9323593473172428,0.0235294117647058,0.17647058823529413,1.112025592997318,0.1727897872519734,17.122346676158084,,gp
6.0,4,5.73,3,0.9,marginal,ALL,66,0.9696969696969697,0.8947833514203487,0.9963088610385701,0.0696969696969697,0.030303030303030304,1.2323321557176294,0.2744055467479456,20.712419677526043,,gp
6.0,4,5.73,3,0.9,marginal,baseline,32,1.0,0.8911188393206472,1.0,0.09999999999999998,0.0,1.3201291132618218,0.35419880656530245,25.978219372573243,,gp
6.0,4,5.73,3,0.9,marginal,elevated_risk,34,0.9411764705882353,0.8032267906644245,0.9927950825609503,0.04117647058823526,0.058823529411764705,1.156611065889039,0.19461228693058874,15.756372905716917,,gp
6.0,4,5.73,3,0.9,adaptive,ALL,66,0.9696969696969697,0.8947833514203487,0.9963088610385701,0.0696969696969697,0.030303030303030304,1.3141967595299262,0.3688013211924155,27.741183024784927,,gp
6.0,4,5.73,3,0.9,adaptive,baseline,32,1.0,0.8911188393206472,1.0,0.09999999999999998,0.0,1.4408864774096586,0.48266731656195494,35.77758208820519,,gp
6.0,4,5.73,3,0.9,adaptive,elevated_risk,34,0.9411764705882353,0.8032267906644245,0.9927950825609503,0.04117647058823526,0.058823529411764705,1.2049323410778257,0.2549353258228761,20.177513318036446,,gp
6.0,4,5.73,3,0.9,mondrian,ALL,66,0.9696969696969697,0.8947833514203487,0.9963088610385701,0.0696969696969697,0.030303030303030304,1.2267810103873351,0.26822205632044316,20.240767672677563,,gp
6.0,4,5.73,3,0.9,mondrian,baseline,32,1.0,0.8911188393206472,1.0,0.09999999999999998,0.0,1.3081415355982269,0.3418318257102976,25.00543711257324,,gp
6.0,4,5.73,3,0.9,mondrian,elevated_risk,34,0.9411764705882353,0.8032267906644245,0.9927950825609503,0.04117647058823526,0.058823529411764705,1.156611065889039,0.19461228693058874,15.756372905716917,,gp
6.0,4,5.73,3,0.95,marginal,ALL,66,1.0,0.945641152829878,1.0,0.050000000000000044,0.0,1.2826398251644695,0.3170773518602505,24.014438869280607,,gp
6.0,4,5.73,3,0.95,marginal,baseline,32,1.0,0.8911188393206472,1.0,0.050000000000000044,0.0,1.3728022373949258,0.40853901907592916,30.25260091765137,,gp
6.0,4,5.73,3,0.95,marginal,elevated_risk,34,1.0,0.8971820757409874,1.0,0.050000000000000044,0.0,1.204878632674077,0.23099578271608237,18.143227529637528,,gp
6.0,4,5.73,3,0.95,adaptive,ALL,66,0.9848484848484849,0.9184476789051758,0.9996164704150047,0.034848484848484906,0.015151515151515152,1.4313129602697128,0.48960043809445664,37.37855590267595,,gp
6.0,4,5.73,3,0.95,adaptive,baseline,32,1.0,0.8911188393206472,1.0,0.050000000000000044,0.0,1.5822321868397988,0.6305644683261575,47.247672419992824,,gp
6.0,4,5.73,3,0.95,adaptive,elevated_risk,34,0.9705882352941176,0.8467323304396823,0.9992556357653097,0.020588235294117685,0.029411764705882353,1.301151635417167,0.35290804514250435,28.08997565108359,,gp
6.0,4,5.73,3,0.95,mondrian,ALL,66,1.0,0.945641152829878,1.0,0.050000000000000044,0.0,1.2876325501052517,0.3224702817509085,24.43864479217833,,gp
6.0,4,5.73,3,0.95,mondrian,baseline,32,1.0,0.8911188393206472,1.0,0.050000000000000044,0.0,1.3835839183669534,0.4196619369754113,31.127525633627933,,gp
6.0,4,5.73,3,0.95,mondrian,elevated_risk,34,1.0,0.8971820757409874,1.0,0.050000000000000044,0.0,1.204878632674077,0.23099578271608237,18.143227529637528,,gp
6.0,4,5.73,4,0.8,marginal,ALL,66,0.9242424242424242,0.8319934099362835,0.9749443870832766,0.12424242424242415,0.07575757575757576,1.1912525547767103,0.2597407452411466,24.25184480995857,,gp
6.0,4,5.73,4,0.8,marginal,baseline,38,1.0,0.9074872385841217,1.0,0.19999999999999996,0.0,1.1941974437755805,0.2162460019180179,16.42336684107781,,gp
6.0,4,5.73,4,0.8,marginal,elevated_risk,28,0.8214285714285714,0.6310666505807964,0.9393570911807924,0.021428571428571352,0.17857142857142858,1.1872249110870947,0.33160162551414185,34.87620776772532,,gp
6.0,4,5.73,4,0.8,adaptive,ALL,66,0.8939393939393939,0.793606517867613,0.9562815509014071,0.09393939393939388,0.10606060606060606,1.1934462886619999,0.27602432587086523,26.089988752577533,,gp
6.0,4,5.73,4,0.8,adaptive,baseline,38,0.9736842105263158,0.8619009702075799,0.9993339637957976,0.17368421052631577,0.02631578947368421,1.2010102909658416,0.23186481880004714,17.078302224039206,,gp
6.0,4,5.73,4,0.8,adaptive,elevated_risk,28,0.7857142857142857,0.5904689734941717,0.9170393876123615,-0.014285714285714346,0.21428571428571427,1.1831012107459895,0.35029258776269545,38.32013475559382,,gp
6.0,4,5.73,4,0.8,mondrian,ALL,66,0.9393939393939394,0.8520324360541544,0.983241777301832,0.1393939393939394,0.06060606060606061,1.2056797724316755,0.2693737567784927,21.549757377920805,,gp
6.0,4,5.73,4,0.8,mondrian,baseline,38,0.9736842105263158,0.8619009702075799,0.9993339637957976,0.17368421052631577,0.02631578947368421,1.174001037444032,0.2012100251228058,15.054250250752462,,gp
6.0,4,5.73,4,0.8,mondrian,elevated_risk,28,0.8928571428571429,0.7177356042846756,0.977334909360941,0.09285714285714286,0.10714285714285714,1.2490059070048174,0.37025607962890933,30.365088479077848,,gp
6.0,4,5.73,4,0.9,marginal,ALL,66,0.9545454545454546,0.8728574940886829,0.9905262614362937,0.054545454545454564,0.045454545454545456,1.252758794950143,0.3151773000659284,25.323121628431874,,gp
6.0,4,5.73,4,0.9,marginal,baseline,38,1.0,0.9074872385841217,1.0,0.09999999999999998,0.0,1.2555027910123258,0.27894126087975674,21.607988159534848,,gp
6.0,4,5.73,4,0.9,marginal,elevated_risk,28,0.8928571428571429,0.7177356042846756,0.977334909360941,-0.0071428571428571175,0.10714285714285714,1.2490059070048174,0.37025607962890933,30.365088479077848,,gp
6.0,4,5.73,4,0.9,adaptive,ALL,66,0.9242424242424242,0.8319934099362835,0.9749443870832766,0.024242424242424176,0.07575757575757576,1.253955617260342,0.3365070301491009,28.623857378884825,,gp
6.0,4,5.73,4,0.9,adaptive,baseline,38,1.0,0.9074872385841217,1.0,0.09999999999999998,0.0,1.2663002302586273,0.2951210823859702,22.521132546189015,,gp
6.0,4,5.73,4,0.9,adaptive,elevated_risk,28,0.8214285714285714,0.6310666505807964,0.9393570911807924,-0.07857142857142863,0.17857142857142858,1.237072229580067,0.4048838134099254,36.90612679468628,,gp
6.0,4,5.73,4,0.9,mondrian,ALL,66,0.9545454545454546,0.8728574940886829,0.9905262614362937,0.054545454545454564,0.045454545454545456,1.2460186053925983,0.3075266474252916,23.130611415285273,,gp
6.0,4,5.73,4,0.9,mondrian,baseline,38,1.0,0.9074872385841217,1.0,0.09999999999999998,0.0,1.2155292198541112,0.2380614109424972,18.22740492262078,,gp
6.0,4,5.73,4,0.9,mondrian,elevated_risk,28,0.8928571428571429,0.7177356042846756,0.977334909360941,-0.0071428571428571175,0.10714285714285714,1.2877180994351531,0.41311380687913923,29.784963083901367,,gp
6.0,4,5.73,4,0.95,marginal,ALL,66,0.9545454545454546,0.8728574940886829,0.9905262614362937,0.00454545454545463,0.045454545454545456,1.3029219292046352,0.3681554552642198,27.437353083021723,,gp
6.0,4,5.73,4,0.95,marginal,baseline,38,1.0,0.9074872385841217,1.0,0.050000000000000044,0.0,1.305502081414139,0.3300741326591032,25.836451068714542,,gp
6.0,4,5.73,4,0.95,marginal,elevated_risk,28,0.8928571428571429,0.7177356042846756,0.977334909360941,-0.05714285714285705,0.10714285714285714,1.2993931259903737,0.4260390656239973,29.610005816724332,,gp
6.0,4,5.73,4,0.95,adaptive,ALL,66,0.9242424242424242,0.8319934099362835,0.9749443870832766,-0.025757575757575757,0.07575757575757576,1.3046638220919924,0.3948826374466574,30.85267398649803,,gp
6.0,4,5.73,4,0.95,adaptive,baseline,38,1.0,0.9074872385841217,1.0,0.050000000000000044,0.0,1.321014696470624,0.3533076269062893,27.148360035093667,,gp
6.0,4,5.73,4,0.95,adaptive,elevated_risk,28,0.8214285714285714,0.6310666505807964,0.9393570911807924,-0.12857142857142856,0.17857142857142858,1.2823011809071891,0.46357178529596155,35.8799572062611,,gp
6.0,4,5.73,4,0.95,mondrian,ALL,66,0.9696969696969697,0.8947833514203487,0.9963088610385701,0.01969696969696977,0.030303030303030304,1.3091030052915313,0.3687419937924936,26.911051504861806,,gp
6.0,4,5.73,4,0.95,mondrian,baseline,38,1.0,0.9074872385841217,1.0,0.050000000000000044,0.0,1.2938588606611263,0.31816693739537166,24.851778552327822,,gp
6.0,4,5.73,4,0.95,mondrian,elevated_risk,28,0.9285714285714286,0.7649652268254092,0.9912295032964729,-0.021428571428571352,0.07142857142857142,1.3299520026383946,0.44265938391136406,29.705779083300786,,gp
6.0,4,5.73,5,0.8,marginal,ALL,66,0.30303030303030304,0.19589964660647427,0.42851651457736495,-0.496969696969697,0.696969696969697,0.9277854016413387,0.1215736883163248,99.4293666436411,,gp
6.0,4,5.73,5,0.8,marginal,baseline,33,0.36363636363636365,0.20400307445512003,0.5487546447826517,-0.4363636363636364,0.6363636363636364,0.9689736925502774,0.12793349614390945,63.87025415692591,,gp
6.0,4,5.73,5,0.8,marginal,elevated_risk,33,0.24242424242424243,0.11092329955883952,0.4225893177117019,-0.5575757575757576,0.7575757575757576,0.8901870161650759,0.11203397657494782,134.9884791303563,,gp
6.0,4,5.73,5,0.8,adaptive,ALL,66,0.2878787878787879,0.18304022541810808,0.4125067598607505,-0.5121212121212122,0.7121212121212122,0.941710866752137,0.14913371918874482,90.44362031078964,,gp
6.0,4,5.73,5,0.8,adaptive,baseline,33,0.3333333333333333,0.1796051349325602,0.5182674724875822,-0.46666666666666673,0.6666666666666666,0.9740355594722188,0.15084677525043808,61.719534777578,,gp
6.0,4,5.73,5,0.8,adaptive,elevated_risk,33,0.24242424242424243,0.11092329955883952,0.4225893177117019,-0.5575757575757576,0.7575757575757576,0.9122035424502292,0.14677826710391664,119.1677058440013,,gp
6.0,4,5.73,5,0.8,mondrian,ALL,66,0.25757575757575757,0.15776637925731232,0.3800612406734702,-0.5424242424242425,0.7424242424242424,0.9334204635283158,0.14876129535815186,95.05858240741391,,gp
6.0,4,5.73,5,0.8,mondrian,baseline,33,0.2727272727272727,0.13299638871081487,0.4552384277607818,-0.5272727272727273,0.7272727272727273,0.9616812243803768,0.16001897609036347,68.31893680613817,,gp
6.0,4,5.73,5,0.8,mondrian,elevated_risk,33,0.24242424242424243,0.11092329955883952,0.4225893177117019,-0.5575757575757576,0.7575757575757576,0.9076228653051357,0.13609640453441374,121.79822800868965,,gp
6.0,4,5.73,5,0.9,marginal,ALL,66,0.45454545454545453,0.3314393816209254,0.5818631668533875,-0.4454545454545455,0.5454545454545454,0.9856457033808843,0.14080973032624486,66.07504212782732,,gp
6.0,4,5.73,5,0.9,marginal,baseline,33,0.5757575757575758,0.39215301618788523,0.7452381772653041,-0.3242424242424242,0.42424242424242425,1.0295962540108174,0.13765805374611764,36.23559166040248,,gp
6.0,4,5.73,5,0.9,marginal,elevated_risk,33,0.3333333333333333,0.1796051349325602,0.5182674724875822,-0.5666666666666667,0.6666666666666666,0.9455258123144736,0.14625353532828284,95.91449259525214,,gp
6.0,4,5.73,5,0.9,adaptive,ALL,66,0.5151515151515151,0.3888102652777776,0.6400892442500233,-0.3848484848484849,0.48484848484848486,1.0216544673189936,0.1691401440509469,50.070424022004005,,gp
6.0,4,5.73,5,0.9,adaptive,baseline,33,0.5757575757575758,0.39215301618788523,0.7452381772653041,-0.3242424242424242,0.42424242424242425,1.0326733907188472,0.1480637411312249,35.925780323572724,,gp
6.0,4,5.73,5,0.9,adaptive,elevated_risk,33,0.45454545454545453,0.2810661942938162,0.6364934689851531,-0.4454545454545455,0.5454545454545454,1.0115959356251913,0.19583692108259473,64.21506772043527,,gp
6.0,4,5.73,5,0.9,mondrian,ALL,66,0.4696969696969697,0.34562130276322106,0.5965799465582751,-0.4303030303030303,0.5303030303030303,0.9973510260939247,0.14562288268790927,58.015600030158026,,gp
6.0,4,5.73,5,0.9,mondrian,baseline,33,0.5151515151515151,0.33544447838855584,0.6920365563952677,-0.3848484848484849,0.48484848484848486,1.0119706511778277,0.13308322756333557,43.0389831699207,,gp
6.0,4,5.73,5,0.9,mondrian,elevated_risk,33,0.42424242424242425,0.2547618227346959,0.6078469838121148,-0.47575757575757577,0.5757575757575758,0.9840056241048434,0.1608496067677488,72.99221689039534,,gp
6.0,4,5.73,5,0.95,marginal,ALL,66,0.6818181818181818,0.5556078292305275,0.7911016327585584,-0.2681818181818182,0.3181818181818182,1.0518800836892066,0.15715762723222643,40.74009805233251,,gp
6.0,4,5.73,5,0.95,marginal,baseline,33,0.8484848484848485,0.6810101802895636,0.9489113006439188,-0.10151515151515145,0.15151515151515152,1.098992673841407,0.1551625394043338,21.07084781448449,,gp
6.0,4,5.73,5,0.95,marginal,elevated_risk,33,0.5151515151515151,0.33544447838855584,0.6920365563952677,-0.4348484848484848,0.48484848484848486,1.0088737513982207,0.16044365424287318,60.409348290180525,,gp
6.0,4,5.73,5,0.95,adaptive,ALL,66,0.7575757575757576,0.6363888076622838,0.8546316735018541,-0.1924242424242424,0.24242424242424243,1.1182861887742108,0.21319075004382643,26.754325486156702,,gp
6.0,4,5.73,5,0.95,adaptive,baseline,33,0.7575757575757576,0.5774106822882981,0.8890767004411605,-0.1924242424242424,0.24242424242424243,1.1035517916863335,0.1849353401585475,19.50955737085887,,gp
6.0,4,5.73,5,0.95,adaptive,elevated_risk,33,0.7575757575757576,0.5774106822882981,0.8890767004411605,-0.1924242424242424,0.24242424242424243,1.1317363594233194,0.24144615992910526,33.99909360145454,,gp
6.0,4,5.73,5,0.95,mondrian,ALL,66,0.6666666666666666,0.5398613431497498,0.7779692372780056,-0.2833333333333333,0.3333333333333333,1.0484864815590673,0.15353631609367666,39.27703903736179,,gp
6.0,4,5.73,5,0.95,mondrian,baseline,33,0.7575757575757576,0.5774106822882981,0.8890767004411605,-0.1924242424242424,0.24242424242424243,1.0766782274936295,0.14915813559826938,23.84013080418501,,gp
6.0,4,5.73,5,0.95,mondrian,elevated_risk,33,0.5757575757575758,0.39215301618788523,0.7452381772653041,-0.37424242424242415,0.42424242424242425,1.022751883023771,0.15929707990342304,54.71394727053858,,gp
6.0,4,5.73,6,0.8,marginal,ALL,66,0.5303030303030303,0.403420053441725,0.6543786972367789,-0.26969696969696977,0.4696969696969697,1.006126872847329,0.13120396910667634,54.119034414483274,,gp
6.0,4,5.73,6,0.8,marginal,baseline,17,0.47058823529411764,0.22983268726599038,0.7218816996688935,-0.3294117647058824,0.5294117647058824,0.9991397810964314,0.13621817381419732,57.89453469324904,,gp
6.0,4,5.73,6,0.8,marginal,elevated_risk,49,0.5510204081632653,0.4023054391098782,0.6933462477210417,-0.2489795918367348,0.4489795918367347,1.008534664987209,0.1297182788229664,52.80916697082985,,gp
6.0,4,5.73,6,0.8,adaptive,ALL,66,0.7272727272727273,0.6036427957562944,0.8296733838204806,-0.07272727272727275,0.2727272727272727,1.0626952909070513,0.1415941919563698,31.903388672367356,,gp
6.0,4,5.73,6,0.8,adaptive,baseline,17,0.6470588235294118,0.3832836634434029,0.857902516889779,-0.15294117647058825,0.35294117647058826,1.0761819505847874,0.18239027863833393,35.92639016863141,,gp
6.0,4,5.73,6,0.8,adaptive,elevated_risk,49,0.7551020408163265,0.6113040853115663,0.8665712891577062,-0.044897959183673564,0.24489795918367346,1.0580477101505639,0.1294656256455156,30.507653459377792,,gp
6.0,4,5.73,6,0.8,mondrian,ALL,66,0.6818181818181818,0.5556078292305275,0.7911016327585584,-0.11818181818181828,0.3181818181818182,1.0621984034457883,0.16500955965245323,40.10674785772964,,gp
6.0,4,5.73,6,0.8,mondrian,baseline,17,0.47058823529411764,0.22983268726599038,0.7218816996688935,-0.3294117647058824,0.5294117647058824,0.9658126038499456,0.09606072678133898,73.90898921202201,,gp
6.0,4,5.73,6,0.8,mondrian,elevated_risk,49,0.7551020408163265,0.6113040853115663,0.8665712891577062,-0.044897959183673564,0.24489795918367346,1.095413506229158,0.17991741540836984,28.379439632771046,,gp
6.0,4,5.73,6,0.9,marginal,ALL,66,0.7727272727272727,0.6530018980228203,0.8668572164845951,-0.12727272727272732,0.22727272727272727,1.0931564562121046,0.17158882841866338,28.22498643280363,,gp
6.0,4,5.73,6,0.9,marginal,baseline,17,0.8235294117647058,0.565682127155716,0.962014931929374,-0.07647058823529418,0.17647058823529413,1.086606798002694,0.14957756280301054,27.779797797603404,,gp
6.0,4,5.73,6,0.9,marginal,elevated_risk,49,0.7551020408163265,0.6113040853115663,0.8665712891577062,-0.14489795918367354,0.24489795918367346,1.095413506229158,0.17991741540836984,28.379439632771046,,gp
6.0,4,5.73,6,0.9,adaptive,ALL,66,0.8939393939393939,0.793606517867613,0.9562815509014071,-0.0060606060606061,0.10606060606060606,1.1555084135616862,0.20169165080638718,20.501315449725404,,gp
6.0,4,5.73,6,0.9,adaptive,baseline,17,0.8823529411764706,0.6355908378987498,0.9854206831596976,-0.01764705882352946,0.11764705882352941,1.1837615752196016,0.23403132748415126,20.018596964678075,,gp
6.0,4,5.73,6,0.9,adaptive,elevated_risk,49,0.8979591836734694,0.7777233037173732,0.9660282950160443,-0.0020408163265306367,0.10204081632653061,1.1457722110053161,0.19066676102987667,20.668789209843858,,gp
6.0,4,5.73,6,0.9,mondrian,ALL,66,0.7575757575757576,0.6363888076622838,0.8546316735018541,-0.14242424242424245,0.24242424242424243,1.1225712691525354,0.21288813948587926,28.36956176552084,,gp
6.0,4,5.73,6,0.9,mondrian,baseline,17,0.47058823529411764,0.22983268726599038,0.7218816996688935,-0.4294117647058824,0.5294117647058824,1.0107791559025263,0.1502429912721664,52.301554613341004,,gp
6.0,4,5.73,6,0.9,mondrian,elevated_risk,49,0.8571428571428571,0.7275784873044027,0.940578494309687,-0.04285714285714293,0.14285714285714285,1.1610954765309973,0.22482054866944362,20.06662547137915,,gp
6.0,4,5.73,6,0.95,marginal,ALL,66,0.8636363636363636,0.7568586684861609,0.9357018153567446,-0.08636363636363631,0.13636363636363635,1.1589523902765029,0.22055794677095483,21.40933400464933,,gp
6.0,4,5.73,6,0.95,marginal,baseline,17,0.8823529411764706,0.6355908378987498,0.9854206831596976,-0.0676470588235294,0.11764705882352941,1.152733439710867,0.20862266145518618,25.27949389466338,,gp
6.0,4,5.73,6,0.95,marginal,elevated_risk,49,0.8571428571428571,0.7275784873044027,0.940578494309687,-0.09285714285714286,0.14285714285714285,1.1610954765309973,0.22482054866944362,20.06662547137915,,gp
6.0,4,5.73,6,0.95,adaptive,ALL,66,0.9393939393939394,0.8520324360541544,0.983241777301832,-0.010606060606060508,0.06060606060606061,1.208877883375709,0.24626174974878817,22.22007536370174,,gp
6.0,4,5.73,6,0.95,adaptive,baseline,17,1.0,0.8049356770309068,1.0,0.050000000000000044,0.0,1.2456220898250214,0.26857936680131167,24.468993766026657,,gp
6.0,4,5.73,6,0.95,adaptive,elevated_risk,49,0.9183673469387755,0.80398581652111,0.9773091193569268,-0.031632653061224425,0.08163265306122448,1.1962156177823873,0.2378306499733904,21.43983836697677,,gp
6.0,4,5.73,6,0.95,mondrian,ALL,66,0.9242424242424242,0.8319934099362835,0.9749443870832766,-0.025757575757575757,0.07575757575757576,1.2006568202583145,0.253420694939733,25.8905836670712,,gp
6.0,4,5.73,6,0.95,mondrian,baseline,17,0.7058823529411765,0.4404172812456629,0.8968644856296799,-0.24411764705882344,0.29411764705882354,1.0710832746708199,0.15578493869442364,29.601248179062488,,gp
6.0,4,5.73,6,0.95,mondrian,elevated_risk,49,1.0,0.9274807363357226,1.0,0.050000000000000044,0.0,1.2453086118369556,0.2773314923875639,24.603210264951777,,gp
6.0,4,5.73,7,0.8,marginal,ALL,69,0.7971014492753623,0.6830698308145768,0.8843963788471576,-0.0028985507246377384,0.2028985507246377,1.1135629088223034,0.19436724706806446,25.49286812236555,,gp
6.0,4,5.73,7,0.8,marginal,baseline,51,0.803921568627451,0.6688426487470712,0.9017565834884013,0.0039215686274509665,0.19607843137254902,1.107867005455365,0.1803170123110213,25.62136810705117,,gp
6.0,4,5.73,7,0.8,marginal,elevated_risk,18,0.7777777777777778,0.52362723426352,0.9359079522823335,-0.022222222222222254,0.2222222222222222,1.1297786572241255,0.2355143631422623,25.128784832422973,,gp
6.0,4,5.73,7,0.8,adaptive,ALL,69,0.7101449275362319,0.588424880541794,0.8131280501943902,-0.08985507246376812,0.2898550724637681,1.0840913250569149,0.18431336924842417,29.478791722492296,,gp
6.0,4,5.73,7,0.8,adaptive,baseline,51,0.6666666666666666,0.5207874457693703,0.7924166650862636,-0.13333333333333341,0.3333333333333333,1.0639328668951866,0.16435859452090504,30.781072163321287,,gp
6.0,4,5.73,7,0.8,adaptive,elevated_risk,18,0.8333333333333334,0.585822508605226,0.9642149168784253,0.033333333333333326,0.16666666666666666,1.1414807266427278,0.22954419196413411,25.788997140143458,,gp
6.0,4,5.73,7,0.8,mondrian,ALL,69,0.6956521739130435,0.5731252964405923,0.8007522526923593,-0.10434782608695659,0.30434782608695654,1.0700468402908747,0.17523263495162178,34.983204046257626,,gp
6.0,4,5.73,7,0.8,mondrian,baseline,51,0.6274509803921569,0.4808021582419634,0.7587375703599883,-0.1725490196078432,0.37254901960784315,1.0342067348663284,0.13754766607481914,39.49755657390585,,gp
6.0,4,5.73,7,0.8,mondrian,elevated_risk,18,0.8888888888888888,0.6528795613913279,0.9862487843356355,0.0888888888888888,0.1111111111111111,1.1720805467671063,0.2506025727052271,22.192538551254344,,gp
6.0,4,5.73,7,0.9,marginal,ALL,69,0.927536231884058,0.838938259726387,0.9760533790312954,0.02753623188405796,0.07246376811594203,1.1862296110763377,0.2399569631943978,22.173062344033916,,gp
6.0,4,5.73,7,0.9,marginal,baseline,51,0.9215686274509803,0.8111939930574618,0.978216437943731,0.021568627450980316,0.0784313725490196,1.1804432775642286,0.22950929413196874,21.827267897235753,,gp
6.0,4,5.73,7,0.9,marginal,elevated_risk,18,0.9444444444444444,0.7270564003266315,0.9985944438326306,0.0444444444444444,0.05555555555555555,1.2027028063461191,0.2688416953081724,23.152813276628688,,gp
6.0,4,5.73,7,0.9,adaptive,ALL,69,0.8695652173913043,0.7667810402051388,0.9385829002598837,-0.0304347826086957,0.13043478260869565,1.1518712251872765,0.2201277192180805,22.447304672304973,,gp
6.0,4,5.73,7,0.9,adaptive,baseline,51,0.8431372549019608,0.7141237132684408,0.9297591665426912,-0.056862745098039236,0.1568627450980392,1.1225238301619451,0.18988582125937514,22.262363042780052,,gp
6.0,4,5.73,7,0.9,adaptive,elevated_risk,18,0.9444444444444444,0.7270564003266315,0.9985944438326306,0.0444444444444444,0.05555555555555555,1.2354207419754113,0.29662193170186457,22.971305955958943,,gp
6.0,4,5.73,7,0.9,mondrian,ALL,69,0.8405797101449275,0.7326319041235968,0.9176377521745552,-0.05942028985507253,0.15942028985507245,1.1419841816574483,0.21780212246355307,25.324280978684897,,gp
6.0,4,5.73,7,0.9,mondrian,baseline,51,0.803921568627451,0.6688426487470712,0.9017565834884013,-0.09607843137254901,0.19607843137254902,1.107867005455365,0.1803170123110213,25.62136810705117,,gp
6.0,4,5.73,7,0.9,mondrian,elevated_risk,18,0.9444444444444444,0.7270564003266315,0.9985944438326306,0.0444444444444444,0.05555555555555555,1.2391128563966987,0.3082073881255414,24.48253411498047,,gp
6.0,4,5.73,7,0.95,marginal,ALL,69,0.9710144927536232,0.8991846195179275,0.9964702406177984,0.021014492753623215,0.028985507246376812,1.2702301042910662,0.316692812439447,26.201844709286682,,gp
6.0,4,5.73,7,0.95,marginal,baseline,51,0.9607843137254902,0.8654135088703359,0.9952150073052927,0.010784313725490269,0.0392156862745098,1.26433923628709,0.307917566120973,25.936954240763633,,gp
6.0,4,5.73,7,0.95,marginal,elevated_risk,18,1.0,0.8146980318621478,1.0,0.050000000000000044,0.0,1.287000900294257,0.34058098297307077,26.952367703435325,,gp
6.0,4,5.73,7,0.95,adaptive,ALL,69,0.9420289855072463,0.8581710922077147,0.9839808414669067,-0.007971014492753614,0.057971014492753624,1.2176126058023202,0.2735535999256451,24.537053972829973,,gp
6.0,4,5.73,7,0.95,adaptive,baseline,51,0.9215686274509803,0.8111939930574618,0.978216437943731,-0.028431372549019618,0.0784313725490196,1.1793526364793603,0.2348474445699674,22.37422353866266,,gp
6.0,4,5.73,7,0.95,adaptive,elevated_risk,18,1.0,0.8146980318621478,1.0,0.050000000000000044,0.0,1.3265354572684573,0.37461967224324816,30.66507353630402,,gp
6.0,4,5.73,7,0.95,mondrian,ALL,69,0.9710144927536232,0.8991846195179275,0.9964702406177984,0.021014492753623215,0.028985507246376812,1.2362774455184677,0.28162491959080377,24.491705273413867,,gp
6.0,4,5.73,7,0.95,mondrian,baseline,51,0.9607843137254902,0.8654135088703359,0.9952150073052927,0.010784313725490269,0.0392156862745098,1.2148256358405913,0.2559053129339046,23.28025307019397,,gp
6.0,4,5.73,7,0.95,mondrian,elevated_risk,18,1.0,0.8146980318621478,1.0,0.050000000000000044,0.0,1.2973489079522071,0.35163940437902935,27.924153182536884,,gp
12.0,8,11.47,0,0.8,marginal,ALL,66,0.8939393939393939,0.793606517867613,0.9562815509014071,0.09393939393939388,0.10606060606060606,1.0949316436206833,0.14058681937157808,17.85577524825254,,gp
12.0,8,11.47,0,0.8,marginal,baseline,66,0.8939393939393939,0.793606517867613,0.9562815509014071,0.09393939393939388,0.10606060606060606,1.0949316436206833,0.14058681937157808,17.85577524825254,,gp
12.0,8,11.47,0,0.8,adaptive,ALL,66,0.8181818181818182,0.7039345441700697,0.9023647979841516,0.018181818181818188,0.18181818181818182,1.0934819265299913,0.1554769808516787,17.758797650385766,,gp
12.0,8,11.47,0,0.8,adaptive,baseline,66,0.8181818181818182,0.7039345441700697,0.9023647979841516,0.018181818181818188,0.18181818181818182,1.0934819265299913,0.1554769808516787,17.758797650385766,,gp
12.0,8,11.47,0,0.8,mondrian,ALL,66,0.8939393939393939,0.793606517867613,0.9562815509014071,0.09393939393939388,0.10606060606060606,1.0949316436206833,0.14058681937157808,17.85577524825254,,gp
12.0,8,11.47,0,0.8,mondrian,baseline,66,0.8939393939393939,0.793606517867613,0.9562815509014071,0.09393939393939388,0.10606060606060606,1.0949316436206833,0.14058681937157808,17.85577524825254,,gp
12.0,8,11.47,0,0.9,marginal,ALL,66,0.9545454545454546,0.8728574940886829,0.9905262614362937,0.054545454545454564,0.045454545454545456,1.1631677494658401,0.20139235347175982,19.543167323483665,,gp
12.0,8,11.47,0,0.9,marginal,baseline,66,0.9545454545454546,0.8728574940886829,0.9905262614362937,0.054545454545454564,0.045454545454545456,1.1631677494658401,0.20139235347175982,19.543167323483665,,gp
12.0,8,11.47,0,0.9,adaptive,ALL,66,0.9393939393939394,0.8520324360541544,0.983241777301832,0.039393939393939426,0.06060606060606061,1.1608360384986987,0.20945682945474886,16.700881408023136,,gp
12.0,8,11.47,0,0.9,adaptive,baseline,66,0.9393939393939394,0.8520324360541544,0.983241777301832,0.039393939393939426,0.06060606060606061,1.1608360384986987,0.20945682945474886,16.700881408023136,,gp
12.0,8,11.47,0,0.9,mondrian,ALL,66,0.9545454545454546,0.8728574940886829,0.9905262614362937,0.054545454545454564,0.045454545454545456,1.1631677494658401,0.20139235347175982,19.543167323483665,,gp
12.0,8,11.47,0,0.9,mondrian,baseline,66,0.9545454545454546,0.8728574940886829,0.9905262614362937,0.054545454545454564,0.045454545454545456,1.1631677494658401,0.20139235347175982,19.543167323483665,,gp
12.0,8,11.47,0,0.95,marginal,ALL,66,0.9545454545454546,0.8728574940886829,0.9905262614362937,0.00454545454545463,0.045454545454545456,1.196380992452981,0.23589730801722955,21.01834828312234,,gp
12.0,8,11.47,0,0.95,marginal,baseline,66,0.9545454545454546,0.8728574940886829,0.9905262614362937,0.00454545454545463,0.045454545454545456,1.196380992452981,0.23589730801722955,21.01834828312234,,gp
12.0,8,11.47,0,0.95,adaptive,ALL,66,0.9545454545454546,0.8728574940886829,0.9905262614362937,0.00454545454545463,0.045454545454545456,1.1901313024302491,0.23934382214937516,17.74166401564137,,gp
12.0,8,11.47,0,0.95,adaptive,baseline,66,0.9545454545454546,0.8728574940886829,0.9905262614362937,0.00454545454545463,0.045454545454545456,1.1901313024302491,0.23934382214937516,17.74166401564137,,gp
12.0,8,11.47,0,0.95,mondrian,ALL,66,0.9545454545454546,0.8728574940886829,0.9905262614362937,0.00454545454545463,0.045454545454545456,1.196380992452981,0.23589730801722955,21.01834828312234,,gp
12.0,8,11.47,0,0.95,mondrian,baseline,66,0.9545454545454546,0.8728574940886829,0.9905262614362937,0.00454545454545463,0.045454545454545456,1.196380992452981,0.23589730801722955,21.01834828312234,,gp
12.0,8,11.47,1,0.8,marginal,ALL,66,0.8333333333333334,0.7213265468376222,0.9137520659512851,0.033333333333333326,0.16666666666666666,1.1040160033692703,0.1580063551787708,17.959635674824824,,gp
12.0,8,11.47,1,0.8,marginal,baseline,49,0.8979591836734694,0.7777233037173732,0.9660282950160443,0.09795918367346934,0.10204081632653061,1.1196232811369047,0.159365219747074,14.525771533342237,,gp
12.0,8,11.47,1,0.8,marginal,elevated_risk,17,0.6470588235294118,0.3832836634434029,0.857902516889779,-0.15294117647058825,0.35294117647058826,1.0607444545661082,0.15257089690555792,27.85724408262755,,gp
12.0,8,11.47,1,0.8,adaptive,ALL,66,0.803030303030303,0.6867611541519059,0.8907397343822824,0.003030303030302939,0.19696969696969696,1.1155124572962754,0.17975443879634384,17.067461408007603,,gp
12.0,8,11.47,1,0.8,adaptive,baseline,49,0.8775510204081632,0.7523070316403171,0.9537109689181043,0.0775510204081632,0.12244897959183673,1.1342055865538196,0.1842403960445024,15.322175673901375,,gp
12.0,8,11.47,1,0.8,adaptive,elevated_risk,17,0.5882352941176471,0.3292471539467574,0.8155630382160532,-0.21176470588235297,0.4117647058823529,1.0636853118456397,0.16046482262926204,22.097990876902024,,gp
12.0,8,11.47,1,0.8,mondrian,ALL,66,0.8333333333333334,0.7213265468376222,0.9137520659512851,0.033333333333333326,0.16666666666666666,1.1040160033692703,0.1580063551787708,17.959635674824824,,gp
12.0,8,11.47,1,0.8,mondrian,baseline,49,0.8979591836734694,0.7777233037173732,0.9660282950160443,0.09795918367346934,0.10204081632653061,1.1196232811369047,0.159365219747074,14.525771533342237,,gp
12.0,8,11.47,1,0.8,mondrian,elevated_risk,17,0.6470588235294118,0.3832836634434029,0.857902516889779,-0.15294117647058825,0.35294117647058826,1.0607444545661082,0.15257089690555792,27.85724408262755,,gp
12.0,8,11.47,1,0.9,marginal,ALL,66,0.9242424242424242,0.8319934099362835,0.9749443870832766,0.024242424242424176,0.07575757575757576,1.1520142085882328,0.19121073402048283,16.62347588080138,,gp
12.0,8,11.47,1,0.9,marginal,baseline,49,0.9795918367346939,0.8914582360315931,0.9994834435024067,0.07959183673469383,0.02040816326530612,1.168111234002138,0.19504513541850077,16.44001622215003,,gp
12.0,8,11.47,1,0.9,marginal,elevated_risk,17,0.7647058823529411,0.5010067267954201,0.9318922595626433,-0.1352941176470589,0.23529411764705882,1.107384822787975,0.17705294424318568,17.152271367502316,,gp
12.0,8,11.47,1,0.9,adaptive,ALL,66,0.8939393939393939,0.793606517867613,0.9562815509014071,-0.0060606060606061,0.10606060606060606,1.1458857264215687,0.19449039261494358,16.533392461755806,,gp
12.0,8,11.47,1,0.9,adaptive,baseline,49,0.9183673469387755,0.80398581652111,0.9773091193569268,0.01836734693877551,0.08163265306122448,1.1657102072828507,0.210906444841236,16.03965208121073,,gp
12.0,8,11.47,1,0.9,adaptive,elevated_risk,17,0.8235294117647058,0.565682127155716,0.962014931929374,-0.07647058823529418,0.17647058823529413,1.0909218817423096,0.14172451045900364,17.956526499797498,,gp
12.0,8,11.47,1,0.9,mondrian,ALL,66,0.9242424242424242,0.8319934099362835,0.9749443870832766,0.024242424242424176,0.07575757575757576,1.1520142085882328,0.19121073402048283,16.62347588080138,,gp
12.0,8,11.47,1,0.9,mondrian,baseline,49,0.9795918367346939,0.8914582360315931,0.9994834435024067,0.07959183673469383,0.02040816326530612,1.168111234002138,0.19504513541850077,16.44001622215003,,gp
12.0,8,11.47,1,0.9,mondrian,elevated_risk,17,0.7647058823529411,0.5010067267954201,0.9318922595626433,-0.1352941176470589,0.23529411764705882,1.107384822787975,0.17705294424318568,17.152271367502316,,gp
12.0,8,11.47,1,0.95,marginal,ALL,66,0.9848484848484849,0.9184476789051758,0.9996164704150047,0.034848484848484906,0.015151515151515152,1.2010916041643227,0.22899591902737002,18.604813173542265,,gp
12.0,8,11.47,1,0.95,marginal,baseline,49,0.9795918367346939,0.8914582360315931,0.9994834435024067,0.0295918367346939,0.02040816326530612,1.2176893886974254,0.2464567421219873,19.951397304661196,,gp
12.0,8,11.47,1,0.95,marginal,elevated_risk,17,1.0,0.8049356770309068,1.0,0.050000000000000044,0.0,1.1550738517963919,0.17969477146609772,14.723482442670038,,gp
12.0,8,11.47,1,0.95,adaptive,ALL,66,0.9545454545454546,0.8728574940886829,0.9905262614362937,0.00454545454545463,0.045454545454545456,1.1676420931019706,0.2054798751660566,17.459865207979718,,gp
12.0,8,11.47,1,0.95,adaptive,baseline,49,0.9795918367346939,0.8914582360315931,0.9994834435024067,0.0295918367346939,0.02040816326530612,1.1882769608937418,0.22198729289655797,17.463251188269048,,gp
12.0,8,11.47,1,0.95,adaptive,elevated_risk,17,0.8823529411764706,0.6355908378987498,0.9854206831596976,-0.0676470588235294,0.11764705882352941,1.1104314313842638,0.15265613842845216,17.45010561773401,,gp
12.0,8,11.47,1,0.95,mondrian,ALL,66,0.9848484848484849,0.9184476789051758,0.9996164704150047,0.034848484848484906,0.015151515151515152,1.2010916041643227,0.22899591902737002,18.604813173542265,,gp
12.0,8,11.47,1,0.95,mondrian,baseline,49,0.9795918367346939,0.8914582360315931,0.9994834435024067,0.0295918367346939,0.02040816326530612,1.2176893886974254,0.2464567421219873,19.951397304661196,,gp
12.0,8,11.47,1,0.95,mondrian,elevated_risk,17,1.0,0.8049356770309068,1.0,0.050000000000000044,0.0,1.1550738517963919,0.17969477146609772,14.723482442670038,,gp
12.0,8,11.47,2,0.8,marginal,ALL,66,0.8636363636363636,0.7568586684861609,0.9357018153567446,0.0636363636363636,0.13636363636363635,1.1104105734112621,0.1641099871161157,14.365291041640177,,gp
12.0,8,11.47,2,0.8,marginal,baseline,66,0.8636363636363636,0.7568586684861609,0.9357018153567446,0.0636363636363636,0.13636363636363635,1.1104105734112621,0.1641099871161157,14.365291041640177,,gp
12.0,8,11.47,2,0.8,adaptive,ALL,66,0.8939393939393939,0.793606517867613,0.9562815509014071,0.09393939393939388,0.10606060606060606,1.144229176774685,0.20200462681063333,16.495288377176006,,gp
12.0,8,11.47,2,0.8,adaptive,baseline,66,0.8939393939393939,0.793606517867613,0.9562815509014071,0.09393939393939388,0.10606060606060606,1.144229176774685,0.20200462681063333,16.495288377176006,,gp
12.0,8,11.47,2,0.8,mondrian,ALL,66,0.8636363636363636,0.7568586684861609,0.9357018153567446,0.0636363636363636,0.13636363636363635,1.1053567509549151,0.15868051761803498,14.588704081581582,,gp
12.0,8,11.47,2,0.8,mondrian,baseline,66,0.8636363636363636,0.7568586684861609,0.9357018153567446,0.0636363636363636,0.13636363636363635,1.1053567509549151,0.15868051761803498,14.588704081581582,,gp
12.0,8,11.47,2,0.9,marginal,ALL,66,0.9393939393939394,0.8520324360541544,0.983241777301832,0.039393939393939426,0.06060606060606061,1.1555550197628077,0.1975526212408735,14.63631054019812,,gp
12.0,8,11.47,2,0.9,marginal,baseline,66,0.9393939393939394,0.8520324360541544,0.983241777301832,0.039393939393939426,0.06060606060606061,1.1555550197628077,0.1975526212408735,14.63631054019812,,gp
12.0,8,11.47,2,0.9,adaptive,ALL,66,0.9545454545454546,0.8728574940886829,0.9905262614362937,0.054545454545454564,0.045454545454545456,1.1942459056420267,0.24427244696894448,18.82437328672879,,gp
12.0,8,11.47,2,0.9,adaptive,baseline,66,0.9545454545454546,0.8728574940886829,0.9905262614362937,0.054545454545454564,0.045454545454545456,1.1942459056420267,0.24427244696894448,18.82437328672879,,gp
12.0,8,11.47,2,0.9,mondrian,ALL,66,0.9393939393939394,0.8520324360541544,0.983241777301832,0.039393939393939426,0.06060606060606061,1.1468067721791053,0.18832352811079947,14.378489507541872,,gp
12.0,8,11.47,2,0.9,mondrian,baseline,66,0.9393939393939394,0.8520324360541544,0.983241777301832,0.039393939393939426,0.06060606060606061,1.1468067721791053,0.18832352811079947,14.378489507541872,,gp
12.0,8,11.47,2,0.95,marginal,ALL,66,1.0,0.945641152829878,1.0,0.050000000000000044,0.0,1.1958984743751495,0.22693245264187678,17.320067753892783,,gp
12.0,8,11.47,2,0.95,marginal,baseline,66,1.0,0.945641152829878,1.0,0.050000000000000044,0.0,1.1958984743751495,0.22693245264187678,17.320067753892783,,gp
12.0,8,11.47,2,0.95,adaptive,ALL,66,1.0,0.945641152829878,1.0,0.050000000000000044,0.0,1.3177707214867933,0.3661505144239402,28.095218423267234,,gp
12.0,8,11.47,2,0.95,adaptive,baseline,66,1.0,0.945641152829878,1.0,0.050000000000000044,0.0,1.3177707214867933,0.3661505144239402,28.095218423267234,,gp
12.0,8,11.47,2,0.95,mondrian,ALL,66,1.0,0.945641152829878,1.0,0.050000000000000044,0.0,1.1958984743751495,0.22693245264187678,17.320067753892783,,gp
12.0,8,11.47,2,0.95,mondrian,baseline,66,1.0,0.945641152829878,1.0,0.050000000000000044,0.0,1.1958984743751495,0.22693245264187678,17.320067753892783,,gp
12.0,8,11.47,3,0.8,marginal,ALL,66,0.9393939393939394,0.8520324360541544,0.983241777301832,0.1393939393939394,0.06060606060606061,1.1640357317332737,0.2022029891326074,18.83927189424701,,gp
12.0,8,11.47,3,0.8,marginal,baseline,32,1.0,0.8911188393206472,1.0,0.19999999999999996,0.0,1.2195380704540242,0.2456360813546207,18.019826460322268,,gp
12.0,8,11.47,3,0.8,marginal,elevated_risk,34,0.8823529411764706,0.7254965128576445,0.9669983196635304,0.08235294117647052,0.11764705882352941,1.1156179123235375,0.15587435742912648,19.61051465558794,,gp
12.0,8,11.47,3,0.8,adaptive,ALL,66,0.9242424242424242,0.8319934099362835,0.9749443870832766,0.12424242424242415,0.07575757575757576,1.1544238325967173,0.1997274589437017,19.713413875764253,,gp
12.0,8,11.47,3,0.8,adaptive,baseline,32,0.96875,0.8378290058184885,0.9992091314020475,0.16874999999999996,0.03125,1.2153272737629872,0.25253569032668793,17.767057048890265,,gp
12.0,8,11.47,3,0.8,adaptive,elevated_risk,34,0.8823529411764706,0.7254965128576445,0.9669983196635304,0.08235294117647052,0.11764705882352941,1.1012943269977498,0.14515895318128252,21.545279124586827,,gp
12.0,8,11.47,3,0.8,mondrian,ALL,66,0.9393939393939394,0.8520324360541544,0.983241777301832,0.1393939393939394,0.06060606060606061,1.1604971540752465,0.19816694103370694,18.537019250714806,,gp
12.0,8,11.47,3,0.8,mondrian,baseline,32,1.0,0.8911188393206472,1.0,0.19999999999999996,0.0,1.2119431487028551,0.23781623816300104,17.396430383037103,,gp
12.0,8,11.47,3,0.8,mondrian,elevated_risk,34,0.8823529411764706,0.7254965128576445,0.9669983196635304,0.08235294117647052,0.11764705882352941,1.1156179123235375,0.15587435742912648,19.61051465558794,,gp
12.0,8,11.47,3,0.9,marginal,ALL,66,0.9393939393939394,0.8520324360541544,0.983241777301832,0.039393939393939426,0.06060606060606061,1.1934274072096074,0.23286600854897008,19.676115815646746,,gp
12.0,8,11.47,3,0.9,marginal,baseline,32,1.0,0.8911188393206472,1.0,0.09999999999999998,0.0,1.2501242306781208,0.2771280419859958,20.530358224521482,,gp
12.0,8,11.47,3,0.9,marginal,elevated_risk,34,0.8823529411764706,0.7254965128576445,0.9669983196635304,-0.01764705882352946,0.11764705882352941,1.1439675714067277,0.18565317288280925,18.872122960235235,,gp
12.0,8,11.47,3,0.9,adaptive,ALL,66,0.9393939393939394,0.8520324360541544,0.983241777301832,0.039393939393939426,0.06060606060606061,1.2043117653077857,0.251920634582362,21.967558564232114,,gp
12.0,8,11.47,3,0.9,adaptive,baseline,32,1.0,0.8911188393206472,1.0,0.09999999999999998,0.0,1.2718577487335752,0.3053535124702308,22.314259408136852,,gp
12.0,8,11.47,3,0.9,adaptive,elevated_risk,34,0.8823529411764706,0.7254965128576445,0.9669983196635304,-0.01764705882352946,0.11764705882352941,1.1453875955747335,0.19492556483530213,21.641251887615894,,gp
12.0,8,11.47,3,0.9,mondrian,ALL,66,0.9393939393939394,0.8520324360541544,0.983241777301832,0.039393939393939426,0.06060606060606061,1.1843038914778707,0.22245986464512393,18.89681774316569,,gp
12.0,8,11.47,3,0.9,mondrian,baseline,32,1.0,0.8911188393206472,1.0,0.09999999999999998,0.0,1.2305422418751017,0.256966138172294,18.923055950029298,,gp
12.0,8,11.47,3,0.9,mondrian,elevated_risk,34,0.8823529411764706,0.7254965128576445,0.9669983196635304,-0.01764705882352946,0.11764705882352941,1.1439675714067277,0.18565317288280925,18.872122960235235,,gp
12.0,8,11.47,3,0.95,marginal,ALL,66,0.9696969696969697,0.8947833514203487,0.9963088610385701,0.01969696969696977,0.030303030303030304,1.222081739794138,0.25483919651564757,20.82976107735573,,gp
12.0,8,11.47,3,0.95,marginal,baseline,32,1.0,0.8911188393206472,1.0,0.050000000000000044,0.0,1.279943082218268,0.3078299703056976,22.97790879690429,,gp
12.0,8,11.47,3,0.95,marginal,elevated_risk,34,0.9411764705882353,0.8032267906644245,0.9927950825609503,-0.008823529411764675,0.058823529411764705,1.1716060284481393,0.2018484227255975,18.80797498836885,,gp
12.0,8,11.47,3,0.95,adaptive,ALL,66,0.9696969696969697,0.8947833514203487,0.9963088610385701,0.01969696969696977,0.030303030303030304,1.273281270241436,0.31941249056299786,26.329505229561143,,gp
12.0,8,11.47,3,0.95,adaptive,baseline,32,1.0,0.8911188393206472,1.0,0.050000000000000044,0.0,1.3500104935058705,0.38940626806585715,28.72908712016936,,gp
12.0,8,11.47,3,0.95,adaptive,elevated_risk,34,0.9411764705882353,0.8032267906644245,0.9927950825609503,-0.008823529411764675,0.058823529411764705,1.206346042625924,0.24941871306013855,24.07107521487105,,gp
12.0,8,11.47,3,0.95,mondrian,ALL,66,0.9696969696969697,0.8947833514203487,0.9963088610385701,0.01969696969696977,0.030303030303030304,1.2166405804723606,0.2488270333262376,20.364996714997776,,gp
12.0,8,11.47,3,0.95,mondrian,baseline,32,1.0,0.8911188393206472,1.0,0.050000000000000044,0.0,1.26826461044846,0.2958056439268777,22.01933229954101,,gp
12.0,8,11.47,3,0.95,mondrian,elevated_risk,34,0.9411764705882353,0.8032267906644245,0.9927950825609503,-0.008823529411764675,0.058823529411764705,1.1716060284481393,0.2018484227255975,18.80797498836885,,gp
12.0,8,11.47,4,0.8,marginal,ALL,66,0.9090909090909091,0.8125573488135269,0.9659028672287315,0.10909090909090902,0.09090909090909091,1.1832432738007304,0.2518177397827294,18.940103558381274,,gp
12.0,8,11.47,4,0.8,marginal,baseline,36,0.9722222222222222,0.8547107352531468,0.9992969747940952,0.17222222222222217,0.027777777777777776,1.1538106317515755,0.17936305905038066,13.550627660799698,,gp
12.0,8,11.47,4,0.8,marginal,elevated_risk,30,0.8333333333333334,0.6527883011658562,0.9435783035319285,0.033333333333333326,0.16666666666666666,1.2181614206188582,0.35325429280801773,25.40747463547917,,gp
12.0,8,11.47,4,0.8,adaptive,ALL,66,0.9090909090909091,0.8125573488135269,0.9659028672287315,0.10909090909090902,0.09090909090909091,1.191520068187668,0.26692503361906816,20.96980063213773,,gp
12.0,8,11.47,4,0.8,adaptive,baseline,36,0.9722222222222222,0.8547107352531468,0.9992969747940952,0.17222222222222217,0.027777777777777776,1.1681342402206742,0.1976836289139776,14.406016624113777,,gp
12.0,8,11.47,4,0.8,adaptive,elevated_risk,30,0.8333333333333334,0.6527883011658562,0.9435783035319285,0.033333333333333326,0.16666666666666666,1.2192644267488595,0.36386300020619494,28.846341441766473,,gp
12.0,8,11.47,4,0.8,mondrian,ALL,66,0.9696969696969697,0.8947833514203487,0.9963088610385701,0.16969696969696968,0.030303030303030304,1.206609832617676,0.25929182881182894,17.95260291044759,,gp
12.0,8,11.47,4,0.8,mondrian,baseline,36,0.9722222222222222,0.8547107352531468,0.9992969747940952,0.17222222222222217,0.027777777777777776,1.1488288503919986,0.17424417444535756,13.2588953578144,,gp
12.0,8,11.47,4,0.8,mondrian,elevated_risk,30,0.9666666666666667,0.8278305443665873,0.9991564290733695,0.16666666666666663,0.03333333333333333,1.275159737763202,0.3619355495989496,23.58505197360743,,gp
12.0,8,11.47,4,0.9,marginal,ALL,66,0.9848484848484849,0.9184476789051758,0.9996164704150047,0.08484848484848484,0.015151515151515152,1.2343167455281592,0.2838512915612739,20.00336072162672,,gp
12.0,8,11.47,4,0.9,marginal,baseline,36,1.0,0.902606244085508,1.0,0.09999999999999998,0.0,1.2051507227202582,0.22637340811085588,17.299573668333878,,gp
12.0,8,11.47,4,0.9,marginal,elevated_risk,30,0.9666666666666667,0.8278305443665873,0.9991564290733695,0.06666666666666665,0.03333333333333333,1.2689185819792088,0.3552031468790342,23.247905185578126,,gp
12.0,8,11.47,4,0.9,adaptive,ALL,66,0.9242424242424242,0.8319934099362835,0.9749443870832766,0.024242424242424176,0.07575757575757576,1.2476099289943234,0.33031804319633606,24.350500406144484,,gp
12.0,8,11.47,4,0.9,adaptive,baseline,36,1.0,0.902606244085508,1.0,0.09999999999999998,0.0,1.2322533249579484,0.2620916844398701,19.585032173170895,,gp
12.0,8,11.47,4,0.9,adaptive,elevated_risk,30,0.8333333333333334,0.6527883011658562,0.9435783035319285,-0.06666666666666665,0.16666666666666666,1.2658286180768206,0.42856399980564724,30.069062285712786,,gp
12.0,8,11.47,4,0.9,mondrian,ALL,66,1.0,0.945641152829878,1.0,0.09999999999999998,0.0,1.2419867854995965,0.2879568682657164,20.5123422196144,,gp
12.0,8,11.47,4,0.9,mondrian,baseline,36,1.0,0.902606244085508,1.0,0.09999999999999998,0.0,1.183478545291119,0.20419313992192017,15.472042061244032,,gp
12.0,8,11.47,4,0.9,mondrian,elevated_risk,30,1.0,0.8842966917779722,1.0,0.09999999999999998,0.0,1.311399491238276,0.388473342278272,26.560702409658855,,gp
12.0,8,11.47,4,0.95,marginal,ALL,66,1.0,0.945641152829878,1.0,0.050000000000000044,0.0,1.2770623888984622,0.32404219567261894,23.48557391485588,,gp
12.0,8,11.47,4,0.95,marginal,baseline,36,1.0,0.902606244085508,1.0,0.050000000000000044,0.0,1.2481195115047428,0.2703495735012413,20.922966835853405,,gp
12.0,8,11.47,4,0.95,marginal,elevated_risk,30,1.0,0.8842966917779722,1.0,0.050000000000000044,0.0,1.311399491238276,0.388473342278272,26.560702409658855,,gp
12.0,8,11.47,4,0.95,adaptive,ALL,66,0.9393939393939394,0.8520324360541544,0.983241777301832,-0.010606060606060508,0.06060606060606061,1.3276503029076105,0.4203737907957894,29.419944510835098,,gp
12.0,8,11.47,4,0.95,adaptive,baseline,36,1.0,0.902606244085508,1.0,0.050000000000000044,0.0,1.3237514218250424,0.3621469158071445,27.30071577533418,,gp
12.0,8,11.47,4,0.95,adaptive,elevated_risk,30,0.8666666666666667,0.6927816497238732,0.9624465036616366,-0.08333333333333326,0.13333333333333333,1.3322758374362529,0.500995617703144,31.9630189934362,,gp
12.0,8,11.47,4,0.95,mondrian,ALL,66,1.0,0.945641152829878,1.0,0.050000000000000044,0.0,1.2888851630386478,0.337109662477187,24.48774760234878,,gp
12.0,8,11.47,4,0.95,mondrian,baseline,36,1.0,0.902606244085508,1.0,0.050000000000000044,0.0,1.2183674010074286,0.23989994322412805,18.414085460677633,,gp
12.0,8,11.47,4,0.95,mondrian,elevated_risk,30,1.0,0.8842966917779722,1.0,0.050000000000000044,0.0,1.3725456636413298,0.45376132558085763,31.77614217235416,,gp
12.0,8,11.47,5,0.8,marginal,ALL,66,0.30303030303030304,0.19589964660647427,0.42851651457736495,-0.496969696969697,0.696969696969697,0.9148109214603656,0.14040876073526434,116.51852576676046,,gp
12.0,8,11.47,5,0.8,marginal,baseline,33,0.3333333333333333,0.1796051349325602,0.5182674724875822,-0.46666666666666673,0.6666666666666666,0.9745316503915713,0.12498260852810499,55.61135658151928,,gp
12.0,8,11.47,5,0.8,marginal,elevated_risk,33,0.2727272727272727,0.13299638871081487,0.4552384277607818,-0.5272727272727273,0.7272727272727273,0.8601503287852778,0.15926294676623692,177.42569495200166,,gp
12.0,8,11.47,5,0.8,adaptive,ALL,66,0.25757575757575757,0.15776637925731232,0.3800612406734702,-0.5424242424242425,0.7424242424242424,0.9135439869284143,0.1630902063157004,117.25292027606855,,gp
12.0,8,11.47,5,0.8,adaptive,baseline,33,0.24242424242424243,0.11092329955883952,0.4225893177117019,-0.5575757575757576,0.7575757575757576,0.9710008159707707,0.16692246408047054,57.754916607491985,,gp
12.0,8,11.47,5,0.8,adaptive,elevated_risk,33,0.2727272727272727,0.13299638871081487,0.4552384277607818,-0.5272727272727273,0.7272727272727273,0.8609554739465288,0.1596837549692381,176.75092394464508,,gp
12.0,8,11.47,5,0.8,mondrian,ALL,66,0.25757575757575757,0.15776637925731232,0.3800612406734702,-0.5424242424242425,0.7424242424242424,0.898734826318813,0.14840664092310968,129.3011170603152,,gp
12.0,8,11.47,5,0.8,mondrian,baseline,33,0.3333333333333333,0.1796051349325602,0.5182674724875822,-0.46666666666666673,0.6666666666666666,0.983048263801957,0.1344117247471637,50.5320638841886,,gp
12.0,8,11.47,5,0.8,mondrian,elevated_risk,33,0.18181818181818182,0.06978788366631002,0.35460055945026886,-0.6181818181818182,0.8181818181818182,0.8215652648318557,0.17406398724567737,208.07017023644175,,gp
12.0,8,11.47,5,0.9,marginal,ALL,66,0.3787878787878788,0.2621845769953123,0.5066428227976624,-0.5212121212121212,0.6212121212121212,0.9442273080339262,0.14561924754700914,98.51986124078064,,gp
12.0,8,11.47,5,0.9,marginal,baseline,33,0.48484848484848486,0.3079634436047322,0.6645555216114442,-0.41515151515151516,0.5151515151515151,1.0053096296312567,0.11543588993933251,39.90216141325105,,gp
12.0,8,11.47,5,0.9,marginal,elevated_risk,33,0.2727272727272727,0.13299638871081487,0.4552384277607818,-0.6272727272727273,0.7272727272727273,0.8883204904140934,0.19927854996065644,157.13756106831025,,gp
12.0,8,11.47,5,0.9,adaptive,ALL,66,0.3484848484848485,0.23529196941032168,0.4757602316728999,-0.5515151515151515,0.6515151515151515,0.9454131483914134,0.15401263573654364,95.62300573117396,,gp
12.0,8,11.47,5,0.9,adaptive,baseline,33,0.3939393939393939,0.22906623836420079,0.5786062786117496,-0.5060606060606061,0.6060606060606061,0.9933596141333243,0.12379627085266906,43.84073459060389,,gp
12.0,8,11.47,5,0.9,adaptive,elevated_risk,33,0.30303030303030304,0.15591660239698588,0.48711069753839326,-0.5969696969696969,0.696969696969697,0.9015291858036898,0.19329391008558056,147.40527687174406,,gp
12.0,8,11.47,5,0.9,mondrian,ALL,66,0.3787878787878788,0.2621845769953123,0.5066428227976624,-0.5212121212121212,0.6212121212121212,0.939594160713876,0.1419912163739282,102.10241417104432,,gp
12.0,8,11.47,5,0.9,mondrian,baseline,33,0.48484848484848486,0.3079634436047322,0.6645555216114442,-0.41515151515151516,0.5151515151515151,1.0088333514704637,0.11943445160874029,38.353657315868254,,gp
12.0,8,11.47,5,0.9,mondrian,elevated_risk,33,0.2727272727272727,0.13299638871081487,0.4552384277607818,-0.6272727272727273,0.7272727272727273,0.8762216053075581,0.18209213151203996,165.8511710262204,,gp
12.0,8,11.47,5,0.95,marginal,ALL,66,0.48484848484848486,0.35991075574997666,0.6111897347222224,-0.4651515151515151,0.5151515151515151,0.969642646380315,0.1412410169782768,85.33278038918236,,gp
12.0,8,11.47,5,0.95,marginal,baseline,33,0.6363636363636364,0.4512453552173484,0.79599692554488,-0.3136363636363636,0.36363636363636365,1.031901364616743,0.11380556552306735,30.154127160581798,,gp
12.0,8,11.47,5,0.95,marginal,elevated_risk,33,0.3333333333333333,0.1796051349325602,0.5182674724875822,-0.6166666666666667,0.6666666666666666,0.9126591081868252,0.1936177879382221,140.51143361778293,,gp
12.0,8,11.47,5,0.95,adaptive,ALL,66,0.5909090909090909,0.4629365635585883,0.7104508976039902,-0.359090909090909,0.4090909090909091,1.0008448772112584,0.14016070779095732,67.32903805887717,,gp
12.0,8,11.47,5,0.95,adaptive,baseline,33,0.6666666666666666,0.48173252751241785,0.8203948650674397,-0.2833333333333333,0.3333333333333333,1.032249461860359,0.10955530471788673,28.822746440879786,,gp
12.0,8,11.47,5,0.95,adaptive,elevated_risk,33,0.5151515151515151,0.33544447838855584,0.6920365563952677,-0.4348484848484848,0.48484848484848486,0.9721012024377607,0.17976770000316628,105.83532967687455,,gp
12.0,8,11.47,5,0.95,mondrian,ALL,66,0.5606060606060606,0.43296119670295974,0.6826341362307495,-0.3893939393939394,0.4393939393939394,1.0018283370949679,0.15104316345952454,68.00861920961529,,gp
12.0,8,11.47,5,0.95,mondrian,baseline,33,0.6363636363636364,0.4512453552173484,0.79599692554488,-0.3136363636363636,0.36363636363636365,1.031901364616743,0.11380556552306735,30.154127160581798,,gp
12.0,8,11.47,5,0.95,mondrian,elevated_risk,33,0.48484848484848486,0.3079634436047322,0.6645555216114442,-0.4651515151515151,0.5151515151515151,0.9743033966380623,0.19991751075112468,105.86311125864879,,gp
12.0,8,11.47,6,0.8,marginal,ALL,66,0.45454545454545453,0.3314393816209254,0.5818631668533875,-0.3454545454545455,0.5454545454545454,1.0039878231769628,0.1657959743182982,59.39449302910572,,gp
12.0,8,11.47,6,0.8,marginal,baseline,17,0.5294117647058824,0.27811830033110657,0.7701673127340096,-0.2705882352941177,0.47058823529411764,1.0130204701316399,0.1592038221800256,59.77735260754482,,gp
12.0,8,11.47,6,0.8,marginal,elevated_risk,49,0.42857142857142855,0.28819522424780947,0.5778959479640873,-0.3714285714285715,0.5714285714285714,1.0008890741073264,0.16862118237755794,59.261664195769704,,gp
12.0,8,11.47,6,0.8,adaptive,ALL,66,0.6515151515151515,0.5242397683271001,0.7647080305896783,-0.14848484848484855,0.3484848484848485,1.0342546738614358,0.13838616845024332,43.98485910771546,,gp
12.0,8,11.47,6,0.8,adaptive,baseline,17,0.7647058823529411,0.5010067267954201,0.9318922595626433,-0.03529411764705892,0.23529411764705882,1.0473395148089293,0.13103513567995453,43.95027527155267,,gp
12.0,8,11.47,6,0.8,adaptive,elevated_risk,49,0.6122448979591837,0.4623854909202295,0.7480255172092238,-0.18775510204081636,0.3877551020408163,1.0297657749909452,0.14157161598403512,43.99685758148622,,gp
12.0,8,11.47,6,0.8,mondrian,ALL,66,0.5606060606060606,0.43296119670295974,0.6826341362307495,-0.2393939393939395,0.4393939393939394,1.0354503843671656,0.17014374810291094,47.03468141207294,,gp
12.0,8,11.47,6,0.8,mondrian,baseline,17,0.4117647058823529,0.1844369617839467,0.6707528460532426,-0.3882352941176471,0.5882352941176471,0.9919217449067761,0.17546148175600024,69.54470211419802,,gp
12.0,8,11.47,6,0.8,mondrian,elevated_risk,49,0.6122448979591837,0.4623854909202295,0.7480255172092238,-0.18775510204081636,0.3877551020408163,1.0503833637814222,0.1689029435838568,39.225082392968325,,gp
12.0,8,11.47,6,0.9,marginal,ALL,66,0.6363636363636364,0.5087394315103151,0.7513222169426667,-0.26363636363636367,0.36363636363636365,1.061644830912027,0.17696662851283126,37.50411270801847,,gp
12.0,8,11.47,6,0.9,marginal,baseline,17,0.6470588235294118,0.3832836634434029,0.857902516889779,-0.2529411764705882,0.35294117647058826,1.0711613308162584,0.1901667607505459,39.92096011614431,,gp
12.0,8,11.47,6,0.9,marginal,elevated_risk,49,0.6326530612244898,0.4828776911693928,0.7657758444633889,-0.2673469387755102,0.3673469387755102,1.0583800907564112,0.17228271062202932,36.66561462764829,,gp
12.0,8,11.47,6,0.9,adaptive,ALL,66,0.8333333333333334,0.7213265468376222,0.9137520659512851,-0.06666666666666665,0.16666666666666666,1.1321355914414384,0.20865585507322135,35.53340727115184,,gp
12.0,8,11.47,6,0.9,adaptive,baseline,17,0.8235294117647058,0.565682127155716,0.962014931929374,-0.07647058823529418,0.17647058823529413,1.1497751464753954,0.22884948715858897,37.94304022688203,,gp
12.0,8,11.47,6,0.9,adaptive,elevated_risk,49,0.8367346938775511,0.703428642000297,0.9267772400920117,-0.06326530612244896,0.16326530612244897,1.1260841477146384,0.2017604685074861,34.69741216406176,,gp
12.0,8,11.47,6,0.9,mondrian,ALL,66,0.8636363636363636,0.7568586684861609,0.9357018153567446,-0.036363636363636376,0.13636363636363635,1.1689484662224419,0.24137180043437856,29.43847442479197,,gp
12.0,8,11.47,6,0.9,mondrian,baseline,17,0.5294117647058824,0.27811830033110657,0.7701673127340096,-0.37058823529411766,0.47058823529411764,1.0327146102073799,0.18177913564682416,51.58336810860984,,gp
12.0,8,11.47,6,0.9,mondrian,elevated_risk,49,0.9795918367346939,0.8914582360315931,0.9994834435024067,0.07959183673469383,0.02040816326530612,1.2156849917058297,0.25254542508204497,21.75555212632454,,gp
12.0,8,11.47,6,0.95,marginal,ALL,66,0.8939393939393939,0.793606517867613,0.9562815509014071,-0.05606060606060603,0.10606060606060606,1.1825264833281393,0.24021576802247568,21.29416483280362,,gp
12.0,8,11.47,6,0.95,marginal,baseline,17,0.8823529411764706,0.6355908378987498,0.9854206831596976,-0.0676470588235294,0.11764705882352941,1.1930574122908015,0.2538307762896649,22.206217095785842,,gp
12.0,8,11.47,6,0.95,marginal,elevated_risk,49,0.8979591836734694,0.7777233037173732,0.9660282950160443,-0.05204081632653057,0.10204081632653061,1.178913732105912,0.2355742879313884,20.977738537483255,,gp
12.0,8,11.47,6,0.95,adaptive,ALL,66,0.8484848484848485,0.7389589287110891,0.9248753700606944,-0.10151515151515145,0.15151515151515152,1.2291217387819395,0.3096887530772014,34.714002930051656,,gp
12.0,8,11.47,6,0.95,adaptive,baseline,17,0.8235294117647058,0.565682127155716,0.962014931929374,-0.1264705882352941,0.17647058823529413,1.2512743713636478,0.3377042098692408,34.60289920933333,,gp
12.0,8,11.47,6,0.95,adaptive,elevated_risk,49,0.8571428571428571,0.7275784873044027,0.940578494309687,-0.09285714285714286,0.14285714285714285,1.2215220340722337,0.30035026747985494,34.752549118872295,,gp
12.0,8,11.47,6,0.95,mondrian,ALL,66,0.9090909090909091,0.8125573488135269,0.9659028672287315,-0.040909090909090895,0.09090909090909091,1.2471796108265822,0.31544932383009905,33.62079303962331,,gp
12.0,8,11.47,6,0.95,mondrian,baseline,17,0.6470588235294118,0.3832836634434029,0.857902516889779,-0.30294117647058816,0.35294117647058826,1.0678155330059163,0.1864921783670959,40.88167725715994,,gp
12.0,8,11.47,6,0.95,mondrian,elevated_risk,49,1.0,0.9274807363357226,1.0,0.050000000000000044,0.0,1.3087124341575398,0.3443988870973039,31.10171076006977,,gp
12.0,8,11.47,7,0.8,marginal,ALL,67,0.835820895522388,0.7251991839582463,0.9150874538715111,0.035820895522387985,0.16417910447761194,1.1129553465664,0.17706898524149636,21.022812241631737,,gp
12.0,8,11.47,7,0.8,marginal,baseline,51,0.803921568627451,0.6688426487470712,0.9017565834884013,0.0039215686274509665,0.19607843137254902,1.1048637927689615,0.16998013727992559,22.37125732093673,,gp
12.0,8,11.47,7,0.8,marginal,elevated_risk,16,0.9375,0.6976792615654681,0.9984188882772341,0.13749999999999996,0.0625,1.1394775235122074,0.19644516966978978,16.724643551347043,,gp
12.0,8,11.47,7,0.8,adaptive,ALL,67,0.7910447761194029,0.6743366512085205,0.8807881685953768,-0.008955223880597107,0.208955223880597,1.1113275979880628,0.1842274685363857,23.580432103650462,,gp
12.0,8,11.47,7,0.8,adaptive,baseline,51,0.7843137254901961,0.6467859364904809,0.8871094002502565,-0.015686274509803977,0.21568627450980393,1.1023101208933446,0.17003866389476513,26.547076421336005,,gp
12.0,8,11.47,7,0.8,adaptive,elevated_risk,16,0.8125,0.5435434537683883,0.9595262660940541,0.012499999999999956,0.1875,1.140884729918222,0.2278853289721414,14.12425334102781,,gp
12.0,8,11.47,7,0.8,mondrian,ALL,67,0.7910447761194029,0.6743366512085205,0.8807881685953768,-0.008955223880597107,0.208955223880597,1.0932695026585806,0.16874438792701016,25.192433262447082,,gp
12.0,8,11.47,7,0.8,mondrian,baseline,51,0.7450980392156863,0.6036657830559254,0.8567374162402719,-0.05490196078431375,0.2549019607843137,1.0637200766017654,0.13599361196445928,27.39335161204234,,gp
12.0,8,11.47,7,0.8,mondrian,elevated_risk,16,0.9375,0.6976792615654681,0.9984188882772341,0.13749999999999996,0.0625,1.190125449754176,0.2517130203654724,18.17700602311218,,gp
12.0,8,11.47,7,0.9,marginal,ALL,67,0.9552238805970149,0.8746729640060584,0.9906691565872431,0.055223880597014885,0.04477611940298507,1.197976976053351,0.240170252400334,19.76447079808871,,gp
12.0,8,11.47,7,0.9,marginal,baseline,51,0.9411764705882353,0.8375777819279495,0.9877009117447599,0.04117647058823526,0.058823529411764705,1.1893263138732202,0.2288222986110884,19.449425282823988,,gp
12.0,8,11.47,7,0.9,marginal,elevated_risk,16,1.0,0.7940927857921773,1.0,0.09999999999999998,0.0,1.2263317764765354,0.2742141137680707,20.768678377995002,,gp
12.0,8,11.47,7,0.9,adaptive,ALL,67,0.8955223880597015,0.7965107954641497,0.9569506215810317,-0.004477611940298498,0.1044776119402985,1.181093144377627,0.2346261957278283,21.65870975322703,,gp
12.0,8,11.47,7,0.9,adaptive,baseline,51,0.8627450980392157,0.737448456695454,0.9429881865366312,-0.03725490196078429,0.13725490196078433,1.1710710872658434,0.2241473101979313,22.294583311485248,,gp
12.0,8,11.47,7,0.9,adaptive,elevated_risk,16,1.0,0.7940927857921773,1.0,0.09999999999999998,0.0,1.2139430491961354,0.2634431309350452,19.63186278627895,,gp
12.0,8,11.47,7,0.9,mondrian,ALL,67,0.8955223880597015,0.7965107954641497,0.9569506215810317,-0.004477611940298498,0.1044776119402985,1.1650805054169386,0.22302079538921038,20.991038891973382,,gp
12.0,8,11.47,7,0.9,mondrian,baseline,51,0.8627450980392157,0.737448456695454,0.9429881865366312,-0.03725490196078429,0.13725490196078433,1.132029613527864,0.1860605673487595,19.70540758963695,,gp
12.0,8,11.47,7,0.9,mondrian,elevated_risk,16,1.0,0.7940927857921773,1.0,0.09999999999999998,0.0,1.2734134195695004,0.32466142250045016,25.088988668170785,,gp
12.0,8,11.47,7,0.95,marginal,ALL,67,0.9850746268656716,0.9196235493769823,0.9996221936556889,0.03507462686567164,0.014925373134328358,1.2488210779393574,0.28609307461172695,23.352059592566608,,gp
12.0,8,11.47,7,0.95,marginal,baseline,51,0.9803921568627451,0.8955251036044829,0.9995036955922623,0.0303921568627451,0.0196078431372549,1.2398360612691228,0.27208537975012315,22.66727672648858,,gp
12.0,8,11.47,7,0.95,marginal,elevated_risk,16,1.0,0.7940927857921773,1.0,0.050000000000000044,0.0,1.278271812366215,0.32986712105423854,25.53480497819031,,gp
12.0,8,11.47,7,0.95,adaptive,ALL,67,0.9701492537313433,0.8962924923524453,0.9963642692730956,0.020149253731343353,0.029850746268656716,1.3063286542803658,0.34568082471970285,29.596761359004883,,gp
12.0,8,11.47,7,0.95,adaptive,baseline,51,0.9607843137254902,0.8654135088703359,0.9952150073052927,0.010784313725490269,0.0392156862745098,1.2945032845424227,0.3261091539631272,28.947549026963934,,gp
12.0,8,11.47,7,0.95,adaptive,elevated_risk,16,1.0,0.7940927857921773,1.0,0.050000000000000044,0.0,1.3450893863339057,0.4056190664117161,31.666125667385405,,gp
12.0,8,11.47,7,0.95,mondrian,ALL,67,0.9402985074626866,0.8541367681268601,0.9834955956796952,-0.009701492537313339,0.05970149253731343,1.2209758224758935,0.2722671258361016,22.75907884614287,,gp
12.0,8,11.47,7,0.95,mondrian,baseline,51,0.9215686274509803,0.8111939930574618,0.978216437943731,-0.028431372549019618,0.0784313725490196,1.173735594222186,0.21707756742291037,19.080092958331416,,gp
12.0,8,11.47,7,0.95,mondrian,elevated_risk,16,1.0,0.7940927857921773,1.0,0.050000000000000044,0.0,1.3758179855597925,0.43438645367485074,34.48584636354188,,gp
24.0,17,24.37,0,0.8,marginal,ALL,65,0.8307692307692308,0.7173438415040521,0.9123739451185258,0.03076923076923077,0.16923076923076924,1.1407765644178816,0.23165443854210166,33.99432329020042,,gp
24.0,17,24.37,0,0.8,marginal,baseline,65,0.8307692307692308,0.7173438415040521,0.9123739451185258,0.03076923076923077,0.16923076923076924,1.1407765644178816,0.23165443854210166,33.99432329020042,,gp
24.0,17,24.37,0,0.8,adaptive,ALL,65,0.7846153846153846,0.6651126854524477,0.87694692475782,-0.015384615384615441,0.2153846153846154,1.1721972168778327,0.2944477565635725,37.38258004406091,,gp
24.0,17,24.37,0,0.8,adaptive,baseline,65,0.7846153846153846,0.6651126854524477,0.87694692475782,-0.015384615384615441,0.2153846153846154,1.1721972168778327,0.2944477565635725,37.38258004406091,,gp
24.0,17,24.37,0,0.8,mondrian,ALL,65,0.8307692307692308,0.7173438415040521,0.9123739451185258,0.03076923076923077,0.16923076923076924,1.1407765644178816,0.23165443854210166,33.99432329020042,,gp
24.0,17,24.37,0,0.8,mondrian,baseline,65,0.8307692307692308,0.7173438415040521,0.9123739451185258,0.03076923076923077,0.16923076923076924,1.1407765644178816,0.23165443854210166,33.99432329020042,,gp
24.0,17,24.37,0,0.9,marginal,ALL,65,0.8615384615384616,0.7533617146788831,0.9346803759921305,-0.038461538461538436,0.13846153846153847,1.217627117681876,0.3040497404366761,29.07325802916827,,gp
24.0,17,24.37,0,0.9,marginal,baseline,65,0.8615384615384616,0.7533617146788831,0.9346803759921305,-0.038461538461538436,0.13846153846153847,1.217627117681876,0.3040497404366761,29.07325802916827,,gp
24.0,17,24.37,0,0.9,adaptive,ALL,65,0.8307692307692308,0.7173438415040521,0.9123739451185258,-0.0692307692307692,0.16923076923076924,1.258186335070432,0.3772958554606682,33.48467353505723,,gp
24.0,17,24.37,0,0.9,adaptive,baseline,65,0.8307692307692308,0.7173438415040521,0.9123739451185258,-0.0692307692307692,0.16923076923076924,1.258186335070432,0.3772958554606682,33.48467353505723,,gp
24.0,17,24.37,0,0.9,mondrian,ALL,65,0.8615384615384616,0.7533617146788831,0.9346803759921305,-0.038461538461538436,0.13846153846153847,1.217627117681876,0.3040497404366761,29.07325802916827,,gp
24.0,17,24.37,0,0.9,mondrian,baseline,65,0.8615384615384616,0.7533617146788831,0.9346803759921305,-0.038461538461538436,0.13846153846153847,1.217627117681876,0.3040497404366761,29.07325802916827,,gp
24.0,17,24.37,0,0.95,marginal,ALL,65,0.9538461538461539,0.8709887201017411,0.9903789211596614,0.0038461538461539435,0.046153846153846156,1.2906302404874628,0.3469550454595105,28.001340389935994,,gp
24.0,17,24.37,0,0.95,marginal,baseline,65,0.9538461538461539,0.8709887201017411,0.9903789211596614,0.0038461538461539435,0.046153846153846156,1.2906302404874628,0.3469550454595105,28.001340389935994,,gp
24.0,17,24.37,0,0.95,adaptive,ALL,65,0.9538461538461539,0.8709887201017411,0.9903789211596614,0.0038461538461539435,0.046153846153846156,1.3757632858709792,0.4535895701373525,36.01694755033327,,gp
24.0,17,24.37,0,0.95,adaptive,baseline,65,0.9538461538461539,0.8709887201017411,0.9903789211596614,0.0038461538461539435,0.046153846153846156,1.3757632858709792,0.4535895701373525,36.01694755033327,,gp
24.0,17,24.37,0,0.95,mondrian,ALL,65,0.9538461538461539,0.8709887201017411,0.9903789211596614,0.0038461538461539435,0.046153846153846156,1.2906302404874628,0.3469550454595105,28.001340389935994,,gp
24.0,17,24.37,0,0.95,mondrian,baseline,65,0.9538461538461539,0.8709887201017411,0.9903789211596614,0.0038461538461539435,0.046153846153846156,1.2906302404874628,0.3469550454595105,28.001340389935994,,gp
24.0,17,24.37,1,0.8,marginal,ALL,65,0.8153846153846154,0.6997163826053059,0.90080033981516,0.01538461538461533,0.18461538461538463,1.1400318016364765,0.23101098544596255,25.71561798086418,,gp
24.0,17,24.37,1,0.8,marginal,baseline,48,0.8958333333333334,0.7734223387162362,0.965301877878804,0.09583333333333333,0.10416666666666667,1.1695321935884226,0.23889724831153974,21.09126690205892,,gp
24.0,17,24.37,1,0.8,marginal,elevated_risk,17,0.5882352941176471,0.3292471539467574,0.8155630382160532,-0.21176470588235297,0.4117647058823529,1.0605689383553214,0.19710005512398068,38.77260926219669,,gp
24.0,17,24.37,1,0.8,adaptive,ALL,65,0.8307692307692308,0.7173438415040521,0.9123739451185258,0.03076923076923077,0.16923076923076924,1.1692194914199037,0.27274473042195396,27.920972787193993,,gp
24.0,17,24.37,1,0.8,adaptive,baseline,48,0.875,0.7475394913580471,0.9527162395788205,0.07499999999999996,0.125,1.189769276307963,0.27899043883843877,23.393300167130292,,gp
24.0,17,24.37,1,0.8,adaptive,elevated_risk,17,0.7058823529411765,0.4404172812456629,0.8968644856296799,-0.09411764705882353,0.29411764705882354,1.113866167651292,0.25088475096425716,40.7049895967856,,gp
24.0,17,24.37,1,0.8,mondrian,ALL,65,0.8153846153846154,0.6997163826053059,0.90080033981516,0.01538461538461533,0.18461538461538463,1.1400318016364765,0.23101098544596255,25.71561798086418,,gp
24.0,17,24.37,1,0.8,mondrian,baseline,48,0.8958333333333334,0.7734223387162362,0.965301877878804,0.09583333333333333,0.10416666666666667,1.1695321935884226,0.23889724831153974,21.09126690205892,,gp
24.0,17,24.37,1,0.8,mondrian,elevated_risk,17,0.5882352941176471,0.3292471539467574,0.8155630382160532,-0.21176470588235297,0.4117647058823529,1.0605689383553214,0.19710005512398068,38.77260926219669,,gp
24.0,17,24.37,1,0.9,marginal,ALL,65,0.9076923076923077,0.809834160783301,0.9653663477859001,0.007692307692307665,0.09230769230769231,1.2098172143439745,0.2803963849710497,24.050342366059496,,gp
24.0,17,24.37,1,0.9,marginal,baseline,48,0.9583333333333334,0.8574590267986226,0.994913532069967,0.05833333333333335,0.041666666666666664,1.2401978489796928,0.29697518512550086,23.676198759991454,,gp
24.0,17,24.37,1,0.9,marginal,elevated_risk,17,0.7647058823529411,0.5010067267954201,0.9318922595626433,-0.1352941176470589,0.23529411764705882,1.127983311242441,0.22173293827068427,25.10674784201633,,gp
24.0,17,24.37,1,0.9,adaptive,ALL,65,0.8923076923076924,0.7906184007420958,0.9555913430791529,-0.007692307692307665,0.1076923076923077,1.245143502120911,0.3414639123452674,28.30292731507994,,gp
24.0,17,24.37,1,0.9,adaptive,baseline,48,0.9375,0.8280400692094296,0.9869207555904473,0.03749999999999998,0.0625,1.2622562715625834,0.3418648148372317,25.724898504392044,,gp
24.0,17,24.37,1,0.9,adaptive,elevated_risk,17,0.7647058823529411,0.5010067267954201,0.9318922595626433,-0.1352941176470589,0.23529411764705882,1.1990481939392221,0.3400761729500062,35.58206748643399,,gp
24.0,17,24.37,1,0.9,mondrian,ALL,65,0.9076923076923077,0.809834160783301,0.9653663477859001,0.007692307692307665,0.09230769230769231,1.2098172143439745,0.2803963849710497,24.050342366059496,,gp
24.0,17,24.37,1,0.9,mondrian,baseline,48,0.9583333333333334,0.8574590267986226,0.994913532069967,0.05833333333333335,0.041666666666666664,1.2401978489796928,0.29697518512550086,23.676198759991454,,gp
24.0,17,24.37,1,0.9,mondrian,elevated_risk,17,0.7647058823529411,0.5010067267954201,0.9318922595626433,-0.1352941176470589,0.23529411764705882,1.127983311242441,0.22173293827068427,25.10674784201633,,gp
24.0,17,24.37,1,0.95,marginal,ALL,65,0.9538461538461539,0.8709887201017411,0.9903789211596614,0.0038461538461539435,0.046153846153846156,1.2676508623140994,0.32603940880800353,24.68665190822897,,gp
24.0,17,24.37,1,0.95,marginal,baseline,48,0.9791666666666666,0.8893038394068478,0.9994726847465769,0.029166666666666674,0.020833333333333332,1.2987609852988362,0.3514899802622706,27.10048994220378,,gp
24.0,17,24.37,1,0.95,marginal,elevated_risk,17,0.8823529411764706,0.6355908378987498,0.9854206831596976,-0.0676470588235294,0.11764705882352941,1.1838519943728558,0.2462942849179668,17.8711092240648,,gp
24.0,17,24.37,1,0.95,adaptive,ALL,65,0.9384615384615385,0.849866599329491,0.9829800288169797,-0.011538461538461497,0.06153846153846154,1.3407032335875393,0.4334378538249887,33.24066060503166,,gp
24.0,17,24.37,1,0.95,adaptive,baseline,48,0.9791666666666666,0.8893038394068478,0.9994726847465769,0.029166666666666674,0.020833333333333332,1.3534900951896378,0.4297077986477835,33.49926805390481,,gp
24.0,17,24.37,1,0.95,adaptive,elevated_risk,17,0.8235294117647058,0.565682127155716,0.962014931929374,-0.1264705882352941,0.17647058823529413,1.3062602798485603,0.44596018191989156,32.51047486703687,,gp
24.0,17,24.37,1,0.95,mondrian,ALL,65,0.9538461538461539,0.8709887201017411,0.9903789211596614,0.0038461538461539435,0.046153846153846156,1.2676508623140994,0.32603940880800353,24.68665190822897,,gp
24.0,17,24.37,1,0.95,mondrian,baseline,48,0.9791666666666666,0.8893038394068478,0.9994726847465769,0.029166666666666674,0.020833333333333332,1.2987609852988362,0.3514899802622706,27.10048994220378,,gp
24.0,17,24.37,1,0.95,mondrian,elevated_risk,17,0.8823529411764706,0.6355908378987498,0.9854206831596976,-0.0676470588235294,0.11764705882352941,1.1838519943728558,0.2462942849179668,17.8711092240648,,gp
24.0,17,24.37,2,0.8,marginal,ALL,65,0.8461538461538461,0.7352164914005872,0.9236784215999996,0.0461538461538461,0.15384615384615385,1.133707491182304,0.20845351832744427,22.763867631312504,,gp
24.0,17,24.37,2,0.8,marginal,baseline,64,0.84375,0.731365755733743,0.9224426681998767,0.043749999999999956,0.15625,1.133511763518186,0.20960132784853536,22.922140964050907,,gp
24.0,17,24.37,2,0.8,adaptive,ALL,65,0.8461538461538461,0.7352164914005872,0.9236784215999996,0.0461538461538461,0.15384615384615385,1.1867440963140015,0.2792959183163583,22.704143445589274,,gp
24.0,17,24.37,2,0.8,adaptive,baseline,64,0.84375,0.731365755733743,0.9224426681998767,0.043749999999999956,0.15625,1.1871369664638354,0.28148430192976254,22.841736692291448,,gp
24.0,17,24.37,2,0.8,mondrian,ALL,65,0.8461538461538461,0.7352164914005872,0.9236784215999996,0.0461538461538461,0.15384615384615385,1.1274399719905777,0.20173364330573204,23.159702487090744,,gp
24.0,17,24.37,2,0.8,mondrian,baseline,64,0.84375,0.731365755733743,0.9224426681998767,0.043749999999999956,0.15625,1.1271481383401354,0.20275701069679142,23.324160739450683,,gp
24.0,17,24.37,2,0.9,marginal,ALL,65,0.9076923076923077,0.809834160783301,0.9653663477859001,0.007692307692307665,0.09230769230769231,1.2121148290993595,0.2753475203612588,20.592414989179083,,gp
24.0,17,24.37,2,0.9,marginal,baseline,64,0.90625,0.8070308955516561,0.9648126671291817,0.006249999999999978,0.09375,1.2118966340393982,0.2761924026833581,20.609108580051267,,gp
24.0,17,24.37,2,0.9,adaptive,ALL,65,0.9538461538461539,0.8709887201017411,0.9903789211596614,0.05384615384615388,0.046153846153846156,1.2501803310384942,0.31656371450658305,23.18670501176963,,gp
24.0,17,24.37,2,0.9,adaptive,baseline,64,0.953125,0.8690642627585942,0.9902269250455434,0.05312499999999998,0.046875,1.2508191742519081,0.3183349493626875,23.26795989335625,,gp
24.0,17,24.37,2,0.9,mondrian,ALL,65,0.8923076923076924,0.7906184007420958,0.9555913430791529,-0.007692307692307665,0.1076923076923077,1.1979347018931354,0.26498482559294484,20.778541598478967,,gp
24.0,17,24.37,2,0.9,mondrian,baseline,64,0.890625,0.7875427740445976,0.9548789798128852,-0.009375000000000022,0.109375,1.1974990691086667,0.26566272874932106,20.79814341762146,,gp
24.0,17,24.37,2,0.95,marginal,ALL,65,0.9846153846153847,0.9172369122555336,0.9996105711089028,0.034615384615384714,0.015384615384615385,1.2565899405425656,0.29915935116550957,22.737638324099155,,gp
24.0,17,24.37,2,0.95,marginal,baseline,64,0.984375,0.9159896735656463,0.9996044874859493,0.034375000000000044,0.015625,1.2563590012680887,0.2995959985374184,22.726788108657836,,gp
24.0,17,24.37,2,0.95,adaptive,ALL,65,0.9846153846153847,0.9172369122555336,0.9996105711089028,0.034615384615384714,0.015384615384615385,1.3287490551017709,0.3938601964020524,29.010092006101775,,gp
24.0,17,24.37,2,0.95,adaptive,baseline,64,0.984375,0.9159896735656463,0.9996044874859493,0.034375000000000044,0.015625,1.3296925473827617,0.3958703657563327,29.10322095607092,,gp
24.0,17,24.37,2,0.95,mondrian,ALL,65,0.9692307692307692,0.893229679425601,0.9962517377804871,0.019230769230769273,0.03076923076923077,1.237163380123125,0.2834334459715184,21.41126143859946,,gp
24.0,17,24.37,2,0.95,mondrian,baseline,64,0.96875,0.8916294777754828,0.9961928186181276,0.018750000000000044,0.03125,1.2366345544452915,0.2836234924108131,21.379686584322204,,gp
24.0,17,24.37,3,0.8,marginal,ALL,65,0.8,0.6823120281183095,0.8889841651132548,0.0,0.2,1.1175044739907078,0.1931881659263464,24.38294107348948,,gp
24.0,17,24.37,3,0.8,marginal,baseline,32,0.9375,0.7919305701049926,0.9923392636535436,0.13749999999999996,0.0625,1.1605490670564922,0.19409986118059144,15.153852166854247,,gp
24.0,17,24.37,3,0.8,marginal,elevated_risk,33,0.6666666666666666,0.48173252751241785,0.8203948650674397,-0.13333333333333341,0.3333333333333333,1.078328310999074,0.19194494512510313,33.33236061931758,,gp
24.0,17,24.37,3,0.8,adaptive,ALL,65,0.8615384615384616,0.7533617146788831,0.9346803759921305,0.06153846153846154,0.13846153846153847,1.17721258931394,0.24449705460639382,20.411193019442244,,gp
24.0,17,24.37,3,0.8,adaptive,baseline,32,0.96875,0.8378290058184885,0.9992091314020475,0.16874999999999996,0.03125,1.2209534191128293,0.25297411126916136,19.931066980221267,,gp
24.0,17,24.37,3,0.8,adaptive,elevated_risk,33,0.7575757575757576,0.5774106822882981,0.8890767004411605,-0.042424242424242475,0.24242424242424243,1.1374027605865145,0.23398550434456208,20.876769784747424,,gp
24.0,17,24.37,3,0.8,mondrian,ALL,65,0.8,0.6823120281183095,0.8889841651132548,0.0,0.2,1.11382040469446,0.18857428417626584,24.283994559730463,,gp
24.0,17,24.37,3,0.8,mondrian,baseline,32,0.9375,0.7919305701049926,0.9923392636535436,0.13749999999999996,0.0625,1.152817146935318,0.1861024661471185,14.952867060781248,,gp
24.0,17,24.37,3,0.8,mondrian,elevated_risk,33,0.6666666666666666,0.48173252751241785,0.8203948650674397,-0.13333333333333341,0.3333333333333333,1.078328310999074,0.19194494512510313,33.33236061931758,,gp
24.0,17,24.37,3,0.9,marginal,ALL,65,0.8923076923076924,0.7906184007420958,0.9555913430791529,-0.007692307692307665,0.1076923076923077,1.1879086398400907,0.2435528376348568,19.854562956961537,,gp
24.0,17,24.37,3,0.9,marginal,baseline,32,1.0,0.8911188393206472,1.0,0.09999999999999998,0.0,1.2332926263725756,0.2548647690530466,19.405619312236333,,gp
24.0,17,24.37,3,0.9,marginal,elevated_risk,33,0.7878787878787878,0.6109190803258864,0.9101957554572987,-0.11212121212121218,0.21212121212121213,1.146603325351707,0.22963046050477703,20.28990224881628,,gp
24.0,17,24.37,3,0.9,adaptive,ALL,65,0.9538461538461539,0.8709887201017411,0.9903789211596614,0.05384615384615388,0.046153846153846156,1.2504350261218546,0.29777418639279074,22.927469906434723,,gp
24.0,17,24.37,3,0.9,adaptive,baseline,32,0.96875,0.8378290058184885,0.9992091314020475,0.06874999999999998,0.03125,1.2959486779947442,0.3325016476180374,25.382177430304974,,gp
24.0,17,24.37,3,0.9,adaptive,elevated_risk,33,0.9393939393939394,0.797735687473645,0.9925741622577402,0.039393939393939426,0.06060606060606061,1.2090116993548476,0.263046725167544,20.547147459045384,,gp
24.0,17,24.37,3,0.9,mondrian,ALL,65,0.8923076923076924,0.7906184007420958,0.9555913430791529,-0.007692307692307665,0.1076923076923077,1.1772703837044476,0.230894279649773,18.940253677778838,,gp
24.0,17,24.37,3,0.9,mondrian,baseline,32,1.0,0.8911188393206472,1.0,0.09999999999999998,0.0,1.2109656449683006,0.23192113270508213,17.548428588896478,,gp
24.0,17,24.37,3,0.9,mondrian,elevated_risk,33,0.7878787878787878,0.6109190803258864,0.9101957554572987,-0.11212121212121218,0.21212121212121213,1.146603325351707,0.22963046050477703,20.28990224881628,,gp
24.0,17,24.37,3,0.95,marginal,ALL,65,0.9692307692307692,0.893229679425601,0.9962517377804871,0.019230769230769273,0.03076923076923077,1.2420032565471244,0.2788962324893713,21.67724162918119,,gp
24.0,17,24.37,3,0.95,marginal,baseline,32,1.0,0.8911188393206472,1.0,0.050000000000000044,0.0,1.289184701956955,0.3123005430039047,24.054803292998038,,gp
24.0,17,24.37,3,0.95,marginal,elevated_risk,33,0.9393939393939394,0.797735687473645,0.9925741622577402,-0.010606060606060508,0.06060606060606061,1.1990620213324827,0.2444143635711433,19.3717272885103,,gp
24.0,17,24.37,3,0.95,adaptive,ALL,65,1.0,0.9448283656811867,1.0,0.050000000000000044,0.0,1.3402013087218654,0.37703915104305347,29.238740766199168,,gp
24.0,17,24.37,3,0.95,adaptive,baseline,32,1.0,0.8911188393206472,1.0,0.050000000000000044,0.0,1.3878883333235512,0.41675027547347676,32.26511462952745,,gp
24.0,17,24.37,3,0.95,adaptive,elevated_risk,33,1.0,0.8942371899254207,1.0,0.050000000000000044,0.0,1.2967999308641038,0.3385313940196127,26.30407520175963,,gp
24.0,17,24.37,3,0.95,mondrian,ALL,65,0.9692307692307692,0.893229679425601,0.9962517377804871,0.019230769230769273,0.03076923076923077,1.232491546167606,0.26847642116895487,20.859753786248493,,gp
24.0,17,24.37,3,0.95,mondrian,baseline,32,1.0,0.8911188393206472,1.0,0.050000000000000044,0.0,1.2692220522464603,0.29178653946683486,22.394281112041007,,gp
24.0,17,24.37,3,0.95,mondrian,elevated_risk,33,0.9393939393939394,0.797735687473645,0.9925741622577402,-0.010606060606060508,0.06060606060606061,1.1990620213324827,0.2444143635711433,19.3717272885103,,gp
24.0,17,24.37,4,0.8,marginal,ALL,65,0.8461538461538461,0.7352164914005872,0.9236784215999996,0.0461538461538461,0.15384615384615385,1.1467534304679223,0.2458274701788699,30.962613573754208,,gp
24.0,17,24.37,4,0.8,marginal,baseline,35,1.0,0.8999675644278949,1.0,0.19999999999999996,0.0,1.1590903825079262,0.18127512979602234,13.363592130756697,,gp
24.0,17,24.37,4,0.8,marginal,elevated_risk,30,0.6666666666666666,0.47187995521011944,0.8271257784739607,-0.13333333333333341,0.3333333333333333,1.1325787820762034,0.3587940658488533,51.49480525725131,,gp
24.0,17,24.37,4,0.8,adaptive,ALL,65,0.8923076923076924,0.7906184007420958,0.9555913430791529,0.09230769230769231,0.1076923076923077,1.1616894043743573,0.24824239595884529,29.584933479072816,,gp
24.0,17,24.37,4,0.8,adaptive,baseline,35,1.0,0.8999675644278949,1.0,0.19999999999999996,0.0,1.1763956869805599,0.19993848811041573,14.817237706467813,,gp
24.0,17,24.37,4,0.8,adaptive,elevated_risk,30,0.7666666666666667,0.5771634770217806,0.9006621350419802,-0.033333333333333326,0.23333333333333334,1.1447924930127638,0.3217483426847164,46.813911880445325,,gp
24.0,17,24.37,4,0.8,mondrian,ALL,65,0.8615384615384616,0.7533617146788831,0.9346803759921305,0.06153846153846154,0.13846153846153847,1.1650875489863621,0.2564397633637968,24.233655623859075,,gp
24.0,17,24.37,4,0.8,mondrian,baseline,35,0.9428571428571428,0.8084285936547608,0.9930032363716905,0.1428571428571428,0.05714285714285714,1.1298879169205596,0.16096386618109765,11.31416602092746,,gp
24.0,17,24.37,4,0.8,mondrian,elevated_risk,30,0.7666666666666667,0.5771634770217806,0.9006621350419802,-0.033333333333333326,0.23333333333333334,1.2055304725247513,0.39342692019114783,39.30639349394595,,gp
24.0,17,24.37,4,0.9,marginal,ALL,65,0.8923076923076924,0.7906184007420958,0.9555913430791529,-0.007692307692307665,0.1076923076923077,1.2120769974094154,0.3022915616124365,28.81623349970764,,gp
24.0,17,24.37,4,0.9,marginal,baseline,35,1.0,0.8999675644278949,1.0,0.09999999999999998,0.0,1.2248786166722851,0.2486124520969391,18.889803800600447,,gp
24.0,17,24.37,4,0.9,marginal,elevated_risk,30,0.7666666666666667,0.5771634770217806,0.9006621350419802,-0.1333333333333333,0.23333333333333334,1.197368465568857,0.38397716304906304,40.39706814866602,,gp
24.0,17,24.37,4,0.9,adaptive,ALL,65,0.9230769230769231,0.8295437095110751,0.974551532980957,0.023076923076923106,0.07692307692307693,1.261102938169562,0.3478472604074251,32.37453506309068,,gp
24.0,17,24.37,4,0.9,adaptive,baseline,35,1.0,0.8999675644278949,1.0,0.09999999999999998,0.0,1.278785734745959,0.30569267738683353,23.418001718819845,,gp
24.0,17,24.37,4,0.9,adaptive,elevated_risk,30,0.8333333333333334,0.6527883011658562,0.9435783035319285,-0.06666666666666665,0.16666666666666666,1.2407861351828948,0.4068636766362533,42.82382396473999,,gp
24.0,17,24.37,4,0.9,mondrian,ALL,65,0.8923076923076924,0.7906184007420958,0.9555913430791529,-0.007692307692307665,0.1076923076923077,1.2018808782650343,0.28785283189655986,24.52850349627163,,gp
24.0,17,24.37,4,0.9,mondrian,baseline,35,1.0,0.8999675644278949,1.0,0.09999999999999998,0.0,1.1763044767544608,0.1988945571468363,14.809576047475444,,gp
24.0,17,24.37,4,0.9,mondrian,elevated_risk,30,0.7666666666666667,0.5771634770217806,0.9006621350419802,-0.1333333333333333,0.23333333333333334,1.2312671073240646,0.4232241195591829,35.86725218653384,,gp
24.0,17,24.37,4,0.95,marginal,ALL,65,0.8923076923076924,0.7906184007420958,0.9555913430791529,-0.0576923076923076,0.1076923076923077,1.246254972583087,0.33911545399150084,28.282441766035756,,gp
24.0,17,24.37,4,0.95,marginal,baseline,35,1.0,0.8999675644278949,1.0,0.050000000000000044,0.0,1.2592997106092256,0.2838440451898812,21.781175691323114,,gp
24.0,17,24.37,4,0.95,marginal,elevated_risk,30,0.7666666666666667,0.5771634770217806,0.9006621350419802,-0.18333333333333324,0.23333333333333334,1.2312671073240646,0.4232241195591829,35.86725218653384,,gp
24.0,17,24.37,4,0.95,adaptive,ALL,65,0.9538461538461539,0.8709887201017411,0.9903789211596614,0.0038461538461539435,0.046153846153846156,1.3782559442308262,0.46143234256979987,37.66576033474967,,gp
24.0,17,24.37,4,0.95,adaptive,baseline,35,1.0,0.8999675644278949,1.0,0.050000000000000044,0.0,1.3994463875619394,0.43031777322968795,33.55349655543115,,gp
24.0,17,24.37,4,0.95,adaptive,elevated_risk,30,0.9,0.7347115495257919,0.9788828629702774,-0.04999999999999993,0.1,1.3539089999848561,0.5017660435662412,42.46340141062128,,gp
24.0,17,24.37,4,0.95,mondrian,ALL,65,0.9384615384615385,0.849866599329491,0.9829800288169797,-0.011538461538461497,0.06153846153846154,1.2499359635213398,0.32293319495746176,23.51044206331821,,gp
24.0,17,24.37,4,0.95,mondrian,baseline,35,1.0,0.8999675644278949,1.0,0.050000000000000044,0.0,1.2105743369790696,0.2339713554902401,17.688244306362165,,gp
24.0,17,24.37,4,0.95,mondrian,elevated_risk,30,0.8666666666666667,0.6927816497238732,0.9624465036616366,-0.08333333333333326,0.13333333333333333,1.2951608468274982,0.4426895173171832,30.303006113100256,,gp
24.0,17,24.37,5,0.8,marginal,ALL,65,0.47692307692307695,0.3514596807608302,0.6045575385715867,-0.3230769230769231,0.5230769230769231,1.0116279071334324,0.1790575571691206,54.8792614885775,,gp
24.0,17,24.37,5,0.8,marginal,baseline,33,0.6060606060606061,0.4213937213882504,0.7709337616357992,-0.19393939393939397,0.3939393939393939,1.0374642573427366,0.1372153984771434,29.1742367789299,,gp
24.0,17,24.37,5,0.8,marginal,elevated_risk,32,0.34375,0.18571909171656617,0.5319310362802687,-0.45625000000000004,0.65625,0.9872611409917122,0.25513420933635195,81.38756822040156,,gp
24.0,17,24.37,5,0.8,adaptive,ALL,65,0.46153846153846156,0.33702091912987103,0.5896749259833873,-0.3384615384615385,0.5384615384615384,1.0114364861888046,0.18712853614199348,55.651080233327136,,gp
24.0,17,24.37,5,0.8,adaptive,baseline,33,0.5757575757575758,0.39215301618788523,0.7452381772653041,-0.22424242424242424,0.42424242424242425,1.0323601113222791,0.14206858521459262,32.306655406514466,,gp
24.0,17,24.37,5,0.8,adaptive,elevated_risk,32,0.34375,0.18571909171656617,0.5319310362802687,-0.45625000000000004,0.65625,0.991703006949899,0.26495936047114044,79.72501833597771,,gp
24.0,17,24.37,5,0.8,mondrian,ALL,65,0.6153846153846154,0.4864297327772667,0.7334640617045606,-0.18461538461538463,0.38461538461538464,1.0426022644487791,0.16778377985490195,40.610126219307084,,gp
24.0,17,24.37,5,0.8,mondrian,baseline,33,0.5757575757575758,0.39215301618788523,0.7452381772653041,-0.22424242424242424,0.42424242424242425,1.027543694274371,0.13265550563194944,32.40159765557054,,gp
24.0,17,24.37,5,0.8,mondrian,elevated_risk,32,0.65625,0.46806896371973133,0.8142809082834338,-0.14375000000000004,0.34375,1.0568042958849513,0.199566504151859,49.07517130066039,,gp
24.0,17,24.37,5,0.9,marginal,ALL,65,0.7076923076923077,0.5817413241612236,0.8139710481632012,-0.1923076923076923,0.2923076923076923,1.078186382444029,0.18880009007335663,33.957308755056474,,gp
24.0,17,24.37,5,0.9,marginal,baseline,33,0.8181818181818182,0.6453994405497312,0.9302121163336899,-0.08181818181818179,0.18181818181818182,1.107084691871726,0.171565085650163,17.450306866677312,,gp
24.0,17,24.37,5,0.9,marginal,elevated_risk,32,0.59375,0.4064492465764764,0.7630158994482569,-0.30625,0.40625,1.0509318228018478,0.2132919384642107,50.98015445244749,,gp
24.0,17,24.37,5,0.9,adaptive,ALL,65,0.6307692307692307,0.5019993897009797,0.7472064848379922,-0.2692307692307693,0.36923076923076925,1.055135032615752,0.1833020708053526,38.63599372685902,,gp
24.0,17,24.37,5,0.9,adaptive,baseline,33,0.7575757575757576,0.5774106822882981,0.8890767004411605,-0.14242424242424245,0.24242424242424243,1.0732266056366304,0.14971209776347763,22.3630705991971,,gp
24.0,17,24.37,5,0.9,adaptive,elevated_risk,32,0.5,0.31887496423416406,0.6811250357658359,-0.4,0.5,1.038072516998633,0.2357864036832822,55.41744570226038,,gp
24.0,17,24.37,5,0.9,mondrian,ALL,65,0.7076923076923077,0.5817413241612236,0.8139710481632012,-0.1923076923076923,0.2923076923076923,1.0772010337211841,0.18302655949183735,31.346082987930277,,gp
24.0,17,24.37,5,0.9,mondrian,baseline,33,0.7575757575757576,0.5774106822882981,0.8890767004411605,-0.14242424242424245,0.24242424242424243,1.064291934850021,0.1372394973329073,23.199390902699438,,gp
24.0,17,24.37,5,0.9,mondrian,elevated_risk,32,0.65625,0.46806896371973133,0.8142809082834338,-0.24375000000000002,0.34375,1.089375856819096,0.23753496682389694,39.74735920082458,,gp
24.0,17,24.37,5,0.95,marginal,ALL,65,0.7538461538461538,0.6312714174061591,0.8522769454002582,-0.19615384615384612,0.24615384615384617,1.101678344825459,0.2033673037778611,29.852932126998795,,gp
24.0,17,24.37,5,0.95,marginal,baseline,33,0.8484848484848485,0.6810101802895636,0.9489113006439188,-0.10151515151515145,0.15151515151515152,1.1316573795918345,0.19170481075420134,15.823085229652575,,gp
24.0,17,24.37,5,0.95,marginal,elevated_risk,32,0.65625,0.46806896371973133,0.8142809082834338,-0.29374999999999996,0.34375,1.0734045320233823,0.21891729447607405,44.32121173988708,,gp
24.0,17,24.37,5,0.95,adaptive,ALL,65,0.7538461538461538,0.6312714174061591,0.8522769454002582,-0.19615384615384612,0.24615384615384617,1.0990444236859116,0.20029246166947412,28.64555487506621,,gp
24.0,17,24.37,5,0.95,adaptive,baseline,33,0.8787878787878788,0.7179837714627797,0.9659671185770213,-0.07121212121212117,0.12121212121212122,1.1142902799974046,0.17135071769039634,18.738092962031406,,gp
24.0,17,24.37,5,0.95,adaptive,elevated_risk,32,0.625,0.4369224550969266,0.7889996835760071,-0.32499999999999996,0.375,1.0846657590385098,0.24225799043913682,38.86262497288336,,gp
24.0,17,24.37,5,0.95,mondrian,ALL,65,0.7538461538461538,0.6312714174061591,0.8522769454002582,-0.19615384615384612,0.24615384615384617,1.103962561212683,0.20233309073543113,26.940551726739475,,gp
24.0,17,24.37,5,0.95,mondrian,baseline,33,0.8181818181818182,0.6453994405497312,0.9302121163336899,-0.13181818181818172,0.18181818181818182,1.107084691871726,0.171565085650163,17.450306866677312,,gp
24.0,17,24.37,5,0.95,mondrian,elevated_risk,32,0.6875,0.49992241836783036,0.8388152759117995,-0.26249999999999996,0.3125,1.1010180188521532,0.24009382424916928,36.72736673867858,,gp
24.0,17,24.37,6,0.8,marginal,ALL,65,0.7230769230769231,0.5980988186506566,0.8268996405978063,-0.07692307692307698,0.27692307692307694,1.0947128528389032,0.20635387758399196,35.023531609600965,,gp
24.0,17,24.37,6,0.8,marginal,baseline,17,0.8235294117647058,0.565682127155716,0.962014931929374,0.0235294117647058,0.17647058823529413,1.1189598384966026,0.18219159116513725,20.51581994569738,,gp
24.0,17,24.37,6,0.8,marginal,elevated_risk,48,0.6875,0.5374864218945639,0.8134037169039876,-0.11250000000000004,0.3125,1.0861839909856472,0.2166045445495665,40.16167949056682,,gp
24.0,17,24.37,6,0.8,adaptive,ALL,65,0.7384615384615385,0.6146062633703777,0.8396712447265423,-0.06153846153846154,0.26153846153846155,1.1225532416761426,0.22754005545764575,27.536206171286878,,gp
24.0,17,24.37,6,0.8,adaptive,baseline,17,0.8235294117647058,0.565682127155716,0.962014931929374,0.0235294117647058,0.17647058823529413,1.1542834431244693,0.22001288349617806,20.334441245454837,,gp
24.0,17,24.37,6,0.8,adaptive,elevated_risk,48,0.7083333333333334,0.5593652200863092,0.8304692013719713,-0.09166666666666667,0.2916666666666667,1.1113921634064885,0.23063947920648534,30.08683124918573,,gp
24.0,17,24.37,6,0.8,mondrian,ALL,65,0.7384615384615385,0.6146062633703777,0.8396712447265423,-0.06153846153846154,0.26153846153846155,1.131209272446314,0.2405103575021689,26.82652201398167,,gp
24.0,17,24.37,6,0.8,mondrian,baseline,17,0.6470588235294118,0.3832836634434029,0.857902516889779,-0.15294117647058825,0.35294117647058826,1.083367513242679,0.1864213379329052,26.64180779731159,,gp
24.0,17,24.37,6,0.8,mondrian,elevated_risk,48,0.7708333333333334,0.6268797526841399,0.8796698331742167,-0.029166666666666674,0.22916666666666666,1.148037580955458,0.25659087683357157,26.891941632385656,,gp
24.0,17,24.37,6,0.9,marginal,ALL,65,0.8153846153846154,0.6997163826053059,0.90080033981516,-0.08461538461538465,0.18461538461538463,1.1555125781515208,0.24481834330202143,24.937638489469652,,gp
24.0,17,24.37,6,0.9,marginal,baseline,17,0.9411764705882353,0.7131106033327794,0.9985118256087334,0.04117647058823526,0.058823529411764705,1.180068114619753,0.2205105817974407,18.91893611381664,,gp
24.0,17,24.37,6,0.9,marginal,elevated_risk,48,0.7708333333333334,0.6268797526841399,0.8796698331742167,-0.12916666666666665,0.22916666666666666,1.146875183746017,0.2553298077364347,27.069262247513425,,gp
24.0,17,24.37,6,0.9,adaptive,ALL,65,0.9230769230769231,0.8295437095110751,0.974551532980957,0.023076923076923106,0.07692307692307693,1.1951618453845927,0.25143242920550746,21.863978817843826,,gp
24.0,17,24.37,6,0.9,adaptive,baseline,17,1.0,0.8049356770309068,1.0,0.09999999999999998,0.0,1.2315816973881868,0.25600832122571476,23.070282944641573,,gp
24.0,17,24.37,6,0.9,adaptive,elevated_risk,48,0.8958333333333334,0.7734223387162362,0.965301877878804,-0.004166666666666652,0.10416666666666667,1.1823511855013489,0.24962335561612312,21.436746106269624,,gp
24.0,17,24.37,6,0.9,mondrian,ALL,65,0.8769230769230769,0.7718141059386241,0.945336898398113,-0.023076923076923106,0.12307692307692308,1.1807090793771746,0.25179746101338596,21.292713330576927,,gp
24.0,17,24.37,6,0.9,mondrian,baseline,17,0.8235294117647058,0.565682127155716,0.962014931929374,-0.07647058823529418,0.17647058823529413,1.1241751050671625,0.1878213465544573,20.026834130440026,,gp
24.0,17,24.37,6,0.9,mondrian,elevated_risk,48,0.8958333333333334,0.7734223387162362,0.965301877878804,-0.004166666666666652,0.10416666666666667,1.2005948690465604,0.27262689362792086,21.741045547292075,,gp
24.0,17,24.37,6,0.95,marginal,ALL,65,0.9230769230769231,0.8295437095110751,0.974551532980957,-0.026923076923076827,0.07692307692307693,1.2093283290307164,0.26987275088267315,22.155790016811903,,gp
24.0,17,24.37,6,0.95,marginal,baseline,17,1.0,0.8049356770309068,1.0,0.050000000000000044,0.0,1.2341569735346816,0.2629063898211642,23.326833224867887,,gp
24.0,17,24.37,6,0.95,marginal,elevated_risk,48,0.8958333333333334,0.7734223387162362,0.965301877878804,-0.054166666666666585,0.10416666666666667,1.2005948690465604,0.27262689362792086,21.741045547292075,,gp
24.0,17,24.37,6,0.95,adaptive,ALL,65,0.9846153846153847,0.9172369122555336,0.9996105711089028,0.034615384615384714,0.015384615384615385,1.3099330246785883,0.3535539015449264,31.103372035416058,,gp
24.0,17,24.37,6,0.95,adaptive,baseline,17,1.0,0.8049356770309068,1.0,0.050000000000000044,0.0,1.3537657271876953,0.38030636206882396,35.242316272759716,,gp
24.0,17,24.37,6,0.95,adaptive,elevated_risk,48,0.9791666666666666,0.8893038394068478,0.9994726847465769,0.029166666666666674,0.020833333333333332,1.2945148993234339,0.3438774796533038,29.63749595135684,,gp
24.0,17,24.37,6,0.95,mondrian,ALL,65,0.9692307692307692,0.893229679425601,0.9962517377804871,0.019230769230769273,0.03076923076923077,1.2140560381328693,0.26148665600226056,21.829803549557685,,gp
24.0,17,24.37,6,0.95,mondrian,baseline,17,0.9411764705882353,0.7131106033327794,0.9985118256087334,-0.008823529411764675,0.058823529411764705,1.1760716320598983,0.21631513823861798,18.778419091130512,,gp
24.0,17,24.37,6,0.95,mondrian,elevated_risk,48,0.9791666666666666,0.8893038394068478,0.9994726847465769,0.029166666666666674,0.020833333333333332,1.2274170289194284,0.2768641939643517,22.910502211917315,,gp
24.0,17,24.37,7,0.8,marginal,ALL,69,0.855072463768116,0.7495800532837034,0.9282508601079362,0.05507246376811592,0.14492753623188406,1.1282792319618462,0.19938890575709026,22.127466390786626,,gp
24.0,17,24.37,7,0.8,marginal,baseline,51,0.8431372549019608,0.7141237132684408,0.9297591665426912,0.04313725490196074,0.1568627450980392,1.1197366103048878,0.18933005131737535,23.369926916519226,,gp
24.0,17,24.37,7,0.8,marginal,elevated_risk,18,0.8888888888888888,0.6528795613913279,0.9862487843356355,0.0888888888888888,0.1111111111111111,1.1525993431992045,0.2264220770638239,18.6071615678776,,gp
24.0,17,24.37,7,0.8,adaptive,ALL,69,0.8115942028985508,0.6993957718572987,0.8956878309626577,0.011594202898550732,0.18840579710144928,1.1456314354894614,0.23081048638210566,23.600596074942533,,gp
24.0,17,24.37,7,0.8,adaptive,baseline,51,0.7647058823529411,0.6250694916401415,0.8720918997481721,-0.03529411764705892,0.23529411764705882,1.13313094101057,0.2234515058712885,23.737608601571594,,gp
24.0,17,24.37,7,0.8,adaptive,elevated_risk,18,0.9444444444444444,0.7270564003266315,0.9985944438326306,0.14444444444444438,0.05555555555555555,1.1812192712214808,0.24769285343633332,23.212393916160167,,gp
24.0,17,24.37,7,0.8,mondrian,ALL,69,0.7536231884057971,0.6350950883695956,0.8494503460016417,-0.04637681159420293,0.2463768115942029,1.1035085218887069,0.20469097690147256,30.337673578894083,,gp
24.0,17,24.37,7,0.8,mondrian,baseline,51,0.6666666666666666,0.5207874457693703,0.7924166650862636,-0.13333333333333341,0.3333333333333333,1.0594750894543223,0.16517001306966214,33.45929578558365,,gp
24.0,17,24.37,7,0.8,mondrian,elevated_risk,18,1.0,0.8146980318621478,1.0,0.19999999999999996,0.0,1.2288679276976493,0.2793416863615587,21.493077326606983,,gp
24.0,17,24.37,7,0.9,marginal,ALL,69,0.9565217391304348,0.8781528506343763,0.990942392641185,0.05652173913043479,0.043478260869565216,1.2146828253152513,0.2670834016840321,23.298544665610276,,gp
24.0,17,24.37,7,0.9,marginal,baseline,51,0.9411764705882353,0.8375777819279495,0.9877009117447599,0.04117647058823526,0.058823529411764705,1.2060326786262243,0.2583023212734442,23.58969901521025,,gp
24.0,17,24.37,7,0.9,marginal,elevated_risk,18,1.0,0.8146980318621478,1.0,0.09999999999999998,0.0,1.2393090510975018,0.2904996161122662,22.473607341743698,,gp
24.0,17,24.37,7,0.9,adaptive,ALL,69,0.9420289855072463,0.8581710922077147,0.9839808414669067,0.04202898550724632,0.057971014492753624,1.2158745579769927,0.27034569492275956,23.826566838724172,,gp
24.0,17,24.37,7,0.9,adaptive,baseline,51,0.9411764705882353,0.8375777819279495,0.9877009117447599,0.04117647058823526,0.058823529411764705,1.2012849231140486,0.24828983271604085,22.13037203221286,,gp
24.0,17,24.37,7,0.9,adaptive,elevated_risk,18,0.9444444444444444,0.7270564003266315,0.9985944438326306,0.0444444444444444,0.05555555555555555,1.257409997216565,0.33262107056525947,28.63245212383956,,gp
24.0,17,24.37,7,0.9,mondrian,ALL,69,0.8405797101449275,0.7326319041235968,0.9176377521745552,-0.05942028985507253,0.15942028985507245,1.1473191147878807,0.22926803023550474,25.522780138836623,,gp
24.0,17,24.37,7,0.9,mondrian,baseline,51,0.7843137254901961,0.6467859364904809,0.8871094002502565,-0.11568627450980395,0.21568627450980393,1.1023828030057456,0.18443055726382682,25.40773670260609,,gp
24.0,17,24.37,7,0.9,mondrian,elevated_risk,18,1.0,0.8146980318621478,1.0,0.09999999999999998,0.0,1.2752489406684322,0.3289068590614558,25.848736541489806,,gp
24.0,17,24.37,7,0.95,marginal,ALL,69,0.9565217391304348,0.8781528506343763,0.990942392641185,0.006521739130434856,0.043478260869565216,1.253519192461153,0.3082258863983432,25.20814108177876,,gp
24.0,17,24.37,7,0.95,marginal,baseline,51,0.9411764705882353,0.8375777819279495,0.9877009117447599,-0.008823529411764675,0.058823529411764705,1.2448207158189295,0.2992546350069052,24.881484826147744,,gp
24.0,17,24.37,7,0.95,marginal,elevated_risk,18,1.0,0.8146980318621478,1.0,0.050000000000000044,0.0,1.2782830094753506,0.3321492234421781,26.133667139399954,,gp
24.0,17,24.37,7,0.95,adaptive,ALL,69,0.9710144927536232,0.8991846195179275,0.9964702406177984,0.021014492753623215,0.028985507246376812,1.305290949376129,0.3561054062226373,30.427405731341022,,gp
24.0,17,24.37,7,0.95,adaptive,baseline,51,0.9803921568627451,0.8955251036044829,0.9995036955922623,0.0303921568627451,0.0196078431372549,1.2880419311080489,0.3273327252087398,28.62580301899118,,gp
24.0,17,24.37,7,0.95,adaptive,elevated_risk,18,0.9444444444444444,0.7270564003266315,0.9985944438326306,-0.005555555555555536,0.05555555555555555,1.3543974250999158,0.4407309386164536,35.53194674966558,,gp
24.0,17,24.37,7,0.95,mondrian,ALL,69,0.9420289855072463,0.8581710922077147,0.9839808414669067,-0.007971014492753614,0.057971014492753624,1.196503136602016,0.25365010840200825,23.87100692341146,,gp
24.0,17,24.37,7,0.95,mondrian,baseline,51,0.9215686274509803,0.8111939930574618,0.978216437943731,-0.028431372549019618,0.0784313725490196,1.1564869107674671,0.21043146261096476,22.00704984797296,,gp
24.0,17,24.37,7,0.95,mondrian,elevated_risk,18,1.0,0.8146980318621478,1.0,0.050000000000000044,0.0,1.3104258997391076,0.3664987946341775,29.15221863715387,,gp
