horizon_hours,steps,lead_hours,fold,tau,method,group,n,coverage,coverage_lo,coverage_hi,coverage_gap,sla_violation_rate,mean_allocation_ratio,overprovision_ratio,cost,error,operator
1.5,1,1.65,0,0.8,marginal,ALL,65,0.7692307692307693,0.6481033437257788,0.8647062868093746,-0.03076923076923077,0.23076923076923078,1.068074346946958,0.1834171914701147,76.1017892268254,,robi
1.5,1,1.65,0,0.8,marginal,baseline,65,0.7692307692307693,0.6481033437257788,0.8647062868093746,-0.03076923076923077,0.23076923076923078,1.068074346946958,0.1834171914701147,76.1017892268254,,robi
1.5,1,1.65,0,0.8,adaptive,ALL,65,0.7384615384615385,0.6146062633703777,0.8396712447265423,-0.06153846153846154,0.26153846153846155,1.0750803589989286,0.18747974393002,58.104059754382625,,robi
1.5,1,1.65,0,0.8,adaptive,baseline,65,0.7384615384615385,0.6146062633703777,0.8396712447265423,-0.06153846153846154,0.26153846153846155,1.0750803589989286,0.18747974393002,58.104059754382625,,robi
1.5,1,1.65,0,0.8,mondrian,ALL,65,0.7692307692307693,0.6481033437257788,0.8647062868093746,-0.03076923076923077,0.23076923076923078,1.068074346946958,0.1834171914701147,76.1017892268254,,robi
1.5,1,1.65,0,0.8,mondrian,baseline,65,0.7692307692307693,0.6481033437257788,0.8647062868093746,-0.03076923076923077,0.23076923076923078,1.068074346946958,0.1834171914701147,76.1017892268254,,robi
1.5,1,1.65,0,0.8,aci,ALL,65,0.7692307692307693,0.6481033437257788,0.8647062868093746,-0.03076923076923077,0.23076923076923078,1.135331041153869,0.27742816001159926,70.57384729473405,,robi
1.5,1,1.65,0,0.8,aci,baseline,65,0.7692307692307693,0.6481033437257788,0.8647062868093746,-0.03076923076923077,0.23076923076923078,1.135331041153869,0.27742816001159926,70.57384729473405,,robi
1.5,1,1.65,0,0.9,marginal,ALL,65,0.7846153846153846,0.6651126854524477,0.87694692475782,-0.11538461538461542,0.2153846153846154,1.11626858512269,0.23309601637535665,65.61358916766824,,robi
1.5,1,1.65,0,0.9,marginal,baseline,65,0.7846153846153846,0.6651126854524477,0.87694692475782,-0.11538461538461542,0.2153846153846154,1.11626858512269,0.23309601637535665,65.61358916766824,,robi
1.5,1,1.65,0,0.9,adaptive,ALL,65,0.8769230769230769,0.7718141059386241,0.945336898398113,-0.023076923076923106,0.12307692307692308,1.1435252451750542,0.23268911598140488,53.775214074891984,,robi
1.5,1,1.65,0,0.9,adaptive,baseline,65,0.8769230769230769,0.7718141059386241,0.945336898398113,-0.023076923076923106,0.12307692307692308,1.1435252451750542,0.23268911598140488,53.775214074891984,,robi
1.5,1,1.65,0,0.9,mondrian,ALL,65,0.7846153846153846,0.6651126854524477,0.87694692475782,-0.11538461538461542,0.2153846153846154,1.11626858512269,0.23309601637535665,65.61358916766824,,robi
1.5,1,1.65,0,0.9,mondrian,baseline,65,0.7846153846153846,0.6651126854524477,0.87694692475782,-0.11538461538461542,0.2153846153846154,1.11626858512269,0.23309601637535665,65.61358916766824,,robi
1.5,1,1.65,0,0.9,aci,ALL,65,0.8769230769230769,0.7718141059386241,0.945336898398113,-0.023076923076923106,0.12307692307692308,1.263234345698028,0.37849797688741604,56.679016906738276,,robi
1.5,1,1.65,0,0.9,aci,baseline,65,0.8769230769230769,0.7718141059386241,0.945336898398113,-0.023076923076923106,0.12307692307692308,1.263234345698028,0.37849797688741604,56.679016906738276,,robi
1.5,1,1.65,0,0.95,marginal,ALL,65,0.9230769230769231,0.8295437095110751,0.974551532980957,-0.026923076923076827,0.07692307692307693,1.2600401712309675,0.3439250975249312,51.374230083759024,,robi
1.5,1,1.65,0,0.95,marginal,baseline,65,0.9230769230769231,0.8295437095110751,0.974551532980957,-0.026923076923076827,0.07692307692307693,1.2600401712309675,0.3439250975249312,51.374230083759024,,robi
1.5,1,1.65,0,0.95,adaptive,ALL,65,0.9076923076923077,0.809834160783301,0.9653663477859001,-0.04230769230769227,0.09230769230769231,1.2218515281891777,0.3112412864374434,55.561921166431155,,robi
1.5,1,1.65,0,0.95,adaptive,baseline,65,0.9076923076923077,0.809834160783301,0.9653663477859001,-0.04230769230769227,0.09230769230769231,1.2218515281891777,0.3112412864374434,55.561921166431155,,robi
1.5,1,1.65,0,0.95,mondrian,ALL,65,0.9230769230769231,0.8295437095110751,0.974551532980957,-0.026923076923076827,0.07692307692307693,1.2600401712309675,0.3439250975249312,51.374230083759024,,robi
1.5,1,1.65,0,0.95,mondrian,baseline,65,0.9230769230769231,0.8295437095110751,0.974551532980957,-0.026923076923076827,0.07692307692307693,1.2600401712309675,0.3439250975249312,51.374230083759024,,robi
1.5,1,1.65,0,0.95,aci,ALL,65,0.9230769230769231,0.8295437095110751,0.974551532980957,-0.026923076923076827,0.07692307692307693,1.3310143445169837,0.428423909031706,56.49552259239784,,robi
1.5,1,1.65,0,0.95,aci,baseline,65,0.9230769230769231,0.8295437095110751,0.974551532980957,-0.026923076923076827,0.07692307692307693,1.3310143445169837,0.428423909031706,56.49552259239784,,robi
1.5,1,1.65,1,0.8,marginal,ALL,65,0.8307692307692308,0.7173438415040521,0.9123739451185258,0.03076923076923077,0.16923076923076924,1.1330451189146888,0.30072754604268787,64.94323638446512,,robi
1.5,1,1.65,1,0.8,marginal,baseline,50,0.84,0.7088736934048894,0.9282992328167138,0.039999999999999925,0.16,1.1512111817606911,0.30976119310852335,54.06636925659179,,robi
1.5,1,1.65,1,0.8,marginal,elevated_risk,15,0.8,0.519108866193147,0.9566879948941633,0.0,0.2,1.076572358328203,0.269109781312264,101.19946014404294,,robi
1.5,1,1.65,1,0.8,adaptive,ALL,65,0.7538461538461538,0.6312714174061591,0.8522769454002582,-0.04615384615384621,0.24615384615384617,1.1265149370690661,0.31713269208670697,54.617171351184346,,robi
1.5,1,1.65,1,0.8,adaptive,baseline,50,0.78,0.6403881114342105,0.8847341739621514,-0.020000000000000018,0.22,1.1467045121483865,0.3268059708830546,46.02185585739682,,robi
1.5,1,1.65,1,0.8,adaptive,elevated_risk,15,0.6666666666666666,0.3838037325411542,0.881758896633119,-0.13333333333333341,0.3333333333333333,1.063751692800743,0.2794069047809512,83.26822299714276,,robi
1.5,1,1.65,1,0.8,mondrian,ALL,65,0.8307692307692308,0.7173438415040521,0.9123739451185258,0.03076923076923077,0.16923076923076924,1.1330451189146888,0.30072754604268787,64.94323638446512,,robi
1.5,1,1.65,1,0.8,mondrian,baseline,50,0.84,0.7088736934048894,0.9282992328167138,0.039999999999999925,0.16,1.1512111817606911,0.30976119310852335,54.06636925659179,,robi
1.5,1,1.65,1,0.8,mondrian,elevated_risk,15,0.8,0.519108866193147,0.9566879948941633,0.0,0.2,1.076572358328203,0.269109781312264,101.19946014404294,,robi
1.5,1,1.65,1,0.8,aci,ALL,65,0.8307692307692308,0.7173438415040521,0.9123739451185258,0.03076923076923077,0.16923076923076924,1.1458540744060184,0.3300768855137054,64.94731049992487,,robi
1.5,1,1.65,1,0.8,aci,baseline,50,0.84,0.7088736934048894,0.9282992328167138,0.039999999999999925,0.16,1.1554074329911164,0.32382945401238394,53.714333630371094,,robi
1.5,1,1.65,1,0.8,aci,elevated_risk,15,0.8,0.519108866193147,0.9566879948941633,0.0,0.2,1.1161555901088653,0.3519428957683301,102.39056673177082,,robi
1.5,1,1.65,1,0.9,marginal,ALL,65,0.8923076923076924,0.7906184007420958,0.9555913430791529,-0.007692307692307665,0.1076923076923077,1.2437101533757469,0.41115544932923503,56.196286207932694,,robi
1.5,1,1.65,1,0.9,marginal,baseline,50,0.92,0.8076572164040372,0.9777720363450703,0.020000000000000018,0.08,1.263721625618356,0.4129738462943312,48.09814674682617,,robi
1.5,1,1.65,1,0.9,marginal,elevated_risk,15,0.8,0.519108866193147,0.9566879948941633,-0.09999999999999998,0.2,1.1815005766215476,0.4041849276296999,83.1900844116211,,robi
1.5,1,1.65,1,0.9,adaptive,ALL,65,0.8923076923076924,0.7906184007420958,0.9555913430791529,-0.007692307692307665,0.1076923076923077,1.2299092881158609,0.38831545144125124,39.29211353681029,,robi
1.5,1,1.65,1,0.9,adaptive,baseline,50,0.92,0.8076572164040372,0.9777720363450703,0.020000000000000018,0.08,1.2544047127334705,0.40553658627358224,39.328641251491966,,robi
1.5,1,1.65,1,0.9,adaptive,elevated_risk,15,0.8,0.519108866193147,0.9566879948941633,-0.09999999999999998,0.2,1.1537604681089422,0.32230110125064937,39.17035448787134,,robi
1.5,1,1.65,1,0.9,mondrian,ALL,65,0.8923076923076924,0.7906184007420958,0.9555913430791529,-0.007692307692307665,0.1076923076923077,1.2437101533757469,0.41115544932923503,56.196286207932694,,robi
1.5,1,1.65,1,0.9,mondrian,baseline,50,0.92,0.8076572164040372,0.9777720363450703,0.020000000000000018,0.08,1.263721625618356,0.4129738462943312,48.09814674682617,,robi
1.5,1,1.65,1,0.9,mondrian,elevated_risk,15,0.8,0.519108866193147,0.9566879948941633,-0.09999999999999998,0.2,1.1815005766215476,0.4041849276296999,83.1900844116211,,robi
1.5,1,1.65,1,0.9,aci,ALL,65,0.9230769230769231,0.8295437095110751,0.974551532980957,0.023076923076923106,0.07692307692307693,1.3070269954598692,0.4974841275791771,58.48787114070012,,robi
1.5,1,1.65,1,0.9,aci,baseline,50,0.96,0.8628623743960326,0.9951185665738356,0.05999999999999994,0.04,1.2993723484474868,0.446025145121456,45.11967501220703,,robi
1.5,1,1.65,1,0.9,aci,elevated_risk,15,0.8,0.519108866193147,0.9566879948941633,-0.09999999999999998,0.2,1.330822963346188,0.7033200574100613,103.04852490234374,,robi
1.5,1,1.65,1,0.95,marginal,ALL,65,0.9230769230769231,0.8295437095110751,0.974551532980957,-0.026923076923076827,0.07692307692307693,1.3063375442262404,0.47153688801425425,55.416130821814896,,robi
1.5,1,1.65,1,0.95,marginal,baseline,50,0.96,0.8628623743960326,0.9951185665738356,0.010000000000000009,0.04,1.3273933677955658,0.4692644968960212,50.14149644165038,,robi
1.5,1,1.65,1,0.95,marginal,elevated_risk,15,0.8,0.519108866193147,0.9566879948941633,-0.1499999999999999,0.2,1.2408813970433366,0.48062645248718666,72.9982454223633,,robi
1.5,1,1.65,1,0.95,adaptive,ALL,65,1.0,0.9448283656811867,1.0,0.050000000000000044,0.0,1.4829437507737795,0.6407329776589551,65.49430531262823,,robi
1.5,1,1.65,1,0.95,adaptive,baseline,50,1.0,0.9288782635358024,1.0,0.050000000000000044,0.0,1.5179767754940667,0.6855112494516294,69.09312927386374,,robi
1.5,1,1.65,1,0.95,adaptive,elevated_risk,15,1.0,0.781980639089466,1.0,0.050000000000000044,0.0,1.3740367391433217,0.4914720716833741,53.49822544184316,,robi
1.5,1,1.65,1,0.95,mondrian,ALL,65,0.9230769230769231,0.8295437095110751,0.974551532980957,-0.026923076923076827,0.07692307692307693,1.3063375442262404,0.47153688801425425,55.416130821814896,,robi
1.5,1,1.65,1,0.95,mondrian,baseline,50,0.96,0.8628623743960326,0.9951185665738356,0.010000000000000009,0.04,1.3273933677955658,0.4692644968960212,50.14149644165038,,robi
1.5,1,1.65,1,0.95,mondrian,elevated_risk,15,0.8,0.519108866193147,0.9566879948941633,-0.1499999999999999,0.2,1.2408813970433366,0.48062645248718666,72.9982454223633,,robi
1.5,1,1.65,1,0.95,aci,ALL,65,0.9692307692307692,0.893229679425601,0.9962517377804871,0.019230769230769273,0.03076923076923077,1.3936501821262985,0.5656961498889617,53.71739334810697,,robi
1.5,1,1.65,1,0.95,aci,baseline,50,0.98,0.8935304542885001,0.9994937720169592,0.030000000000000027,0.02,1.3791776035109657,0.5348749149149791,50.660591729736325,,robi
1.5,1,1.65,1,0.95,aci,elevated_risk,15,0.9333333333333333,0.6805154334216966,0.9983135697586473,-0.016666666666666607,0.06666666666666667,1.4386410243435275,0.6735704722979008,63.906732076009135,,robi
1.5,1,1.65,2,0.8,marginal,ALL,65,0.8153846153846154,0.6997163826053059,0.90080033981516,0.01538461538461533,0.18461538461538463,1.155442232638605,0.29083806235915455,49.49021845421423,,robi
1.5,1,1.65,2,0.8,marginal,baseline,37,0.8648648648648649,0.7122522026894279,0.954628007658006,0.06486486486486487,0.13513513513513514,1.1695352658671092,0.2672873132869488,44.36232227222338,,robi
1.5,1,1.65,2,0.8,marginal,elevated_risk,28,0.75,0.5512845484713916,0.8930920081707734,-0.050000000000000044,0.25,1.1374179848779384,0.3267249180882298,56.266366980416414,,robi
1.5,1,1.65,2,0.8,adaptive,ALL,65,0.8769230769230769,0.7718141059386241,0.945336898398113,0.07692307692307687,0.12307692307692308,1.1722379296007377,0.2954077177138897,45.72293077958439,,robi
1.5,1,1.65,2,0.8,adaptive,baseline,37,0.8918918918918919,0.7458240639225211,0.9697480349312504,0.09189189189189184,0.10810810810810811,1.1871698510679658,0.2806841820498613,35.88397997591853,,robi
1.5,1,1.65,2,0.8,adaptive,elevated_risk,28,0.8571428571428571,0.6733473306842048,0.9596643692029087,0.05714285714285705,0.14285714285714285,1.1531407879347557,0.31565257925192886,58.72440148442856,,robi
1.5,1,1.65,2,0.8,mondrian,ALL,65,0.8153846153846154,0.6997163826053059,0.90080033981516,0.01538461538461533,0.18461538461538463,1.155442232638605,0.29083806235915455,49.49021845421423,,robi
1.5,1,1.65,2,0.8,mondrian,baseline,37,0.8648648648648649,0.7122522026894279,0.954628007658006,0.06486486486486487,0.13513513513513514,1.1695352658671092,0.2672873132869488,44.36232227222338,,robi
1.5,1,1.65,2,0.8,mondrian,elevated_risk,28,0.75,0.5512845484713916,0.8930920081707734,-0.050000000000000044,0.25,1.1374179848779384,0.3267249180882298,56.266366980416414,,robi
1.5,1,1.65,2,0.8,aci,ALL,65,0.8,0.6823120281183095,0.8889841651132548,0.0,0.2,1.1544532450178668,0.30508229851448426,53.32301858755258,,robi
1.5,1,1.65,2,0.8,aci,baseline,37,0.8378378378378378,0.6798629241323288,0.9380742786666036,0.037837837837837784,0.16216216216216217,1.160376365364915,0.27182230288433,47.31399105587522,,robi
1.5,1,1.65,2,0.8,aci,elevated_risk,28,0.75,0.5512845484713916,0.8930920081707734,-0.050000000000000044,0.25,1.146877885837168,0.35418038730185497,61.26351925441196,,robi
1.5,1,1.65,2,0.9,marginal,ALL,65,0.9076923076923077,0.809834160783301,0.9653663477859001,0.007692307692307665,0.09230769230769231,1.2584620206770778,0.3782677094984919,46.30400407527044,,robi
1.5,1,1.65,2,0.9,marginal,baseline,37,0.918918918918919,0.7809037937619998,0.9829564693041812,0.018918918918918948,0.08108108108108109,1.274029094557478,0.3681599137206122,43.72268919248839,,robi
1.5,1,1.65,2,0.9,marginal,elevated_risk,28,0.8928571428571429,0.7177356042846756,0.977334909360941,-0.0071428571428571175,0.10714285714285714,1.2385525525037238,0.3920143117564085,49.715027313232426,,robi
1.5,1,1.65,2,0.9,adaptive,ALL,65,0.9230769230769231,0.8295437095110751,0.974551532980957,0.023076923076923106,0.07692307692307693,1.342433681080669,0.4905931926361379,54.44446608024713,,robi
1.5,1,1.65,2,0.9,adaptive,baseline,37,0.972972972972973,0.858396904388842,0.9993159689753053,0.072972972972973,0.02702702702702703,1.3606723375536554,0.4565247651119448,46.107391745933796,,robi
1.5,1,1.65,2,0.9,adaptive,elevated_risk,28,0.8571428571428571,0.6733473306842048,0.9596643692029087,-0.04285714285714293,0.14285714285714285,1.3191073993810065,0.5416958339224275,65.4613143077326,,robi
1.5,1,1.65,2,0.9,mondrian,ALL,65,0.9076923076923077,0.809834160783301,0.9653663477859001,0.007692307692307665,0.09230769230769231,1.2471903556145711,0.36521932338778174,46.153993164062506,,robi
1.5,1,1.65,2,0.9,mondrian,baseline,37,0.918918918918919,0.7809037937619998,0.9829564693041812,0.018918918918918948,0.08108108108108109,1.2539441934378668,0.34551712605790924,43.45915651063661,,robi
1.5,1,1.65,2,0.9,mondrian,elevated_risk,28,0.8928571428571429,0.7177356042846756,0.977334909360941,-0.0071428571428571175,0.10714285714285714,1.2385525525037238,0.3920143117564085,49.715027313232426,,robi
1.5,1,1.65,2,0.9,aci,ALL,65,0.9076923076923077,0.809834160783301,0.9653663477859001,0.007692307692307665,0.09230769230769231,1.2323106712525211,0.36021662174445007,49.82871390005258,,robi
1.5,1,1.65,2,0.9,aci,baseline,37,0.918918918918919,0.7809037937619998,0.9829564693041812,0.018918918918918948,0.08108108108108109,1.2378506213551352,0.336034895304196,46.04496393152186,,robi
1.5,1,1.65,2,0.9,aci,elevated_risk,28,0.8928571428571429,0.7177356042846756,0.977334909360941,-0.0071428571428571175,0.10714285714285714,1.2252253666475983,0.3931037697031958,54.82866921561105,,robi
1.5,1,1.65,2,0.95,marginal,ALL,65,0.9692307692307692,0.893229679425601,0.9962517377804871,0.019230769230769273,0.03076923076923077,1.3521006204034496,0.45775404266898784,49.92933504075268,,robi
1.5,1,1.65,2,0.95,marginal,baseline,37,0.972972972972973,0.858396904388842,0.9993159689753053,0.02297297297297307,0.02702702702702703,1.3690075058405553,0.4512875988633409,49.141987090239645,,robi
1.5,1,1.65,2,0.95,marginal,elevated_risk,28,0.9642857142857143,0.8165224024553763,0.999096201244342,0.014285714285714346,0.03571428571428571,1.3304776037654675,0.4663759677431835,50.96975911821636,,robi
1.5,1,1.65,2,0.95,adaptive,ALL,65,0.9384615384615385,0.849866599329491,0.9829800288169797,-0.011538461538461497,0.06153846153846154,1.4218086810345234,0.5801667670455222,60.71891299705403,,robi
1.5,1,1.65,2,0.95,adaptive,baseline,37,0.972972972972973,0.858396904388842,0.9993159689753053,0.02297297297297307,0.02702702702702703,1.441589515197888,0.551388087063009,54.368717057126254,,robi
1.5,1,1.65,2,0.95,adaptive,elevated_risk,28,0.8928571428571429,0.7177356042846756,0.977334909360941,-0.05714285714285705,0.10714285714285714,1.3965100352361148,0.621608066220341,69.11024334624429,,robi
1.5,1,1.65,2,0.95,mondrian,ALL,65,0.9692307692307692,0.893229679425601,0.9962517377804871,0.019230769230769273,0.03076923076923077,1.3521006204034496,0.45775404266898784,49.92933504075268,,robi
1.5,1,1.65,2,0.95,mondrian,baseline,37,0.972972972972973,0.858396904388842,0.9993159689753053,0.02297297297297307,0.02702702702702703,1.3690075058405553,0.4512875988633409,49.141987090239645,,robi
1.5,1,1.65,2,0.95,mondrian,elevated_risk,28,0.9642857142857143,0.8165224024553763,0.999096201244342,0.014285714285714346,0.03571428571428571,1.3304776037654675,0.4663759677431835,50.96975911821636,,robi
1.5,1,1.65,2,0.95,aci,ALL,65,0.9538461538461539,0.8709887201017411,0.9903789211596614,0.0038461538461539435,0.046153846153846156,1.3977577825252046,0.5378856941777428,58.14986900446966,,robi
1.5,1,1.65,2,0.95,aci,baseline,37,0.9459459459459459,0.8180508816222507,0.9933854295884712,-0.004054054054054013,0.05405405405405406,1.3875227883937822,0.5098679066286138,54.67084947740709,,robi
1.5,1,1.65,2,0.95,aci,elevated_risk,28,0.9642857142857143,0.8165224024553763,0.999096201244342,0.014285714285714346,0.03571428571428571,1.4108478013353916,0.5742050484080954,62.747144808088024,,robi
1.5,1,1.65,3,0.8,marginal,ALL,65,0.8,0.6823120281183095,0.8889841651132548,0.0,0.2,1.1257904378476784,0.2944453669025295,64.33912630051832,,robi
1.5,1,1.65,3,0.8,marginal,baseline,63,0.7936507936507936,0.6730266705316863,0.8852977866837404,-0.006349206349206438,0.20634920634920634,1.1222036844421377,0.2971190728652102,65.34234882173082,,robi
1.5,1,1.65,3,0.8,adaptive,ALL,65,0.8615384615384616,0.7533617146788831,0.9346803759921305,0.06153846153846154,0.13846153846153847,1.1754022067754624,0.32624320898602754,46.78945619207751,,robi
1.5,1,1.65,3,0.8,adaptive,baseline,63,0.8571428571428571,0.746058549356512,0.9325368444285195,0.05714285714285705,0.14285714285714285,1.1736581930780103,0.3299377291048961,47.23971928092536,,robi
1.5,1,1.65,3,0.8,mondrian,ALL,65,0.8,0.6823120281183095,0.8889841651132548,0.0,0.2,1.1253396839612169,0.29371060808774146,64.80460278789813,,robi
1.5,1,1.65,3,0.8,mondrian,baseline,63,0.7936507936507936,0.6730266705316863,0.8852977866837404,-0.006349206349206438,0.20634920634920634,1.1203334176596524,0.2948109318183778,65.64424691820902,,robi
1.5,1,1.65,3,0.8,aci,ALL,65,0.8,0.6823120281183095,0.8889841651132548,0.0,0.2,1.1246041062084837,0.3040608270597703,66.19646082012468,,robi
1.5,1,1.65,3,0.8,aci,baseline,63,0.7936507936507936,0.6730266705316863,0.8852977866837404,-0.006349206349206438,0.20634920634920634,1.1210761444436133,0.3072247077276192,67.27162138923764,,robi
1.5,1,1.65,3,0.9,marginal,ALL,65,0.8615384615384616,0.7533617146788831,0.9346803759921305,-0.038461538461538436,0.13846153846153847,1.2219679334998184,0.3854283159333282,54.02191108116737,,robi
1.5,1,1.65,3,0.9,marginal,baseline,63,0.8571428571428571,0.746058549356512,0.9325368444285195,-0.04285714285714293,0.14285714285714285,1.2188226129837558,0.38814839213885505,54.30769774906219,,robi
1.5,1,1.65,3,0.9,adaptive,ALL,65,0.9230769230769231,0.8295437095110751,0.974551532980957,0.023076923076923106,0.07692307692307693,1.2704228611570216,0.41623742367060756,44.74298112146515,,robi
1.5,1,1.65,3,0.9,adaptive,baseline,63,0.9206349206349206,0.8244240502751522,0.9737276593559724,0.02063492063492056,0.07936507936507936,1.2703015732844392,0.4210365769416084,44.89390004967133,,robi
1.5,1,1.65,3,0.9,mondrian,ALL,65,0.8615384615384616,0.7533617146788831,0.9346803759921305,-0.038461538461538436,0.13846153846153847,1.2102119043034631,0.3708713665560121,55.48453400597206,,robi
1.5,1,1.65,3,0.9,mondrian,baseline,63,0.8571428571428571,0.746058549356512,0.9325368444285195,-0.04285714285714293,0.14285714285714285,1.2035141259101525,0.36986960185884726,55.41968958778987,,robi
1.5,1,1.65,3,0.9,aci,ALL,65,0.8923076923076924,0.7906184007420958,0.9555913430791529,-0.007692307692307665,0.1076923076923077,1.2483511566073136,0.422699784505915,54.95682002140925,,robi
1.5,1,1.65,3,0.9,aci,baseline,63,0.8888888888888888,0.7843757512974721,0.9541433762831292,-0.011111111111111183,0.1111111111111111,1.2464113278200852,0.4268782046156389,55.30317500038753,,robi
1.5,1,1.65,3,0.95,marginal,ALL,65,0.9384615384615385,0.849866599329491,0.9829800288169797,-0.011538461538461497,0.06153846153846154,1.343491150597947,0.48995227905552435,51.079500262920675,,robi
1.5,1,1.65,3,0.95,marginal,baseline,63,0.9365079365079365,0.8453393226046225,0.9824312067366454,-0.013492063492063444,0.06349206349206349,1.3409035940837295,0.49237074779317563,50.7792198641338,,robi
1.5,1,1.65,3,0.95,adaptive,ALL,65,0.9692307692307692,0.893229679425601,0.9962517377804871,0.019230769230769273,0.03076923076923077,1.3622327214968957,0.5030079522419781,49.56488771716608,,robi
1.5,1,1.65,3,0.95,adaptive,baseline,63,0.9682539682539683,0.8899806265911197,0.9961320175035812,0.0182539682539683,0.031746031746031744,1.3636793267557674,0.5088139841343944,49.64242604956541,,robi
1.5,1,1.65,3,0.95,mondrian,ALL,65,0.9230769230769231,0.8295437095110751,0.974551532980957,-0.026923076923076827,0.07692307692307693,1.3435078443080475,0.4977239440341048,51.23891298734225,,robi
1.5,1,1.65,3,0.95,mondrian,baseline,63,0.9206349206349206,0.8244240502751522,0.9737276593559724,-0.029365079365079372,0.07936507936507936,1.3391251382852012,0.49874854451110845,50.71541990734283,,robi
1.5,1,1.65,3,0.95,aci,ALL,65,0.9384615384615385,0.849866599329491,0.9829800288169797,-0.011538461538461497,0.06153846153846154,1.4065118126652858,0.5903705899669539,60.419749206542974,,robi
1.5,1,1.65,3,0.95,aci,baseline,63,0.9365079365079365,0.8453393226046225,0.9824312067366454,-0.013492063492063444,0.06349206349206349,1.4062233451908308,0.5961930692439759,60.41598464723617,,robi
1.5,1,1.65,4,0.8,marginal,ALL,65,0.6923076923076923,0.5655271109662937,0.8008931080792977,-0.10769230769230775,0.3076923076923077,1.0688988187122985,0.24707663304572922,73.89535230900694,,robi
1.5,1,1.65,4,0.8,marginal,baseline,65,0.6923076923076923,0.5655271109662937,0.8008931080792977,-0.10769230769230775,0.3076923076923077,1.0688988187122985,0.24707663304572922,73.89535230900694,,robi
1.5,1,1.65,4,0.8,adaptive,ALL,65,0.6923076923076923,0.5655271109662937,0.8008931080792977,-0.10769230769230775,0.3076923076923077,1.1038831242559513,0.28984819472338,52.20594166397699,,robi
1.5,1,1.65,4,0.8,adaptive,baseline,65,0.6923076923076923,0.5655271109662937,0.8008931080792977,-0.10769230769230775,0.3076923076923077,1.1038831242559513,0.28984819472338,52.20594166397699,,robi
1.5,1,1.65,4,0.8,mondrian,ALL,65,0.6923076923076923,0.5655271109662937,0.8008931080792977,-0.10769230769230775,0.3076923076923077,1.0688988187122985,0.24707663304572922,73.89535230900694,,robi
1.5,1,1.65,4,0.8,mondrian,baseline,65,0.6923076923076923,0.5655271109662937,0.8008931080792977,-0.10769230769230775,0.3076923076923077,1.0688988187122985,0.24707663304572922,73.89535230900694,,robi
1.5,1,1.65,4,0.8,aci,ALL,65,0.7538461538461538,0.6312714174061591,0.8522769454002582,-0.04615384615384621,0.24615384615384617,1.1726787380413108,0.3814640673890153,55.604430203951324,,robi
1.5,1,1.65,4,0.8,aci,baseline,65,0.7538461538461538,0.6312714174061591,0.8522769454002582,-0.04615384615384621,0.24615384615384617,1.1726787380413108,0.3814640673890153,55.604430203951324,,robi
1.5,1,1.65,4,0.9,marginal,ALL,65,0.8307692307692308,0.7173438415040521,0.9123739451185258,-0.0692307692307692,0.16923076923076924,1.1582442611508819,0.3097716021117065,54.39618673471305,,robi
1.5,1,1.65,4,0.9,marginal,baseline,65,0.8307692307692308,0.7173438415040521,0.9123739451185258,-0.0692307692307692,0.16923076923076924,1.1582442611508819,0.3097716021117065,54.39618673471305,,robi
1.5,1,1.65,4,0.9,adaptive,ALL,65,0.8153846153846154,0.6997163826053059,0.90080033981516,-0.08461538461538465,0.18461538461538463,1.131383617505332,0.2775573554663263,42.41038947870733,,robi
1.5,1,1.65,4,0.9,adaptive,baseline,65,0.8153846153846154,0.6997163826053059,0.90080033981516,-0.08461538461538465,0.18461538461538463,1.131383617505332,0.2775573554663263,42.41038947870733,,robi
1.5,1,1.65,4,0.9,mondrian,ALL,65,0.8307692307692308,0.7173438415040521,0.9123739451185258,-0.0692307692307692,0.16923076923076924,1.151403736141435,0.3014104664070955,55.20726388315054,,robi
1.5,1,1.65,4,0.9,mondrian,baseline,65,0.8307692307692308,0.7173438415040521,0.9123739451185258,-0.0692307692307692,0.16923076923076924,1.151403736141435,0.3014104664070955,55.20726388315054,,robi
1.5,1,1.65,4,0.9,aci,ALL,65,0.8769230769230769,0.7718141059386241,0.945336898398113,-0.023076923076923106,0.12307692307692308,1.276400632509157,0.45398767361288483,55.65945592322716,,robi
1.5,1,1.65,4,0.9,aci,baseline,65,0.8769230769230769,0.7718141059386241,0.945336898398113,-0.023076923076923106,0.12307692307692308,1.276400632509157,0.45398767361288483,55.65945592322716,,robi
1.5,1,1.65,4,0.95,marginal,ALL,65,0.8461538461538461,0.7352164914005872,0.9236784215999996,-0.10384615384615381,0.15384615384615385,1.236689885158855,0.39940449874781153,46.430811260516826,,robi
1.5,1,1.65,4,0.95,marginal,baseline,65,0.8461538461538461,0.7352164914005872,0.9236784215999996,-0.10384615384615381,0.15384615384615385,1.236689885158855,0.39940449874781153,46.430811260516826,,robi
1.5,1,1.65,4,0.95,adaptive,ALL,65,0.8461538461538461,0.7352164914005872,0.9236784215999996,-0.10384615384615381,0.15384615384615385,1.1902825929804481,0.3416963574258097,37.27117791266879,,robi
1.5,1,1.65,4,0.95,adaptive,baseline,65,0.8461538461538461,0.7352164914005872,0.9236784215999996,-0.10384615384615381,0.15384615384615385,1.1902825929804481,0.3416963574258097,37.27117791266879,,robi
1.5,1,1.65,4,0.95,mondrian,ALL,65,0.8461538461538461,0.7352164914005872,0.9236784215999996,-0.10384615384615381,0.15384615384615385,1.2328263296587973,0.3946921926304703,46.79892698786809,,robi
1.5,1,1.65,4,0.95,mondrian,baseline,65,0.8461538461538461,0.7352164914005872,0.9236784215999996,-0.10384615384615381,0.15384615384615385,1.2328263296587973,0.3946921926304703,46.79892698786809,,robi
1.5,1,1.65,4,0.95,aci,ALL,65,0.9384615384615385,0.849866599329491,0.9829800288169797,-0.011538461538461497,0.06153846153846154,1.3920684302326671,0.5397592267986314,56.436849834735554,,robi
1.5,1,1.65,4,0.95,aci,baseline,65,0.9384615384615385,0.849866599329491,0.9829800288169797,-0.011538461538461497,0.06153846153846154,1.3920684302326671,0.5397592267986314,56.436849834735554,,robi
1.5,1,1.65,5,0.8,marginal,ALL,65,0.6153846153846154,0.4864297327772667,0.7334640617045606,-0.18461538461538463,0.38461538461538464,1.0322883010004882,0.24775332057157037,104.76968144343452,,robi
1.5,1,1.65,5,0.8,marginal,baseline,36,0.6111111111111112,0.4346380474484255,0.7685755983378573,-0.18888888888888888,0.3888888888888889,1.016330489978457,0.21657660057489728,114.69834149678552,,robi
1.5,1,1.65,5,0.8,marginal,elevated_risk,29,0.6206896551724138,0.42260464066440123,0.7931313005134929,-0.17931034482758623,0.3793103448275862,1.0527159132035586,0.28585820056750416,92.44444827375746,,robi
1.5,1,1.65,5,0.8,adaptive,ALL,65,0.5692307692307692,0.4404252275411797,0.6915191926404611,-0.23076923076923084,0.4307692307692308,1.0371200690254028,0.2771086963711832,95.21534528284506,,robi
1.5,1,1.65,5,0.8,adaptive,baseline,36,0.5555555555555556,0.3809767940893837,0.7206458080331524,-0.24444444444444446,0.4444444444444444,1.0138837463507704,0.23359292958772562,108.63707215916686,,robi
1.5,1,1.65,5,0.8,adaptive,elevated_risk,29,0.5862068965517241,0.38936279139690627,0.7647597902471015,-0.21379310344827596,0.41379310344827586,1.0668649123480556,0.3283037161164275,78.55389122948006,,robi
1.5,1,1.65,5,0.8,mondrian,ALL,65,0.5846153846153846,0.4556446860075697,0.7056180017502326,-0.2153846153846154,0.4153846153846154,1.0194025474714368,0.24272243661693946,113.01638818359376,,robi
1.5,1,1.65,5,0.8,mondrian,baseline,36,0.6388888888888888,0.46220900016816396,0.7917770529134072,-0.1611111111111112,0.3611111111111111,1.0239157322252062,0.21667621174398094,110.8297410837809,,robi
1.5,1,1.65,5,0.8,mondrian,elevated_risk,29,0.5172413793103449,0.3253149963614565,0.7055144170481589,-0.2827586206896552,0.4827586206896552,1.0136252144886406,0.28265998142214227,115.73084665232693,,robi
1.5,1,1.65,5,0.8,aci,ALL,65,0.7538461538461538,0.6312714174061591,0.8522769454002582,-0.04615384615384621,0.24615384615384617,1.1768346096497437,0.4186128753750348,73.83504723182091,,robi
1.5,1,1.65,5,0.8,aci,baseline,36,0.75,0.5779704154218559,0.8787967058761648,-0.050000000000000044,0.25,1.1700763853892828,0.401349464024635,72.57686258104113,,robi
1.5,1,1.65,5,0.8,aci,elevated_risk,29,0.7586206896551724,0.5645996540114667,0.8970164492273827,-0.04137931034482767,0.2413793103448276,1.185485820281546,0.4397997893050709,75.39693162589236,,robi
1.5,1,1.65,5,0.9,marginal,ALL,65,0.7538461538461538,0.6312714174061591,0.8522769454002582,-0.1461538461538462,0.24615384615384617,1.1040450928626175,0.2886991736640786,80.41373334209739,,robi
1.5,1,1.65,5,0.9,marginal,baseline,36,0.6944444444444444,0.51892936999992,0.8365260153715064,-0.2055555555555556,0.3055555555555556,1.0871188717102107,0.27812252365051443,85.63100997077096,,robi
1.5,1,1.65,5,0.9,marginal,elevated_risk,29,0.8275862068965517,0.642252445585356,0.9415439170273656,-0.07241379310344831,0.1724137931034483,1.125712367984964,0.29971651742820793,73.93711407891637,,robi
1.5,1,1.65,5,0.9,adaptive,ALL,65,0.6461538461538462,0.5176905435113225,0.7608245288484761,-0.25384615384615383,0.35384615384615387,1.0757458175162604,0.2950877184932336,71.5888503020525,,robi
1.5,1,1.65,5,0.9,adaptive,baseline,36,0.6111111111111112,0.4346380474484255,0.7685755983378573,-0.28888888888888886,0.3888888888888889,1.0471909552052059,0.25570838188991457,87.0192665119157,,robi
1.5,1,1.65,5,0.9,adaptive,elevated_risk,29,0.6896551724137931,0.4916766461900099,0.8471540603913684,-0.21034482758620687,0.3103448275862069,1.1122989295312484,0.33840498875688463,52.43385086911886,,robi
1.5,1,1.65,5,0.9,mondrian,ALL,65,0.7538461538461538,0.6312714174061591,0.8522769454002582,-0.1461538461538462,0.24615384615384617,1.104401545882497,0.28918888100057377,80.3630169114333,,robi
1.5,1,1.65,5,0.9,mondrian,baseline,36,0.6944444444444444,0.51892936999992,0.8365260153715064,-0.2055555555555556,0.3055555555555556,1.0871188717102107,0.27812252365051443,85.63100997077096,,robi
1.5,1,1.65,5,0.9,mondrian,elevated_risk,29,0.8275862068965517,0.642252445585356,0.9415439170273656,-0.07241379310344831,0.1724137931034483,1.12652511692467,0.3007163365735523,73.82343932053136,,robi
1.5,1,1.65,5,0.9,aci,ALL,65,0.8769230769230769,0.7718141059386241,0.945336898398113,-0.023076923076923106,0.12307692307692308,1.2475838466305307,0.44275690975018,66.73109434626654,,robi
1.5,1,1.65,5,0.9,aci,baseline,36,0.8888888888888888,0.7393890794891709,0.9688838600549847,-0.011111111111111183,0.1111111111111111,1.2384132412866469,0.399117196094959,54.62171110365128,,robi
1.5,1,1.65,5,0.9,aci,elevated_risk,29,0.8620689655172413,0.6833593905608624,0.9611051687045611,-0.037931034482758696,0.13793103448275862,1.2593231490557584,0.49861574322886276,81.76343216468544,,robi
1.5,1,1.65,5,0.95,marginal,ALL,65,0.8153846153846154,0.6997163826053059,0.90080033981516,-0.13461538461538458,0.18461538461538463,1.1847389220481375,0.36218467331581977,62.903157395582916,,robi
1.5,1,1.65,5,0.95,marginal,baseline,36,0.7777777777777778,0.6084823508426186,0.8988494696550873,-0.17222222222222217,0.2222222222222222,1.16672367894235,0.34107055249349355,61.38111629062228,,robi
1.5,1,1.65,5,0.95,marginal,elevated_risk,29,0.8620689655172413,0.6833593905608624,0.9611051687045611,-0.08793103448275863,0.13793103448275862,1.2078002554228089,0.3858324886368249,64.79258773277546,,robi
1.5,1,1.65,5,0.95,adaptive,ALL,65,0.7692307692307693,0.6481033437257788,0.8647062868093746,-0.18076923076923068,0.23076923076923078,1.12818799419493,0.31218605491117785,49.71096299801243,,robi
1.5,1,1.65,5,0.95,adaptive,baseline,36,0.6944444444444444,0.51892936999992,0.8365260153715064,-0.25555555555555554,0.3055555555555556,1.0924121509014153,0.280694991506526,63.19225935705164,,robi
1.5,1,1.65,5,0.95,adaptive,elevated_risk,29,0.8620689655172413,0.6833593905608624,0.9611051687045611,-0.08793103448275863,0.13793103448275862,1.173984692252627,0.34367711831582964,32.97556062127409,,robi
1.5,1,1.65,5,0.95,mondrian,ALL,65,0.8153846153846154,0.6997163826053059,0.90080033981516,-0.13461538461538458,0.18461538461538463,1.215310999233684,0.40195980378323587,60.37329536790114,,robi
1.5,1,1.65,5,0.95,mondrian,baseline,36,0.7777777777777778,0.6084823508426186,0.8988494696550873,-0.17222222222222217,0.2222222222222222,1.1669700180335951,0.34136701749095744,61.323875418768985,,robi
1.5,1,1.65,5,0.95,mondrian,elevated_risk,29,0.8620689655172413,0.6833593905608624,0.9611051687045611,-0.08793103448275863,0.13793103448275862,1.2771923447457993,0.46982372443058773,59.19326495992727,,robi
1.5,1,1.65,5,0.95,aci,ALL,65,0.9384615384615385,0.849866599329491,0.9829800288169797,-0.011538461538461497,0.06153846153846154,1.3174695675296637,0.48027468403536494,64.59652284123347,,robi
1.5,1,1.65,5,0.95,aci,baseline,36,0.9722222222222222,0.8547107352531468,0.9992969747940952,0.022222222222222254,0.027777777777777776,1.2956171295688335,0.4194135490559873,57.43120489332411,,robi
1.5,1,1.65,5,0.95,aci,elevated_risk,29,0.896551724137931,0.7264848021075772,0.9781362631701463,-0.053448275862068906,0.10344827586206896,1.3454428984419813,0.5622031349691423,73.4914002938106,,robi
1.5,1,1.65,6,0.8,marginal,ALL,65,0.7538461538461538,0.6312714174061591,0.8522769454002582,-0.04615384615384621,0.24615384615384617,1.1324930528996728,0.30549563383795464,59.55534962346005,,robi
1.5,1,1.65,6,0.8,marginal,baseline,65,0.7538461538461538,0.6312714174061591,0.8522769454002582,-0.04615384615384621,0.24615384615384617,1.1324930528996728,0.30549563383795464,59.55534962346005,,robi
1.5,1,1.65,6,0.8,adaptive,ALL,65,0.8,0.6823120281183095,0.8889841651132548,0.0,0.2,1.1566268912012114,0.31011018789392075,42.94728176257809,,robi
1.5,1,1.65,6,0.8,adaptive,baseline,65,0.8,0.6823120281183095,0.8889841651132548,0.0,0.2,1.1566268912012114,0.31011018789392075,42.94728176257809,,robi
1.5,1,1.65,6,0.8,mondrian,ALL,65,0.7846153846153846,0.6651126854524477,0.87694692475782,-0.015384615384615441,0.2153846153846154,1.13419242659261,0.2956579266001927,59.190764671912575,,robi
1.5,1,1.65,6,0.8,mondrian,baseline,65,0.7846153846153846,0.6651126854524477,0.87694692475782,-0.015384615384615441,0.2153846153846154,1.13419242659261,0.2956579266001927,59.190764671912575,,robi
1.5,1,1.65,6,0.8,aci,ALL,65,0.7846153846153846,0.6651126854524477,0.87694692475782,-0.015384615384615441,0.2153846153846154,1.17596998650183,0.37089287639064794,56.09042659348708,,robi
1.5,1,1.65,6,0.8,aci,baseline,65,0.7846153846153846,0.6651126854524477,0.87694692475782,-0.015384615384615441,0.2153846153846154,1.17596998650183,0.37089287639064794,56.09042659348708,,robi
1.5,1,1.65,6,0.9,marginal,ALL,65,0.9076923076923077,0.809834160783301,0.9653663477859001,0.007692307692307665,0.09230769230769231,1.2637639010180022,0.40489192577111144,47.17753160212591,,robi
1.5,1,1.65,6,0.9,marginal,baseline,65,0.9076923076923077,0.809834160783301,0.9653663477859001,0.007692307692307665,0.09230769230769231,1.2637639010180022,0.40489192577111144,47.17753160212591,,robi
1.5,1,1.65,6,0.9,adaptive,ALL,65,0.9384615384615385,0.849866599329491,0.9829800288169797,0.038461538461538436,0.06153846153846154,1.2322292456404158,0.3501083483119265,38.25754945457539,,robi
1.5,1,1.65,6,0.9,adaptive,baseline,65,0.9384615384615385,0.849866599329491,0.9829800288169797,0.038461538461538436,0.06153846153846154,1.2322292456404158,0.3501083483119265,38.25754945457539,,robi
1.5,1,1.65,6,0.9,mondrian,ALL,65,0.9076923076923077,0.809834160783301,0.9653663477859001,0.007692307692307665,0.09230769230769231,1.2637639010180022,0.40489192577111144,47.17753160212591,,robi
1.5,1,1.65,6,0.9,mondrian,baseline,65,0.9076923076923077,0.809834160783301,0.9653663477859001,0.007692307692307665,0.09230769230769231,1.2637639010180022,0.40489192577111144,47.17753160212591,,robi
1.5,1,1.65,6,0.9,aci,ALL,65,0.8923076923076924,0.7906184007420958,0.9555913430791529,-0.007692307692307665,0.1076923076923077,1.2968201176327392,0.4713938295374991,50.51614299128606,,robi
1.5,1,1.65,6,0.9,aci,baseline,65,0.8923076923076924,0.7906184007420958,0.9555913430791529,-0.007692307692307665,0.1076923076923077,1.2968201176327392,0.4713938295374991,50.51614299128606,,robi
1.5,1,1.65,6,0.95,marginal,ALL,65,0.9692307692307692,0.893229679425601,0.9962517377804871,0.019230769230769273,0.03076923076923077,1.3283021826515444,0.4529764167363204,49.47437407508263,,robi
1.5,1,1.65,6,0.95,marginal,baseline,65,0.9692307692307692,0.893229679425601,0.9962517377804871,0.019230769230769273,0.03076923076923077,1.3283021826515444,0.4529764167363204,49.47437407508263,,robi
1.5,1,1.65,6,0.95,adaptive,ALL,65,0.9538461538461539,0.8709887201017411,0.9903789211596614,0.0038461538461539435,0.046153846153846156,1.3118538963879098,0.4401117813534671,47.17584922269973,,robi
1.5,1,1.65,6,0.95,adaptive,baseline,65,0.9538461538461539,0.8709887201017411,0.9903789211596614,0.0038461538461539435,0.046153846153846156,1.3118538963879098,0.4401117813534671,47.17584922269973,,robi
1.5,1,1.65,6,0.95,mondrian,ALL,65,0.9692307692307692,0.893229679425601,0.9962517377804871,0.019230769230769273,0.03076923076923077,1.327872297669767,0.45247198571560104,49.43503910475511,,robi
1.5,1,1.65,6,0.95,mondrian,baseline,65,0.9692307692307692,0.893229679425601,0.9962517377804871,0.019230769230769273,0.03076923076923077,1.327872297669767,0.45247198571560104,49.43503910475511,,robi
1.5,1,1.65,6,0.95,aci,ALL,65,0.9538461538461539,0.8709887201017411,0.9903789211596614,0.0038461538461539435,0.046153846153846156,1.332670435000399,0.4764952024382682,53.508481534517735,,robi
1.5,1,1.65,6,0.95,aci,baseline,65,0.9538461538461539,0.8709887201017411,0.9903789211596614,0.0038461538461539435,0.046153846153846156,1.332670435000399,0.4764952024382682,53.508481534517735,,robi
1.5,1,1.65,7,0.8,marginal,ALL,69,0.7391304347826086,0.6194037887542962,0.837483918692882,-0.0608695652173914,0.2608695652173913,1.0857117852491718,0.27702393091965827,89.66583815864897,,robi
1.5,1,1.65,7,0.8,marginal,baseline,69,0.7391304347826086,0.6194037887542962,0.837483918692882,-0.0608695652173914,0.2608695652173913,1.0857117852491718,0.27702393091965827,89.66583815864897,,robi
1.5,1,1.65,7,0.8,adaptive,ALL,69,0.7391304347826086,0.6194037887542962,0.837483918692882,-0.0608695652173914,0.2608695652173913,1.0993333422301543,0.28450995748448993,65.87807368590849,,robi
1.5,1,1.65,7,0.8,adaptive,baseline,69,0.7391304347826086,0.6194037887542962,0.837483918692882,-0.0608695652173914,0.2608695652173913,1.0993333422301543,0.28450995748448993,65.87807368590849,,robi
1.5,1,1.65,7,0.8,mondrian,ALL,69,0.7391304347826086,0.6194037887542962,0.837483918692882,-0.0608695652173914,0.2608695652173913,1.0845421809236855,0.27551082104489544,89.99109275486157,,robi
1.5,1,1.65,7,0.8,mondrian,baseline,69,0.7391304347826086,0.6194037887542962,0.837483918692882,-0.0608695652173914,0.2608695652173913,1.0845421809236855,0.27551082104489544,89.99109275486157,,robi
1.5,1,1.65,7,0.8,aci,ALL,69,0.7536231884057971,0.6350950883695956,0.8494503460016417,-0.04637681159420293,0.2463768115942029,1.1317649026530434,0.34751621037239594,81.3042510632501,,robi
1.5,1,1.65,7,0.8,aci,baseline,69,0.7536231884057971,0.6350950883695956,0.8494503460016417,-0.04637681159420293,0.2463768115942029,1.1317649026530434,0.34751621037239594,81.3042510632501,,robi
1.5,1,1.65,7,0.9,marginal,ALL,69,0.8405797101449275,0.7326319041235968,0.9176377521745552,-0.05942028985507253,0.15942028985507245,1.183499094882263,0.35985554529228425,71.17032678134198,,robi
1.5,1,1.65,7,0.9,marginal,baseline,69,0.8405797101449275,0.7326319041235968,0.9176377521745552,-0.05942028985507253,0.15942028985507245,1.183499094882263,0.35985554529228425,71.17032678134198,,robi
1.5,1,1.65,7,0.9,adaptive,ALL,69,0.855072463768116,0.7495800532837034,0.9282508601079362,-0.04492753623188406,0.14492753623188406,1.1928985549491,0.35661958816526346,47.41936668107732,,robi
1.5,1,1.65,7,0.9,adaptive,baseline,69,0.855072463768116,0.7495800532837034,0.9282508601079362,-0.04492753623188406,0.14492753623188406,1.1928985549491,0.35661958816526346,47.41936668107732,,robi
1.5,1,1.65,7,0.9,mondrian,ALL,69,0.8405797101449275,0.7326319041235968,0.9176377521745552,-0.05942028985507253,0.15942028985507245,1.1823085061388392,0.35839042008300115,71.30378947382387,,robi
1.5,1,1.65,7,0.9,mondrian,baseline,69,0.8405797101449275,0.7326319041235968,0.9176377521745552,-0.05942028985507253,0.15942028985507245,1.1823085061388392,0.35839042008300115,71.30378947382387,,robi
1.5,1,1.65,7,0.9,aci,ALL,69,0.855072463768116,0.7495800532837034,0.9282508601079362,-0.04492753623188406,0.14492753623188406,1.2641287089708046,0.4650931877097344,61.69017329561538,,robi
1.5,1,1.65,7,0.9,aci,baseline,69,0.855072463768116,0.7495800532837034,0.9282508601079362,-0.04492753623188406,0.14492753623188406,1.2641287089708046,0.4650931877097344,61.69017329561538,,robi
1.5,1,1.65,7,0.95,marginal,ALL,69,0.8695652173913043,0.7667810402051388,0.9385829002598837,-0.08043478260869563,0.13043478260869565,1.2722248946138421,0.454360841313771,62.921811474786274,,robi
1.5,1,1.65,7,0.95,marginal,baseline,69,0.8695652173913043,0.7667810402051388,0.9385829002598837,-0.08043478260869563,0.13043478260869565,1.2722248946138421,0.454360841313771,62.921811474786274,,robi
1.5,1,1.65,7,0.95,adaptive,ALL,69,0.9420289855072463,0.8581710922077147,0.9839808414669067,-0.007971014492753614,0.057971014492753624,1.2904132908837693,0.4386247180792967,47.990432256648305,,robi
1.5,1,1.65,7,0.95,adaptive,baseline,69,0.9420289855072463,0.8581710922077147,0.9839808414669067,-0.007971014492753614,0.057971014492753624,1.2904132908837693,0.4386247180792967,47.990432256648305,,robi
1.5,1,1.65,7,0.95,mondrian,ALL,69,0.855072463768116,0.7495800532837034,0.9282508601079362,-0.09492753623188399,0.14492753623188406,1.2464274620170388,0.4302191638812075,64.69541300898013,,robi
1.5,1,1.65,7,0.95,mondrian,baseline,69,0.855072463768116,0.7495800532837034,0.9282508601079362,-0.09492753623188399,0.14492753623188406,1.2464274620170388,0.4302191638812075,64.69541300898013,,robi
1.5,1,1.65,7,0.95,aci,ALL,69,0.9130434782608695,0.8202792666994535,0.967417085140714,-0.036956521739130443,0.08695652173913043,1.3077031691939098,0.47459605394533494,56.62410296896228,,robi
1.5,1,1.65,7,0.95,aci,baseline,69,0.9130434782608695,0.8202792666994535,0.967417085140714,-0.036956521739130443,0.08695652173913043,1.3077031691939098,0.47459605394533494,56.62410296896228,,robi
3.0,2,3.3,0,0.8,marginal,ALL,65,0.7384615384615385,0.6146062633703777,0.8396712447265423,-0.06153846153846154,0.26153846153846155,1.0824244957049853,0.21130564238391247,84.35291038630558,,robi
3.0,2,3.3,0,0.8,marginal,baseline,65,0.7384615384615385,0.6146062633703777,0.8396712447265423,-0.06153846153846154,0.26153846153846155,1.0824244957049853,0.21130564238391247,84.35291038630558,,robi
3.0,2,3.3,0,0.8,adaptive,ALL,65,0.8,0.6823120281183095,0.8889841651132548,0.0,0.2,1.1415275974457204,0.25854803301147516,65.36479958686023,,robi
3.0,2,3.3,0,0.8,adaptive,baseline,65,0.8,0.6823120281183095,0.8889841651132548,0.0,0.2,1.1415275974457204,0.25854803301147516,65.36479958686023,,robi
3.0,2,3.3,0,0.8,mondrian,ALL,65,0.7384615384615385,0.6146062633703777,0.8396712447265423,-0.06153846153846154,0.26153846153846155,1.0824244957049853,0.21130564238391247,84.35291038630558,,robi
3.0,2,3.3,0,0.8,mondrian,baseline,65,0.7384615384615385,0.6146062633703777,0.8396712447265423,-0.06153846153846154,0.26153846153846155,1.0824244957049853,0.21130564238391247,84.35291038630558,,robi
3.0,2,3.3,0,0.8,aci,ALL,65,0.7692307692307693,0.6481033437257788,0.8647062868093746,-0.03076923076923077,0.23076923076923078,1.1634181365029057,0.3144107698475527,77.15008878737228,,robi
3.0,2,3.3,0,0.8,aci,baseline,65,0.7692307692307693,0.6481033437257788,0.8647062868093746,-0.03076923076923077,0.23076923076923078,1.1634181365029057,0.3144107698475527,77.15008878737228,,robi
3.0,2,3.3,0,0.9,marginal,ALL,65,0.8461538461538461,0.7352164914005872,0.9236784215999996,-0.05384615384615388,0.15384615384615385,1.1720638944068984,0.27952098358231586,69.03092026930587,,robi
3.0,2,3.3,0,0.9,marginal,baseline,65,0.8461538461538461,0.7352164914005872,0.9236784215999996,-0.05384615384615388,0.15384615384615385,1.1720638944068984,0.27952098358231586,69.03092026930587,,robi
3.0,2,3.3,0,0.9,adaptive,ALL,65,0.8615384615384616,0.7533617146788831,0.9346803759921305,-0.038461538461538436,0.13846153846153847,1.2973952445551211,0.4172738496375205,56.80525074974141,,robi
3.0,2,3.3,0,0.9,adaptive,baseline,65,0.8615384615384616,0.7533617146788831,0.9346803759921305,-0.038461538461538436,0.13846153846153847,1.2973952445551211,0.4172738496375205,56.80525074974141,,robi
3.0,2,3.3,0,0.9,mondrian,ALL,65,0.8461538461538461,0.7352164914005872,0.9236784215999996,-0.05384615384615388,0.15384615384615385,1.1720638944068984,0.27952098358231586,69.03092026930587,,robi
3.0,2,3.3,0,0.9,mondrian,baseline,65,0.8461538461538461,0.7352164914005872,0.9236784215999996,-0.05384615384615388,0.15384615384615385,1.1720638944068984,0.27952098358231586,69.03092026930587,,robi
3.0,2,3.3,0,0.9,aci,ALL,65,0.8769230769230769,0.7718141059386241,0.945336898398113,-0.023076923076923106,0.12307692307692308,1.2856658682306217,0.40255157522932816,63.22100600022536,,robi
3.0,2,3.3,0,0.9,aci,baseline,65,0.8769230769230769,0.7718141059386241,0.945336898398113,-0.023076923076923106,0.12307692307692308,1.2856658682306217,0.40255157522932816,63.22100600022536,,robi
3.0,2,3.3,0,0.95,marginal,ALL,65,0.8769230769230769,0.7718141059386241,0.945336898398113,-0.07307692307692304,0.12307692307692308,1.2226014541332115,0.32480209993769,66.05515771014875,,robi
3.0,2,3.3,0,0.95,marginal,baseline,65,0.8769230769230769,0.7718141059386241,0.945336898398113,-0.07307692307692304,0.12307692307692308,1.2226014541332115,0.32480209993769,66.05515771014875,,robi
3.0,2,3.3,0,0.95,adaptive,ALL,65,0.9384615384615385,0.849866599329491,0.9829800288169797,-0.011538461538461497,0.06153846153846154,1.472808365409805,0.581571961852624,73.18053025215619,,robi
3.0,2,3.3,0,0.95,adaptive,baseline,65,0.9384615384615385,0.849866599329491,0.9829800288169797,-0.011538461538461497,0.06153846153846154,1.472808365409805,0.581571961852624,73.18053025215619,,robi
3.0,2,3.3,0,0.95,mondrian,ALL,65,0.8769230769230769,0.7718141059386241,0.945336898398113,-0.07307692307692304,0.12307692307692308,1.2226014541332115,0.32480209993769,66.05515771014875,,robi
3.0,2,3.3,0,0.95,mondrian,baseline,65,0.8769230769230769,0.7718141059386241,0.945336898398113,-0.07307692307692304,0.12307692307692308,1.2226014541332115,0.32480209993769,66.05515771014875,,robi
3.0,2,3.3,0,0.95,aci,ALL,65,0.9384615384615385,0.849866599329491,0.9829800288169797,-0.011538461538461497,0.06153846153846154,1.3863754827044543,0.48173199304922654,66.50238100022534,,robi
3.0,2,3.3,0,0.95,aci,baseline,65,0.9384615384615385,0.849866599329491,0.9829800288169797,-0.011538461538461497,0.06153846153846154,1.3863754827044543,0.48173199304922654,66.50238100022534,,robi
3.0,2,3.3,1,0.8,marginal,ALL,65,0.7846153846153846,0.6651126854524477,0.87694692475782,-0.015384615384615441,0.2153846153846154,1.1295242979125206,0.3246998296223704,84.9468591778095,,robi
3.0,2,3.3,1,0.8,marginal,baseline,50,0.82,0.6856305887143497,0.9142379218903364,0.019999999999999907,0.18,1.1459543382143866,0.31110907808587474,67.74315447387697,,robi
3.0,2,3.3,1,0.8,marginal,elevated_risk,15,0.6666666666666666,0.3838037325411542,0.881758896633119,-0.13333333333333341,0.3333333333333333,1.0784483030610672,0.3804219109220023,142.29254152425133,,robi
3.0,2,3.3,1,0.8,adaptive,ALL,65,0.7692307692307693,0.6481033437257788,0.8647062868093746,-0.03076923076923077,0.23076923076923078,1.1582119990524484,0.36584293752947766,69.01762355204525,,robi
3.0,2,3.3,1,0.8,adaptive,baseline,50,0.8,0.6628168916165122,0.899697762527429,0.0,0.2,1.1792868777410106,0.35974565683256426,50.141363644108544,,robi
3.0,2,3.3,1,0.8,adaptive,elevated_risk,15,0.6666666666666666,0.3838037325411542,0.881758896633119,-0.13333333333333341,0.3333333333333333,1.092696615303223,0.3902320603171307,131.9384899118342,,robi
3.0,2,3.3,1,0.8,mondrian,ALL,65,0.7846153846153846,0.6651126854524477,0.87694692475782,-0.015384615384615441,0.2153846153846154,1.1295242979125206,0.3246998296223704,84.9468591778095,,robi
3.0,2,3.3,1,0.8,mondrian,baseline,50,0.82,0.6856305887143497,0.9142379218903364,0.019999999999999907,0.18,1.1459543382143866,0.31110907808587474,67.74315447387697,,robi
3.0,2,3.3,1,0.8,mondrian,elevated_risk,15,0.6666666666666666,0.3838037325411542,0.881758896633119,-0.13333333333333341,0.3333333333333333,1.0784483030610672,0.3804219109220023,142.29254152425133,,robi
3.0,2,3.3,1,0.8,aci,ALL,65,0.8,0.6823120281183095,0.8889841651132548,0.0,0.2,1.20826824830472,0.45151974603950873,80.7651464515099,,robi
3.0,2,3.3,1,0.8,aci,baseline,50,0.84,0.7088736934048894,0.9282992328167138,0.039999999999999925,0.16,1.2094963655848265,0.40822335635331247,66.18040956420899,,robi
3.0,2,3.3,1,0.8,aci,elevated_risk,15,0.6666666666666666,0.3838037325411542,0.881758896633119,-0.13333333333333341,0.3333333333333333,1.2044504054556915,0.6333645827215331,129.38093607584634,,robi
3.0,2,3.3,1,0.9,marginal,ALL,65,0.8923076923076924,0.7906184007420958,0.9555913430791529,-0.007692307692307665,0.1076923076923077,1.2802270903147623,0.46321256436832553,71.9611657808744,,robi
3.0,2,3.3,1,0.9,marginal,baseline,50,0.92,0.8076572164040372,0.9777720363450703,0.020000000000000018,0.08,1.29917019493318,0.454924547972298,61.316958660888666,,robi
3.0,2,3.3,1,0.9,marginal,elevated_risk,15,0.8,0.519108866193147,0.9566879948941633,-0.09999999999999998,0.2,1.221338743348811,0.4949832938864313,107.4418561808268,,robi
3.0,2,3.3,1,0.9,adaptive,ALL,65,0.8769230769230769,0.7718141059386241,0.945336898398113,-0.023076923076923106,0.12307692307692308,1.2384232714141072,0.41698808210630334,55.834161721647455,,robi
3.0,2,3.3,1,0.9,adaptive,baseline,50,0.92,0.8076572164040372,0.9777720363450703,0.020000000000000018,0.08,1.2644043521727832,0.41385194743388903,41.409097783876994,,robi
3.0,2,3.3,1,0.9,adaptive,elevated_risk,15,0.7333333333333333,0.44899675896302954,0.9221284537089564,-0.16666666666666674,0.26666666666666666,1.157655998620832,0.43010282710003583,103.91770818088233,,robi
3.0,2,3.3,1,0.9,mondrian,ALL,65,0.8923076923076924,0.7906184007420958,0.9555913430791529,-0.007692307692307665,0.1076923076923077,1.2802270903147623,0.46321256436832553,71.9611657808744,,robi
3.0,2,3.3,1,0.9,mondrian,baseline,50,0.92,0.8076572164040372,0.9777720363450703,0.020000000000000018,0.08,1.29917019493318,0.454924547972298,61.316958660888666,,robi
3.0,2,3.3,1,0.9,mondrian,elevated_risk,15,0.8,0.519108866193147,0.9566879948941633,-0.09999999999999998,0.2,1.221338743348811,0.4949832938864313,107.4418561808268,,robi
3.0,2,3.3,1,0.9,aci,ALL,65,0.9076923076923077,0.809834160783301,0.9653663477859001,0.007692307692307665,0.09230769230769231,1.4041818235892183,0.6298288663382269,75.43859024752102,,robi
3.0,2,3.3,1,0.9,aci,baseline,50,0.96,0.8628623743960326,0.9951185665738356,0.05999999999999994,0.04,1.4123523568344631,0.5702530009013291,59.82067532348633,,robi
3.0,2,3.3,1,0.9,aci,elevated_risk,15,0.7333333333333333,0.44899675896302954,0.9221284537089564,-0.16666666666666674,0.26666666666666666,1.3787821224137824,0.8897962791537813,127.49830666097004,,robi
3.0,2,3.3,1,0.95,marginal,ALL,65,0.9230769230769231,0.8295437095110751,0.974551532980957,-0.026923076923076827,0.07692307692307693,1.3666606111900474,0.5499559348074193,71.14379864501953,,robi
3.0,2,3.3,1,0.95,marginal,baseline,50,0.96,0.8628623743960326,0.9951185665738356,0.010000000000000009,0.04,1.387045049400253,0.53732441279088,64.47417969970702,,robi
3.0,2,3.3,1,0.95,marginal,elevated_risk,15,0.8,0.519108866193147,0.9566879948941633,-0.1499999999999999,0.2,1.3032915967539729,0.6004820228735767,93.37586179606123,,robi
3.0,2,3.3,1,0.95,adaptive,ALL,65,0.9692307692307692,0.893229679425601,0.9962517377804871,0.019230769230769273,0.03076923076923077,1.3677912327842774,0.5292463650003358,57.58680812098483,,robi
3.0,2,3.3,1,0.95,adaptive,baseline,50,1.0,0.9288782635358024,1.0,0.050000000000000044,0.0,1.4016852332759668,0.5437952216318505,53.58095394077454,,robi
3.0,2,3.3,1,0.95,adaptive,elevated_risk,15,0.8666666666666667,0.595397303396628,0.9834240865599164,-0.08333333333333326,0.13333333333333333,1.26242510082098,0.473289224109895,70.93965538835242,,robi
3.0,2,3.3,1,0.95,mondrian,ALL,65,0.9230769230769231,0.8295437095110751,0.974551532980957,-0.026923076923076827,0.07692307692307693,1.3666606111900474,0.5499559348074193,71.14379864501953,,robi
3.0,2,3.3,1,0.95,mondrian,baseline,50,0.96,0.8628623743960326,0.9951185665738356,0.010000000000000009,0.04,1.387045049400253,0.53732441279088,64.47417969970702,,robi
3.0,2,3.3,1,0.95,mondrian,elevated_risk,15,0.8,0.519108866193147,0.9566879948941633,-0.1499999999999999,0.2,1.3032915967539729,0.6004820228735767,93.37586179606123,,robi
3.0,2,3.3,1,0.95,aci,ALL,65,0.9384615384615385,0.849866599329491,0.9829800288169797,-0.011538461538461497,0.06153846153846154,1.5640484489647182,0.791163401539208,84.26578392615686,,robi
3.0,2,3.3,1,0.95,aci,baseline,50,0.98,0.8935304542885001,0.9994937720169592,0.030000000000000027,0.02,1.590004963867896,0.7633119784873037,79.10627743530273,,robi
3.0,2,3.3,1,0.95,aci,elevated_risk,15,0.8,0.519108866193147,0.9566879948941633,-0.1499999999999999,0.2,1.483357543939623,0.9048900456678165,101.46413889567056,,robi
3.0,2,3.3,2,0.8,marginal,ALL,65,0.9076923076923077,0.809834160783301,0.9653663477859001,0.10769230769230764,0.09230769230769231,1.2196098711612124,0.322182905757611,47.23716490290715,,robi
3.0,2,3.3,2,0.8,marginal,baseline,37,0.9459459459459459,0.8180508816222507,0.9933854295884712,0.1459459459459459,0.05405405405405406,1.2268306300031582,0.29107699580254065,37.86519470214845,,robi
3.0,2,3.3,2,0.8,marginal,elevated_risk,28,0.8571428571428571,0.6733473306842048,0.9596643692029087,0.05714285714285705,0.14285714285714285,1.2103749006423026,0.36754569110875535,59.62155409676689,,robi
3.0,2,3.3,2,0.8,adaptive,ALL,65,0.9230769230769231,0.8295437095110751,0.974551532980957,0.12307692307692308,0.07692307692307693,1.2158166597796285,0.3118950114571843,39.57509889078707,,robi
3.0,2,3.3,2,0.8,adaptive,baseline,37,0.972972972972973,0.858396904388842,0.9993159689753053,0.17297297297297298,0.02702702702702703,1.2199548093423935,0.270978102850443,26.920430592027365,,robi
3.0,2,3.3,2,0.8,adaptive,elevated_risk,28,0.8571428571428571,0.6733473306842048,0.9596643692029087,0.05714285714285705,0.14285714285714285,1.2105241842861971,0.3732703743672962,56.29733914271954,,robi
3.0,2,3.3,2,0.8,mondrian,ALL,65,0.9076923076923077,0.809834160783301,0.9653663477859001,0.10769230769230764,0.09230769230769231,1.2196098711612124,0.322182905757611,47.23716490290715,,robi
3.0,2,3.3,2,0.8,mondrian,baseline,37,0.9459459459459459,0.8180508816222507,0.9933854295884712,0.1459459459459459,0.05405405405405406,1.2268306300031582,0.29107699580254065,37.86519470214845,,robi
3.0,2,3.3,2,0.8,mondrian,elevated_risk,28,0.8571428571428571,0.6733473306842048,0.9596643692029087,0.05714285714285705,0.14285714285714285,1.2103749006423026,0.36754569110875535,59.62155409676689,,robi
3.0,2,3.3,2,0.8,aci,ALL,65,0.8615384615384616,0.7533617146788831,0.9346803759921305,0.06153846153846154,0.13846153846153847,1.1413338954486145,0.2503231319142421,51.67473890099159,,robi
3.0,2,3.3,2,0.8,aci,baseline,37,0.8648648648648649,0.7122522026894279,0.954628007658006,0.06486486486486487,0.13513513513513514,1.1650310773443262,0.24972240885383865,38.69677238670557,,robi
3.0,2,3.3,2,0.8,aci,elevated_risk,28,0.8571428571428571,0.6733473306842048,0.9596643692029087,0.05714285714285705,0.14285714285714285,1.1110264470240987,0.25112409599478,68.82419465201242,,robi
3.0,2,3.3,2,0.9,marginal,ALL,65,0.9384615384615385,0.849866599329491,0.9829800288169797,0.038461538461538436,0.06153846153846154,1.32092083668321,0.42515659029986513,48.157724740835334,,robi
3.0,2,3.3,2,0.9,marginal,baseline,37,0.972972972972973,0.858396904388842,0.9993159689753053,0.072972972972973,0.02702702702702703,1.3295911857884013,0.39453332746764447,43.06974591229413,,robi
3.0,2,3.3,2,0.9,marginal,elevated_risk,28,0.8928571428571429,0.7177356042846756,0.977334909360941,-0.0071428571428571175,0.10714285714285714,1.3098319165118328,0.46925408877826286,54.88112533569336,,robi
3.0,2,3.3,2,0.9,adaptive,ALL,65,0.9692307692307692,0.893229679425601,0.9962517377804871,0.0692307692307692,0.03076923076923077,1.299150200413976,0.3917539138108095,42.292991879271874,,robi
3.0,2,3.3,2,0.9,adaptive,baseline,37,1.0,0.9051094125850101,1.0,0.09999999999999998,0.0,1.3021478472426786,0.35510127288062365,36.67127591194227,,robi
3.0,2,3.3,2,0.9,adaptive,elevated_risk,28,0.9285714285714286,0.7649652268254092,0.9912295032964729,0.02857142857142858,0.07142857142857142,1.295316367890951,0.4439134412883817,49.72168797895743,,robi
3.0,2,3.3,2,0.9,mondrian,ALL,65,0.9384615384615385,0.849866599329491,0.9829800288169797,0.038461538461538436,0.06153846153846154,1.32092083668321,0.42515659029986513,48.157724740835334,,robi
3.0,2,3.3,2,0.9,mondrian,baseline,37,0.972972972972973,0.858396904388842,0.9993159689753053,0.072972972972973,0.02702702702702703,1.3295911857884013,0.39453332746764447,43.06974591229413,,robi
3.0,2,3.3,2,0.9,mondrian,elevated_risk,28,0.8928571428571429,0.7177356042846756,0.977334909360941,-0.0071428571428571175,0.10714285714285714,1.3098319165118328,0.46925408877826286,54.88112533569336,,robi
3.0,2,3.3,2,0.9,aci,ALL,65,0.9076923076923077,0.809834160783301,0.9653663477859001,0.007692307692307665,0.09230769230769231,1.2432293409124788,0.3568453167916694,50.18126026329627,,robi
3.0,2,3.3,2,0.9,aci,baseline,37,0.9459459459459459,0.8180508816222507,0.9933854295884712,0.04594594594594592,0.05405405405405406,1.2577374006917679,0.3311838173226868,41.13258916906409,,robi
3.0,2,3.3,2,0.9,aci,elevated_risk,28,0.8571428571428571,0.6733473306842048,0.9596643692029087,-0.04285714285714293,0.14285714285714285,1.2246742960368617,0.3942683368506026,62.13843278067451,,robi
3.0,2,3.3,2,0.95,marginal,ALL,65,0.9846153846153847,0.9172369122555336,0.9996105711089028,0.034615384615384714,0.015384615384615385,1.489495073298669,0.592574073132065,60.93190807166466,,robi
3.0,2,3.3,2,0.95,marginal,baseline,37,1.0,0.9051094125850101,1.0,0.050000000000000044,0.0,1.5005774374386867,0.5700428631812102,60.75440712593697,,robi
3.0,2,3.3,2,0.95,marginal,elevated_risk,28,0.9642857142857143,0.8165224024553763,0.999096201244342,0.014285714285714346,0.03571428571428571,1.4753213128459068,0.6234501756573104,61.16646289280483,,robi
3.0,2,3.3,2,0.95,adaptive,ALL,65,0.9692307692307692,0.893229679425601,0.9962517377804871,0.019230769230769273,0.03076923076923077,1.3412821746073158,0.44155923385425105,46.59864799330883,,robi
3.0,2,3.3,2,0.95,adaptive,baseline,37,1.0,0.9051094125850101,1.0,0.050000000000000044,0.0,1.343703203289313,0.40141455728848924,41.71479331943576,,robi
3.0,2,3.3,2,0.95,adaptive,elevated_risk,28,0.9285714285714286,0.7649652268254092,0.9912295032964729,-0.021428571428571352,0.07142857142857142,1.338185806345603,0.4986881966593739,53.052313098069696,,robi
3.0,2,3.3,2,0.95,mondrian,ALL,65,0.9846153846153847,0.9172369122555336,0.9996105711089028,0.034615384615384714,0.015384615384615385,1.4619732531403034,0.5614304935168881,57.5438280498798,,robi
3.0,2,3.3,2,0.95,mondrian,baseline,37,1.0,0.9051094125850101,1.0,0.050000000000000044,0.0,1.4515364986379782,0.5161728876306337,54.80237465523385,,robi
3.0,2,3.3,2,0.95,mondrian,elevated_risk,28,0.9642857142857143,0.8165224024553763,0.999096201244342,0.014285714285714346,0.03571428571428571,1.4753213128459068,0.6234501756573104,61.16646289280483,,robi
3.0,2,3.3,2,0.95,aci,ALL,65,0.9538461538461539,0.8709887201017411,0.9903789211596614,0.0038461538461539435,0.046153846153846156,1.364182663349063,0.4815315471490658,53.58428007624699,,robi
3.0,2,3.3,2,0.95,aci,baseline,37,0.972972972972973,0.858396904388842,0.9993159689753053,0.02297297297297307,0.02702702702702703,1.3643219796455053,0.44154407479039093,49.330627433158256,,robi
3.0,2,3.3,2,0.95,aci,elevated_risk,28,0.9285714285714286,0.7649652268254092,0.9912295032964729,-0.021428571428571352,0.07142857142857142,1.36400448513835,0.5368988165687694,59.20517821175712,,robi
3.0,2,3.3,3,0.8,marginal,ALL,65,0.8769230769230769,0.7718141059386241,0.945336898398113,0.07692307692307687,0.12307692307692308,1.1615449676392346,0.2918697064186051,40.7484333214393,,robi
3.0,2,3.3,3,0.8,marginal,baseline,63,0.873015873015873,0.7650344243043459,0.943548720454697,0.07301587301587298,0.12698412698412698,1.160049493388418,0.29497809826036553,41.10277416410901,,robi
3.0,2,3.3,3,0.8,adaptive,ALL,65,0.8769230769230769,0.7718141059386241,0.945336898398113,0.07692307692307687,0.12307692307692308,1.1655591139287385,0.29473264183179443,38.085777446428835,,robi
3.0,2,3.3,3,0.8,adaptive,baseline,63,0.873015873015873,0.7650344243043459,0.943548720454697,0.07301587301587298,0.12698412698412698,1.1650099438944859,0.29872968285714346,38.45726647656107,,robi
3.0,2,3.3,3,0.8,mondrian,ALL,65,0.8769230769230769,0.7718141059386241,0.945336898398113,0.07692307692307687,0.12307692307692308,1.1607354579045281,0.2908300015733428,40.854668334960934,,robi
3.0,2,3.3,3,0.8,mondrian,baseline,63,0.873015873015873,0.7650344243043459,0.943548720454697,0.07301587301587298,0.12698412698412698,1.1588315232047506,0.29352150634396634,41.164213072761655,,robi
3.0,2,3.3,3,0.8,aci,ALL,65,0.7846153846153846,0.6651126854524477,0.87694692475782,-0.015384615384615441,0.2153846153846154,1.1263716809804694,0.28460861042734514,44.62092787053035,,robi
3.0,2,3.3,3,0.8,aci,baseline,63,0.7777777777777778,0.6553558462956381,0.8728492567468735,-0.022222222222222254,0.2222222222222222,1.1236430133851003,0.2878539933561395,45.104558580186634,,robi
3.0,2,3.3,3,0.9,marginal,ALL,65,0.9384615384615385,0.849866599329491,0.9829800288169797,0.038461538461538436,0.06153846153846154,1.2394650151860962,0.36126271392246573,40.402760549692005,,robi
3.0,2,3.3,3,0.9,marginal,baseline,63,0.9365079365079365,0.8453393226046225,0.9824312067366454,0.03650793650793649,0.06349206349206349,1.2383271762792205,0.3641952168080353,40.430238448854475,,robi
3.0,2,3.3,3,0.9,adaptive,ALL,65,0.9384615384615385,0.849866599329491,0.9829800288169797,0.038461538461538436,0.06153846153846154,1.2252962892209545,0.34251841415540596,36.59264860002804,,robi
3.0,2,3.3,3,0.9,adaptive,baseline,63,0.9365079365079365,0.8453393226046225,0.9824312067366454,0.03650793650793649,0.06349206349206349,1.2258822063285602,0.34687698976173004,36.78399804990885,,robi
3.0,2,3.3,3,0.9,mondrian,ALL,65,0.9384615384615385,0.849866599329491,0.9829800288169797,0.038461538461538436,0.06153846153846154,1.2540199336220215,0.3783248530977832,40.96193860802284,,robi
3.0,2,3.3,3,0.9,mondrian,baseline,63,0.9365079365079365,0.8453393226046225,0.9824312067366454,0.03650793650793649,0.06349206349206349,1.2534290928401963,0.38185066663021777,41.00920369466147,,robi
3.0,2,3.3,3,0.9,aci,ALL,65,0.8923076923076924,0.7906184007420958,0.9555913430791529,-0.007692307692307665,0.1076923076923077,1.2068259897460234,0.3504798738909972,42.82467368727464,,robi
3.0,2,3.3,3,0.9,aci,baseline,63,0.8888888888888888,0.7843757512974721,0.9541433762831292,-0.011111111111111183,0.1111111111111111,1.20450543618743,0.3531917663454231,42.930055469331286,,robi
3.0,2,3.3,3,0.95,marginal,ALL,65,0.9692307692307692,0.893229679425601,0.9962517377804871,0.019230769230769273,0.03076923076923077,1.3434783745836851,0.4689329802913527,47.50004334435097,,robi
3.0,2,3.3,3,0.95,marginal,baseline,63,0.9682539682539683,0.8899806265911197,0.9961320175035812,0.0182539682539683,0.031746031746031744,1.342817933403501,0.4723074257158211,47.331159871419274,,robi
3.0,2,3.3,3,0.95,adaptive,ALL,65,0.9692307692307692,0.893229679425601,0.9962517377804871,0.019230769230769273,0.03076923076923077,1.2904531999724038,0.4057011506704616,40.07991636475384,,robi
3.0,2,3.3,3,0.95,adaptive,baseline,63,0.9682539682539683,0.8899806265911197,0.9961320175035812,0.0182539682539683,0.031746031746031744,1.2922771865273062,0.4109467822502042,40.23719116969531,,robi
3.0,2,3.3,3,0.95,mondrian,ALL,65,0.9692307692307692,0.893229679425601,0.9962517377804871,0.019230769230769273,0.03076923076923077,1.3427638786883394,0.4663567200355926,47.74118464543269,,robi
3.0,2,3.3,3,0.95,mondrian,baseline,63,0.9682539682539683,0.8899806265911197,0.9961320175035812,0.0182539682539683,0.031746031746031744,1.3350925011234738,0.4633463490290011,46.69205301920572,,robi
3.0,2,3.3,3,0.95,aci,ALL,65,0.9538461538461539,0.8709887201017411,0.9903789211596614,0.0038461538461539435,0.046153846153846156,1.3279802231622848,0.47855812257003066,50.388827608548674,,robi
3.0,2,3.3,3,0.95,aci,baseline,63,0.9523809523809523,0.8670815992518495,0.9900700488492667,0.0023809523809523725,0.047619047619047616,1.3267543859849689,0.4823096468275294,50.31165157257565,,robi
3.0,2,3.3,4,0.8,marginal,ALL,65,0.6923076923076923,0.5655271109662937,0.8008931080792977,-0.10769230769230775,0.3076923076923077,1.061891219784174,0.276330881738534,98.54527439058745,,robi
3.0,2,3.3,4,0.8,marginal,baseline,65,0.6923076923076923,0.5655271109662937,0.8008931080792977,-0.10769230769230775,0.3076923076923077,1.061891219784174,0.276330881738534,98.54527439058745,,robi
3.0,2,3.3,4,0.8,adaptive,ALL,65,0.6923076923076923,0.5655271109662937,0.8008931080792977,-0.10769230769230775,0.3076923076923077,1.0619652296158837,0.27647830683765073,95.75260243734284,,robi
3.0,2,3.3,4,0.8,adaptive,baseline,65,0.6923076923076923,0.5655271109662937,0.8008931080792977,-0.10769230769230775,0.3076923076923077,1.0619652296158837,0.27647830683765073,95.75260243734284,,robi
3.0,2,3.3,4,0.8,mondrian,ALL,65,0.6923076923076923,0.5655271109662937,0.8008931080792977,-0.10769230769230775,0.3076923076923077,1.0604544823332207,0.27444505228666227,99.01678754601113,,robi
3.0,2,3.3,4,0.8,mondrian,baseline,65,0.6923076923076923,0.5655271109662937,0.8008931080792977,-0.10769230769230775,0.3076923076923077,1.0604544823332207,0.27444505228666227,99.01678754601113,,robi
3.0,2,3.3,4,0.8,aci,ALL,65,0.7538461538461538,0.6312714174061591,0.8522769454002582,-0.04615384615384621,0.24615384615384617,1.175765985275019,0.43086026609348577,80.44923481633114,,robi
3.0,2,3.3,4,0.8,aci,baseline,65,0.7538461538461538,0.6312714174061591,0.8522769454002582,-0.04615384615384621,0.24615384615384617,1.175765985275019,0.43086026609348577,80.44923481633114,,robi
3.0,2,3.3,4,0.9,marginal,ALL,65,0.7692307692307693,0.6481033437257788,0.8647062868093746,-0.13076923076923075,0.23076923076923078,1.1097908648578672,0.30779477938024224,86.36009311147838,,robi
3.0,2,3.3,4,0.9,marginal,baseline,65,0.7692307692307693,0.6481033437257788,0.8647062868093746,-0.13076923076923075,0.23076923076923078,1.1097908648578672,0.30779477938024224,86.36009311147838,,robi
3.0,2,3.3,4,0.9,adaptive,ALL,65,0.7846153846153846,0.6651126854524477,0.87694692475782,-0.11538461538461542,0.2153846153846154,1.1484681416557097,0.3484396420133924,63.7330730435748,,robi
3.0,2,3.3,4,0.9,adaptive,baseline,65,0.7846153846153846,0.6651126854524477,0.87694692475782,-0.11538461538461542,0.2153846153846154,1.1484681416557097,0.3484396420133924,63.7330730435748,,robi
3.0,2,3.3,4,0.9,mondrian,ALL,65,0.7538461538461538,0.6312714174061591,0.8522769454002582,-0.1461538461538462,0.24615384615384617,1.1063037797791389,0.30963009790031165,87.17362185434193,,robi
3.0,2,3.3,4,0.9,mondrian,baseline,65,0.7538461538461538,0.6312714174061591,0.8522769454002582,-0.1461538461538462,0.24615384615384617,1.1063037797791389,0.30963009790031165,87.17362185434193,,robi
3.0,2,3.3,4,0.9,aci,ALL,65,0.8769230769230769,0.7718141059386241,0.945336898398113,-0.023076923076923106,0.12307692307692308,1.3846519349415496,0.6210431900318981,75.14551243708684,,robi
3.0,2,3.3,4,0.9,aci,baseline,65,0.8769230769230769,0.7718141059386241,0.945336898398113,-0.023076923076923106,0.12307692307692308,1.3846519349415496,0.6210431900318981,75.14551243708684,,robi
3.0,2,3.3,4,0.95,marginal,ALL,65,0.8615384615384616,0.7533617146788831,0.9346803759921305,-0.08846153846153837,0.13846153846153847,1.219537413209127,0.40376140028782953,71.10553924560546,,robi
3.0,2,3.3,4,0.95,marginal,baseline,65,0.8615384615384616,0.7533617146788831,0.9346803759921305,-0.08846153846153837,0.13846153846153847,1.219537413209127,0.40376140028782953,71.10553924560546,,robi
3.0,2,3.3,4,0.95,adaptive,ALL,65,0.8461538461538461,0.7352164914005872,0.9236784215999996,-0.10384615384615381,0.15384615384615385,1.2160607653371855,0.4045961125413441,48.128358569783636,,robi
3.0,2,3.3,4,0.95,adaptive,baseline,65,0.8461538461538461,0.7352164914005872,0.9236784215999996,-0.10384615384615381,0.15384615384615385,1.2160607653371855,0.4045961125413441,48.128358569783636,,robi
3.0,2,3.3,4,0.95,mondrian,ALL,65,0.8615384615384616,0.7533617146788831,0.9346803759921305,-0.08846153846153837,0.13846153846153847,1.219537413209127,0.40376140028782953,71.10553924560546,,robi
3.0,2,3.3,4,0.95,mondrian,baseline,65,0.8615384615384616,0.7533617146788831,0.9346803759921305,-0.08846153846153837,0.13846153846153847,1.219537413209127,0.40376140028782953,71.10553924560546,,robi
3.0,2,3.3,4,0.95,aci,ALL,65,0.9384615384615385,0.849866599329491,0.9829800288169797,-0.011538461538461497,0.06153846153846154,1.4916570170335988,0.6777310174728627,71.53401791616588,,robi
3.0,2,3.3,4,0.95,aci,baseline,65,0.9384615384615385,0.849866599329491,0.9829800288169797,-0.011538461538461497,0.06153846153846154,1.4916570170335988,0.6777310174728627,71.53401791616588,,robi
3.0,2,3.3,5,0.8,marginal,ALL,65,0.5692307692307692,0.4404252275411797,0.6915191926404611,-0.23076923076923084,0.4307692307692308,0.9816576100977048,0.2219018041199164,161.25779790790264,,robi
3.0,2,3.3,5,0.8,marginal,baseline,36,0.5833333333333334,0.40756524089177654,0.7448589516735322,-0.21666666666666667,0.4166666666666667,0.9788880799083484,0.19862052391278356,164.18284915500215,,robi
3.0,2,3.3,5,0.8,marginal,elevated_risk,29,0.5517241379310345,0.3569387108039152,0.735544696293295,-0.24827586206896557,0.4482758620689655,0.9852028888715143,0.2524584843917782,157.6266998080549,,robi
3.0,2,3.3,5,0.8,adaptive,ALL,65,0.5692307692307692,0.4404252275411797,0.6915191926404611,-0.23076923076923084,0.4307692307692308,0.9838670184743683,0.2261033148017343,157.0908876999119,,robi
3.0,2,3.3,5,0.8,adaptive,baseline,36,0.5833333333333334,0.40756524089177654,0.7448589516735322,-0.21666666666666667,0.4166666666666667,0.9781512840627083,0.19899777145565015,163.29741642359295,,robi
3.0,2,3.3,5,0.8,adaptive,elevated_risk,29,0.5517241379310345,0.3569387108039152,0.735544696293295,-0.24827586206896557,0.4482758620689655,0.9911837366543204,0.26167934044346985,149.3862313532733,,robi
3.0,2,3.3,5,0.8,mondrian,ALL,65,0.5692307692307692,0.4404252275411797,0.6915191926404611,-0.23076923076923084,0.4307692307692308,0.9770128374051951,0.2152869950642683,164.48568927471453,,robi
3.0,2,3.3,5,0.8,mondrian,baseline,36,0.6111111111111112,0.4346380474484255,0.7685755983378573,-0.18888888888888888,0.3888888888888889,0.9838765271305355,0.19602234411106478,161.50990810818138,,robi
3.0,2,3.3,5,0.8,mondrian,elevated_risk,29,0.5172413793103449,0.3253149963614565,0.7055144170481589,-0.2827586206896552,0.4827586206896552,0.9682266203107655,0.24354181646230008,168.17976244696254,,robi
3.0,2,3.3,5,0.8,aci,ALL,65,0.7384615384615385,0.6146062633703777,0.8396712447265423,-0.06153846153846154,0.26153846153846155,1.18870576296206,0.4887408367655787,102.22567961237979,,robi
3.0,2,3.3,5,0.8,aci,baseline,36,0.7777777777777778,0.6084823508426186,0.8988494696550873,-0.022222222222222254,0.2222222222222222,1.1583439444565524,0.3541710140510558,72.60115492078994,,robi
3.0,2,3.3,5,0.8,aci,elevated_risk,29,0.6896551724137931,0.4916766461900099,0.8471540603913684,-0.1103448275862069,0.3103448275862069,1.2275719616752965,0.6771385885659111,139.00095164331898,,robi
3.0,2,3.3,5,0.9,marginal,ALL,65,0.6923076923076923,0.5655271109662937,0.8008931080792977,-0.20769230769230773,0.3076923076923077,1.0540334364539927,0.2725315259542672,130.0961557851938,,robi
3.0,2,3.3,5,0.9,marginal,baseline,36,0.6388888888888888,0.46220900016816396,0.7917770529134072,-0.2611111111111112,0.3611111111111111,1.0502871418132327,0.2718271238826246,128.57915053473573,,robi
3.0,2,3.3,5,0.9,marginal,elevated_risk,29,0.7586206896551724,0.5645996540114667,0.8970164492273827,-0.14137931034482765,0.2413793103448276,1.0588290725230154,0.27326794630189366,131.9793347167968,,robi
3.0,2,3.3,5,0.9,adaptive,ALL,65,0.7230769230769231,0.5980988186506566,0.8268996405978063,-0.17692307692307696,0.27692307692307694,1.061978662324997,0.27052820167421465,115.0683543210019,,robi
3.0,2,3.3,5,0.9,adaptive,baseline,36,0.6666666666666666,0.49029745334810887,0.8144381901740787,-0.2333333333333334,0.3333333333333333,1.049682586751609,0.26094109380920566,122.64572824898124,,robi
3.0,2,3.3,5,0.9,adaptive,elevated_risk,29,0.7931034482758621,0.6027530507727605,0.9200581511239199,-0.10689655172413792,0.20689655172413793,1.0777188827779185,0.28053214031596313,105.661959100062,,robi
3.0,2,3.3,5,0.9,mondrian,ALL,65,0.7076923076923077,0.5817413241612236,0.8139710481632012,-0.1923076923076923,0.2923076923076923,1.0557785908108719,0.26657817147205615,128.2813256976788,,robi
3.0,2,3.3,5,0.9,mondrian,baseline,36,0.6944444444444444,0.51892936999992,0.8365260153715064,-0.2055555555555556,0.3055555555555556,1.0783161762954894,0.28499212042760363,117.43040555318197,,robi
3.0,2,3.3,5,0.9,mondrian,elevated_risk,29,0.7241379310344828,0.5276155175699662,0.8726598858977699,-0.17586206896551726,0.27586206896551724,1.0269282017670536,0.24465680366783302,141.75143346326107,,robi
3.0,2,3.3,5,0.9,aci,ALL,65,0.8615384615384616,0.7533617146788831,0.9346803759921305,-0.038461538461538436,0.13846153846153847,1.3829093132013717,0.6391023049405874,86.2461896503155,,robi
3.0,2,3.3,5,0.9,aci,baseline,36,0.8888888888888888,0.7393890794891709,0.9688838600549847,-0.011111111111111183,0.1111111111111111,1.368880516880939,0.5589528750071185,70.62353423224558,,robi
3.0,2,3.3,5,0.9,aci,elevated_risk,29,0.8275862068965517,0.642252445585356,0.9415439170273656,-0.07241379310344831,0.1724137931034483,1.4008675914711184,0.7459682115185458,105.63983085895406,,robi
3.0,2,3.3,5,0.95,marginal,ALL,65,0.8307692307692308,0.7173438415040521,0.9123739451185258,-0.11923076923076914,0.16923076923076924,1.1639736730129986,0.3520803308546344,101.5180563307542,,robi
3.0,2,3.3,5,0.95,marginal,baseline,36,0.8055555555555556,0.6397519838249746,0.9180563602347911,-0.14444444444444438,0.19444444444444445,1.1587436548659786,0.33648404402598087,93.33121605767143,,robi
3.0,2,3.3,5,0.95,marginal,elevated_risk,29,0.8620689655172413,0.6833593905608624,0.9611051687045611,-0.08793103448275863,0.13793103448275862,1.1706686252451592,0.37017202357587253,111.68103046285692,,robi
3.0,2,3.3,5,0.95,adaptive,ALL,65,0.7538461538461538,0.6312714174061591,0.8522769454002582,-0.19615384615384612,0.24615384615384617,1.1493400934379423,0.3685829484498894,83.28871098504689,,robi
3.0,2,3.3,5,0.95,adaptive,baseline,36,0.6944444444444444,0.51892936999992,0.8365260153715064,-0.25555555555555554,0.3055555555555556,1.1296844490120623,0.35278349786273916,88.90863816155219,,robi
3.0,2,3.3,5,0.95,adaptive,elevated_risk,29,0.8275862068965517,0.642252445585356,0.9415439170273656,-0.12241379310344824,0.1724137931034483,1.1745013064250491,0.3850407094781709,76.31224966248861,,robi
3.0,2,3.3,5,0.95,mondrian,ALL,65,0.8,0.6823120281183095,0.8889841651132548,-0.1499999999999999,0.2,1.1479983138582484,0.34358458614355236,103.28214797738882,,robi
3.0,2,3.3,5,0.95,mondrian,baseline,36,0.8333333333333334,0.671884067957082,0.9362798663916143,-0.11666666666666659,0.16666666666666666,1.1802270096764658,0.35039182535183316,90.13110217624238,,robi
3.0,2,3.3,5,0.95,mondrian,elevated_risk,29,0.7586206896551724,0.5645996540114667,0.8970164492273827,-0.19137931034482758,0.2413793103448276,1.1067423233545162,0.3343019872231696,119.60758414432921,,robi
3.0,2,3.3,5,0.95,aci,ALL,65,0.9384615384615385,0.849866599329491,0.9829800288169797,-0.011538461538461497,0.06153846153846154,1.5126130514595617,0.7161524456214626,93.40903618915263,,robi
3.0,2,3.3,5,0.95,aci,baseline,36,1.0,0.902606244085508,1.0,0.050000000000000044,0.0,1.5200677669800375,0.6452704226454383,83.66272382100423,,robi
3.0,2,3.3,5,0.95,aci,elevated_risk,29,0.8620689655172413,0.6833593905608624,0.9611051687045611,-0.08793103448275863,0.13793103448275862,1.5030702615664957,0.8182225587069373,105.50790671512996,,robi
3.0,2,3.3,6,0.8,marginal,ALL,65,0.7692307692307693,0.6481033437257788,0.8647062868093746,-0.03076923076923077,0.23076923076923078,1.151404834950182,0.35917263736175725,82.96513641826924,,robi
3.0,2,3.3,6,0.8,marginal,baseline,65,0.7692307692307693,0.6481033437257788,0.8647062868093746,-0.03076923076923077,0.23076923076923078,1.151404834950182,0.35917263736175725,82.96513641826924,,robi
3.0,2,3.3,6,0.8,adaptive,ALL,65,0.8,0.6823120281183095,0.8889841651132548,0.0,0.2,1.1892819162961592,0.377976152287164,58.909477436054146,,robi
3.0,2,3.3,6,0.8,adaptive,baseline,65,0.8,0.6823120281183095,0.8889841651132548,0.0,0.2,1.1892819162961592,0.377976152287164,58.909477436054146,,robi
3.0,2,3.3,6,0.8,mondrian,ALL,65,0.7692307692307693,0.6481033437257788,0.8647062868093746,-0.03076923076923077,0.23076923076923078,1.1588012183366456,0.3686613779322366,81.39123505108174,,robi
3.0,2,3.3,6,0.8,mondrian,baseline,65,0.7692307692307693,0.6481033437257788,0.8647062868093746,-0.03076923076923077,0.23076923076923078,1.1588012183366456,0.3686613779322366,81.39123505108174,,robi
3.0,2,3.3,6,0.8,aci,ALL,65,0.8,0.6823120281183095,0.8889841651132548,0.0,0.2,1.1956463573868557,0.4241973239245174,80.53701815091648,,robi
3.0,2,3.3,6,0.8,aci,baseline,65,0.8,0.6823120281183095,0.8889841651132548,0.0,0.2,1.1956463573868557,0.4241973239245174,80.53701815091648,,robi
3.0,2,3.3,6,0.9,marginal,ALL,65,0.8615384615384616,0.7533617146788831,0.9346803759921305,-0.038461538461538436,0.13846153846153847,1.2642461521872048,0.4551670486469045,67.63658924748349,,robi
3.0,2,3.3,6,0.9,marginal,baseline,65,0.8615384615384616,0.7533617146788831,0.9346803759921305,-0.038461538461538436,0.13846153846153847,1.2642461521872048,0.4551670486469045,67.63658924748349,,robi
3.0,2,3.3,6,0.9,adaptive,ALL,65,0.9538461538461539,0.8709887201017411,0.9903789211596614,0.05384615384615388,0.046153846153846156,1.3355285992753292,0.48088498151899933,58.8996711600171,,robi
3.0,2,3.3,6,0.9,adaptive,baseline,65,0.9538461538461539,0.8709887201017411,0.9903789211596614,0.05384615384615388,0.046153846153846156,1.3355285992753292,0.48088498151899933,58.8996711600171,,robi
3.0,2,3.3,6,0.9,mondrian,ALL,65,0.8615384615384616,0.7533617146788831,0.9346803759921305,-0.038461538461538436,0.13846153846153847,1.2813467679513155,0.4762086915286227,66.39936402775692,,robi
3.0,2,3.3,6,0.9,mondrian,baseline,65,0.8615384615384616,0.7533617146788831,0.9346803759921305,-0.038461538461538436,0.13846153846153847,1.2813467679513155,0.4762086915286227,66.39936402775692,,robi
3.0,2,3.3,6,0.9,aci,ALL,65,0.9076923076923077,0.809834160783301,0.9653663477859001,0.007692307692307665,0.09230769230769231,1.3391437944721372,0.5428485537286643,69.88386454890326,,robi
3.0,2,3.3,6,0.9,aci,baseline,65,0.9076923076923077,0.809834160783301,0.9653663477859001,0.007692307692307665,0.09230769230769231,1.3391437944721372,0.5428485537286643,69.88386454890326,,robi
3.0,2,3.3,6,0.95,marginal,ALL,65,0.9538461538461539,0.8709887201017411,0.9903789211596614,0.0038461538461539435,0.046153846153846156,1.4205131071327317,0.5901827327236344,67.54518746713491,,robi
3.0,2,3.3,6,0.95,marginal,baseline,65,0.9538461538461539,0.8709887201017411,0.9903789211596614,0.0038461538461539435,0.046153846153846156,1.4205131071327317,0.5901827327236344,67.54518746713491,,robi
3.0,2,3.3,6,0.95,adaptive,ALL,65,0.9692307692307692,0.893229679425601,0.9962517377804871,0.019230769230769273,0.03076923076923077,1.6371951962712357,0.8226226836585131,92.70127332637041,,robi
3.0,2,3.3,6,0.95,adaptive,baseline,65,0.9692307692307692,0.893229679425601,0.9962517377804871,0.019230769230769273,0.03076923076923077,1.6371951962712357,0.8226226836585131,92.70127332637041,,robi
3.0,2,3.3,6,0.95,mondrian,ALL,65,0.9384615384615385,0.849866599329491,0.9829800288169797,-0.011538461538461497,0.06153846153846154,1.395828361224572,0.5703417230724712,66.0264541719877,,robi
3.0,2,3.3,6,0.95,mondrian,baseline,65,0.9384615384615385,0.849866599329491,0.9829800288169797,-0.011538461538461497,0.06153846153846154,1.395828361224572,0.5703417230724712,66.0264541719877,,robi
3.0,2,3.3,6,0.95,aci,ALL,65,0.9538461538461539,0.8709887201017411,0.9903789211596614,0.0038461538461539435,0.046153846153846156,1.5731941352777337,0.7854415522213004,86.98444319035455,,robi
3.0,2,3.3,6,0.95,aci,baseline,65,0.9538461538461539,0.8709887201017411,0.9903789211596614,0.0038461538461539435,0.046153846153846156,1.5731941352777337,0.7854415522213004,86.98444319035455,,robi
3.0,2,3.3,7,0.8,marginal,ALL,69,0.7246376811594203,0.6038491912829196,0.8253740473515698,-0.07536231884057976,0.2753623188405797,1.0928115224172583,0.3298613077345696,114.82035849750906,,robi
3.0,2,3.3,7,0.8,marginal,baseline,69,0.7246376811594203,0.6038491912829196,0.8253740473515698,-0.07536231884057976,0.2753623188405797,1.0928115224172583,0.3298613077345696,114.82035849750906,,robi
3.0,2,3.3,7,0.8,adaptive,ALL,69,0.7246376811594203,0.6038491912829196,0.8253740473515698,-0.07536231884057976,0.2753623188405797,1.1323657603228292,0.3804457519002048,95.0407263099865,,robi
3.0,2,3.3,7,0.8,adaptive,baseline,69,0.7246376811594203,0.6038491912829196,0.8253740473515698,-0.07536231884057976,0.2753623188405797,1.1323657603228292,0.3804457519002048,95.0407263099865,,robi
3.0,2,3.3,7,0.8,mondrian,ALL,69,0.6956521739130435,0.5731252964405923,0.8007522526923593,-0.10434782608695659,0.30434782608695654,1.0795443785815648,0.32583601962385456,119.19305243008381,,robi
3.0,2,3.3,7,0.8,mondrian,baseline,69,0.6956521739130435,0.5731252964405923,0.8007522526923593,-0.10434782608695659,0.30434782608695654,1.0795443785815648,0.32583601962385456,119.19305243008381,,robi
3.0,2,3.3,7,0.8,aci,ALL,69,0.7536231884057971,0.6350950883695956,0.8494503460016417,-0.04637681159420293,0.2463768115942029,1.170330028993776,0.4433970152806675,99.47640964673913,,robi
3.0,2,3.3,7,0.8,aci,baseline,69,0.7536231884057971,0.6350950883695956,0.8494503460016417,-0.04637681159420293,0.2463768115942029,1.170330028993776,0.4433970152806675,99.47640964673913,,robi
3.0,2,3.3,7,0.9,marginal,ALL,69,0.8115942028985508,0.6993957718572987,0.8956878309626577,-0.08840579710144925,0.18840579710144928,1.2088347261921877,0.4369981390586578,92.09448478809304,,robi
3.0,2,3.3,7,0.9,marginal,baseline,69,0.8115942028985508,0.6993957718572987,0.8956878309626577,-0.08840579710144925,0.18840579710144928,1.2088347261921877,0.4369981390586578,92.09448478809304,,robi
3.0,2,3.3,7,0.9,adaptive,ALL,69,0.8260869565217391,0.7159107617451628,0.906775057204208,-0.07391304347826089,0.17391304347826086,1.269255372567274,0.5007331822998586,66.79259554392614,,robi
3.0,2,3.3,7,0.9,adaptive,baseline,69,0.8260869565217391,0.7159107617451628,0.906775057204208,-0.07391304347826089,0.17391304347826086,1.269255372567274,0.5007331822998586,66.79259554392614,,robi
3.0,2,3.3,7,0.9,mondrian,ALL,69,0.8115942028985508,0.6993957718572987,0.8956878309626577,-0.08840579710144925,0.18840579710144928,1.2075689296067218,0.4354172799307934,92.29640993422356,,robi
3.0,2,3.3,7,0.9,mondrian,baseline,69,0.8115942028985508,0.6993957718572987,0.8956878309626577,-0.08840579710144925,0.18840579710144928,1.2075689296067218,0.4354172799307934,92.29640993422356,,robi
3.0,2,3.3,7,0.9,aci,ALL,69,0.8695652173913043,0.7667810402051388,0.9385829002598837,-0.0304347826086957,0.13043478260869565,1.323212862771136,0.5682033970785678,82.87362194116565,,robi
3.0,2,3.3,7,0.9,aci,baseline,69,0.8695652173913043,0.7667810402051388,0.9385829002598837,-0.0304347826086957,0.13043478260869565,1.323212862771136,0.5682033970785678,82.87362194116565,,robi
3.0,2,3.3,7,0.95,marginal,ALL,69,0.8840579710144928,0.784267477451807,0.9485934402224253,-0.06594202898550716,0.11594202898550725,1.3817983171210675,0.6048725164751719,75.17801519421565,,robi
3.0,2,3.3,7,0.95,marginal,baseline,69,0.8840579710144928,0.784267477451807,0.9485934402224253,-0.06594202898550716,0.11594202898550725,1.3817983171210675,0.6048725164751719,75.17801519421565,,robi
3.0,2,3.3,7,0.95,adaptive,ALL,69,0.9565217391304348,0.8781528506343763,0.990942392641185,0.006521739130434856,0.043478260869565216,1.3994046718282755,0.5825591312101238,66.27279752967546,,robi
3.0,2,3.3,7,0.95,adaptive,baseline,69,0.9565217391304348,0.8781528506343763,0.990942392641185,0.006521739130434856,0.043478260869565216,1.3994046718282755,0.5825591312101238,66.27279752967546,,robi
3.0,2,3.3,7,0.95,mondrian,ALL,69,0.8840579710144928,0.784267477451807,0.9485934402224253,-0.06594202898550716,0.11594202898550725,1.3613849962301143,0.580232629960387,76.01412252232647,,robi
3.0,2,3.3,7,0.95,mondrian,baseline,69,0.8840579710144928,0.784267477451807,0.9485934402224253,-0.06594202898550716,0.11594202898550725,1.3613849962301143,0.580232629960387,76.01412252232647,,robi
3.0,2,3.3,7,0.95,aci,ALL,69,0.927536231884058,0.838938259726387,0.9760533790312954,-0.022463768115941973,0.07246376811594203,1.5213819459792344,0.7655108661202537,82.75040768830672,,robi
3.0,2,3.3,7,0.95,aci,baseline,69,0.927536231884058,0.838938259726387,0.9760533790312954,-0.022463768115941973,0.07246376811594203,1.5213819459792344,0.7655108661202537,82.75040768830672,,robi
6.0,4,6.6,0,0.8,marginal,ALL,65,0.8,0.6823120281183095,0.8889841651132548,0.0,0.2,1.1000043705028992,0.18400822008115753,56.06850690166767,,robi
6.0,4,6.6,0,0.8,marginal,baseline,65,0.8,0.6823120281183095,0.8889841651132548,0.0,0.2,1.1000043705028992,0.18400822008115753,56.06850690166767,,robi
6.0,4,6.6,0,0.8,adaptive,ALL,65,0.7230769230769231,0.5980988186506566,0.8268996405978063,-0.07692307692307698,0.27692307692307694,1.0712775392151548,0.17241336225582898,61.7374754669499,,robi
6.0,4,6.6,0,0.8,adaptive,baseline,65,0.7230769230769231,0.5980988186506566,0.8268996405978063,-0.07692307692307698,0.27692307692307694,1.0712775392151548,0.17241336225582898,61.7374754669499,,robi
6.0,4,6.6,0,0.8,mondrian,ALL,65,0.8,0.6823120281183095,0.8889841651132548,0.0,0.2,1.1000043705028992,0.18400822008115753,56.06850690166767,,robi
6.0,4,6.6,0,0.8,mondrian,baseline,65,0.8,0.6823120281183095,0.8889841651132548,0.0,0.2,1.1000043705028992,0.18400822008115753,56.06850690166767,,robi
6.0,4,6.6,0,0.8,aci,ALL,65,0.7846153846153846,0.6651126854524477,0.87694692475782,-0.015384615384615441,0.2153846153846154,1.149209558250995,0.25466740874053256,52.76517845740685,,robi
6.0,4,6.6,0,0.8,aci,baseline,65,0.7846153846153846,0.6651126854524477,0.87694692475782,-0.015384615384615441,0.2153846153846154,1.149209558250995,0.25466740874053256,52.76517845740685,,robi
6.0,4,6.6,0,0.9,marginal,ALL,65,0.8461538461538461,0.7352164914005872,0.9236784215999996,-0.05384615384615388,0.15384615384615385,1.1443804375421143,0.22226128991516242,50.54592377647986,,robi
6.0,4,6.6,0,0.9,marginal,baseline,65,0.8461538461538461,0.7352164914005872,0.9236784215999996,-0.05384615384615388,0.15384615384615385,1.1443804375421143,0.22226128991516242,50.54592377647986,,robi
6.0,4,6.6,0,0.9,adaptive,ALL,65,0.8,0.6823120281183095,0.8889841651132548,-0.09999999999999998,0.2,1.108208816825407,0.1999051563880106,51.96685068186821,,robi
6.0,4,6.6,0,0.9,adaptive,baseline,65,0.8,0.6823120281183095,0.8889841651132548,-0.09999999999999998,0.2,1.108208816825407,0.1999051563880106,51.96685068186821,,robi
6.0,4,6.6,0,0.9,mondrian,ALL,65,0.8461538461538461,0.7352164914005872,0.9236784215999996,-0.05384615384615388,0.15384615384615385,1.1443804375421143,0.22226128991516242,50.54592377647986,,robi
6.0,4,6.6,0,0.9,mondrian,baseline,65,0.8461538461538461,0.7352164914005872,0.9236784215999996,-0.05384615384615388,0.15384615384615385,1.1443804375421143,0.22226128991516242,50.54592377647986,,robi
6.0,4,6.6,0,0.9,aci,ALL,65,0.8769230769230769,0.7718141059386241,0.945336898398113,-0.023076923076923106,0.12307692307692308,1.2472393083764028,0.3430706332724122,55.50003504826472,,robi
6.0,4,6.6,0,0.9,aci,baseline,65,0.8769230769230769,0.7718141059386241,0.945336898398113,-0.023076923076923106,0.12307692307692308,1.2472393083764028,0.3430706332724122,55.50003504826472,,robi
6.0,4,6.6,0,0.95,marginal,ALL,65,0.8615384615384616,0.7533617146788831,0.9346803759921305,-0.08846153846153837,0.13846153846153847,1.171249849245607,0.2474923688580077,48.02954831167367,,robi
6.0,4,6.6,0,0.95,marginal,baseline,65,0.8615384615384616,0.7533617146788831,0.9346803759921305,-0.08846153846153837,0.13846153846153847,1.171249849245607,0.2474923688580077,48.02954831167367,,robi
6.0,4,6.6,0,0.95,adaptive,ALL,65,0.9076923076923077,0.809834160783301,0.9653663477859001,-0.04230769230769227,0.09230769230769231,1.180974791103127,0.2608463588351539,46.52407119865352,,robi
6.0,4,6.6,0,0.95,adaptive,baseline,65,0.9076923076923077,0.809834160783301,0.9653663477859001,-0.04230769230769227,0.09230769230769231,1.180974791103127,0.2608463588351539,46.52407119865352,,robi
6.0,4,6.6,0,0.95,mondrian,ALL,65,0.8615384615384616,0.7533617146788831,0.9346803759921305,-0.08846153846153837,0.13846153846153847,1.171249849245607,0.2474923688580077,48.02954831167367,,robi
6.0,4,6.6,0,0.95,mondrian,baseline,65,0.8615384615384616,0.7533617146788831,0.9346803759921305,-0.08846153846153837,0.13846153846153847,1.171249849245607,0.2474923688580077,48.02954831167367,,robi
6.0,4,6.6,0,0.95,aci,ALL,65,0.9230769230769231,0.8295437095110751,0.974551532980957,-0.026923076923076827,0.07692307692307693,1.2872925470302339,0.3625315384083745,51.8161825420673,,robi
6.0,4,6.6,0,0.95,aci,baseline,65,0.9230769230769231,0.8295437095110751,0.974551532980957,-0.026923076923076827,0.07692307692307693,1.2872925470302339,0.3625315384083745,51.8161825420673,,robi
6.0,4,6.6,1,0.8,marginal,ALL,65,0.8307692307692308,0.7173438415040521,0.9123739451185258,0.03076923076923077,0.16923076923076924,1.2144815347957651,0.4282573024777823,64.7144660597581,,robi
6.0,4,6.6,1,0.8,marginal,baseline,50,0.86,0.7326039975029917,0.9418082996596279,0.05999999999999994,0.14,1.2540443715770198,0.46446509662121926,56.25130689697264,,robi
6.0,4,6.6,1,0.8,marginal,elevated_risk,15,0.7333333333333333,0.44899675896302954,0.9221284537089564,-0.06666666666666676,0.26666666666666666,1.0953224246707642,0.2867177435534383,92.92499660237627,,robi
6.0,4,6.6,1,0.8,adaptive,ALL,65,0.8307692307692308,0.7173438415040521,0.9123739451185258,0.03076923076923077,0.16923076923076924,1.2289480996427251,0.45558269375865834,64.31956651132373,,robi
6.0,4,6.6,1,0.8,adaptive,baseline,50,0.86,0.7326039975029917,0.9418082996596279,0.05999999999999994,0.14,1.2678355886058745,0.48969719022570873,55.592959406210554,,robi
6.0,4,6.6,1,0.8,adaptive,elevated_risk,15,0.7333333333333333,0.44899675896302954,0.9221284537089564,-0.06666666666666676,0.26666666666666666,1.1118230662315671,0.32222602575109754,93.408256861701,,robi
6.0,4,6.6,1,0.8,mondrian,ALL,65,0.8307692307692308,0.7173438415040521,0.9123739451185258,0.03076923076923077,0.16923076923076924,1.2144815347957651,0.4282573024777823,64.7144660597581,,robi
6.0,4,6.6,1,0.8,mondrian,baseline,50,0.86,0.7326039975029917,0.9418082996596279,0.05999999999999994,0.14,1.2540443715770198,0.46446509662121926,56.25130689697264,,robi
6.0,4,6.6,1,0.8,mondrian,elevated_risk,15,0.7333333333333333,0.44899675896302954,0.9221284537089564,-0.06666666666666676,0.26666666666666666,1.0953224246707642,0.2867177435534383,92.92499660237627,,robi
6.0,4,6.6,1,0.8,aci,ALL,65,0.8307692307692308,0.7173438415040521,0.9123739451185258,0.03076923076923077,0.16923076923076924,1.2559008650048409,0.49723721997443177,63.03860948298529,,robi
6.0,4,6.6,1,0.8,aci,baseline,50,0.86,0.7326039975029917,0.9418082996596279,0.05999999999999994,0.14,1.2802109559579717,0.5047211311135679,55.46239429321288,,robi
6.0,4,6.6,1,0.8,aci,elevated_risk,15,0.7333333333333333,0.44899675896302954,0.9221284537089564,-0.06666666666666676,0.26666666666666666,1.1826814237132737,0.4679819309759909,88.29266011555993,,robi
6.0,4,6.6,1,0.9,marginal,ALL,65,0.8769230769230769,0.7718141059386241,0.945336898398113,-0.023076923076923106,0.12307692307692308,1.2828902421056696,0.48842021985680933,59.96226864858775,,robi
6.0,4,6.6,1,0.9,marginal,baseline,50,0.9,0.7818646335657977,0.9667249064109775,0.0,0.1,1.3241378741486134,0.5272516058185113,54.13909982299805,,robi
6.0,4,6.6,1,0.9,marginal,elevated_risk,15,0.8,0.519108866193147,0.9566879948941633,-0.09999999999999998,0.2,1.1586567055628738,0.3428025225004276,79.37283140055342,,robi
6.0,4,6.6,1,0.9,adaptive,ALL,65,0.9076923076923077,0.809834160783301,0.9653663477859001,0.007692307692307665,0.09230769230769231,1.3662436714991468,0.5955367854215909,61.93080724637946,,robi
6.0,4,6.6,1,0.9,adaptive,baseline,50,0.94,0.8345180533962272,0.9874514121646659,0.039999999999999925,0.06,1.4067613727773036,0.6252101773790523,60.555220650992666,,robi
6.0,4,6.6,1,0.9,adaptive,elevated_risk,15,0.8,0.519108866193147,0.9566879948941633,-0.09999999999999998,0.2,1.2442086097741651,0.4793160002548676,66.51609589766875,,robi
6.0,4,6.6,1,0.9,mondrian,ALL,65,0.8769230769230769,0.7718141059386241,0.945336898398113,-0.023076923076923106,0.12307692307692308,1.2828902421056696,0.48842021985680933,59.96226864858775,,robi
6.0,4,6.6,1,0.9,mondrian,baseline,50,0.9,0.7818646335657977,0.9667249064109775,0.0,0.1,1.3241378741486134,0.5272516058185113,54.13909982299805,,robi
6.0,4,6.6,1,0.9,mondrian,elevated_risk,15,0.8,0.519108866193147,0.9566879948941633,-0.09999999999999998,0.2,1.1586567055628738,0.3428025225004276,79.37283140055342,,robi
6.0,4,6.6,1,0.9,aci,ALL,65,0.9076923076923077,0.809834160783301,0.9653663477859001,0.007692307692307665,0.09230769230769231,1.3824509429569989,0.6161412598892345,66.8492044067383,,robi
6.0,4,6.6,1,0.9,aci,baseline,50,0.94,0.8345180533962272,0.9874514121646659,0.039999999999999925,0.06,1.4002715749257577,0.6098157455365197,58.70041904907226,,robi
6.0,4,6.6,1,0.9,aci,elevated_risk,15,0.8,0.519108866193147,0.9566879948941633,-0.09999999999999998,0.2,1.3287770707065494,0.6409161911040342,94.01182226562501,,robi
6.0,4,6.6,1,0.95,marginal,ALL,65,0.9076923076923077,0.809834160783301,0.9653663477859001,-0.04230769230769227,0.09230769230769231,1.3191026268768016,0.5152197414273392,59.05663126784104,,robi
6.0,4,6.6,1,0.95,marginal,baseline,50,0.94,0.8345180533962272,0.9874514121646659,-0.010000000000000009,0.06,1.3612421110928976,0.5482219322083887,54.68805505371093,,robi
6.0,4,6.6,1,0.95,marginal,elevated_risk,15,0.8,0.519108866193147,0.9566879948941633,-0.1499999999999999,0.2,1.192182925236608,0.3859611608682288,73.61855198160808,,robi
6.0,4,6.6,1,0.95,adaptive,ALL,65,0.9384615384615385,0.849866599329491,0.9829800288169797,-0.011538461538461497,0.06153846153846154,1.4675451745264703,0.7069471966957483,66.86329906283252,,robi
6.0,4,6.6,1,0.95,adaptive,baseline,50,0.96,0.8628623743960326,0.9951185665738356,0.010000000000000009,0.04,1.5092657038021433,0.7435561024763425,70.65122043378646,,robi
6.0,4,6.6,1,0.95,adaptive,elevated_risk,15,0.8666666666666667,0.595397303396628,0.9834240865599164,-0.08333333333333326,0.13333333333333333,1.3418873211748423,0.5717758522750932,54.23689449298599,,robi
6.0,4,6.6,1,0.95,mondrian,ALL,65,0.9076923076923077,0.809834160783301,0.9653663477859001,-0.04230769230769227,0.09230769230769231,1.3191026268768016,0.5152197414273392,59.05663126784104,,robi
6.0,4,6.6,1,0.95,mondrian,baseline,50,0.94,0.8345180533962272,0.9874514121646659,-0.010000000000000009,0.06,1.3612421110928976,0.5482219322083887,54.68805505371093,,robi
6.0,4,6.6,1,0.95,mondrian,elevated_risk,15,0.8,0.519108866193147,0.9566879948941633,-0.1499999999999999,0.2,1.192182925236608,0.3859611608682288,73.61855198160808,,robi
6.0,4,6.6,1,0.95,aci,ALL,65,0.9538461538461539,0.8709887201017411,0.9903789211596614,0.0038461538461539435,0.046153846153846156,1.4251712838037907,0.6279371537632285,62.794688978928775,,robi
6.0,4,6.6,1,0.95,aci,baseline,50,0.98,0.8935304542885001,0.9994937720169592,0.030000000000000027,0.02,1.4461143364438227,0.6325353185245871,58.527594708251954,,robi
6.0,4,6.6,1,0.95,aci,elevated_risk,15,0.8666666666666667,0.595397303396628,0.9834240865599164,-0.08333333333333326,0.13333333333333333,1.3620930083584435,0.6106056096627231,77.01833654785155,,robi
6.0,4,6.6,2,0.8,marginal,ALL,65,0.9538461538461539,0.8709887201017411,0.9903789211596614,0.15384615384615385,0.046153846153846156,1.2909685590132598,0.413937710824248,40.001859844501205,,robi
6.0,4,6.6,2,0.8,marginal,baseline,35,0.9714285714285714,0.8508279203435684,0.999276895623662,0.17142857142857137,0.02857142857142857,1.2957361462499286,0.3877814158651454,38.90247034563338,,robi
6.0,4,6.6,2,0.8,marginal,elevated_risk,30,0.9333333333333333,0.7792645984770381,0.9918218655393437,0.1333333333333333,0.06666666666666667,1.2855512473706692,0.4456989261317296,41.284480926513666,,robi
6.0,4,6.6,2,0.8,adaptive,ALL,65,0.9692307692307692,0.893229679425601,0.9962517377804871,0.16923076923076918,0.03076923076923077,1.2863225849249438,0.4039971420872378,38.720158005017694,,robi
6.0,4,6.6,2,0.8,adaptive,baseline,35,1.0,0.8999675644278949,1.0,0.19999999999999996,0.0,1.2910647667377548,0.37041466186707717,35.939679460434895,,robi
6.0,4,6.6,2,0.8,adaptive,elevated_risk,30,0.9333333333333333,0.7792645984770381,0.9918218655393437,0.1333333333333333,0.06666666666666667,1.2809341409446766,0.4459752423624388,41.964049640364316,,robi
6.0,4,6.6,2,0.8,mondrian,ALL,65,0.9538461538461539,0.8709887201017411,0.9903789211596614,0.15384615384615385,0.046153846153846156,1.2875557563661317,0.4100378701553873,39.70933246319111,,robi
6.0,4,6.6,2,0.8,mondrian,baseline,35,0.9714285714285714,0.8508279203435684,0.999276895623662,0.17142857142857137,0.02857142857142857,1.2893198548956357,0.38066994170428187,38.35920520891463,,robi
6.0,4,6.6,2,0.8,mondrian,elevated_risk,30,0.9333333333333333,0.7792645984770381,0.9918218655393437,0.1333333333333333,0.06666666666666667,1.2855512473706692,0.4456989261317296,41.284480926513666,,robi
6.0,4,6.6,2,0.8,aci,ALL,65,0.8615384615384616,0.7533617146788831,0.9346803759921305,0.06153846153846154,0.13846153846153847,1.2185783925215194,0.3762832269631592,41.18471262300932,,robi
6.0,4,6.6,2,0.8,aci,baseline,35,0.9142857142857143,0.7694249813411228,0.9819623601857825,0.11428571428571421,0.08571428571428572,1.2328467217345433,0.34326864390812706,37.7318717389788,,robi
6.0,4,6.6,2,0.8,aci,elevated_risk,30,0.8,0.6143334890033929,0.9228644879989344,0.0,0.2,1.2023655825342079,0.4203026710365352,45.21302698771158,,robi
6.0,4,6.6,2,0.9,marginal,ALL,65,1.0,0.9448283656811867,1.0,0.09999999999999998,0.0,1.3770690311301066,0.48933922474104236,47.13386093374399,,robi
6.0,4,6.6,2,0.9,marginal,baseline,35,1.0,0.8999675644278949,1.0,0.09999999999999998,0.0,1.382899337412372,0.4710849602602196,47.27909738595146,,robi
6.0,4,6.6,2,0.9,marginal,elevated_risk,30,1.0,0.8842966917779722,1.0,0.09999999999999998,0.0,1.3704441736214965,0.5106358666353354,46.96441840616862,,robi
6.0,4,6.6,2,0.9,adaptive,ALL,65,0.9692307692307692,0.893229679425601,0.9962517377804871,0.0692307692307692,0.03076923076923077,1.3237621599659182,0.4479089666034995,42.04758388459698,,robi
6.0,4,6.6,2,0.9,adaptive,baseline,35,1.0,0.8999675644278949,1.0,0.09999999999999998,0.0,1.3289855389854481,0.4121088486311827,40.62200640350378,,robi
6.0,4,6.6,2,0.9,adaptive,elevated_risk,30,0.9333333333333333,0.7792645984770381,0.9918218655393437,0.033333333333333326,0.06666666666666667,1.317826941464088,0.49265911406889545,43.71075761253905,,robi
6.0,4,6.6,2,0.9,mondrian,ALL,65,1.0,0.9448283656811867,1.0,0.09999999999999998,0.0,1.3770690311301066,0.48933922474104236,47.13386093374399,,robi
6.0,4,6.6,2,0.9,mondrian,baseline,35,1.0,0.8999675644278949,1.0,0.09999999999999998,0.0,1.382899337412372,0.4710849602602196,47.27909738595146,,robi
6.0,4,6.6,2,0.9,mondrian,elevated_risk,30,1.0,0.8842966917779722,1.0,0.09999999999999998,0.0,1.3704441736214965,0.5106358666353354,46.96441840616862,,robi
6.0,4,6.6,2,0.9,aci,ALL,65,0.9538461538461539,0.8709887201017411,0.9903789211596614,0.05384615384615388,0.046153846153846156,1.305487699072878,0.4340676560646949,41.43355326960637,,robi
6.0,4,6.6,2,0.9,aci,baseline,35,0.9428571428571428,0.8084285936547608,0.9930032363716905,0.042857142857142816,0.05714285714285714,1.3347638734070502,0.44996660234223373,43.91988676234655,,robi
6.0,4,6.6,2,0.9,aci,elevated_risk,30,0.9666666666666667,0.8278305443665873,0.9991564290733695,0.06666666666666665,0.03333333333333333,1.2722217823317585,0.4159757516799092,38.53283086140951,,robi
6.0,4,6.6,2,0.95,marginal,ALL,65,1.0,0.9448283656811867,1.0,0.050000000000000044,0.0,1.460620763353189,0.5830068313744724,57.57787887807993,,robi
6.0,4,6.6,2,0.95,marginal,baseline,35,1.0,0.8999675644278949,1.0,0.050000000000000044,0.0,1.4674823301493998,0.5639198337041879,57.72311533028739,,robi
6.0,4,6.6,2,0.95,marginal,elevated_risk,30,1.0,0.8842966917779722,1.0,0.050000000000000044,0.0,1.452824105663186,0.6052749953231374,57.40843635050455,,robi
6.0,4,6.6,2,0.95,adaptive,ALL,65,0.9846153846153847,0.9172369122555336,0.9996105711089028,0.034615384615384714,0.015384615384615385,1.3605550820931933,0.48379320685187976,46.06400277797962,,robi
6.0,4,6.6,2,0.95,adaptive,baseline,35,1.0,0.8999675644278949,1.0,0.050000000000000044,0.0,1.3662513471253257,0.45308289721728207,45.22346062413083,,robi
6.0,4,6.6,2,0.95,adaptive,elevated_risk,30,0.9666666666666667,0.8278305443665873,0.9991564290733695,0.01666666666666672,0.03333333333333333,1.3540825329092963,0.5208573736522563,47.0446352908032,,robi
6.0,4,6.6,2,0.95,mondrian,ALL,65,1.0,0.9448283656811867,1.0,0.050000000000000044,0.0,1.4570513067672446,0.5790407849311127,57.13169460824819,,robi
6.0,4,6.6,2,0.95,mondrian,baseline,35,1.0,0.8999675644278949,1.0,0.050000000000000044,0.0,1.4607715191825856,0.5565543188808055,56.89448740059987,,robi
6.0,4,6.6,2,0.95,mondrian,elevated_risk,30,1.0,0.8842966917779722,1.0,0.050000000000000044,0.0,1.452824105663186,0.6052749953231374,57.40843635050455,,robi
6.0,4,6.6,2,0.95,aci,ALL,65,0.9846153846153847,0.9172369122555336,0.9996105711089028,0.034615384615384714,0.015384615384615385,1.3676718441449836,0.4862612388645238,46.37669435471755,,robi
6.0,4,6.6,2,0.95,aci,baseline,35,1.0,0.8999675644278949,1.0,0.050000000000000044,0.0,1.3970623158646809,0.48500141312682477,49.02789340645926,,robi
6.0,4,6.6,2,0.95,aci,elevated_risk,30,0.9666666666666667,0.8278305443665873,0.9991564290733695,0.01666666666666672,0.03333333333333333,1.3342760536277616,0.48778171820312605,43.28362879435222,,robi
6.0,4,6.6,3,0.8,marginal,ALL,65,0.8461538461538461,0.7352164914005872,0.9236784215999996,0.0461538461538461,0.15384615384615385,1.2093785831224375,0.3998839264134846,37.07983771690955,,robi
6.0,4,6.6,3,0.8,marginal,baseline,65,0.8461538461538461,0.7352164914005872,0.9236784215999996,0.0461538461538461,0.15384615384615385,1.2093785831224375,0.3998839264134846,37.07983771690955,,robi
6.0,4,6.6,3,0.8,adaptive,ALL,65,0.8769230769230769,0.7718141059386241,0.945336898398113,0.07692307692307687,0.12307692307692308,1.213816730633729,0.39145353750545747,36.78553315970333,,robi
6.0,4,6.6,3,0.8,adaptive,baseline,65,0.8769230769230769,0.7718141059386241,0.945336898398113,0.07692307692307687,0.12307692307692308,1.213816730633729,0.39145353750545747,36.78553315970333,,robi
6.0,4,6.6,3,0.8,mondrian,ALL,65,0.8461538461538461,0.7352164914005872,0.9236784215999996,0.0461538461538461,0.15384615384615385,1.2093785831224375,0.3998839264134846,37.07983771690955,,robi
6.0,4,6.6,3,0.8,mondrian,baseline,65,0.8461538461538461,0.7352164914005872,0.9236784215999996,0.0461538461538461,0.15384615384615385,1.2093785831224375,0.3998839264134846,37.07983771690955,,robi
6.0,4,6.6,3,0.8,aci,ALL,65,0.7692307692307693,0.6481033437257788,0.8647062868093746,-0.03076923076923077,0.23076923076923078,1.175917923600686,0.39852601727052794,38.8000685518705,,robi
6.0,4,6.6,3,0.8,aci,baseline,65,0.7692307692307693,0.6481033437257788,0.8647062868093746,-0.03076923076923077,0.23076923076923078,1.175917923600686,0.39852601727052794,38.8000685518705,,robi
6.0,4,6.6,3,0.9,marginal,ALL,65,0.9692307692307692,0.893229679425601,0.9962517377804871,0.0692307692307692,0.03076923076923077,1.2891855899763658,0.4388901232981647,37.876786578838654,,robi
6.0,4,6.6,3,0.9,marginal,baseline,65,0.9692307692307692,0.893229679425601,0.9962517377804871,0.0692307692307692,0.03076923076923077,1.2891855899763658,0.4388901232981647,37.876786578838654,,robi
6.0,4,6.6,3,0.9,adaptive,ALL,65,0.9692307692307692,0.893229679425601,0.9962517377804871,0.0692307692307692,0.03076923076923077,1.313302803647225,0.47029591961451894,39.90810637129302,,robi
6.0,4,6.6,3,0.9,adaptive,baseline,65,0.9692307692307692,0.893229679425601,0.9962517377804871,0.0692307692307692,0.03076923076923077,1.313302803647225,0.47029591961451894,39.90810637129302,,robi
6.0,4,6.6,3,0.9,mondrian,ALL,65,0.9692307692307692,0.893229679425601,0.9962517377804871,0.0692307692307692,0.03076923076923077,1.2891855899763658,0.4388901232981647,37.876786578838654,,robi
6.0,4,6.6,3,0.9,mondrian,baseline,65,0.9692307692307692,0.893229679425601,0.9962517377804871,0.0692307692307692,0.03076923076923077,1.2891855899763658,0.4388901232981647,37.876786578838654,,robi
6.0,4,6.6,3,0.9,aci,ALL,65,0.8769230769230769,0.7718141059386241,0.945336898398113,-0.023076923076923106,0.12307692307692308,1.2316548198229471,0.4212191598351763,36.44026370474009,,robi
6.0,4,6.6,3,0.9,aci,baseline,65,0.8769230769230769,0.7718141059386241,0.945336898398113,-0.023076923076923106,0.12307692307692308,1.2316548198229471,0.4212191598351763,36.44026370474009,,robi
6.0,4,6.6,3,0.95,marginal,ALL,65,1.0,0.9448283656811867,1.0,0.050000000000000044,0.0,1.400517109420696,0.5530544311997969,50.17062166654145,,robi
6.0,4,6.6,3,0.95,marginal,baseline,65,1.0,0.9448283656811867,1.0,0.050000000000000044,0.0,1.400517109420696,0.5530544311997969,50.17062166654145,,robi
6.0,4,6.6,3,0.95,adaptive,ALL,65,1.0,0.9448283656811867,1.0,0.050000000000000044,0.0,1.3676449028629498,0.5198082858673023,46.05289735524172,,robi
6.0,4,6.6,3,0.95,adaptive,baseline,65,1.0,0.9448283656811867,1.0,0.050000000000000044,0.0,1.3676449028629498,0.5198082858673023,46.05289735524172,,robi
6.0,4,6.6,3,0.95,mondrian,ALL,65,1.0,0.9448283656811867,1.0,0.050000000000000044,0.0,1.400517109420696,0.5530544311997969,50.17062166654145,,robi
6.0,4,6.6,3,0.95,mondrian,baseline,65,1.0,0.9448283656811867,1.0,0.050000000000000044,0.0,1.400517109420696,0.5530544311997969,50.17062166654145,,robi
6.0,4,6.6,3,0.95,aci,ALL,65,0.9384615384615385,0.849866599329491,0.9829800288169797,-0.011538461538461497,0.06153846153846154,1.2839853241250898,0.4561869990367304,38.36811682598408,,robi
6.0,4,6.6,3,0.95,aci,baseline,65,0.9384615384615385,0.849866599329491,0.9829800288169797,-0.011538461538461497,0.06153846153846154,1.2839853241250898,0.4561869990367304,38.36811682598408,,robi
6.0,4,6.6,4,0.8,marginal,ALL,65,0.5846153846153846,0.4556446860075697,0.7056180017502326,-0.2153846153846154,0.4153846153846154,1.0306242292173222,0.22812092728334002,84.67966524094798,,robi
6.0,4,6.6,4,0.8,marginal,baseline,65,0.5846153846153846,0.4556446860075697,0.7056180017502326,-0.2153846153846154,0.4153846153846154,1.0306242292173222,0.22812092728334002,84.67966524094798,,robi
6.0,4,6.6,4,0.8,adaptive,ALL,65,0.6153846153846154,0.4864297327772667,0.7334640617045606,-0.18461538461538463,0.38461538461538464,1.0316074592859636,0.21593470446698607,84.4613557568483,,robi
6.0,4,6.6,4,0.8,adaptive,baseline,65,0.6153846153846154,0.4864297327772667,0.7334640617045606,-0.18461538461538463,0.38461538461538464,1.0316074592859636,0.21593470446698607,84.4613557568483,,robi
6.0,4,6.6,4,0.8,mondrian,ALL,65,0.5846153846153846,0.4556446860075697,0.7056180017502326,-0.2153846153846154,0.4153846153846154,1.0307640684322907,0.22831170355869582,84.60975763878453,,robi
6.0,4,6.6,4,0.8,mondrian,baseline,65,0.5846153846153846,0.4556446860075697,0.7056180017502326,-0.2153846153846154,0.4153846153846154,1.0307640684322907,0.22831170355869582,84.60975763878453,,robi
6.0,4,6.6,4,0.8,aci,ALL,65,0.7692307692307693,0.6481033437257788,0.8647062868093746,-0.03076923076923077,0.23076923076923078,1.151189754206402,0.34412201133591525,55.98737363844653,,robi
6.0,4,6.6,4,0.8,aci,baseline,65,0.7692307692307693,0.6481033437257788,0.8647062868093746,-0.03076923076923077,0.23076923076923078,1.151189754206402,0.34412201133591525,55.98737363844653,,robi
6.0,4,6.6,4,0.9,marginal,ALL,65,0.7846153846153846,0.6651126854524477,0.87694692475782,-0.11538461538461542,0.2153846153846154,1.1007059438625169,0.2508336777560885,62.6631813354492,,robi
6.0,4,6.6,4,0.9,marginal,baseline,65,0.7846153846153846,0.6651126854524477,0.87694692475782,-0.11538461538461542,0.2153846153846154,1.1007059438625169,0.2508336777560885,62.6631813354492,,robi
6.0,4,6.6,4,0.9,adaptive,ALL,65,0.7846153846153846,0.6651126854524477,0.87694692475782,-0.11538461538461542,0.2153846153846154,1.1130743325566395,0.2669219470239865,56.35570629235888,,robi
6.0,4,6.6,4,0.9,adaptive,baseline,65,0.7846153846153846,0.6651126854524477,0.87694692475782,-0.11538461538461542,0.2153846153846154,1.1130743325566395,0.2669219470239865,56.35570629235888,,robi
6.0,4,6.6,4,0.9,mondrian,ALL,65,0.7846153846153846,0.6651126854524477,0.87694692475782,-0.11538461538461542,0.2153846153846154,1.0973552149907486,0.2466775309770754,63.305775442270125,,robi
6.0,4,6.6,4,0.9,mondrian,baseline,65,0.7846153846153846,0.6651126854524477,0.87694692475782,-0.11538461538461542,0.2153846153846154,1.0973552149907486,0.2466775309770754,63.305775442270125,,robi
6.0,4,6.6,4,0.9,aci,ALL,65,0.8769230769230769,0.7718141059386241,0.945336898398113,-0.023076923076923106,0.12307692307692308,1.2869676713180336,0.48461455011440163,56.83154204383263,,robi
6.0,4,6.6,4,0.9,aci,baseline,65,0.8769230769230769,0.7718141059386241,0.945336898398113,-0.023076923076923106,0.12307692307692308,1.2869676713180336,0.48461455011440163,56.83154204383263,,robi
6.0,4,6.6,4,0.95,marginal,ALL,65,0.8307692307692308,0.7173438415040521,0.9123739451185258,-0.11923076923076914,0.16923076923076924,1.1633157385465598,0.3113897292158248,52.65762293888973,,robi
6.0,4,6.6,4,0.95,marginal,baseline,65,0.8307692307692308,0.7173438415040521,0.9123739451185258,-0.11923076923076914,0.16923076923076924,1.1633157385465598,0.3113897292158248,52.65762293888973,,robi
6.0,4,6.6,4,0.95,adaptive,ALL,65,0.8,0.6823120281183095,0.8889841651132548,-0.1499999999999999,0.2,1.1469539879082193,0.30350761598114284,47.404515565949886,,robi
6.0,4,6.6,4,0.95,adaptive,baseline,65,0.8,0.6823120281183095,0.8889841651132548,-0.1499999999999999,0.2,1.1469539879082193,0.30350761598114284,47.404515565949886,,robi
6.0,4,6.6,4,0.95,mondrian,ALL,65,0.8153846153846154,0.6997163826053059,0.90080033981516,-0.13461538461538458,0.18461538461538463,1.1375964395345235,0.2857891237043558,56.268153062086846,,robi
6.0,4,6.6,4,0.95,mondrian,baseline,65,0.8153846153846154,0.6997163826053059,0.90080033981516,-0.13461538461538458,0.18461538461538463,1.1375964395345235,0.2857891237043558,56.268153062086846,,robi
6.0,4,6.6,4,0.95,aci,ALL,65,0.9384615384615385,0.849866599329491,0.9829800288169797,-0.011538461538461497,0.06153846153846154,1.4883115535135405,0.6729948965028933,73.50285686786358,,robi
6.0,4,6.6,4,0.95,aci,baseline,65,0.9384615384615385,0.849866599329491,0.9829800288169797,-0.011538461538461497,0.06153846153846154,1.4883115535135405,0.6729948965028933,73.50285686786358,,robi
6.0,4,6.6,5,0.8,marginal,ALL,65,0.46153846153846156,0.33702091912987103,0.5896749259833873,-0.3384615384615385,0.5384615384615384,0.9347888914607947,0.15275385565550711,180.5056635601338,,robi
6.0,4,6.6,5,0.8,marginal,baseline,36,0.4166666666666667,0.25514104832646783,0.5924347591082235,-0.38333333333333336,0.5833333333333334,0.9243422675897534,0.15623054111483636,199.5341521538629,,robi
6.0,4,6.6,5,0.8,marginal,elevated_risk,29,0.5172413793103449,0.3253149963614565,0.7055144170481589,-0.2827586206896552,0.4827586206896552,0.9481148901665503,0.1492771701961779,156.8840915127459,,robi
6.0,4,6.6,5,0.8,adaptive,ALL,65,0.46153846153846156,0.33702091912987103,0.5896749259833873,-0.3384615384615385,0.5384615384615384,0.9313446234566878,0.1478363424925609,182.07186013352623,,robi
6.0,4,6.6,5,0.8,adaptive,baseline,36,0.4166666666666667,0.25514104832646783,0.5924347591082235,-0.38333333333333336,0.5833333333333334,0.920724183810765,0.1498075324944266,201.1491200946126,,robi
6.0,4,6.6,5,0.8,adaptive,elevated_risk,29,0.5172413793103449,0.3253149963614565,0.7055144170481589,-0.2827586206896552,0.4827586206896552,0.9448923463117673,0.14586515249069523,158.3897443197638,,robi
6.0,4,6.6,5,0.8,mondrian,ALL,65,0.3384615384615385,0.22568542994344507,0.46649366586594687,-0.46153846153846156,0.6615384615384615,0.9117981966189402,0.17939979316539184,205.8735540395883,,robi
6.0,4,6.6,5,0.8,mondrian,baseline,36,0.4444444444444444,0.2793541919668476,0.6190232059106163,-0.3555555555555556,0.5555555555555556,0.9326634158901467,0.15690166419406956,192.44223846435546,,robi
6.0,4,6.6,5,0.8,mondrian,elevated_risk,29,0.20689655172413793,0.0799418488760801,0.3972469492272394,-0.5931034482758621,0.7931034482758621,0.885181953090333,0.2393948037555846,222.54691130539462,,robi
6.0,4,6.6,5,0.8,aci,ALL,65,0.7384615384615385,0.6146062633703777,0.8396712447265423,-0.06153846153846154,0.26153846153846155,1.1388374883644337,0.38410433841174196,104.38388262469952,,robi
6.0,4,6.6,5,0.8,aci,baseline,36,0.6944444444444444,0.51892936999992,0.8365260153715064,-0.10555555555555562,0.3055555555555556,1.1747043733571159,0.4687258322847907,95.5699125671387,,robi
6.0,4,6.6,5,0.8,aci,elevated_risk,29,0.7931034482758621,0.6027530507727605,0.9200581511239199,-0.006896551724137945,0.20689655172413793,1.093084710348093,0.29212445376712365,115.32536269615437,,robi
6.0,4,6.6,5,0.9,marginal,ALL,65,0.6153846153846154,0.4864297327772667,0.7334640617045606,-0.2846153846153846,0.38461538461538464,1.0044969901489886,0.19376035091036067,135.7980081364558,,robi
6.0,4,6.6,5,0.9,marginal,baseline,36,0.5833333333333334,0.40756524089177654,0.7448589516735322,-0.31666666666666665,0.4166666666666667,0.9932153801144783,0.18948059784127863,151.27695824517141,,robi
6.0,4,6.6,5,0.9,marginal,elevated_risk,29,0.6551724137931034,0.4566942723320568,0.8206163507648881,-0.2448275862068966,0.3448275862068966,1.0188881200082218,0.198490604302504,116.58275972563644,,robi
6.0,4,6.6,5,0.9,adaptive,ALL,65,0.6,0.47097890895337186,0.7196003581328544,-0.30000000000000004,0.4,0.9888277386963471,0.1831227817704135,142.97537869309517,,robi
6.0,4,6.6,5,0.9,adaptive,baseline,36,0.6111111111111112,0.4346380474484255,0.7685755983378573,-0.28888888888888886,0.3888888888888889,0.9767183595445724,0.16784296996424566,163.53036615429923,,robi
6.0,4,6.6,5,0.9,adaptive,elevated_risk,29,0.5862068965517241,0.38936279139690627,0.7647597902471015,-0.31379310344827593,0.41379310344827586,1.004274793447823,0.20289665587251307,117.45884253435909,,robi
6.0,4,6.6,5,0.9,mondrian,ALL,65,0.5230769230769231,0.39544246142841327,0.6485403192391699,-0.3769230769230769,0.47692307692307695,0.975372866401334,0.18611431475484855,153.171698054387,,robi
6.0,4,6.6,5,0.9,mondrian,baseline,36,0.5833333333333334,0.40756524089177654,0.7448589516735322,-0.31666666666666665,0.4166666666666667,1.0026295681571393,0.20158191428425615,145.8691452874078,,robi
6.0,4,6.6,5,0.9,mondrian,elevated_risk,29,0.4482758620689655,0.26445530370670495,0.6430612891960847,-0.4517241379310345,0.5517241379310345,0.9406034732648683,0.1611281924381132,162.2369359720164,,robi
6.0,4,6.6,5,0.9,aci,ALL,65,0.8615384615384616,0.7533617146788831,0.9346803759921305,-0.038461538461538436,0.13846153846153847,1.328613016836572,0.5515783868996554,86.68220323768028,,robi
6.0,4,6.6,5,0.9,aci,baseline,36,0.8333333333333334,0.671884067957082,0.9362798663916143,-0.06666666666666665,0.16666666666666666,1.2714098723833893,0.4683148396008239,66.82057477315269,,robi
6.0,4,6.6,5,0.9,aci,elevated_risk,29,0.896551724137931,0.7264848021075772,0.9781362631701463,-0.0034482758620689724,0.10344827586206896,1.4015829101110275,0.6476517107059995,111.3380178833008,,robi
6.0,4,6.6,5,0.95,marginal,ALL,65,0.7692307692307693,0.6481033437257788,0.8647062868093746,-0.18076923076923068,0.23076923076923078,1.0718148264283829,0.23115704380410904,110.97663685960035,,robi
6.0,4,6.6,5,0.95,marginal,baseline,36,0.7222222222222222,0.5481388549321609,0.857997552736598,-0.22777777777777775,0.2777777777777778,1.0597268615670201,0.2302421651517245,122.41057620578343,,robi
6.0,4,6.6,5,0.95,marginal,elevated_risk,29,0.8275862068965517,0.642252445585356,0.9415439170273656,-0.12241379310344824,0.1724137931034483,1.0872345645261887,0.2321481623441922,96.78278111951104,,robi
6.0,4,6.6,5,0.95,adaptive,ALL,65,0.7230769230769231,0.5980988186506566,0.8268996405978063,-0.2269230769230769,0.27692307692307694,1.0420433453459912,0.2167837336272506,120.18700028250663,,robi
6.0,4,6.6,5,0.95,adaptive,baseline,36,0.6666666666666666,0.49029745334810887,0.8144381901740787,-0.2833333333333333,0.3333333333333333,1.0285555645759643,0.22210161289651528,141.53596641814045,,robi
6.0,4,6.6,5,0.95,adaptive,elevated_risk,29,0.7931034482758621,0.6027530507727605,0.9200581511239199,-0.15689655172413786,0.20689655172413793,1.059248726845668,0.21123464221584393,93.68483542447846,,robi
6.0,4,6.6,5,0.95,mondrian,ALL,65,0.7846153846153846,0.6651126854524477,0.87694692475782,-0.16538461538461535,0.2153846153846154,1.0912702394558733,0.25097981442153383,107.28383965594952,,robi
6.0,4,6.6,5,0.95,mondrian,baseline,36,0.7222222222222222,0.5481388549321609,0.857997552736598,-0.22777777777777775,0.2777777777777778,1.070096805939184,0.24327279154016937,118.9934798177083,,robi
6.0,4,6.6,5,0.95,mondrian,elevated_risk,29,0.8620689655172413,0.6833593905608624,0.9611051687045611,-0.08793103448275863,0.13793103448275862,1.1182796494933083,0.2589951182181529,92.74773462755927,,robi
6.0,4,6.6,5,0.95,aci,ALL,65,0.9384615384615385,0.849866599329491,0.9829800288169797,-0.011538461538461497,0.06153846153846154,1.4592378051920014,0.6440291459953161,93.1012364408053,,robi
6.0,4,6.6,5,0.95,aci,baseline,36,0.9444444444444444,0.813363293542446,0.9931996993459772,-0.005555555555555536,0.05555555555555555,1.4386879341044903,0.5968998274387401,76.83949525621203,,robi
6.0,4,6.6,5,0.95,aci,elevated_risk,29,0.9310344827586207,0.7723381100555139,0.9915360377469982,-0.018965517241379293,0.06896551724137931,1.4854517819653736,0.7033771767702639,113.28822549754175,,robi
6.0,4,6.6,6,0.8,marginal,ALL,65,0.8153846153846154,0.6997163826053059,0.90080033981516,0.01538461538461533,0.18461538461538463,1.160189795953442,0.3268700906732798,71.40765114182692,,robi
6.0,4,6.6,6,0.8,marginal,baseline,65,0.8153846153846154,0.6997163826053059,0.90080033981516,0.01538461538461533,0.18461538461538463,1.160189795953442,0.3268700906732798,71.40765114182692,,robi
6.0,4,6.6,6,0.8,adaptive,ALL,65,0.8461538461538461,0.7352164914005872,0.9236784215999996,0.0461538461538461,0.15384615384615385,1.1741656327961845,0.32731974345683634,59.07542460603407,,robi
6.0,4,6.6,6,0.8,adaptive,baseline,65,0.8461538461538461,0.7352164914005872,0.9236784215999996,0.0461538461538461,0.15384615384615385,1.1741656327961845,0.32731974345683634,59.07542460603407,,robi
6.0,4,6.6,6,0.8,mondrian,ALL,65,0.8153846153846154,0.6997163826053059,0.90080033981516,0.01538461538461533,0.18461538461538463,1.164367311831456,0.33207226740263995,70.81089024000903,,robi
6.0,4,6.6,6,0.8,mondrian,baseline,65,0.8153846153846154,0.6997163826053059,0.90080033981516,0.01538461538461533,0.18461538461538463,1.164367311831456,0.33207226740263995,70.81089024000903,,robi
6.0,4,6.6,6,0.8,aci,ALL,65,0.8,0.6823120281183095,0.8889841651132548,0.0,0.2,1.2112320051039387,0.4304341065010652,70.91066489351714,,robi
6.0,4,6.6,6,0.8,aci,baseline,65,0.8,0.6823120281183095,0.8889841651132548,0.0,0.2,1.2112320051039387,0.4304341065010652,70.91066489351714,,robi
6.0,4,6.6,6,0.9,marginal,ALL,65,0.8769230769230769,0.7718141059386241,0.945336898398113,-0.023076923076923106,0.12307692307692308,1.282441662587466,0.44921281985286093,61.479356173001804,,robi
6.0,4,6.6,6,0.9,marginal,baseline,65,0.8769230769230769,0.7718141059386241,0.945336898398113,-0.023076923076923106,0.12307692307692308,1.282441662587466,0.44921281985286093,61.479356173001804,,robi
6.0,4,6.6,6,0.9,adaptive,ALL,65,0.9230769230769231,0.8295437095110751,0.974551532980957,0.023076923076923106,0.07692307692307693,1.276373605407002,0.41644560227675054,49.80051200925299,,robi
6.0,4,6.6,6,0.9,adaptive,baseline,65,0.9230769230769231,0.8295437095110751,0.974551532980957,0.023076923076923106,0.07692307692307693,1.276373605407002,0.41644560227675054,49.80051200925299,,robi
6.0,4,6.6,6,0.9,mondrian,ALL,65,0.8769230769230769,0.7718141059386241,0.945336898398113,-0.023076923076923106,0.12307692307692308,1.282441662587466,0.44921281985286093,61.479356173001804,,robi
6.0,4,6.6,6,0.9,mondrian,baseline,65,0.8769230769230769,0.7718141059386241,0.945336898398113,-0.023076923076923106,0.12307692307692308,1.282441662587466,0.44921281985286093,61.479356173001804,,robi
6.0,4,6.6,6,0.9,aci,ALL,65,0.8923076923076924,0.7906184007420958,0.9555913430791529,-0.007692307692307665,0.1076923076923077,1.3559526618875568,0.570059452147497,69.36439497727613,,robi
6.0,4,6.6,6,0.9,aci,baseline,65,0.8923076923076924,0.7906184007420958,0.9555913430791529,-0.007692307692307665,0.1076923076923077,1.3559526618875568,0.570059452147497,69.36439497727613,,robi
6.0,4,6.6,6,0.95,marginal,ALL,65,0.9692307692307692,0.893229679425601,0.9962517377804871,0.019230769230769273,0.03076923076923077,1.4704282101382469,0.6202050188365894,67.8926037456806,,robi
6.0,4,6.6,6,0.95,marginal,baseline,65,0.9692307692307692,0.893229679425601,0.9962517377804871,0.019230769230769273,0.03076923076923077,1.4704282101382469,0.6202050188365894,67.8926037456806,,robi
6.0,4,6.6,6,0.95,adaptive,ALL,65,0.9846153846153847,0.9172369122555336,0.9996105711089028,0.034615384615384714,0.015384615384615385,1.4183980529960412,0.5545493586672073,60.41907617266736,,robi
6.0,4,6.6,6,0.95,adaptive,baseline,65,0.9846153846153847,0.9172369122555336,0.9996105711089028,0.034615384615384714,0.015384615384615385,1.4183980529960412,0.5545493586672073,60.41907617266736,,robi
6.0,4,6.6,6,0.95,mondrian,ALL,65,0.9384615384615385,0.849866599329491,0.9829800288169797,-0.011538461538461497,0.06153846153846154,1.41057226019831,0.5693173882857872,64.35878293550931,,robi
6.0,4,6.6,6,0.95,mondrian,baseline,65,0.9384615384615385,0.849866599329491,0.9829800288169797,-0.011538461538461497,0.06153846153846154,1.41057226019831,0.5693173882857872,64.35878293550931,,robi
6.0,4,6.6,6,0.95,aci,ALL,65,0.9538461538461539,0.8709887201017411,0.9903789211596614,0.0038461538461539435,0.046153846153846156,1.4326780057024682,0.6137076043838304,69.82789912766677,,robi
6.0,4,6.6,6,0.95,aci,baseline,65,0.9538461538461539,0.8709887201017411,0.9903789211596614,0.0038461538461539435,0.046153846153846156,1.4326780057024682,0.6137076043838304,69.82789912766677,,robi
6.0,4,6.6,7,0.8,marginal,ALL,67,0.7164179104477612,0.5930912503568233,0.8198535819100712,-0.08358208955223889,0.2835820895522388,1.064152448256929,0.30700121939828345,140.77919388956096,,robi
6.0,4,6.6,7,0.8,marginal,baseline,67,0.7164179104477612,0.5930912503568233,0.8198535819100712,-0.08358208955223889,0.2835820895522388,1.064152448256929,0.30700121939828345,140.77919388956096,,robi
6.0,4,6.6,7,0.8,adaptive,ALL,67,0.7014925373134329,0.5772812044312087,0.8072054216875708,-0.09850746268656718,0.29850746268656714,1.0750174119390608,0.32821298294024226,127.86959057831533,,robi
6.0,4,6.6,7,0.8,adaptive,baseline,67,0.7014925373134329,0.5772812044312087,0.8072054216875708,-0.09850746268656718,0.29850746268656714,1.0750174119390608,0.32821298294024226,127.86959057831533,,robi
6.0,4,6.6,7,0.8,mondrian,ALL,67,0.7164179104477612,0.5930912503568233,0.8198535819100712,-0.08358208955223889,0.2835820895522388,1.064152448256929,0.30700121939828345,140.77919388956096,,robi
6.0,4,6.6,7,0.8,mondrian,baseline,67,0.7164179104477612,0.5930912503568233,0.8198535819100712,-0.08358208955223889,0.2835820895522388,1.064152448256929,0.30700121939828345,140.77919388956096,,robi
6.0,4,6.6,7,0.8,aci,ALL,67,0.746268656716418,0.6251273323835715,0.8447151128347403,-0.05373134328358209,0.2537313432835821,1.1449233087440873,0.43093694291691265,121.95172511769765,,robi
6.0,4,6.6,7,0.8,aci,baseline,67,0.746268656716418,0.6251273323835715,0.8447151128347403,-0.05373134328358209,0.2537313432835821,1.1449233087440873,0.43093694291691265,121.95172511769765,,robi
6.0,4,6.6,7,0.9,marginal,ALL,67,0.8208955223880597,0.7080365718274182,0.903880600409147,-0.07910447761194028,0.1791044776119403,1.19883352961648,0.4278193541031099,108.64681712591829,,robi
6.0,4,6.6,7,0.9,marginal,baseline,67,0.8208955223880597,0.7080365718274182,0.903880600409147,-0.07910447761194028,0.1791044776119403,1.19883352961648,0.4278193541031099,108.64681712591829,,robi
6.0,4,6.6,7,0.9,adaptive,ALL,67,0.7910447761194029,0.6743366512085205,0.8807881685953768,-0.10895522388059709,0.208955223880597,1.2123240372184754,0.4617704603822218,86.55871654406803,,robi
6.0,4,6.6,7,0.9,adaptive,baseline,67,0.7910447761194029,0.6743366512085205,0.8807881685953768,-0.10895522388059709,0.208955223880597,1.2123240372184754,0.4617704603822218,86.55871654406803,,robi
6.0,4,6.6,7,0.9,mondrian,ALL,67,0.8208955223880597,0.7080365718274182,0.903880600409147,-0.07910447761194028,0.1791044776119403,1.1883057267014483,0.41475308918411796,110.1672504436436,,robi
6.0,4,6.6,7,0.9,mondrian,baseline,67,0.8208955223880597,0.7080365718274182,0.903880600409147,-0.07910447761194028,0.1791044776119403,1.1883057267014483,0.41475308918411796,110.1672504436436,,robi
6.0,4,6.6,7,0.9,aci,ALL,67,0.8656716417910447,0.7602582479374466,0.936691773832306,-0.0343283582089553,0.13432835820895522,1.4445529441883067,0.764032216453065,99.44192589147767,,robi
6.0,4,6.6,7,0.9,aci,baseline,67,0.8656716417910447,0.7602582479374466,0.936691773832306,-0.0343283582089553,0.13432835820895522,1.4445529441883067,0.764032216453065,99.44192589147767,,robi
6.0,4,6.6,7,0.95,marginal,ALL,67,0.8805970149253731,0.7782148615600573,0.947015194056839,-0.06940298507462683,0.11940298507462686,1.3521985315118823,0.5802824005965119,92.92449916554921,,robi
6.0,4,6.6,7,0.95,marginal,baseline,67,0.8805970149253731,0.7782148615600573,0.947015194056839,-0.06940298507462683,0.11940298507462686,1.3521985315118823,0.5802824005965119,92.92449916554921,,robi
6.0,4,6.6,7,0.95,adaptive,ALL,67,0.8955223880597015,0.7965107954641497,0.9569506215810317,-0.05447761194029843,0.1044776119402985,1.3396393144469452,0.5591028497988767,68.6871153967456,,robi
6.0,4,6.6,7,0.95,adaptive,baseline,67,0.8955223880597015,0.7965107954641497,0.9569506215810317,-0.05447761194029843,0.1044776119402985,1.3396393144469452,0.5591028497988767,68.6871153967456,,robi
6.0,4,6.6,7,0.95,mondrian,ALL,67,0.8656716417910447,0.7602582479374466,0.936691773832306,-0.08432835820895523,0.13432835820895522,1.3249964877822746,0.5570421686005954,94.8067071897592,,robi
6.0,4,6.6,7,0.95,mondrian,baseline,67,0.8656716417910447,0.7602582479374466,0.936691773832306,-0.08432835820895523,0.13432835820895522,1.3249964877822746,0.5570421686005954,94.8067071897592,,robi
6.0,4,6.6,7,0.95,aci,ALL,67,0.9253731343283582,0.8343738337951547,0.9753252934004099,-0.02462686567164174,0.07462686567164178,1.5855521545344067,0.8601442324119649,94.96994744144268,,robi
6.0,4,6.6,7,0.95,aci,baseline,67,0.9253731343283582,0.8343738337951547,0.9753252934004099,-0.02462686567164174,0.07462686567164178,1.5855521545344067,0.8601442324119649,94.96994744144268,,robi
12.0,7,11.55,0,0.8,marginal,ALL,65,0.7846153846153846,0.6651126854524477,0.87694692475782,-0.015384615384615441,0.2153846153846154,1.0780190626747836,0.18655538378999614,90.22704271521934,,robi
12.0,7,11.55,0,0.8,marginal,baseline,65,0.7846153846153846,0.6651126854524477,0.87694692475782,-0.015384615384615441,0.2153846153846154,1.0780190626747836,0.18655538378999614,90.22704271521934,,robi
12.0,7,11.55,0,0.8,adaptive,ALL,65,0.7692307692307693,0.6481033437257788,0.8647062868093746,-0.03076923076923077,0.23076923076923078,1.073134617589865,0.18482607345846666,84.41782476942055,,robi
12.0,7,11.55,0,0.8,adaptive,baseline,65,0.7692307692307693,0.6481033437257788,0.8647062868093746,-0.03076923076923077,0.23076923076923078,1.073134617589865,0.18482607345846666,84.41782476942055,,robi
12.0,7,11.55,0,0.8,mondrian,ALL,65,0.7846153846153846,0.6651126854524477,0.87694692475782,-0.015384615384615441,0.2153846153846154,1.0780190626747836,0.18655538378999614,90.22704271521934,,robi
12.0,7,11.55,0,0.8,mondrian,baseline,65,0.7846153846153846,0.6651126854524477,0.87694692475782,-0.015384615384615441,0.2153846153846154,1.0780190626747836,0.18655538378999614,90.22704271521934,,robi
12.0,7,11.55,0,0.8,aci,ALL,65,0.7846153846153846,0.6651126854524477,0.87694692475782,-0.015384615384615441,0.2153846153846154,1.1216027709466456,0.2528612057728826,88.61642807241584,,robi
12.0,7,11.55,0,0.8,aci,baseline,65,0.7846153846153846,0.6651126854524477,0.87694692475782,-0.015384615384615441,0.2153846153846154,1.1216027709466456,0.2528612057728826,88.61642807241584,,robi
12.0,7,11.55,0,0.9,marginal,ALL,65,0.8153846153846154,0.6997163826053059,0.90080033981516,-0.08461538461538465,0.18461538461538463,1.1527070053741053,0.2602778157107634,76.53040240948015,,robi
12.0,7,11.55,0,0.9,marginal,baseline,65,0.8153846153846154,0.6997163826053059,0.90080033981516,-0.08461538461538465,0.18461538461538463,1.1527070053741053,0.2602778157107634,76.53040240948015,,robi
12.0,7,11.55,0,0.9,adaptive,ALL,65,0.8153846153846154,0.6997163826053059,0.90080033981516,-0.08461538461538465,0.18461538461538463,1.1380819354424563,0.24526291446853726,66.32536454435879,,robi
12.0,7,11.55,0,0.9,adaptive,baseline,65,0.8153846153846154,0.6997163826053059,0.90080033981516,-0.08461538461538465,0.18461538461538463,1.1380819354424563,0.24526291446853726,66.32536454435879,,robi
12.0,7,11.55,0,0.9,mondrian,ALL,65,0.8153846153846154,0.6997163826053059,0.90080033981516,-0.08461538461538465,0.18461538461538463,1.1527070053741053,0.2602778157107634,76.53040240948015,,robi
12.0,7,11.55,0,0.9,mondrian,baseline,65,0.8153846153846154,0.6997163826053059,0.90080033981516,-0.08461538461538465,0.18461538461538463,1.1527070053741053,0.2602778157107634,76.53040240948015,,robi
12.0,7,11.55,0,0.9,aci,ALL,65,0.8923076923076924,0.7906184007420958,0.9555913430791529,-0.007692307692307665,0.1076923076923077,1.3172057366539076,0.4372142067557115,70.40987840857872,,robi
12.0,7,11.55,0,0.9,aci,baseline,65,0.8923076923076924,0.7906184007420958,0.9555913430791529,-0.007692307692307665,0.1076923076923077,1.3172057366539076,0.4372142067557115,70.40987840857872,,robi
12.0,7,11.55,0,0.95,marginal,ALL,65,0.8615384615384616,0.7533617146788831,0.9346803759921305,-0.08846153846153837,0.13846153846153847,1.2215718228697694,0.3195461541013355,68.54482993727464,,robi
12.0,7,11.55,0,0.95,marginal,baseline,65,0.8615384615384616,0.7533617146788831,0.9346803759921305,-0.08846153846153837,0.13846153846153847,1.2215718228697694,0.3195461541013355,68.54482993727464,,robi
12.0,7,11.55,0,0.95,adaptive,ALL,65,0.8769230769230769,0.7718141059386241,0.945336898398113,-0.07307692307692304,0.12307692307692308,1.162738169164543,0.254427232225508,61.63278935584305,,robi
12.0,7,11.55,0,0.95,adaptive,baseline,65,0.8769230769230769,0.7718141059386241,0.945336898398113,-0.07307692307692304,0.12307692307692308,1.162738169164543,0.254427232225508,61.63278935584305,,robi
12.0,7,11.55,0,0.95,mondrian,ALL,65,0.8615384615384616,0.7533617146788831,0.9346803759921305,-0.08846153846153837,0.13846153846153847,1.2215718228697694,0.3195461541013355,68.54482993727464,,robi
12.0,7,11.55,0,0.95,mondrian,baseline,65,0.8615384615384616,0.7533617146788831,0.9346803759921305,-0.08846153846153837,0.13846153846153847,1.2215718228697694,0.3195461541013355,68.54482993727464,,robi
12.0,7,11.55,0,0.95,aci,ALL,65,0.9384615384615385,0.849866599329491,0.9829800288169797,-0.011538461538461497,0.06153846153846154,1.468893838702373,0.5675603192724031,76.97419564115083,,robi
12.0,7,11.55,0,0.95,aci,baseline,65,0.9384615384615385,0.849866599329491,0.9829800288169797,-0.011538461538461497,0.06153846153846154,1.468893838702373,0.5675603192724031,76.97419564115083,,robi
12.0,7,11.55,1,0.8,marginal,ALL,65,0.8461538461538461,0.7352164914005872,0.9236784215999996,0.0461538461538461,0.15384615384615385,1.1869362900769873,0.3772952390352222,96.47182220928484,,robi
12.0,7,11.55,1,0.8,marginal,baseline,50,0.86,0.7326039975029917,0.9418082996596279,0.05999999999999994,0.14,1.2172815723146393,0.3919668019794498,84.28890985717771,,robi
12.0,7,11.55,1,0.8,marginal,elevated_risk,15,0.8,0.519108866193147,0.9566879948941633,0.0,0.2,1.0969833143872785,0.3247221384850736,137.0815300496419,,robi
12.0,7,11.55,1,0.8,adaptive,ALL,65,0.8461538461538461,0.7352164914005872,0.9236784215999996,0.0461538461538461,0.15384615384615385,1.2206385055900109,0.4100241221874872,84.93755065399262,,robi
12.0,7,11.55,1,0.8,adaptive,baseline,50,0.86,0.7326039975029917,0.9418082996596279,0.05999999999999994,0.14,1.255586534310046,0.4292114425531486,73.54348187874535,,robi
12.0,7,11.55,1,0.8,adaptive,elevated_risk,15,0.8,0.519108866193147,0.9566879948941633,0.0,0.2,1.1170415394047388,0.3412695575438673,122.9177799048168,,robi
12.0,7,11.55,1,0.8,mondrian,ALL,65,0.8461538461538461,0.7352164914005872,0.9236784215999996,0.0461538461538461,0.15384615384615385,1.1869362900769873,0.3772952390352222,96.47182220928484,,robi
12.0,7,11.55,1,0.8,mondrian,baseline,50,0.86,0.7326039975029917,0.9418082996596279,0.05999999999999994,0.14,1.2172815723146393,0.3919668019794498,84.28890985717771,,robi
12.0,7,11.55,1,0.8,mondrian,elevated_risk,15,0.8,0.519108866193147,0.9566879948941633,0.0,0.2,1.0969833143872785,0.3247221384850736,137.0815300496419,,robi
12.0,7,11.55,1,0.8,aci,ALL,65,0.8307692307692308,0.7173438415040521,0.9123739451185258,0.03076923076923077,0.16923076923076924,1.2322150951572617,0.46288748542255787,95.94812170879658,,robi
12.0,7,11.55,1,0.8,aci,baseline,50,0.86,0.7326039975029917,0.9418082996596279,0.05999999999999994,0.14,1.2471621267549369,0.4429519848621975,84.14951737060548,,robi
12.0,7,11.55,1,0.8,aci,elevated_risk,15,0.7333333333333333,0.44899675896302954,0.9221284537089564,-0.06666666666666676,0.26666666666666666,1.187907385002874,0.5408171694312389,135.27680283610025,,robi
12.0,7,11.55,1,0.9,marginal,ALL,65,0.8615384615384616,0.7533617146788831,0.9346803759921305,-0.038461538461538436,0.13846153846153847,1.2923584736083673,0.4990782922398703,87.31689786470852,,robi
12.0,7,11.55,1,0.9,marginal,baseline,50,0.88,0.7568986832944374,0.9546646792263361,-0.020000000000000018,0.12,1.3257322970361207,0.5127697498445252,77.35349639282225,,robi
12.0,7,11.55,1,0.9,marginal,elevated_risk,15,0.8,0.519108866193147,0.9566879948941633,-0.09999999999999998,0.2,1.193427947803457,0.4488762810228022,120.5282361043294,,robi
12.0,7,11.55,1,0.9,adaptive,ALL,65,0.9230769230769231,0.8295437095110751,0.974551532980957,0.023076923076923106,0.07692307692307693,1.3253509226849427,0.4891236842205001,71.8376486279511,,robi
12.0,7,11.55,1,0.9,adaptive,baseline,50,0.94,0.8345180533962272,0.9874514121646659,0.039999999999999925,0.06,1.3669499585247695,0.5109677484732174,62.599414120745685,,robi
12.0,7,11.55,1,0.9,adaptive,elevated_risk,15,0.8666666666666667,0.595397303396628,0.9834240865599164,-0.033333333333333326,0.13333333333333333,1.2020382762475241,0.4101489903837533,102.63176365196917,,robi
12.0,7,11.55,1,0.9,mondrian,ALL,65,0.8615384615384616,0.7533617146788831,0.9346803759921305,-0.038461538461538436,0.13846153846153847,1.2923584736083673,0.4990782922398703,87.31689786470852,,robi
12.0,7,11.55,1,0.9,mondrian,baseline,50,0.88,0.7568986832944374,0.9546646792263361,-0.020000000000000018,0.12,1.3257322970361207,0.5127697498445252,77.35349639282225,,robi
12.0,7,11.55,1,0.9,mondrian,elevated_risk,15,0.8,0.519108866193147,0.9566879948941633,-0.09999999999999998,0.2,1.193427947803457,0.4488762810228022,120.5282361043294,,robi
12.0,7,11.55,1,0.9,aci,ALL,65,0.9076923076923077,0.809834160783301,0.9653663477859001,0.007692307692307665,0.09230769230769231,1.5249477331755956,0.7884442381721056,90.43597903677133,,robi
12.0,7,11.55,1,0.9,aci,baseline,50,0.94,0.8345180533962272,0.9874514121646659,0.039999999999999925,0.06,1.5347378343279627,0.7433455221993254,78.76090471801757,,robi
12.0,7,11.55,1,0.9,aci,elevated_risk,15,0.8,0.519108866193147,0.9566879948941633,-0.09999999999999998,0.2,1.4959267893576478,0.9650808757321623,129.35289343261718,,robi
12.0,7,11.55,1,0.95,marginal,ALL,65,0.9230769230769231,0.8295437095110751,0.974551532980957,-0.026923076923076827,0.07692307692307693,1.504625744818071,0.7167107790217672,86.09015994966946,,robi
12.0,7,11.55,1,0.95,marginal,baseline,50,0.94,0.8345180533962272,0.9874514121646659,-0.010000000000000009,0.06,1.5440975274479087,0.7343603631316125,81.40024763793946,,robi
12.0,7,11.55,1,0.95,marginal,elevated_risk,15,0.8666666666666667,0.595397303396628,0.9834240865599164,-0.08333333333333326,0.13333333333333333,1.387618947005999,0.6529007441630955,101.72320098876952,,robi
12.0,7,11.55,1,0.95,adaptive,ALL,65,0.9846153846153847,0.9172369122555336,0.9996105711089028,0.034615384615384714,0.015384615384615385,1.5506267737413493,0.7047798450235763,78.00049531257629,,robi
12.0,7,11.55,1,0.95,adaptive,baseline,50,1.0,0.9288782635358024,1.0,0.050000000000000044,0.0,1.6065346311217477,0.7392039730645115,77.14829371245693,,robi
12.0,7,11.55,1,0.95,adaptive,elevated_risk,15,0.9333333333333333,0.6805154334216966,0.9983135697586473,-0.016666666666666607,0.06666666666666667,1.3848982728028187,0.5818365305916648,80.84116731297414,,robi
12.0,7,11.55,1,0.95,mondrian,ALL,65,0.9230769230769231,0.8295437095110751,0.974551532980957,-0.026923076923076827,0.07692307692307693,1.504625744818071,0.7167107790217672,86.09015994966946,,robi
12.0,7,11.55,1,0.95,mondrian,baseline,50,0.94,0.8345180533962272,0.9874514121646659,-0.010000000000000009,0.06,1.5440975274479087,0.7343603631316125,81.40024763793946,,robi
12.0,7,11.55,1,0.95,mondrian,elevated_risk,15,0.8666666666666667,0.595397303396628,0.9834240865599164,-0.08333333333333326,0.13333333333333333,1.387618947005999,0.6529007441630955,101.72320098876952,,robi
12.0,7,11.55,1,0.95,aci,ALL,65,0.9538461538461539,0.8709887201017411,0.9903789211596614,0.0038461538461539435,0.046153846153846156,1.6585587844952683,0.8810270643344971,92.97626091120793,,robi
12.0,7,11.55,1,0.95,aci,baseline,50,1.0,0.9288782635358024,1.0,0.050000000000000044,0.0,1.6903759806297445,0.8475415094335783,87.81251093139646,,robi
12.0,7,11.55,1,0.95,aci,elevated_risk,15,0.8,0.519108866193147,0.9566879948941633,-0.1499999999999999,0.2,1.5642425923443846,1.0205502097549923,110.18876084391276,,robi
12.0,7,11.55,2,0.8,marginal,ALL,65,0.9384615384615385,0.849866599329491,0.9829800288169797,0.1384615384615384,0.06153846153846154,1.295152664947934,0.40843740228338177,47.49352548452524,,robi
12.0,7,11.55,2,0.8,marginal,baseline,35,0.9714285714285714,0.8508279203435684,0.999276895623662,0.17142857142857137,0.02857142857142857,1.3333516261527272,0.4105609307862781,43.20254932512556,,robi
12.0,7,11.55,2,0.8,marginal,elevated_risk,30,0.9,0.7347115495257919,0.9788828629702774,0.09999999999999998,0.1,1.2510409075733107,0.40576332935380854,52.4996643371582,,robi
12.0,7,11.55,2,0.8,adaptive,ALL,65,0.9692307692307692,0.893229679425601,0.9962517377804871,0.16923076923076918,0.03076923076923077,1.291971258845644,0.39106761943168444,43.801410496518805,,robi
12.0,7,11.55,2,0.8,adaptive,baseline,35,1.0,0.8999675644278949,1.0,0.19999999999999996,0.0,1.3188936438872942,0.3812764997465556,40.01732558412883,,robi
12.0,7,11.55,2,0.8,adaptive,elevated_risk,30,0.9333333333333333,0.7792645984770381,0.9918218655393437,0.1333333333333333,0.06666666666666667,1.2608815726487725,0.4033065190380955,48.21617622764043,,robi
12.0,7,11.55,2,0.8,mondrian,ALL,65,0.9230769230769231,0.8295437095110751,0.974551532980957,0.12307692307692308,0.07692307692307693,1.290254706562263,0.4095967549294846,47.2003782442533,,robi
12.0,7,11.55,2,0.8,mondrian,baseline,35,0.9428571428571428,0.8084285936547608,0.9930032363716905,0.1428571428571428,0.05714285714285714,1.3242122379648376,0.412733194036856,42.6581330217634,,robi
12.0,7,11.55,2,0.8,mondrian,elevated_risk,30,0.9,0.7347115495257919,0.9788828629702774,0.09999999999999998,0.1,1.2510409075733107,0.40576332935380854,52.4996643371582,,robi
12.0,7,11.55,2,0.8,aci,ALL,65,0.8615384615384616,0.7533617146788831,0.9346803759921305,0.06153846153846154,0.13846153846153847,1.2141990424419709,0.35328001512390067,50.843727327786965,,robi
12.0,7,11.55,2,0.8,aci,baseline,35,0.8857142857142857,0.7326219562807549,0.967968830970902,0.08571428571428563,0.11428571428571428,1.2653335892579387,0.37307342636093027,42.53686616734096,,robi
12.0,7,11.55,2,0.8,aci,elevated_risk,30,0.8333333333333334,0.6527883011658562,0.9435783035319285,0.033333333333333326,0.16666666666666666,1.1551494072826702,0.3287361851899838,60.53506534830729,,robi
12.0,7,11.55,2,0.9,marginal,ALL,65,0.9846153846153847,0.9172369122555336,0.9996105711089028,0.08461538461538465,0.015384615384615385,1.4629435108922446,0.5748012062715162,59.79108766056942,,robi
12.0,7,11.55,2,0.9,marginal,baseline,35,1.0,0.8999675644278949,1.0,0.09999999999999998,0.0,1.5019389762745703,0.5832265953054547,62.98731825474329,,robi
12.0,7,11.55,2,0.9,marginal,elevated_risk,30,0.9666666666666667,0.8278305443665873,0.9991564290733695,0.06666666666666665,0.03333333333333333,1.4179119588970601,0.5646326332995212,56.06215196736654,,robi
12.0,7,11.55,2,0.9,adaptive,ALL,65,0.9846153846153847,0.9172369122555336,0.9996105711089028,0.08461538461538465,0.015384615384615385,1.3564995554999735,0.4583254646708024,50.055219298817555,,robi
12.0,7,11.55,2,0.9,adaptive,baseline,35,1.0,0.8999675644278949,1.0,0.09999999999999998,0.0,1.374110893428989,0.4411107786289449,46.946427794617,,robi
12.0,7,11.55,2,0.9,adaptive,elevated_risk,30,0.9666666666666667,0.8278305443665873,0.9991564290733695,0.06666666666666665,0.03333333333333333,1.336162168270978,0.47910180989373374,53.68214272038486,,robi
12.0,7,11.55,2,0.9,mondrian,ALL,65,0.9846153846153847,0.9172369122555336,0.9996105711089028,0.08461538461538465,0.015384615384615385,1.4629435108922446,0.5748012062715162,59.79108766056942,,robi
12.0,7,11.55,2,0.9,mondrian,baseline,35,1.0,0.8999675644278949,1.0,0.09999999999999998,0.0,1.5019389762745703,0.5832265953054547,62.98731825474329,,robi
12.0,7,11.55,2,0.9,mondrian,elevated_risk,30,0.9666666666666667,0.8278305443665873,0.9991564290733695,0.06666666666666665,0.03333333333333333,1.4179119588970601,0.5646326332995212,56.06215196736654,,robi
12.0,7,11.55,2,0.9,aci,ALL,65,0.9230769230769231,0.8295437095110751,0.974551532980957,0.023076923076923106,0.07692307692307693,1.337765838861961,0.47527180536547825,52.7276068349985,,robi
12.0,7,11.55,2,0.9,aci,baseline,35,0.9714285714285714,0.8508279203435684,0.999276895623662,0.0714285714285714,0.02857142857142857,1.37289039625852,0.4559975493491124,49.26007759312222,,robi
12.0,7,11.55,2,0.9,aci,elevated_risk,30,0.8666666666666667,0.6927816497238732,0.9624465036616366,-0.033333333333333326,0.13333333333333333,1.2972043705680634,0.5004766016945721,56.773057617187504,,robi
12.0,7,11.55,2,0.95,marginal,ALL,65,1.0,0.9448283656811867,1.0,0.050000000000000044,0.0,1.5675972997121126,0.6824301811298896,71.56476329157903,,robi
12.0,7,11.55,2,0.95,marginal,baseline,35,1.0,0.8999675644278949,1.0,0.050000000000000044,0.0,1.6070895572735377,0.6986973337005317,76.18245436314172,,robi
12.0,7,11.55,2,0.95,marginal,elevated_risk,30,1.0,0.8842966917779722,1.0,0.050000000000000044,0.0,1.5219920573499945,0.6634518364641405,66.17745704142253,,robi
12.0,7,11.55,2,0.95,adaptive,ALL,65,0.9846153846153847,0.9172369122555336,0.9996105711089028,0.034615384615384714,0.015384615384615385,1.5033303191971428,0.6270410554368778,66.91702818431023,,robi
12.0,7,11.55,2,0.95,adaptive,baseline,35,1.0,0.8999675644278949,1.0,0.050000000000000044,0.0,1.4997548564626897,0.5772605504202825,62.713237427790034,,robi
12.0,7,11.55,2,0.95,adaptive,elevated_risk,30,0.9666666666666667,0.8278305443665873,0.9991564290733695,0.01666666666666672,0.03333333333333333,1.507459225839358,0.687120975284493,71.82145073358376,,robi
12.0,7,11.55,2,0.95,mondrian,ALL,65,1.0,0.9448283656811867,1.0,0.050000000000000044,0.0,1.5675972997121126,0.6824301811298896,71.56476329157903,,robi
12.0,7,11.55,2,0.95,mondrian,baseline,35,1.0,0.8999675644278949,1.0,0.050000000000000044,0.0,1.6070895572735377,0.6986973337005317,76.18245436314172,,robi
12.0,7,11.55,2,0.95,mondrian,elevated_risk,30,1.0,0.8842966917779722,1.0,0.050000000000000044,0.0,1.5219920573499945,0.6634518364641405,66.17745704142253,,robi
12.0,7,11.55,2,0.95,aci,ALL,65,0.9692307692307692,0.893229679425601,0.9962517377804871,0.019230769230769273,0.03076923076923077,1.4514699621090619,0.5755410893289482,61.05345589036207,,robi
12.0,7,11.55,2,0.95,aci,baseline,35,1.0,0.8999675644278949,1.0,0.050000000000000044,0.0,1.496421318480131,0.5739732171265013,62.29491841343472,,robi
12.0,7,11.55,2,0.95,aci,elevated_risk,30,0.9333333333333333,0.7792645984770381,0.9918218655393437,-0.016666666666666607,0.06666666666666667,1.3995606100387221,0.5775009295820066,59.60508294677732,,robi
12.0,7,11.55,3,0.8,marginal,ALL,65,0.9230769230769231,0.8295437095110751,0.974551532980957,0.12307692307692308,0.07692307692307693,1.2557234126582826,0.38984324918543695,38.94513731501653,,robi
12.0,7,11.55,3,0.8,marginal,baseline,65,0.9230769230769231,0.8295437095110751,0.974551532980957,0.12307692307692308,0.07692307692307693,1.2557234126582826,0.38984324918543695,38.94513731501653,,robi
12.0,7,11.55,3,0.8,adaptive,ALL,65,0.9384615384615385,0.849866599329491,0.9829800288169797,0.1384615384615384,0.06153846153846154,1.2583226324813548,0.38506591142118257,38.047231727500915,,robi
12.0,7,11.55,3,0.8,adaptive,baseline,65,0.9384615384615385,0.849866599329491,0.9829800288169797,0.1384615384615384,0.06153846153846154,1.2583226324813548,0.38506591142118257,38.047231727500915,,robi
12.0,7,11.55,3,0.8,mondrian,ALL,65,0.9538461538461539,0.8709887201017411,0.9903789211596614,0.15384615384615385,0.046153846153846156,1.270159335309415,0.3941033490986168,39.61259665621243,,robi
12.0,7,11.55,3,0.8,mondrian,baseline,65,0.9538461538461539,0.8709887201017411,0.9903789211596614,0.15384615384615385,0.046153846153846156,1.270159335309415,0.3941033490986168,39.61259665621243,,robi
12.0,7,11.55,3,0.8,aci,ALL,65,0.8153846153846154,0.6997163826053059,0.90080033981516,0.01538461538461533,0.18461538461538463,1.1715618061471471,0.3369228801677033,40.15834467961239,,robi
12.0,7,11.55,3,0.8,aci,baseline,65,0.8153846153846154,0.6997163826053059,0.90080033981516,0.01538461538461533,0.18461538461538463,1.1715618061471471,0.3369228801677033,40.15834467961239,,robi
12.0,7,11.55,3,0.9,marginal,ALL,65,0.9846153846153847,0.9172369122555336,0.9996105711089028,0.08461538461538465,0.015384615384615385,1.3330766089863393,0.4536241939913005,43.747847304124114,,robi
12.0,7,11.55,3,0.9,marginal,baseline,65,0.9846153846153847,0.9172369122555336,0.9996105711089028,0.08461538461538465,0.015384615384615385,1.3330766089863393,0.4536241939913005,43.747847304124114,,robi
12.0,7,11.55,3,0.9,adaptive,ALL,65,0.9846153846153847,0.9172369122555336,0.9996105711089028,0.08461538461538465,0.015384615384615385,1.3696772979159637,0.49270515454146346,47.2539962102353,,robi
12.0,7,11.55,3,0.9,adaptive,baseline,65,0.9846153846153847,0.9172369122555336,0.9996105711089028,0.08461538461538465,0.015384615384615385,1.3696772979159637,0.49270515454146346,47.2539962102353,,robi
12.0,7,11.55,3,0.9,mondrian,ALL,65,0.9846153846153847,0.9172369122555336,0.9996105711089028,0.08461538461538465,0.015384615384615385,1.3330766089863393,0.4536241939913005,43.747847304124114,,robi
12.0,7,11.55,3,0.9,mondrian,baseline,65,0.9846153846153847,0.9172369122555336,0.9996105711089028,0.08461538461538465,0.015384615384615385,1.3330766089863393,0.4536241939913005,43.747847304124114,,robi
12.0,7,11.55,3,0.9,aci,ALL,65,0.9230769230769231,0.8295437095110751,0.974551532980957,0.023076923076923106,0.07692307692307693,1.2532483009500424,0.3900156864957761,37.52865357384315,,robi
12.0,7,11.55,3,0.9,aci,baseline,65,0.9230769230769231,0.8295437095110751,0.974551532980957,0.023076923076923106,0.07692307692307693,1.2532483009500424,0.3900156864957761,37.52865357384315,,robi
12.0,7,11.55,3,0.95,marginal,ALL,65,0.9846153846153847,0.9172369122555336,0.9996105711089028,0.034615384615384714,0.015384615384615385,1.427714341804792,0.5636797463485503,53.48145885760968,,robi
12.0,7,11.55,3,0.95,marginal,baseline,65,0.9846153846153847,0.9172369122555336,0.9996105711089028,0.034615384615384714,0.015384615384615385,1.427714341804792,0.5636797463485503,53.48145885760968,,robi
12.0,7,11.55,3,0.95,adaptive,ALL,65,1.0,0.9448283656811867,1.0,0.050000000000000044,0.0,1.459102782461749,0.5857656478558976,56.83805456792139,,robi
12.0,7,11.55,3,0.95,adaptive,baseline,65,1.0,0.9448283656811867,1.0,0.050000000000000044,0.0,1.459102782461749,0.5857656478558976,56.83805456792139,,robi
12.0,7,11.55,3,0.95,mondrian,ALL,65,0.9846153846153847,0.9172369122555336,0.9996105711089028,0.034615384615384714,0.015384615384615385,1.427714341804792,0.5636797463485503,53.48145885760968,,robi
12.0,7,11.55,3,0.95,mondrian,baseline,65,0.9846153846153847,0.9172369122555336,0.9996105711089028,0.034615384615384714,0.015384615384615385,1.427714341804792,0.5636797463485503,53.48145885760968,,robi
12.0,7,11.55,3,0.95,aci,ALL,65,0.9692307692307692,0.893229679425601,0.9962517377804871,0.019230769230769273,0.03076923076923077,1.4172863124362958,0.5742121776119293,53.77720337853065,,robi
12.0,7,11.55,3,0.95,aci,baseline,65,0.9692307692307692,0.893229679425601,0.9962517377804871,0.019230769230769273,0.03076923076923077,1.4172863124362958,0.5742121776119293,53.77720337853065,,robi
12.0,7,11.55,4,0.8,marginal,ALL,65,0.47692307692307695,0.3514596807608302,0.6045575385715867,-0.3230769230769231,0.5230769230769231,0.9727003592441125,0.19684931646774093,135.00830114276593,,robi
12.0,7,11.55,4,0.8,marginal,baseline,65,0.47692307692307695,0.3514596807608302,0.6045575385715867,-0.3230769230769231,0.5230769230769231,0.9727003592441125,0.19684931646774093,135.00830114276593,,robi
12.0,7,11.55,4,0.8,adaptive,ALL,65,0.5384615384615384,0.4103250740166126,0.662979080870129,-0.2615384615384616,0.46153846153846156,0.9711661033685374,0.17689472600387712,143.8540437561928,,robi
12.0,7,11.55,4,0.8,adaptive,baseline,65,0.5384615384615384,0.4103250740166126,0.662979080870129,-0.2615384615384616,0.46153846153846156,0.9711661033685374,0.17689472600387712,143.8540437561928,,robi
12.0,7,11.55,4,0.8,mondrian,ALL,65,0.47692307692307695,0.3514596807608302,0.6045575385715867,-0.3230769230769231,0.5230769230769231,0.9628884327893873,0.18306184148439195,141.6096159808819,,robi
12.0,7,11.55,4,0.8,mondrian,baseline,65,0.47692307692307695,0.3514596807608302,0.6045575385715867,-0.3230769230769231,0.5230769230769231,0.9628884327893873,0.18306184148439195,141.6096159808819,,robi
12.0,7,11.55,4,0.8,aci,ALL,65,0.7692307692307693,0.6481033437257788,0.8647062868093746,-0.03076923076923077,0.23076923076923078,1.2703502319982438,0.559497790622626,75.19962216421274,,robi
12.0,7,11.55,4,0.8,aci,baseline,65,0.7692307692307693,0.6481033437257788,0.8647062868093746,-0.03076923076923077,0.23076923076923078,1.2703502319982438,0.559497790622626,75.19962216421274,,robi
12.0,7,11.55,4,0.9,marginal,ALL,65,0.6615384615384615,0.5335063341340531,0.7743145700565549,-0.2384615384615385,0.3384615384615385,1.023136367439234,0.19853802847228338,106.66489121187647,,robi
12.0,7,11.55,4,0.9,marginal,baseline,65,0.6615384615384615,0.5335063341340531,0.7743145700565549,-0.2384615384615385,0.3384615384615385,1.023136367439234,0.19853802847228338,106.66489121187647,,robi
12.0,7,11.55,4,0.9,adaptive,ALL,65,0.6615384615384615,0.5335063341340531,0.7743145700565549,-0.2384615384615385,0.3384615384615385,1.0261313172531192,0.20388044266056995,108.02730986995624,,robi
12.0,7,11.55,4,0.9,adaptive,baseline,65,0.6615384615384615,0.5335063341340531,0.7743145700565549,-0.2384615384615385,0.3384615384615385,1.0261313172531192,0.20388044266056995,108.02730986995624,,robi
12.0,7,11.55,4,0.9,mondrian,ALL,65,0.6615384615384615,0.5335063341340531,0.7743145700565549,-0.2384615384615385,0.3384615384615385,1.022835043560561,0.19815309372172363,106.78101588322569,,robi
12.0,7,11.55,4,0.9,mondrian,baseline,65,0.6615384615384615,0.5335063341340531,0.7743145700565549,-0.2384615384615385,0.3384615384615385,1.022835043560561,0.19815309372172363,106.78101588322569,,robi
12.0,7,11.55,4,0.9,aci,ALL,65,0.8769230769230769,0.7718141059386241,0.945336898398113,-0.023076923076923106,0.12307692307692308,1.459282635635814,0.7213894674160607,88.25767162616435,,robi
12.0,7,11.55,4,0.9,aci,baseline,65,0.8769230769230769,0.7718141059386241,0.945336898398113,-0.023076923076923106,0.12307692307692308,1.459282635635814,0.7213894674160607,88.25767162616435,,robi
12.0,7,11.55,4,0.95,marginal,ALL,65,0.7846153846153846,0.6651126854524477,0.87694692475782,-0.16538461538461535,0.2153846153846154,1.0924471646980527,0.2464285187233407,85.65192779541016,,robi
12.0,7,11.55,4,0.95,marginal,baseline,65,0.7846153846153846,0.6651126854524477,0.87694692475782,-0.16538461538461535,0.2153846153846154,1.0924471646980527,0.2464285187233407,85.65192779541016,,robi
12.0,7,11.55,4,0.95,adaptive,ALL,65,0.7846153846153846,0.6651126854524477,0.87694692475782,-0.16538461538461535,0.2153846153846154,1.100770013939506,0.24880023726890327,69.9406042039351,,robi
12.0,7,11.55,4,0.95,adaptive,baseline,65,0.7846153846153846,0.6651126854524477,0.87694692475782,-0.16538461538461535,0.2153846153846154,1.100770013939506,0.24880023726890327,69.9406042039351,,robi
12.0,7,11.55,4,0.95,mondrian,ALL,65,0.7846153846153846,0.6651126854524477,0.87694692475782,-0.16538461538461535,0.2153846153846154,1.0924471646980527,0.2464285187233407,85.65192779541016,,robi
12.0,7,11.55,4,0.95,mondrian,baseline,65,0.7846153846153846,0.6651126854524477,0.87694692475782,-0.16538461538461535,0.2153846153846154,1.0924471646980527,0.2464285187233407,85.65192779541016,,robi
12.0,7,11.55,4,0.95,aci,ALL,65,0.9384615384615385,0.849866599329491,0.9829800288169797,-0.011538461538461497,0.06153846153846154,1.5200278972864798,0.6983790792840578,80.03977932035006,,robi
12.0,7,11.55,4,0.95,aci,baseline,65,0.9384615384615385,0.849866599329491,0.9829800288169797,-0.011538461538461497,0.06153846153846154,1.5200278972864798,0.6983790792840578,80.03977932035006,,robi
12.0,7,11.55,5,0.8,marginal,ALL,65,0.5076923076923077,0.3806707504964784,0.6339902241537905,-0.2923076923076924,0.49230769230769234,0.9498606671606432,0.1834021458244933,178.71724712665267,,robi
12.0,7,11.55,5,0.8,marginal,baseline,36,0.5,0.32922179945771035,0.6707782005422896,-0.30000000000000004,0.5,0.9518163355448165,0.2182859438415133,195.66287536621098,,robi
12.0,7,11.55,5,0.8,marginal,elevated_risk,29,0.5172413793103449,0.3253149963614565,0.7055144170481589,-0.2827586206896552,0.4827586206896552,0.9474005801269046,0.1415415882040693,157.68129482926997,,robi
12.0,7,11.55,5,0.8,adaptive,ALL,65,0.5076923076923077,0.3806707504964784,0.6339902241537905,-0.2923076923076924,0.49230769230769234,0.9487556141956622,0.1810549512426298,178.81930806339173,,robi
12.0,7,11.55,5,0.8,adaptive,baseline,36,0.5,0.32922179945771035,0.6707782005422896,-0.30000000000000004,0.5,0.951011587695688,0.21594712553946363,195.4416994429684,,robi
12.0,7,11.55,5,0.8,adaptive,elevated_risk,29,0.5172413793103449,0.3253149963614565,0.7055144170481589,-0.2827586206896552,0.4827586206896552,0.945917765406581,0.13918434208642916,158.18461531633113,,robi
12.0,7,11.55,5,0.8,mondrian,ALL,65,0.4153846153846154,0.2943819982497674,0.5443553139924303,-0.38461538461538464,0.5846153846153846,0.9248994837189054,0.18547421313847948,200.37124352557842,,robi
12.0,7,11.55,5,0.8,mondrian,baseline,36,0.5,0.32922179945771035,0.6707782005422896,-0.30000000000000004,0.5,0.9540997800700072,0.22142680595842248,194.0385014343262,,robi
12.0,7,11.55,5,0.8,mondrian,elevated_risk,29,0.3103448275862069,0.15284593960863158,0.50832335380999,-0.48965517241379314,0.6896551724137931,0.8881676579063065,0.1135690274985934,208.2325785354088,,robi
12.0,7,11.55,5,0.8,aci,ALL,65,0.7384615384615385,0.6146062633703777,0.8396712447265423,-0.06153846153846154,0.26153846153846155,1.1944045562820622,0.5095318783857686,100.9790923743615,,robi
12.0,7,11.55,5,0.8,aci,baseline,36,0.75,0.5779704154218559,0.8787967058761648,-0.050000000000000044,0.25,1.2418701377471937,0.5815539760277851,88.6692222849528,,robi
12.0,7,11.55,5,0.8,aci,elevated_risk,29,0.7241379310344828,0.5276155175699662,0.8726598858977699,-0.07586206896551728,0.27586206896551724,1.134696344779435,0.4169320385603187,116.26031041638606,,robi
12.0,7,11.55,5,0.9,marginal,ALL,65,0.6,0.47097890895337186,0.7196003581328544,-0.30000000000000004,0.4,1.0006468604213128,0.21878786050110968,147.32230988018327,,robi
12.0,7,11.55,5,0.9,marginal,baseline,36,0.5833333333333334,0.40756524089177654,0.7448589516735322,-0.31666666666666665,0.4166666666666667,1.002304472308539,0.25014077428421216,163.61218107435434,,robi
12.0,7,11.55,5,0.9,marginal,elevated_risk,29,0.6206896551724138,0.42260464066440123,0.7931313005134929,-0.2793103448275862,0.3793103448275862,0.9985617065456668,0.18220946108749025,127.1004008115571,,robi
12.0,7,11.55,5,0.9,adaptive,ALL,65,0.5692307692307692,0.4404252275411797,0.6915191926404611,-0.3307692307692308,0.4307692307692308,1.0035065922076798,0.22781378757223567,139.5584293309718,,robi
12.0,7,11.55,5,0.9,adaptive,baseline,36,0.5555555555555556,0.3809767940893837,0.7206458080331524,-0.34444444444444444,0.4444444444444444,1.0080094527852423,0.2606558929143121,153.9937591424374,,robi
12.0,7,11.55,5,0.9,adaptive,elevated_risk,29,0.5862068965517241,0.38936279139690627,0.7647597902471015,-0.31379310344827593,0.41379310344827586,0.997842324680915,0.18917601658155742,121.63870956501447,,robi
12.0,7,11.55,5,0.9,mondrian,ALL,65,0.5538461538461539,0.42531906465982566,0.6773057382251546,-0.34615384615384615,0.4461538461538462,0.9885589518826988,0.21940789268727606,154.87730927922175,,robi
12.0,7,11.55,5,0.9,mondrian,baseline,36,0.5833333333333334,0.40756524089177654,0.7448589516735322,-0.31666666666666665,0.4166666666666667,1.019139676154584,0.2722594262905058,154.07568968031137,,robi
12.0,7,11.55,5,0.9,mondrian,elevated_risk,29,0.5172413793103449,0.3253149963614565,0.7055144170481589,-0.38275862068965516,0.4827586206896552,0.950090649243858,0.1454157456427542,155.87242326407593,,robi
12.0,7,11.55,5,0.9,aci,ALL,65,0.8769230769230769,0.7718141059386241,0.945336898398113,-0.023076923076923106,0.12307692307692308,1.445558152396864,0.6904302417347291,97.40181304462139,,robi
12.0,7,11.55,5,0.9,aci,baseline,36,0.9166666666666666,0.7753102394430269,0.9824735040760654,0.016666666666666607,0.08333333333333333,1.514224228224233,0.7452000469978062,99.91845845540364,,robi
12.0,7,11.55,5,0.9,aci,elevated_risk,29,0.8275862068965517,0.642252445585356,0.9415439170273656,-0.07241379310344831,0.1724137931034483,1.3591812777857768,0.6151217594979982,94.27770150020207,,robi
12.0,7,11.55,5,0.95,marginal,ALL,65,0.7076923076923077,0.5817413241612236,0.8139710481632012,-0.24230769230769222,0.2923076923076923,1.0804612955782067,0.2818592888323006,112.37161985426685,,robi
12.0,7,11.55,5,0.95,marginal,baseline,36,0.6388888888888888,0.46220900016816396,0.7917770529134072,-0.3111111111111111,0.3611111111111111,1.0816504886015392,0.3274682330164861,121.21143383449981,,robi
12.0,7,11.55,5,0.95,marginal,elevated_risk,29,0.7931034482758621,0.6027530507727605,0.9200581511239199,-0.15689655172413786,0.20689655172413793,1.0789653781921154,0.23625034464811503,101.39805767190869,,robi
12.0,7,11.55,5,0.95,adaptive,ALL,65,0.6615384615384615,0.5335063341340531,0.7743145700565549,-0.28846153846153844,0.3384615384615385,1.0468543789711016,0.2452492708270669,113.67105775572186,,robi
12.0,7,11.55,5,0.95,adaptive,baseline,36,0.6388888888888888,0.46220900016816396,0.7917770529134072,-0.3111111111111111,0.3611111111111111,1.0531361590393293,0.2768375703457648,126.31502243768948,,robi
12.0,7,11.55,5,0.95,adaptive,elevated_risk,29,0.6896551724137931,0.4916766461900099,0.8471540603913684,-0.2603448275862068,0.3103448275862069,1.0389523615228946,0.20892272638056428,97.97510159879651,,robi
12.0,7,11.55,5,0.95,mondrian,ALL,65,0.6923076923076923,0.5655271109662937,0.8008931080792977,-0.25769230769230766,0.3076923076923077,1.0790113594050876,0.2835107776790165,109.83083404071515,,robi
12.0,7,11.55,5,0.95,mondrian,baseline,36,0.6666666666666666,0.49029745334810887,0.8144381901740787,-0.2833333333333333,0.3333333333333333,1.109715559314428,0.3496373726112492,108.80887307061089,,robi
12.0,7,11.55,5,0.95,mondrian,elevated_risk,29,0.7241379310344828,0.5276155175699662,0.8726598858977699,-0.2258620689655172,0.27586206896551724,1.0403877334930653,0.20793752632789336,111.09947524498253,,robi
12.0,7,11.55,5,0.95,aci,ALL,65,0.9384615384615385,0.849866599329491,0.9829800288169797,-0.011538461538461497,0.06153846153846154,1.487155083956915,0.7107996648688747,104.23632677283653,,robi
12.0,7,11.55,5,0.95,aci,baseline,36,0.9444444444444444,0.813363293542446,0.9931996993459772,-0.005555555555555536,0.05555555555555555,1.531775322964839,0.7680788998685988,110.31334142896866,,robi
12.0,7,11.55,5,0.95,aci,elevated_risk,29,0.9310344827586207,0.7723381100555139,0.9915360377469982,-0.018965517241379293,0.06896551724137931,1.431026104057236,0.6386702578321851,96.69244651005184,,robi
12.0,7,11.55,6,0.8,marginal,ALL,65,0.8615384615384616,0.7533617146788831,0.9346803759921305,0.06153846153846154,0.13846153846153847,1.1864768091444715,0.33820310788617214,68.51295909705529,,robi
12.0,7,11.55,6,0.8,marginal,baseline,65,0.8615384615384616,0.7533617146788831,0.9346803759921305,0.06153846153846154,0.13846153846153847,1.1864768091444715,0.33820310788617214,68.51295909705529,,robi
12.0,7,11.55,6,0.8,adaptive,ALL,65,0.8461538461538461,0.7352164914005872,0.9236784215999996,0.0461538461538461,0.15384615384615385,1.1903352232891762,0.33924233474503085,58.923967547213415,,robi
12.0,7,11.55,6,0.8,adaptive,baseline,65,0.8461538461538461,0.7352164914005872,0.9236784215999996,0.0461538461538461,0.15384615384615385,1.1903352232891762,0.33924233474503085,58.923967547213415,,robi
12.0,7,11.55,6,0.8,mondrian,ALL,65,0.8615384615384616,0.7533617146788831,0.9346803759921305,0.06153846153846154,0.13846153846153847,1.1982604116375435,0.35256041614166167,67.65232404033956,,robi
12.0,7,11.55,6,0.8,mondrian,baseline,65,0.8615384615384616,0.7533617146788831,0.9346803759921305,0.06153846153846154,0.13846153846153847,1.1982604116375435,0.35256041614166167,67.65232404033956,,robi
12.0,7,11.55,6,0.8,aci,ALL,65,0.8307692307692308,0.7173438415040521,0.9123739451185258,0.03076923076923077,0.16923076923076924,1.1654141276199124,0.33587675318308813,72.49706450477014,,robi
12.0,7,11.55,6,0.8,aci,baseline,65,0.8307692307692308,0.7173438415040521,0.9123739451185258,0.03076923076923077,0.16923076923076924,1.1654141276199124,0.33587675318308813,72.49706450477014,,robi
12.0,7,11.55,6,0.9,marginal,ALL,65,0.8923076923076924,0.7906184007420958,0.9555913430791529,-0.007692307692307665,0.1076923076923077,1.2674125771219122,0.42223806988948,63.55245006385218,,robi
12.0,7,11.55,6,0.9,marginal,baseline,65,0.8923076923076924,0.7906184007420958,0.9555913430791529,-0.007692307692307665,0.1076923076923077,1.2674125771219122,0.42223806988948,63.55245006385218,,robi
12.0,7,11.55,6,0.9,adaptive,ALL,65,0.9230769230769231,0.8295437095110751,0.974551532980957,0.023076923076923106,0.07692307692307693,1.2675099011646873,0.3968150218548153,54.12465240140925,,robi
12.0,7,11.55,6,0.9,adaptive,baseline,65,0.9230769230769231,0.8295437095110751,0.974551532980957,0.023076923076923106,0.07692307692307693,1.2675099011646873,0.3968150218548153,54.12465240140925,,robi
12.0,7,11.55,6,0.9,mondrian,ALL,65,0.8923076923076924,0.7906184007420958,0.9555913430791529,-0.007692307692307665,0.1076923076923077,1.2691807197434926,0.42436375845056207,63.50687150691107,,robi
12.0,7,11.55,6,0.9,mondrian,baseline,65,0.8923076923076924,0.7906184007420958,0.9555913430791529,-0.007692307692307665,0.1076923076923077,1.2691807197434926,0.42436375845056207,63.50687150691107,,robi
12.0,7,11.55,6,0.9,aci,ALL,65,0.9076923076923077,0.809834160783301,0.9653663477859001,0.007692307692307665,0.09230769230769231,1.3797038461249764,0.5834366830361446,67.1539603083684,,robi
12.0,7,11.55,6,0.9,aci,baseline,65,0.9076923076923077,0.809834160783301,0.9653663477859001,0.007692307692307665,0.09230769230769231,1.3797038461249764,0.5834366830361446,67.1539603083684,,robi
12.0,7,11.55,6,0.95,marginal,ALL,65,0.9692307692307692,0.893229679425601,0.9962517377804871,0.019230769230769273,0.03076923076923077,1.4825760334099816,0.6352332377679245,74.73944691349911,,robi
12.0,7,11.55,6,0.95,marginal,baseline,65,0.9692307692307692,0.893229679425601,0.9962517377804871,0.019230769230769273,0.03076923076923077,1.4825760334099816,0.6352332377679245,74.73944691349911,,robi
12.0,7,11.55,6,0.95,adaptive,ALL,65,0.9846153846153847,0.9172369122555336,0.9996105711089028,0.034615384615384714,0.015384615384615385,1.3962242804662215,0.5151154226645234,64.53228597843756,,robi
12.0,7,11.55,6,0.95,adaptive,baseline,65,0.9846153846153847,0.9172369122555336,0.9996105711089028,0.034615384615384714,0.015384615384615385,1.3962242804662215,0.5151154226645234,64.53228597843756,,robi
12.0,7,11.55,6,0.95,mondrian,ALL,65,0.9538461538461539,0.8709887201017411,0.9903789211596614,0.0038461538461539435,0.046153846153846156,1.4148109739096604,0.5657654297188419,69.58049006535458,,robi
12.0,7,11.55,6,0.95,mondrian,baseline,65,0.9538461538461539,0.8709887201017411,0.9903789211596614,0.0038461538461539435,0.046153846153846156,1.4148109739096604,0.5657654297188419,69.58049006535458,,robi
12.0,7,11.55,6,0.95,aci,ALL,65,0.9692307692307692,0.893229679425601,0.9962517377804871,0.019230769230769273,0.03076923076923077,1.4374736283414613,0.6017001021155639,74.34035873647836,,robi
12.0,7,11.55,6,0.95,aci,baseline,65,0.9692307692307692,0.893229679425601,0.9962517377804871,0.019230769230769273,0.03076923076923077,1.4374736283414613,0.6017001021155639,74.34035873647836,,robi
12.0,7,11.55,7,0.8,marginal,ALL,66,0.6515151515151515,0.5242397683271001,0.7647080305896783,-0.14848484848484855,0.3484848484848485,1.0855611284844036,0.36512896594625704,119.70715604839897,,robi
12.0,7,11.55,7,0.8,marginal,baseline,66,0.6515151515151515,0.5242397683271001,0.7647080305896783,-0.14848484848484855,0.3484848484848485,1.0855611284844036,0.36512896594625704,119.70715604839897,,robi
12.0,7,11.55,7,0.8,adaptive,ALL,66,0.6666666666666666,0.5398613431497498,0.7779692372780056,-0.13333333333333341,0.3333333333333333,1.1041945507172861,0.3896138069927027,115.50552572267699,,robi
12.0,7,11.55,7,0.8,adaptive,baseline,66,0.6666666666666666,0.5398613431497498,0.7779692372780056,-0.13333333333333341,0.3333333333333333,1.1041945507172861,0.3896138069927027,115.50552572267699,,robi
12.0,7,11.55,7,0.8,mondrian,ALL,66,0.6363636363636364,0.5087394315103151,0.7513222169426667,-0.1636363636363637,0.36363636363636365,1.0788474430630428,0.3645235016838865,122.58137591737686,,robi
12.0,7,11.55,7,0.8,mondrian,baseline,66,0.6363636363636364,0.5087394315103151,0.7513222169426667,-0.1636363636363637,0.36363636363636365,1.0788474430630428,0.3645235016838865,122.58137591737686,,robi
12.0,7,11.55,7,0.8,aci,ALL,66,0.7424242424242424,0.6199387593265298,0.8422336207426877,-0.05757575757575761,0.25757575757575757,1.2207535107477536,0.5400835890020105,93.31112553451999,,robi
12.0,7,11.55,7,0.8,aci,baseline,66,0.7424242424242424,0.6199387593265298,0.8422336207426877,-0.05757575757575761,0.25757575757575757,1.2207535107477536,0.5400835890020105,93.31112553451999,,robi
12.0,7,11.55,7,0.9,marginal,ALL,66,0.8333333333333334,0.7213265468376222,0.9137520659512851,-0.06666666666666665,0.16666666666666666,1.230791112123811,0.4565306151207896,85.96086937644262,,robi
12.0,7,11.55,7,0.9,marginal,baseline,66,0.8333333333333334,0.7213265468376222,0.9137520659512851,-0.06666666666666665,0.16666666666666666,1.230791112123811,0.4565306151207896,85.96086937644262,,robi
12.0,7,11.55,7,0.9,adaptive,ALL,66,0.803030303030303,0.6867611541519059,0.8907397343822824,-0.09696969696969704,0.19696969696969696,1.2186089392144765,0.46463761659259717,85.88969656234165,,robi
12.0,7,11.55,7,0.9,adaptive,baseline,66,0.803030303030303,0.6867611541519059,0.8907397343822824,-0.09696969696969704,0.19696969696969696,1.2186089392144765,0.46463761659259717,85.88969656234165,,robi
12.0,7,11.55,7,0.9,mondrian,ALL,66,0.8181818181818182,0.7039345441700697,0.9023647979841516,-0.08181818181818179,0.18181818181818182,1.2188843530692879,0.4500543455546835,87.56951520977599,,robi
12.0,7,11.55,7,0.9,mondrian,baseline,66,0.8181818181818182,0.7039345441700697,0.9023647979841516,-0.08181818181818179,0.18181818181818182,1.2188843530692879,0.4500543455546835,87.56951520977599,,robi
12.0,7,11.55,7,0.9,aci,ALL,66,0.8636363636363636,0.7568586684861609,0.9357018153567446,-0.036363636363636376,0.13636363636363635,1.4323331338324679,0.72194480684524,83.25913925170897,,robi
12.0,7,11.55,7,0.9,aci,baseline,66,0.8636363636363636,0.7568586684861609,0.9357018153567446,-0.036363636363636376,0.13636363636363635,1.4323331338324679,0.72194480684524,83.25913925170897,,robi
12.0,7,11.55,7,0.95,marginal,ALL,66,0.9242424242424242,0.8319934099362835,0.9749443870832766,-0.025757575757575757,0.07575757575757576,1.4167968940090359,0.6281586308240331,79.38574939149798,,robi
12.0,7,11.55,7,0.95,marginal,baseline,66,0.9242424242424242,0.8319934099362835,0.9749443870832766,-0.025757575757575757,0.07575757575757576,1.4167968940090359,0.6281586308240331,79.38574939149798,,robi
12.0,7,11.55,7,0.95,adaptive,ALL,66,0.9242424242424242,0.8319934099362835,0.9749443870832766,-0.025757575757575757,0.07575757575757576,1.4105621526634753,0.6314942552146185,78.69054729232828,,robi
12.0,7,11.55,7,0.95,adaptive,baseline,66,0.9242424242424242,0.8319934099362835,0.9749443870832766,-0.025757575757575757,0.07575757575757576,1.4105621526634753,0.6314942552146185,78.69054729232828,,robi
12.0,7,11.55,7,0.95,mondrian,ALL,66,0.8939393939393939,0.793606517867613,0.9562815509014071,-0.05606060606060603,0.10606060606060606,1.350796324848687,0.5678779875688881,78.01205391623756,,robi
12.0,7,11.55,7,0.95,mondrian,baseline,66,0.8939393939393939,0.793606517867613,0.9562815509014071,-0.05606060606060603,0.10606060606060606,1.350796324848687,0.5678779875688881,78.01205391623756,,robi
12.0,7,11.55,7,0.95,aci,ALL,66,0.9393939393939394,0.8520324360541544,0.983241777301832,-0.010606060606060508,0.06060606060606061,1.6630965566866145,0.9396655097339071,100.65961749452534,,robi
12.0,7,11.55,7,0.95,aci,baseline,66,0.9393939393939394,0.8520324360541544,0.983241777301832,-0.010606060606060508,0.06060606060606061,1.6630965566866145,0.9396655097339071,100.65961749452534,,robi
24.0,15,24.75,0,0.8,marginal,ALL,64,0.65625,0.5269769612216837,0.7705367575006611,-0.14375000000000004,0.34375,1.0580913814925799,0.2202016817767935,72.44086948394775,,robi
24.0,15,24.75,0,0.8,marginal,baseline,64,0.65625,0.5269769612216837,0.7705367575006611,-0.14375000000000004,0.34375,1.0580913814925799,0.2202016817767935,72.44086948394775,,robi
24.0,15,24.75,0,0.8,adaptive,ALL,64,0.671875,0.5431232132214405,0.7841280011062752,-0.12812500000000004,0.328125,1.0447411695064481,0.2003598525651183,75.76470324416205,,robi
24.0,15,24.75,0,0.8,adaptive,baseline,64,0.671875,0.5431232132214405,0.7841280011062752,-0.12812500000000004,0.328125,1.0447411695064481,0.2003598525651183,75.76470324416205,,robi
24.0,15,24.75,0,0.8,mondrian,ALL,64,0.65625,0.5269769612216837,0.7705367575006611,-0.14375000000000004,0.34375,1.0580913814925799,0.2202016817767935,72.44086948394775,,robi
24.0,15,24.75,0,0.8,mondrian,baseline,64,0.65625,0.5269769612216837,0.7705367575006611,-0.14375000000000004,0.34375,1.0580913814925799,0.2202016817767935,72.44086948394775,,robi
24.0,15,24.75,0,0.8,aci,ALL,64,0.78125,0.66030368818474,0.8749317262847537,-0.018750000000000044,0.21875,1.128020023982612,0.28126574714562363,60.0081374311447,,robi
24.0,15,24.75,0,0.8,aci,baseline,64,0.78125,0.66030368818474,0.8749317262847537,-0.018750000000000044,0.21875,1.128020023982612,0.28126574714562363,60.0081374311447,,robi
24.0,15,24.75,0,0.9,marginal,ALL,64,0.8125,0.6953771263048517,0.8991848406462224,-0.08750000000000002,0.1875,1.1117425785902957,0.23402635366095714,56.28256682395936,,robi
24.0,15,24.75,0,0.9,marginal,baseline,64,0.8125,0.6953771263048517,0.8991848406462224,-0.08750000000000002,0.1875,1.1117425785902957,0.23402635366095714,56.28256682395936,,robi
24.0,15,24.75,0,0.9,adaptive,ALL,64,0.765625,0.6430658896037342,0.8624845215594039,-0.13437500000000002,0.234375,1.1030109039469937,0.24563473320574525,61.47249104558767,,robi
24.0,15,24.75,0,0.9,adaptive,baseline,64,0.765625,0.6430658896037342,0.8624845215594039,-0.13437500000000002,0.234375,1.1030109039469937,0.24563473320574525,61.47249104558767,,robi
24.0,15,24.75,0,0.9,mondrian,ALL,64,0.8125,0.6953771263048517,0.8991848406462224,-0.08750000000000002,0.1875,1.1117425785902957,0.23402635366095714,56.28256682395936,,robi
24.0,15,24.75,0,0.9,mondrian,baseline,64,0.8125,0.6953771263048517,0.8991848406462224,-0.08750000000000002,0.1875,1.1117425785902957,0.23402635366095714,56.28256682395936,,robi
24.0,15,24.75,0,0.9,aci,ALL,64,0.890625,0.7875427740445976,0.9548789798128852,-0.009375000000000022,0.109375,1.2845213727747455,0.4247792166267632,59.15121053695677,,robi
24.0,15,24.75,0,0.9,aci,baseline,64,0.890625,0.7875427740445976,0.9548789798128852,-0.009375000000000022,0.109375,1.2845213727747455,0.4247792166267632,59.15121053695677,,robi
24.0,15,24.75,0,0.95,marginal,ALL,64,0.859375,0.7497631643759881,0.9336259283315737,-0.09062499999999996,0.140625,1.1546083595125392,0.26820932833155564,50.60615388870238,,robi
24.0,15,24.75,0,0.95,marginal,baseline,64,0.859375,0.7497631643759881,0.9336259283315737,-0.09062499999999996,0.140625,1.1546083595125392,0.26820932833155564,50.60615388870238,,robi
24.0,15,24.75,0,0.95,adaptive,ALL,64,0.84375,0.731365755733743,0.9224426681998767,-0.10624999999999996,0.15625,1.158867604103112,0.2880880788364744,54.39657796059895,,robi
24.0,15,24.75,0,0.95,adaptive,baseline,64,0.84375,0.731365755733743,0.9224426681998767,-0.10624999999999996,0.15625,1.158867604103112,0.2880880788364744,54.39657796059895,,robi
24.0,15,24.75,0,0.95,mondrian,ALL,64,0.859375,0.7497631643759881,0.9336259283315737,-0.09062499999999996,0.140625,1.1546083595125392,0.26820932833155564,50.60615388870238,,robi
24.0,15,24.75,0,0.95,mondrian,baseline,64,0.859375,0.7497631643759881,0.9336259283315737,-0.09062499999999996,0.140625,1.1546083595125392,0.26820932833155564,50.60615388870238,,robi
24.0,15,24.75,0,0.95,aci,ALL,64,0.953125,0.8690642627585942,0.9902269250455434,0.0031250000000000444,0.046875,1.3312591956764208,0.4385148277048445,57.57932985782623,,robi
24.0,15,24.75,0,0.95,aci,baseline,64,0.953125,0.8690642627585942,0.9902269250455434,0.0031250000000000444,0.046875,1.3312591956764208,0.4385148277048445,57.57932985782623,,robi
24.0,15,24.75,1,0.8,marginal,ALL,64,0.890625,0.7875427740445976,0.9548789798128852,0.09062499999999996,0.109375,1.2079640802722917,0.3340699866021938,56.522553291320804,,robi
24.0,15,24.75,1,0.8,marginal,baseline,49,0.9387755102040817,0.8313410992976988,0.9871915786817211,0.13877551020408163,0.061224489795918366,1.2248979893645746,0.31075155690026063,47.091119596520244,,robi
24.0,15,24.75,1,0.8,marginal,elevated_risk,15,0.7333333333333333,0.44899675896302954,0.9221284537089564,-0.06666666666666676,0.26666666666666666,1.1578430433527218,0.4315834199011871,87.3319033610026,,robi
24.0,15,24.75,1,0.8,adaptive,ALL,64,0.890625,0.7875427740445976,0.9548789798128852,0.09062499999999996,0.109375,1.2229804576221914,0.3488282158924537,49.7581229444058,,robi
24.0,15,24.75,1,0.8,adaptive,baseline,49,0.9591836734693877,0.8602128129775362,0.9950181581650287,0.15918367346938767,0.04081632653061224,1.246952771237217,0.32377044464665417,37.90958377603028,,robi
24.0,15,24.75,1,0.8,adaptive,elevated_risk,15,0.6666666666666666,0.3838037325411542,0.881758896633119,-0.13333333333333341,0.3333333333333333,1.1520271290553226,0.4665997407477113,88.46335089443252,,robi
24.0,15,24.75,1,0.8,mondrian,ALL,64,0.890625,0.7875427740445976,0.9548789798128852,0.09062499999999996,0.109375,1.2079640802722917,0.3340699866021938,56.522553291320804,,robi
24.0,15,24.75,1,0.8,mondrian,baseline,49,0.9387755102040817,0.8313410992976988,0.9871915786817211,0.13877551020408163,0.061224489795918366,1.2248979893645746,0.31075155690026063,47.091119596520244,,robi
24.0,15,24.75,1,0.8,mondrian,elevated_risk,15,0.7333333333333333,0.44899675896302954,0.9221284537089564,-0.06666666666666676,0.26666666666666666,1.1578430433527218,0.4315834199011871,87.3319033610026,,robi
24.0,15,24.75,1,0.8,aci,ALL,64,0.859375,0.7497631643759881,0.9336259283315737,0.059374999999999956,0.140625,1.205093687150066,0.353724253996183,55.343317255973815,,robi
24.0,15,24.75,1,0.8,aci,baseline,49,0.8979591836734694,0.7777233037173732,0.9660282950160443,0.09795918367346934,0.10204081632653061,1.2032143581877115,0.3031109058985653,45.05086399623326,,robi
24.0,15,24.75,1,0.8,aci,elevated_risk,15,0.7333333333333333,0.44899675896302954,0.9221284537089564,-0.06666666666666676,0.26666666666666666,1.2106561308712918,0.5561776463866538,88.96533123779298,,robi
24.0,15,24.75,1,0.9,marginal,ALL,64,0.9375,0.8476365265773033,0.9827099726189448,0.03749999999999998,0.0625,1.33484481417675,0.46308224757581223,57.99928154945373,,robi
24.0,15,24.75,1,0.9,marginal,baseline,49,0.9591836734693877,0.8602128129775362,0.9950181581650287,0.05918367346938769,0.04081632653061224,1.3548618363074971,0.4514738143061126,55.24471005809549,,robi
24.0,15,24.75,1,0.9,marginal,elevated_risk,15,0.8666666666666667,0.595397303396628,0.9834240865599164,-0.033333333333333326,0.13333333333333333,1.2755983696749158,0.5050511986278028,66.99754842122394,,robi
24.0,15,24.75,1,0.9,adaptive,ALL,64,0.9375,0.8476365265773033,0.9827099726189448,0.03749999999999998,0.0625,1.297562466213688,0.4165725444249931,48.47682980022838,,robi
24.0,15,24.75,1,0.9,adaptive,baseline,49,1.0,0.9274807363357226,1.0,0.09999999999999998,0.0,1.3276068077271492,0.39842328093619395,42.455702808408475,,robi
24.0,15,24.75,1,0.9,adaptive,elevated_risk,15,0.7333333333333333,0.44899675896302954,0.9221284537089564,-0.16666666666666674,0.26666666666666666,1.208637130544642,0.4974192636023711,68.14584464017342,,robi
24.0,15,24.75,1,0.9,mondrian,ALL,64,0.9375,0.8476365265773033,0.9827099726189448,0.03749999999999998,0.0625,1.33484481417675,0.46308224757581223,57.99928154945373,,robi
24.0,15,24.75,1,0.9,mondrian,baseline,49,0.9591836734693877,0.8602128129775362,0.9950181581650287,0.05918367346938769,0.04081632653061224,1.3548618363074971,0.4514738143061126,55.24471005809549,,robi
24.0,15,24.75,1,0.9,mondrian,elevated_risk,15,0.8666666666666667,0.595397303396628,0.9834240865599164,-0.033333333333333326,0.13333333333333333,1.2755983696749158,0.5050511986278028,66.99754842122394,,robi
24.0,15,24.75,1,0.9,aci,ALL,64,0.9375,0.8476365265773033,0.9827099726189448,0.03749999999999998,0.0625,1.3392056831319485,0.48885430561798426,58.217564873695366,,robi
24.0,15,24.75,1,0.9,aci,baseline,49,0.9795918367346939,0.8914582360315931,0.9994834435024067,0.07959183673469383,0.02040816326530612,1.3238096584165513,0.4125041210832636,50.228299255371084,,robi
24.0,15,24.75,1,0.9,aci,elevated_risk,15,0.8,0.519108866193147,0.9566879948941633,-0.09999999999999998,0.2,1.3847748850787525,0.7942550437568663,84.31583256022132,,robi
24.0,15,24.75,1,0.95,marginal,ALL,64,0.96875,0.8916294777754828,0.9961928186181276,0.018750000000000044,0.03125,1.4632744434843146,0.5951739974372582,67.46878680229186,,robi
24.0,15,24.75,1,0.95,marginal,baseline,49,0.9795918367346939,0.8914582360315931,0.9994834435024067,0.0295918367346939,0.02040816326530612,1.4864122157278525,0.5910224363011347,68.45474848533163,,robi
24.0,15,24.75,1,0.95,marginal,elevated_risk,15,0.9333333333333333,0.6805154334216966,0.9983135697586473,-0.016666666666666607,0.06666666666666667,1.3947911930702988,0.6094079213325383,64.24797863769531,,robi
24.0,15,24.75,1,0.95,adaptive,ALL,64,0.953125,0.8690642627585942,0.9902269250455434,0.0031250000000000444,0.046875,1.369055632616228,0.49354895570317725,53.82090406767466,,robi
24.0,15,24.75,1,0.95,adaptive,baseline,49,1.0,0.9274807363357226,1.0,0.050000000000000044,0.0,1.4049205266884357,0.4855966483890188,52.47505587987146,,robi
24.0,15,24.75,1,0.95,adaptive,elevated_risk,15,0.8,0.519108866193147,0.9566879948941633,-0.1499999999999999,0.2,1.262902607339341,0.5260208772359917,58.217341481165136,,robi
24.0,15,24.75,1,0.95,mondrian,ALL,64,0.96875,0.8916294777754828,0.9961928186181276,0.018750000000000044,0.03125,1.4632744434843146,0.5951739974372582,67.46878680229186,,robi
24.0,15,24.75,1,0.95,mondrian,baseline,49,0.9795918367346939,0.8914582360315931,0.9994834435024067,0.0295918367346939,0.02040816326530612,1.4864122157278525,0.5910224363011347,68.45474848533163,,robi
24.0,15,24.75,1,0.95,mondrian,elevated_risk,15,0.9333333333333333,0.6805154334216966,0.9983135697586473,-0.016666666666666607,0.06666666666666667,1.3947911930702988,0.6094079213325383,64.24797863769531,,robi
24.0,15,24.75,1,0.95,aci,ALL,64,0.96875,0.8916294777754828,0.9961928186181276,0.018750000000000044,0.03125,1.4386479637659968,0.5819085523049844,64.90201587677001,,robi
24.0,15,24.75,1,0.95,aci,baseline,49,0.9795918367346939,0.8914582360315931,0.9994834435024067,0.0295918367346939,0.02040816326530612,1.4561514866926382,0.5702664528750158,65.69758970299544,,robi
24.0,15,24.75,1,0.95,aci,elevated_risk,15,0.9333333333333333,0.6805154334216966,0.9983135697586473,-0.016666666666666607,0.06666666666666667,1.3868409820438292,0.6218243217791628,62.30314137776691,,robi
24.0,15,24.75,2,0.8,marginal,ALL,64,0.84375,0.731365755733743,0.9224426681998767,0.043749999999999956,0.15625,1.1580930641743434,0.2720238624983098,46.92521964550018,,robi
24.0,15,24.75,2,0.8,marginal,baseline,34,0.8529411764705882,0.6894342696048746,0.9504715447438226,0.05294117647058816,0.14705882352941177,1.1613435890501145,0.24134906112963433,33.57083255543427,,robi
24.0,15,24.75,2,0.8,marginal,elevated_risk,30,0.8333333333333334,0.6527883011658562,0.9435783035319285,0.033333333333333326,0.16666666666666666,1.1544033198336365,0.30760663208597316,62.06019168090818,,robi
24.0,15,24.75,2,0.8,adaptive,ALL,64,0.828125,0.7132463421265287,0.9109510036708971,0.028124999999999956,0.171875,1.146896551939822,0.26538482126402496,43.27623037498171,,robi
24.0,15,24.75,2,0.8,adaptive,baseline,34,0.8823529411764706,0.7254965128576445,0.9669983196635304,0.08235294117647052,0.11764705882352941,1.1419196817299249,0.21395398532014143,34.81206459552223,,robi
24.0,15,24.75,2,0.8,adaptive,elevated_risk,30,0.7666666666666667,0.5771634770217806,0.9006621350419802,-0.033333333333333326,0.23333333333333334,1.1525459099337503,0.3324685203212644,52.86895159170245,,robi
24.0,15,24.75,2,0.8,mondrian,ALL,64,0.84375,0.731365755733743,0.9224426681998767,0.043749999999999956,0.15625,1.1542767511077605,0.26761996063521243,47.22430466175079,,robi
24.0,15,24.75,2,0.8,mondrian,baseline,34,0.8529411764705882,0.6894342696048746,0.9504715447438226,0.05294117647058816,0.14705882352941177,1.1541652488588328,0.23314869214317732,34.13381611543544,,robi
24.0,15,24.75,2,0.8,mondrian,elevated_risk,30,0.8333333333333334,0.6527883011658562,0.9435783035319285,0.033333333333333326,0.16666666666666666,1.1544033198336365,0.30760663208597316,62.06019168090818,,robi
24.0,15,24.75,2,0.8,aci,ALL,64,0.828125,0.7132463421265287,0.9109510036708971,0.028124999999999956,0.171875,1.1411164113476278,0.2658110006025512,51.15717528343201,,robi
24.0,15,24.75,2,0.8,aci,baseline,34,0.8235294117647058,0.6546848689318661,0.9323593473172428,0.0235294117647058,0.17647058823529413,1.122677711111044,0.20878337819842965,40.04456802368166,,robi
24.0,15,24.75,2,0.8,aci,elevated_risk,30,0.8333333333333334,0.6527883011658562,0.9435783035319285,0.033333333333333326,0.16666666666666666,1.162046597224693,0.32968193769516724,63.751463511149076,,robi
24.0,15,24.75,2,0.9,marginal,ALL,64,0.9375,0.8476365265773033,0.9827099726189448,0.03749999999999998,0.0625,1.2678392248833514,0.36658791903972393,45.120894317626956,,robi
24.0,15,24.75,2,0.9,marginal,baseline,34,0.9411764705882353,0.8032267906644245,0.9927950825609503,0.04117647058823526,0.058823529411764705,1.271008659291823,0.33972641174118773,34.918213886934176,,robi
24.0,15,24.75,2,0.9,marginal,elevated_risk,30,0.9333333333333333,0.7792645984770381,0.9918218655393437,0.033333333333333326,0.06666666666666667,1.2642415281670247,0.3972867845237652,56.68393213907877,,robi
24.0,15,24.75,2,0.9,adaptive,ALL,64,0.921875,0.8270216709957924,0.9741461598320319,0.021874999999999978,0.078125,1.2295648330160325,0.33437425520604713,40.89348662152728,,robi
24.0,15,24.75,2,0.9,adaptive,baseline,34,0.9117647058823529,0.7632247257130623,0.9814204965591596,0.0117647058823529,0.08823529411764706,1.2183098192939945,0.29405858588202155,33.883365878178154,,robi
24.0,15,24.75,2,0.9,adaptive,elevated_risk,30,0.9333333333333333,0.7792645984770381,0.9918218655393437,0.033333333333333326,0.06666666666666667,1.2423406537750137,0.3790094605290756,48.83829013065628,,robi
24.0,15,24.75,2,0.9,mondrian,ALL,64,0.9375,0.8476365265773033,0.9827099726189448,0.03749999999999998,0.0625,1.2538043284578735,0.3507248431208081,44.49237037658692,,robi
24.0,15,24.75,2,0.9,mondrian,baseline,34,0.9411764705882353,0.8032267906644245,0.9927950825609503,0.04117647058823526,0.058823529411764705,1.2446095512171576,0.30998314439322067,33.735109997917625,,robi
24.0,15,24.75,2,0.9,mondrian,elevated_risk,30,0.9333333333333333,0.7792645984770381,0.9918218655393437,0.033333333333333326,0.06666666666666667,1.2642415281670247,0.3972867845237652,56.68393213907877,,robi
24.0,15,24.75,2,0.9,aci,ALL,64,0.90625,0.8070308955516561,0.9648126671291817,0.006249999999999978,0.09375,1.2610395864217696,0.38838600750988417,48.94008148193359,,robi
24.0,15,24.75,2,0.9,aci,baseline,34,0.9117647058823529,0.7632247257130623,0.9814204965591596,0.0117647058823529,0.08823529411764706,1.2197301505039009,0.2936947580628744,36.381825103759766,,robi
24.0,15,24.75,2,0.9,aci,elevated_risk,30,0.9,0.7347115495257919,0.9788828629702774,0.0,0.1,1.3079308618991097,0.497105590208303,63.17277204386392,,robi
24.0,15,24.75,2,0.95,marginal,ALL,64,0.96875,0.8916294777754828,0.9961928186181276,0.018750000000000044,0.03125,1.427475520387,0.5354051163109164,58.14479977607726,,robi
24.0,15,24.75,2,0.95,marginal,baseline,34,1.0,0.8971820757409874,1.0,0.050000000000000044,0.0,1.4305270009489166,0.4956398373536471,54.66781207813934,,robi
24.0,15,24.75,2,0.95,marginal,elevated_risk,30,0.9333333333333333,0.7792645984770381,0.9918218655393437,-0.016666666666666607,0.06666666666666667,1.4240117157510073,0.5836915264733148,62.08538583374023,,robi
24.0,15,24.75,2,0.95,adaptive,ALL,64,0.96875,0.8916294777754828,0.9961928186181276,0.018750000000000044,0.03125,1.3154143141774792,0.4182720968479196,46.49172476413102,,robi
24.0,15,24.75,2,0.95,adaptive,baseline,34,0.9705882352941176,0.8467323304396823,0.9992556357653097,0.020588235294117685,0.029411764705882353,1.2976395645161212,0.3655885174377607,39.591843992905886,,robi
24.0,15,24.75,2,0.95,adaptive,elevated_risk,30,0.9666666666666667,0.8278305443665873,0.9991564290733695,0.01666666666666672,0.03333333333333333,1.3355908347324588,0.4782223768663761,54.31158963818618,,robi
24.0,15,24.75,2,0.95,mondrian,ALL,64,0.96875,0.8916294777754828,0.9961928186181276,0.018750000000000044,0.03125,1.416421619192357,0.5228129031437372,56.742225522994985,,robi
24.0,15,24.75,2,0.95,mondrian,baseline,34,1.0,0.8971820757409874,1.0,0.050000000000000044,0.0,1.409735031885695,0.4726775662840851,52.02767230763155,,robi
24.0,15,24.75,2,0.95,mondrian,elevated_risk,30,0.9333333333333333,0.7792645984770381,0.9918218655393437,-0.016666666666666607,0.06666666666666667,1.4240117157510073,0.5836915264733148,62.08538583374023,,robi
24.0,15,24.75,2,0.95,aci,ALL,64,0.953125,0.8690642627585942,0.9902269250455434,0.0031250000000000444,0.046875,1.364123611654632,0.4852093947172013,57.40255661010741,,robi
24.0,15,24.75,2,0.95,aci,baseline,34,0.9705882352941176,0.8467323304396823,0.9992556357653097,0.020588235294117685,0.029411764705882353,1.3616062345689606,0.4338543872010015,46.98432282391715,,robi
24.0,15,24.75,2,0.95,aci,elevated_risk,30,0.9333333333333333,0.7792645984770381,0.9918218655393437,-0.016666666666666607,0.06666666666666667,1.3669811433488248,0.5457349392898654,69.20988823445637,,robi
24.0,15,24.75,3,0.8,marginal,ALL,64,0.84375,0.731365755733743,0.9224426681998767,0.043749999999999956,0.15625,1.178476741355239,0.32616126958237884,39.03219766139985,,robi
24.0,15,24.75,3,0.8,marginal,baseline,64,0.84375,0.731365755733743,0.9224426681998767,0.043749999999999956,0.15625,1.178476741355239,0.32616126958237884,39.03219766139985,,robi
24.0,15,24.75,3,0.8,adaptive,ALL,64,0.875,0.768473694033996,0.944457208820398,0.07499999999999996,0.125,1.2162800594135834,0.3672871319026059,37.10439163008668,,robi
24.0,15,24.75,3,0.8,adaptive,baseline,64,0.875,0.768473694033996,0.944457208820398,0.07499999999999996,0.125,1.2162800594135834,0.3672871319026059,37.10439163008668,,robi
24.0,15,24.75,3,0.8,mondrian,ALL,64,0.84375,0.731365755733743,0.9224426681998767,0.043749999999999956,0.15625,1.1741686183261169,0.3208338513161358,39.410552592277526,,robi
24.0,15,24.75,3,0.8,mondrian,baseline,64,0.84375,0.731365755733743,0.9224426681998767,0.043749999999999956,0.15625,1.1741686183261169,0.3208338513161358,39.410552592277526,,robi
24.0,15,24.75,3,0.8,aci,ALL,64,0.796875,0.6777356932919599,0.88717114052916,-0.0031250000000000444,0.203125,1.145679560101447,0.3098471122226597,41.61626245498658,,robi
24.0,15,24.75,3,0.8,aci,baseline,64,0.796875,0.6777356932919599,0.88717114052916,-0.0031250000000000444,0.203125,1.145679560101447,0.3098471122226597,41.61626245498658,,robi
24.0,15,24.75,3,0.9,marginal,ALL,64,0.921875,0.8270216709957924,0.9741461598320319,0.021874999999999978,0.078125,1.2621197792817669,0.39654208560663334,37.304939236640934,,robi
24.0,15,24.75,3,0.9,marginal,baseline,64,0.921875,0.8270216709957924,0.9741461598320319,0.021874999999999978,0.078125,1.2621197792817669,0.39654208560663334,37.304939236640934,,robi
24.0,15,24.75,3,0.9,adaptive,ALL,64,1.0,0.9439909106133635,1.0,0.09999999999999998,0.0,1.3887038501080646,0.5266516179317628,47.495480504798095,,robi
24.0,15,24.75,3,0.9,adaptive,baseline,64,1.0,0.9439909106133635,1.0,0.09999999999999998,0.0,1.3887038501080646,0.5266516179317628,47.495480504798095,,robi
24.0,15,24.75,3,0.9,mondrian,ALL,64,0.921875,0.8270216709957924,0.9741461598320319,0.021874999999999978,0.078125,1.2589042905408656,0.39270498433187456,37.24968787670136,,robi
24.0,15,24.75,3,0.9,mondrian,baseline,64,0.921875,0.8270216709957924,0.9741461598320319,0.021874999999999978,0.078125,1.2589042905408656,0.39270498433187456,37.24968787670136,,robi
24.0,15,24.75,3,0.9,aci,ALL,64,0.890625,0.7875427740445976,0.9548789798128852,-0.009375000000000022,0.109375,1.243039464808854,0.3954003752589131,37.178992047309876,,robi
24.0,15,24.75,3,0.9,aci,baseline,64,0.890625,0.7875427740445976,0.9548789798128852,-0.009375000000000022,0.109375,1.243039464808854,0.3954003752589131,37.178992047309876,,robi
24.0,15,24.75,3,0.95,marginal,ALL,64,1.0,0.9439909106133635,1.0,0.050000000000000044,0.0,1.439272748861358,0.5679584785014344,53.6744626379013,,robi
24.0,15,24.75,3,0.95,marginal,baseline,64,1.0,0.9439909106133635,1.0,0.050000000000000044,0.0,1.439272748861358,0.5679584785014344,53.6744626379013,,robi
24.0,15,24.75,3,0.95,adaptive,ALL,64,1.0,0.9439909106133635,1.0,0.050000000000000044,0.0,1.750486822907185,0.9697977355072525,91.70151583676464,,robi
24.0,15,24.75,3,0.95,adaptive,baseline,64,1.0,0.9439909106133635,1.0,0.050000000000000044,0.0,1.750486822907185,0.9697977355072525,91.70151583676464,,robi
24.0,15,24.75,3,0.95,mondrian,ALL,64,1.0,0.9439909106133635,1.0,0.050000000000000044,0.0,1.3950715634295807,0.5166701090330129,48.27354741573335,,robi
24.0,15,24.75,3,0.95,mondrian,baseline,64,1.0,0.9439909106133635,1.0,0.050000000000000044,0.0,1.3950715634295807,0.5166701090330129,48.27354741573335,,robi
24.0,15,24.75,3,0.95,aci,ALL,64,0.953125,0.8690642627585942,0.9902269250455434,0.0031250000000000444,0.046875,1.2723047158489118,0.398597063672353,34.876264195442204,,robi
24.0,15,24.75,3,0.95,aci,baseline,64,0.953125,0.8690642627585942,0.9902269250455434,0.0031250000000000444,0.046875,1.2723047158489118,0.398597063672353,34.876264195442204,,robi
24.0,15,24.75,4,0.8,marginal,ALL,64,0.640625,0.5109625981612298,0.7568097089687873,-0.15937500000000004,0.359375,1.020443272862417,0.15482328596568903,75.72140584945674,,robi
24.0,15,24.75,4,0.8,marginal,baseline,64,0.640625,0.5109625981612298,0.7568097089687873,-0.15937500000000004,0.359375,1.020443272862417,0.15482328596568903,75.72140584945674,,robi
24.0,15,24.75,4,0.8,adaptive,ALL,64,0.640625,0.5109625981612298,0.7568097089687873,-0.15937500000000004,0.359375,1.0238810705870947,0.15924324446769753,73.53186571580449,,robi
24.0,15,24.75,4,0.8,adaptive,baseline,64,0.640625,0.5109625981612298,0.7568097089687873,-0.15937500000000004,0.359375,1.0238810705870947,0.15924324446769753,73.53186571580449,,robi
24.0,15,24.75,4,0.8,mondrian,ALL,64,0.609375,0.479315429000885,0.7289644784402727,-0.19062500000000004,0.390625,1.0083926371564098,0.14682784149147507,81.29436399459838,,robi
24.0,15,24.75,4,0.8,mondrian,baseline,64,0.609375,0.479315429000885,0.7289644784402727,-0.19062500000000004,0.390625,1.0083926371564098,0.14682784149147507,81.29436399459838,,robi
24.0,15,24.75,4,0.8,aci,ALL,64,0.765625,0.6430658896037342,0.8624845215594039,-0.034375000000000044,0.234375,1.1354251267726512,0.2958323100944542,56.35213360786438,,robi
24.0,15,24.75,4,0.8,aci,baseline,64,0.765625,0.6430658896037342,0.8624845215594039,-0.034375000000000044,0.234375,1.1354251267726512,0.2958323100944542,56.35213360786438,,robi
24.0,15,24.75,4,0.9,marginal,ALL,64,0.8125,0.6953771263048517,0.8991848406462224,-0.08750000000000002,0.1875,1.1081207046104222,0.21889994174621302,50.11890687942506,,robi
24.0,15,24.75,4,0.9,marginal,baseline,64,0.8125,0.6953771263048517,0.8991848406462224,-0.08750000000000002,0.1875,1.1081207046104222,0.21889994174621302,50.11890687942506,,robi
24.0,15,24.75,4,0.9,adaptive,ALL,64,0.859375,0.7497631643759881,0.9336259283315737,-0.04062500000000002,0.140625,1.127712929479409,0.2303673213459364,38.93046645506831,,robi
24.0,15,24.75,4,0.9,adaptive,baseline,64,0.859375,0.7497631643759881,0.9336259283315737,-0.04062500000000002,0.140625,1.127712929479409,0.2303673213459364,38.93046645506831,,robi
24.0,15,24.75,4,0.9,mondrian,ALL,64,0.75,0.6260095431181809,0.8498444259147272,-0.15000000000000002,0.25,1.0893423599392205,0.21328348697886626,53.51334014892582,,robi
24.0,15,24.75,4,0.9,mondrian,baseline,64,0.75,0.6260095431181809,0.8498444259147272,-0.15000000000000002,0.25,1.0893423599392205,0.21328348697886626,53.51334014892582,,robi
24.0,15,24.75,4,0.9,aci,ALL,64,0.875,0.768473694033996,0.944457208820398,-0.025000000000000022,0.125,1.2849569975418205,0.44399475323560467,56.473603472709655,,robi
24.0,15,24.75,4,0.9,aci,baseline,64,0.875,0.768473694033996,0.944457208820398,-0.025000000000000022,0.125,1.2849569975418205,0.44399475323560467,56.473603472709655,,robi
24.0,15,24.75,4,0.95,marginal,ALL,64,0.953125,0.8690642627585942,0.9902269250455434,0.0031250000000000444,0.046875,1.23569451605997,0.3251841295686457,45.89219169139863,,robi
24.0,15,24.75,4,0.95,marginal,baseline,64,0.953125,0.8690642627585942,0.9902269250455434,0.0031250000000000444,0.046875,1.23569451605997,0.3251841295686457,45.89219169139863,,robi
24.0,15,24.75,4,0.95,adaptive,ALL,64,0.96875,0.8916294777754828,0.9961928186181276,0.018750000000000044,0.03125,1.2278707968851554,0.31748786384738653,37.22499007577667,,robi
24.0,15,24.75,4,0.95,adaptive,baseline,64,0.96875,0.8916294777754828,0.9961928186181276,0.018750000000000044,0.03125,1.2278707968851554,0.31748786384738653,37.22499007577667,,robi
24.0,15,24.75,4,0.95,mondrian,ALL,64,0.953125,0.8690642627585942,0.9902269250455434,0.0031250000000000444,0.046875,1.2137822768432807,0.3000798093811455,44.379753518104565,,robi
24.0,15,24.75,4,0.95,mondrian,baseline,64,0.953125,0.8690642627585942,0.9902269250455434,0.0031250000000000444,0.046875,1.2137822768432807,0.3000798093811455,44.379753518104565,,robi
24.0,15,24.75,4,0.95,aci,ALL,64,0.9375,0.8476365265773033,0.9827099726189448,-0.012499999999999956,0.0625,1.3527204932611525,0.4838513712744696,61.84454329013824,,robi
24.0,15,24.75,4,0.95,aci,baseline,64,0.9375,0.8476365265773033,0.9827099726189448,-0.012499999999999956,0.0625,1.3527204932611525,0.4838513712744696,61.84454329013824,,robi
24.0,15,24.75,5,0.8,marginal,ALL,64,0.625,0.49507646005266465,0.7429510775519335,-0.17500000000000004,0.375,1.0156326828766615,0.22893187549082955,123.84965495109556,,robi
24.0,15,24.75,5,0.8,marginal,baseline,35,0.6285714285714286,0.4492311641873226,0.7852678818856109,-0.17142857142857149,0.37142857142857144,1.0056442516415305,0.18670185709089926,118.14901497105188,,robi
24.0,15,24.75,5,0.8,marginal,elevated_risk,29,0.6206896551724138,0.42260464066440123,0.7931313005134929,-0.17931034482758623,0.3793103448275862,1.028018648471675,0.2805463424240777,130.72973768563105,,robi
24.0,15,24.75,5,0.8,adaptive,ALL,64,0.609375,0.479315429000885,0.7289644784402727,-0.19062500000000004,0.390625,1.0322681973432046,0.26291629643100933,112.08584050594561,,robi
24.0,15,24.75,5,0.8,adaptive,baseline,35,0.6285714285714286,0.4492311641873226,0.7852678818856109,-0.17142857142857149,0.37142857142857144,1.0219119425509062,0.21000145983818203,107.42766676991434,,robi
24.0,15,24.75,5,0.8,adaptive,elevated_risk,29,0.5862068965517241,0.38936279139690627,0.7647597902471015,-0.21379310344827596,0.41379310344827586,1.0451102755966377,0.33139432025702126,117.70777432529368,,robi
24.0,15,24.75,5,0.8,mondrian,ALL,64,0.640625,0.5109625981612298,0.7568097089687873,-0.15937500000000004,0.359375,1.0178329286849657,0.22629525780476556,122.74832753181458,,robi
24.0,15,24.75,5,0.8,mondrian,baseline,35,0.6285714285714286,0.4492311641873226,0.7852678818856109,-0.17142857142857149,0.37142857142857144,1.0056442516415305,0.18670185709089926,118.14901497105188,,robi
24.0,15,24.75,5,0.8,mondrian,elevated_risk,29,0.6551724137931034,0.4566942723320568,0.8206163507648881,-0.14482758620689662,0.3448275862068966,1.0329472675590947,0.27214024810503173,128.2992220017006,,robi
24.0,15,24.75,5,0.8,aci,ALL,64,0.75,0.6260095431181809,0.8498444259147272,-0.050000000000000044,0.25,1.1209368102419286,0.3647340748094317,98.84148220539092,,robi
24.0,15,24.75,5,0.8,aci,baseline,35,0.7142857142857143,0.5369553554455799,0.8536452547209407,-0.08571428571428574,0.2857142857142857,1.132540352343663,0.3874341640233675,86.0840302995954,,robi
24.0,15,24.75,5,0.8,aci,elevated_risk,29,0.7931034482758621,0.6027530507727605,0.9200581511239199,-0.006896551724137945,0.20689655172413793,1.1065480569062824,0.34006006479428413,114.23840691928204,,robi
24.0,15,24.75,5,0.9,marginal,ALL,64,0.671875,0.5431232132214405,0.7841280011062752,-0.22812500000000002,0.328125,1.0563724248845696,0.2651884425705792,105.96040563583375,,robi
24.0,15,24.75,5,0.9,marginal,baseline,35,0.6285714285714286,0.4492311641873226,0.7852678818856109,-0.27142857142857146,0.37142857142857144,1.0458907232437542,0.23940228797817464,98.24327438790458,,robi
24.0,15,24.75,5,0.9,marginal,elevated_risk,29,0.7241379310344828,0.5276155175699662,0.8726598858977699,-0.17586206896551726,0.27586206896551724,1.069370061134365,0.29220250928643154,115.27418472816206,,robi
24.0,15,24.75,5,0.9,adaptive,ALL,64,0.671875,0.5431232132214405,0.7841280011062752,-0.22812500000000002,0.328125,1.0781593074895404,0.29980097966336955,90.43231812110345,,robi
24.0,15,24.75,5,0.9,adaptive,baseline,35,0.6571428571428571,0.4778900166064788,0.8086758978117341,-0.24285714285714288,0.34285714285714286,1.0671692248090017,0.25979005912632974,85.48281228885824,,robi
24.0,15,24.75,5,0.9,adaptive,elevated_risk,29,0.6896551724137931,0.4916766461900099,0.8471540603913684,-0.21034482758620687,0.3103448275862069,1.091787352050605,0.34581353828096517,96.4058596427787,,robi
24.0,15,24.75,5,0.9,mondrian,ALL,64,0.671875,0.5431232132214405,0.7841280011062752,-0.22812500000000002,0.328125,1.063737218714012,0.2756262810907199,103.60487051486966,,robi
24.0,15,24.75,5,0.9,mondrian,baseline,35,0.6285714285714286,0.4492311641873226,0.7852678818856109,-0.27142857142857146,0.37142857142857144,1.04570586124631,0.239160221865739,98.33470637730187,,robi
24.0,15,24.75,5,0.9,mondrian,elevated_risk,29,0.7241379310344828,0.5276155175699662,0.8726598858977699,-0.17586206896551726,0.27586206896551724,1.086096663152176,0.3138288193264143,109.96541343952049,,robi
24.0,15,24.75,5,0.9,aci,ALL,64,0.875,0.768473694033996,0.944457208820398,-0.025000000000000022,0.125,1.3275524902367841,0.5736666019007427,88.2952889251709,,robi
24.0,15,24.75,5,0.9,aci,baseline,35,0.9142857142857143,0.7694249813411228,0.9819623601857825,0.014285714285714235,0.08571428571428572,1.2798551071085396,0.41829394097035855,52.08506556919643,,robi
24.0,15,24.75,5,0.9,aci,elevated_risk,29,0.8275862068965517,0.642252445585356,0.9415439170273656,-0.07241379310344831,0.1724137931034483,1.3866987297704465,0.7808301498079214,131.9972826306573,,robi
24.0,15,24.75,5,0.95,marginal,ALL,64,0.71875,0.5923997036779677,0.824033676883929,-0.23124999999999996,0.28125,1.1076069450938535,0.3119673885432314,87.27730071067809,,robi
24.0,15,24.75,5,0.95,marginal,baseline,35,0.6571428571428571,0.4778900166064788,0.8086758978117341,-0.2928571428571428,0.34285714285714286,1.0965049039191317,0.2942101704170577,75.5739516165597,,robi
24.0,15,24.75,5,0.95,marginal,elevated_risk,29,0.7931034482758621,0.6027530507727605,0.9200581511239199,-0.15689655172413786,0.20689655172413793,1.121373821672117,0.3297246066694051,101.40203237599341,,robi
24.0,15,24.75,5,0.95,adaptive,ALL,64,0.765625,0.6430658896037342,0.8624845215594039,-0.18437499999999996,0.234375,1.1394965513340138,0.34163539534076726,72.09975984312695,,robi
24.0,15,24.75,5,0.95,adaptive,baseline,35,0.7428571428571429,0.5674411503059621,0.875106028083238,-0.20714285714285707,0.2571428571428571,1.127659305540348,0.30804388617559464,69.25610477420513,,robi
24.0,15,24.75,5,0.95,adaptive,elevated_risk,29,0.7931034482758621,0.6027530507727605,0.9200581511239199,-0.15689655172413786,0.20689655172413793,1.1541751045210629,0.3796084057013974,75.53175734010155,,robi
24.0,15,24.75,5,0.95,mondrian,ALL,64,0.78125,0.66030368818474,0.8749317262847537,-0.16874999999999996,0.21875,1.241797191357642,0.47223699940345354,81.99247248172759,,robi
24.0,15,24.75,5,0.95,mondrian,baseline,35,0.6571428571428571,0.4778900166064788,0.8086758978117341,-0.2928571428571428,0.34285714285714286,1.0933808896205854,0.29017603744748344,76.96170252336772,,robi
24.0,15,24.75,5,0.95,mondrian,elevated_risk,29,0.9310344827586207,0.7723381100555139,0.9915360377469982,-0.018965517241379293,0.06896551724137931,1.425838024575641,0.6273259669955763,88.06409139698948,,robi
24.0,15,24.75,5,0.95,aci,ALL,64,0.9375,0.8476365265773033,0.9827099726189448,-0.012499999999999956,0.0625,1.569448207091659,0.7914789492550426,104.47589103221894,,robi
24.0,15,24.75,5,0.95,aci,baseline,35,1.0,0.8999675644278949,1.0,0.050000000000000044,0.0,1.6035559052112058,0.7363911467782879,96.74138937813896,,robi
24.0,15,24.75,5,0.95,aci,elevated_risk,29,0.8620689655172413,0.6833593905608624,0.9611051687045611,-0.08793103448275863,0.13793103448275862,1.5271535999117114,0.868601872722499,113.8106344078327,,robi
24.0,15,24.75,6,0.8,marginal,ALL,64,0.8125,0.6953771263048517,0.8991848406462224,0.012499999999999956,0.1875,1.1488321319497574,0.2979189972407679,53.35618211746217,,robi
24.0,15,24.75,6,0.8,marginal,baseline,64,0.8125,0.6953771263048517,0.8991848406462224,0.012499999999999956,0.1875,1.1488321319497574,0.2979189972407679,53.35618211746217,,robi
24.0,15,24.75,6,0.8,adaptive,ALL,64,0.875,0.768473694033996,0.944457208820398,0.07499999999999996,0.125,1.1637748862741257,0.3010621494619742,46.989436575920834,,robi
24.0,15,24.75,6,0.8,adaptive,baseline,64,0.875,0.768473694033996,0.944457208820398,0.07499999999999996,0.125,1.1637748862741257,0.3010621494619742,46.989436575920834,,robi
24.0,15,24.75,6,0.8,mondrian,ALL,64,0.8125,0.6953771263048517,0.8991848406462224,0.012499999999999956,0.1875,1.142781233057237,0.2904711445768685,54.24650121688842,,robi
24.0,15,24.75,6,0.8,mondrian,baseline,64,0.8125,0.6953771263048517,0.8991848406462224,0.012499999999999956,0.1875,1.142781233057237,0.2904711445768685,54.24650121688842,,robi
24.0,15,24.75,6,0.8,aci,ALL,64,0.796875,0.6777356932919599,0.88717114052916,-0.0031250000000000444,0.203125,1.1634464768787989,0.3397584028742628,55.314417982101446,,robi
24.0,15,24.75,6,0.8,aci,baseline,64,0.796875,0.6777356932919599,0.88717114052916,-0.0031250000000000444,0.203125,1.1634464768787989,0.3397584028742628,55.314417982101446,,robi
24.0,15,24.75,6,0.9,marginal,ALL,64,0.921875,0.8270216709957924,0.9741461598320319,0.021874999999999978,0.078125,1.2696189721291231,0.4028371647428818,49.87900296926498,,robi
24.0,15,24.75,6,0.9,marginal,baseline,64,0.921875,0.8270216709957924,0.9741461598320319,0.021874999999999978,0.078125,1.2696189721291231,0.4028371647428818,49.87900296926498,,robi
24.0,15,24.75,6,0.9,adaptive,ALL,64,0.953125,0.8690642627585942,0.9902269250455434,0.05312499999999998,0.046875,1.2773700304838793,0.41522802818823157,48.331736691375326,,robi
24.0,15,24.75,6,0.9,adaptive,baseline,64,0.953125,0.8690642627585942,0.9902269250455434,0.05312499999999998,0.046875,1.2773700304838793,0.41522802818823157,48.331736691375326,,robi
24.0,15,24.75,6,0.9,mondrian,ALL,64,0.921875,0.8270216709957924,0.9741461598320319,0.021874999999999978,0.078125,1.2445374033572056,0.37306277366095014,49.390559747219086,,robi
24.0,15,24.75,6,0.9,mondrian,baseline,64,0.921875,0.8270216709957924,0.9741461598320319,0.021874999999999978,0.078125,1.2445374033572056,0.37306277366095014,49.390559747219086,,robi
24.0,15,24.75,6,0.9,aci,ALL,64,0.90625,0.8070308955516561,0.9648126671291817,0.006249999999999978,0.09375,1.294269172056344,0.4641272442964295,53.322883613109596,,robi
24.0,15,24.75,6,0.9,aci,baseline,64,0.90625,0.8070308955516561,0.9648126671291817,0.006249999999999978,0.09375,1.294269172056344,0.4641272442964295,53.322883613109596,,robi
24.0,15,24.75,6,0.95,marginal,ALL,64,0.984375,0.9159896735656463,0.9996044874859493,0.034375000000000044,0.015625,1.3851789641908532,0.5093523004175462,58.303563921451556,,robi
24.0,15,24.75,6,0.95,marginal,baseline,64,0.984375,0.9159896735656463,0.9996044874859493,0.034375000000000044,0.015625,1.3851789641908532,0.5093523004175462,58.303563921451556,,robi
24.0,15,24.75,6,0.95,adaptive,ALL,64,0.96875,0.8916294777754828,0.9961928186181276,0.018750000000000044,0.03125,1.3912777131744325,0.5498133816308884,58.0732634808888,,robi
24.0,15,24.75,6,0.95,adaptive,baseline,64,0.96875,0.8916294777754828,0.9961928186181276,0.018750000000000044,0.03125,1.3912777131744325,0.5498133816308884,58.0732634808888,,robi
24.0,15,24.75,6,0.95,mondrian,ALL,64,0.953125,0.8690642627585942,0.9902269250455434,0.0031250000000000444,0.046875,1.316652850354358,0.4447071871241926,52.45732396364211,,robi
24.0,15,24.75,6,0.95,mondrian,baseline,64,0.953125,0.8690642627585942,0.9902269250455434,0.0031250000000000444,0.046875,1.316652850354358,0.4447071871241926,52.45732396364211,,robi
24.0,15,24.75,6,0.95,aci,ALL,64,0.96875,0.8916294777754828,0.9961928186181276,0.018750000000000044,0.03125,1.345602082101527,0.4838157902406359,55.05842534303666,,robi
24.0,15,24.75,6,0.95,aci,baseline,64,0.96875,0.8916294777754828,0.9961928186181276,0.018750000000000044,0.03125,1.345602082101527,0.4838157902406359,55.05842534303666,,robi
24.0,15,24.75,7,0.8,marginal,ALL,68,0.6470588235294118,0.521698142385042,0.7591615112733706,-0.15294117647058825,0.35294117647058826,1.0680572507594226,0.3053265850716672,92.09812713174257,,robi
24.0,15,24.75,7,0.8,marginal,baseline,68,0.6470588235294118,0.521698142385042,0.7591615112733706,-0.15294117647058825,0.35294117647058826,1.0680572507594226,0.3053265850716672,92.09812713174257,,robi
24.0,15,24.75,7,0.8,adaptive,ALL,68,0.6470588235294118,0.521698142385042,0.7591615112733706,-0.15294117647058825,0.35294117647058826,1.0938445223708915,0.35971073933683984,84.02959364611235,,robi
24.0,15,24.75,7,0.8,adaptive,baseline,68,0.6470588235294118,0.521698142385042,0.7591615112733706,-0.15294117647058825,0.35294117647058826,1.0938445223708915,0.35971073933683984,84.02959364611235,,robi
24.0,15,24.75,7,0.8,mondrian,ALL,68,0.6470588235294118,0.521698142385042,0.7591615112733706,-0.15294117647058825,0.35294117647058826,1.0664445443262667,0.3031197373063255,92.78985665265247,,robi
24.0,15,24.75,7,0.8,mondrian,baseline,68,0.6470588235294118,0.521698142385042,0.7591615112733706,-0.15294117647058825,0.35294117647058826,1.0664445443262667,0.3031197373063255,92.78985665265247,,robi
24.0,15,24.75,7,0.8,aci,ALL,68,0.7352941176470589,0.6142895970610122,0.8349615280649069,-0.06470588235294117,0.2647058823529412,1.1414813692270092,0.371117883897866,64.98558258505429,,robi
24.0,15,24.75,7,0.8,aci,baseline,68,0.7352941176470589,0.6142895970610122,0.8349615280649069,-0.06470588235294117,0.2647058823529412,1.1414813692270092,0.371117883897866,64.98558258505429,,robi
24.0,15,24.75,7,0.9,marginal,ALL,68,0.8088235294117647,0.6952982446704961,0.8940891163367188,-0.0911764705882353,0.19117647058823528,1.145940525696189,0.336461142113175,70.10758279688218,,robi
24.0,15,24.75,7,0.9,marginal,baseline,68,0.8088235294117647,0.6952982446704961,0.8940891163367188,-0.0911764705882353,0.19117647058823528,1.145940525696189,0.336461142113175,70.10758279688218,,robi
24.0,15,24.75,7,0.9,adaptive,ALL,68,0.7794117647058824,0.6624044182395694,0.8709597356012813,-0.12058823529411766,0.22058823529411764,1.1893142186627517,0.42528248326938667,56.69353994628924,,robi
24.0,15,24.75,7,0.9,adaptive,baseline,68,0.7794117647058824,0.6624044182395694,0.8709597356012813,-0.12058823529411766,0.22058823529411764,1.1893142186627517,0.42528248326938667,56.69353994628924,,robi
24.0,15,24.75,7,0.9,mondrian,ALL,68,0.7941176470588235,0.6787621320569635,0.8826200541214816,-0.10588235294117654,0.20588235294117646,1.1431656252323885,0.3391811038093007,70.61968869826376,,robi
24.0,15,24.75,7,0.9,mondrian,baseline,68,0.7941176470588235,0.6787621320569635,0.8826200541214816,-0.10588235294117654,0.20588235294117646,1.1431656252323885,0.3391811038093007,70.61968869826376,,robi
24.0,15,24.75,7,0.9,aci,ALL,68,0.8676470588235294,0.7635644456904789,0.9376516859365619,-0.032352941176470584,0.1323529411764706,1.27367182625931,0.4981758737472485,65.14701130137723,,robi
24.0,15,24.75,7,0.9,aci,baseline,68,0.8676470588235294,0.7635644456904789,0.9376516859365619,-0.032352941176470584,0.1323529411764706,1.27367182625931,0.4981758737472485,65.14701130137723,,robi
24.0,15,24.75,7,0.95,marginal,ALL,68,0.9117647058823529,0.8177768013320661,0.9669275191103401,-0.038235294117647034,0.08823529411764706,1.2448902039501166,0.4124685851351426,61.477775192260744,,robi
24.0,15,24.75,7,0.95,marginal,baseline,68,0.9117647058823529,0.8177768013320661,0.9669275191103401,-0.038235294117647034,0.08823529411764706,1.2448902039501166,0.4124685851351426,61.477775192260744,,robi
24.0,15,24.75,7,0.95,adaptive,ALL,68,0.9705882352941176,0.897758988071881,0.9964180385797287,0.020588235294117685,0.029411764705882353,1.3755030037352414,0.5672370696547712,60.871507636026024,,robi
24.0,15,24.75,7,0.95,adaptive,baseline,68,0.9705882352941176,0.897758988071881,0.9964180385797287,0.020588235294117685,0.029411764705882353,1.3755030037352414,0.5672370696547712,60.871507636026024,,robi
24.0,15,24.75,7,0.95,mondrian,ALL,68,0.8970588235294118,0.7993347019352242,0.9575995119253876,-0.05294117647058816,0.10294117647058823,1.2244187382719314,0.3945404158232876,61.81490999109604,,robi
24.0,15,24.75,7,0.95,mondrian,baseline,68,0.8970588235294118,0.7993347019352242,0.9575995119253876,-0.05294117647058816,0.10294117647058823,1.2244187382719314,0.3945404158232876,61.81490999109604,,robi
24.0,15,24.75,7,0.95,aci,ALL,68,0.9264705882352942,0.8366878726543963,0.9756947889493305,-0.0235294117647058,0.07352941176470588,1.4266722941161316,0.6387471166966442,75.08342757729922,,robi
24.0,15,24.75,7,0.95,aci,baseline,68,0.9264705882352942,0.8366878726543963,0.9756947889493305,-0.0235294117647058,0.07352941176470588,1.4266722941161316,0.6387471166966442,75.08342757729922,,robi
