model,trial,rmse,params,failure,operator
cnn_cov,1,8.02734583529459,"{""lookback"": 12, ""covariates"": false, ""context"": ""rain_only"", ""epochs"": 120, ""lr"": 0.004327576253748584, ""batch_size"": 64, ""dropout"": 0.2}",,gp
cnn_cov,9,8.426912678405687,"{""lookback"": 24, ""covariates"": false, ""context"": ""none"", ""epochs"": 60, ""lr"": 0.0006647780626301326, ""batch_size"": 32, ""dropout"": 0.2}",,gp
cnn_cov,8,8.520845845160775,"{""lookback"": 24, ""covariates"": false, ""context"": ""none"", ""epochs"": 40, ""lr"": 0.0015566745292900604, ""batch_size"": 64, ""dropout"": 0.0}",,gp
cnn_cov,14,8.629180248626083,"{""lookback"": 24, ""covariates"": false, ""context"": ""rain_only"", ""epochs"": 60, ""lr"": 0.0004897958846904056, ""batch_size"": 16, ""dropout"": 0.0}",,gp
cnn_cov,7,8.69802194932448,"{""lookback"": 24, ""covariates"": false, ""context"": ""none"", ""epochs"": 90, ""lr"": 0.004086050334527402, ""batch_size"": 32, ""dropout"": 0.2}",,gp
cnn_cov,2,8.710949623048984,"{""lookback"": 24, ""covariates"": false, ""context"": ""none"", ""epochs"": 60, ""lr"": 0.001101036419609077, ""batch_size"": 16, ""dropout"": 0.2}",,gp
cnn_cov,27,8.722495939961545,"{""lookback"": 8, ""covariates"": false, ""context"": ""rain_only"", ""epochs"": 120, ""lr"": 0.0014832463186443675, ""batch_size"": 64, ""dropout"": 0.0}",,gp
cnn_cov,4,9.275208063669435,"{""lookback"": 8, ""covariates"": true, ""context"": ""none"", ""epochs"": 20, ""lr"": 0.005463905449709552, ""batch_size"": 16, ""dropout"": 0.1}",,gp
cnn_cov,15,9.321229245259191,"{""lookback"": 24, ""covariates"": true, ""context"": ""rain_only"", ""epochs"": 60, ""lr"": 0.0021772450274178527, ""batch_size"": 16, ""dropout"": 0.2}",,gp
cnn_cov,29,9.476625893008988,"{""lookback"": 8, ""covariates"": true, ""context"": ""rain_only"", ""epochs"": 90, ""lr"": 0.001365043718971339, ""batch_size"": 16, ""dropout"": 0.1}",,gp
cnn_cov,24,9.478777658962676,"{""lookback"": 36, ""covariates"": false, ""context"": ""none"", ""epochs"": 20, ""lr"": 0.0004537638927164481, ""batch_size"": 32, ""dropout"": 0.2}",,gp
cnn_cov,23,9.52293803233921,"{""lookback"": 24, ""covariates"": false, ""context"": ""all"", ""epochs"": 40, ""lr"": 0.0008635502350628375, ""batch_size"": 64, ""dropout"": 0.1}",,gp
cnn_cov,25,9.523691425783785,"{""lookback"": 12, ""covariates"": true, ""context"": ""rain_only"", ""epochs"": 90, ""lr"": 0.000762094746862932, ""batch_size"": 64, ""dropout"": 0.2}",,gp
cnn_cov,16,9.639827290903234,"{""lookback"": 24, ""covariates"": true, ""context"": ""rain_only"", ""epochs"": 60, ""lr"": 0.002131699356155855, ""batch_size"": 64, ""dropout"": 0.0}",,gp
cnn_cov,21,9.767002977527474,"{""lookback"": 12, ""covariates"": false, ""context"": ""all"", ""epochs"": 20, ""lr"": 0.003777347641562237, ""batch_size"": 64, ""dropout"": 0.1}",,gp
cnn_cov,5,9.83279936606271,"{""lookback"": 8, ""covariates"": true, ""context"": ""none"", ""epochs"": 40, ""lr"": 0.00902353369029003, ""batch_size"": 32, ""dropout"": 0.2}",,gp
cnn_cov,22,9.88376739181355,"{""lookback"": 36, ""covariates"": false, ""context"": ""none"", ""epochs"": 60, ""lr"": 0.0005117691688462442, ""batch_size"": 32, ""dropout"": 0.2}",,gp
cnn_cov,28,9.909630543679034,"{""lookback"": 36, ""covariates"": false, ""context"": ""none"", ""epochs"": 60, ""lr"": 0.0005576025723578591, ""batch_size"": 32, ""dropout"": 0.2}",,gp
cnn_cov,6,9.919939014698336,"{""lookback"": 36, ""covariates"": true, ""context"": ""none"", ""epochs"": 20, ""lr"": 0.0015412771904202464, ""batch_size"": 32, ""dropout"": 0.0}",,gp
cnn_cov,17,10.022328387635774,"{""lookback"": 36, ""covariates"": false, ""context"": ""rain_only"", ""epochs"": 60, ""lr"": 0.0006366601863260838, ""batch_size"": 16, ""dropout"": 0.1}",,gp
cnn_cov,0,10.365643930968622,"{""lookback"": 8, ""covariates"": true, ""context"": ""rain_only"", ""epochs"": 60, ""lr"": 0.006090623834547103, ""batch_size"": 16, ""dropout"": 0.2}",,gp
cnn_cov,19,10.5222366602704,"{""lookback"": 48, ""covariates"": false, ""context"": ""rain_only"", ""epochs"": 90, ""lr"": 0.002115503167645315, ""batch_size"": 32, ""dropout"": 0.2}",,gp
cnn_cov,13,10.523610766123342,"{""lookback"": 36, ""covariates"": true, ""context"": ""none"", ""epochs"": 90, ""lr"": 0.003556334654410625, ""batch_size"": 16, ""dropout"": 0.2}",,gp
cnn_cov,20,11.041865962688057,"{""lookback"": 48, ""covariates"": true, ""context"": ""rain_only"", ""epochs"": 60, ""lr"": 0.005209254754151384, ""batch_size"": 16, ""dropout"": 0.0}",,gp
cnn_cov,11,11.088886489279018,"{""lookback"": 36, ""covariates"": true, ""context"": ""rain_only"", ""epochs"": 120, ""lr"": 0.001167357404587288, ""batch_size"": 64, ""dropout"": 0.0}",,gp
cnn_cov,26,11.400081262763686,"{""lookback"": 12, ""covariates"": true, ""context"": ""all"", ""epochs"": 90, ""lr"": 0.0014502548792349637, ""batch_size"": 64, ""dropout"": 0.0}",,gp
cnn_cov,3,11.483152616911768,"{""lookback"": 36, ""covariates"": true, ""context"": ""rain_only"", ""epochs"": 120, ""lr"": 0.0014203236332087487, ""batch_size"": 32, ""dropout"": 0.0}",,gp
cnn_cov,10,11.484295032807102,"{""lookback"": 48, ""covariates"": false, ""context"": ""all"", ""epochs"": 120, ""lr"": 0.0034957478129854108, ""batch_size"": 16, ""dropout"": 0.0}",,gp
cnn_cov,18,11.506300516200744,"{""lookback"": 48, ""covariates"": true, ""context"": ""all"", ""epochs"": 40, ""lr"": 0.00036805206677463704, ""batch_size"": 64, ""dropout"": 0.0}",,gp
cnn_cov,12,12.537756425106268,"{""lookback"": 12, ""covariates"": true, ""context"": ""rain_only"", ""epochs"": 20, ""lr"": 0.0006047240031389557, ""batch_size"": 64, ""dropout"": 0.0}",,gp
dlinear,11,8.690057130568947,"{""lookback"": 12, ""covariates"": true, ""context"": ""rain_only"", ""epochs"": 60, ""lr"": 0.0022041702360035714, ""batch_size"": 16, ""dropout"": 0.0, ""kernel"": 5, ""weight_decay"": 0.0}",,gp
dlinear,17,8.752304740324648,"{""lookback"": 8, ""covariates"": false, ""context"": ""none"", ""epochs"": 90, ""lr"": 0.0015153197078841272, ""batch_size"": 64, ""dropout"": 0.0, ""kernel"": 25, ""weight_decay"": 0.0001}",,gp
dlinear,28,8.753028164866608,"{""lookback"": 12, ""covariates"": false, ""context"": ""none"", ""epochs"": 60, ""lr"": 0.008041132710693342, ""batch_size"": 16, ""dropout"": 0.1, ""kernel"": 13, ""weight_decay"": 0.0001}",,gp
dlinear,4,9.02744059141395,"{""lookback"": 8, ""covariates"": true, ""context"": ""none"", ""epochs"": 40, ""lr"": 0.00902353369029003, ""batch_size"": 32, ""dropout"": 0.2, ""kernel"": 25, ""weight_decay"": 0.001}",,gp
dlinear,12,9.254806518625417,"{""lookback"": 24, ""covariates"": true, ""context"": ""rain_only"", ""epochs"": 60, ""lr"": 0.0021772450274178527, ""batch_size"": 16, ""dropout"": 0.2, ""kernel"": 13, ""weight_decay"": 0.0001}",,gp
dlinear,0,9.282917422559605,"{""lookback"": 8, ""covariates"": true, ""context"": ""rain_only"", ""epochs"": 60, ""lr"": 0.006090623834547103, ""batch_size"": 16, ""dropout"": 0.2, ""kernel"": 5, ""weight_decay"": 0.0}",,gp
dlinear,20,9.469497977846252,"{""lookback"": 12, ""covariates"": true, ""context"": ""rain_only"", ""epochs"": 90, ""lr"": 0.000762094746862932, ""batch_size"": 64, ""dropout"": 0.2, ""kernel"": 5, ""weight_decay"": 0.001}",,gp
dlinear,2,9.796687210739668,"{""lookback"": 24, ""covariates"": false, ""context"": ""all"", ""epochs"": 120, ""lr"": 0.002868466359123466, ""batch_size"": 32, ""dropout"": 0.2, ""kernel"": 13, ""weight_decay"": 0.0001}",,gp
dlinear,7,10.005770147157246,"{""lookback"": 36, ""covariates"": false, ""context"": ""rain_only"", ""epochs"": 20, ""lr"": 0.0015906043868565668, ""batch_size"": 16, ""dropout"": 0.0, ""kernel"": 13, ""weight_decay"": 0.001}",,gp
dlinear,9,10.11723914598794,"{""lookback"": 24, ""covariates"": true, ""context"": ""none"", ""epochs"": 40, ""lr"": 0.0008245367096287046, ""batch_size"": 16, ""dropout"": 0.2, ""kernel"": 13, ""weight_decay"": 0.0}",,gp
dlinear,27,10.125053480532817,"{""lookback"": 12, ""covariates"": false, ""context"": ""all"", ""epochs"": 120, ""lr"": 0.0016278369701668953, ""batch_size"": 32, ""dropout"": 0.2, ""kernel"": 5, ""weight_decay"": 0.0}",,gp
dlinear,1,10.18299565956266,"{""lookback"": 24, ""covariates"": true, ""context"": ""none"", ""epochs"": 90, ""lr"": 0.004722825262766322, ""batch_size"": 32, ""dropout"": 0.0, ""kernel"": 25, ""weight_decay"": 0.0001}",,gp
dlinear,21,10.283442545973733,"{""lookback"": 12, ""covariates"": true, ""context"": ""none"", ""epochs"": 60, ""lr"": 0.000779313398209815, ""batch_size"": 16, ""dropout"": 0.0, ""kernel"": 13, ""weight_decay"": 0.001}",,gp
dlinear,19,10.398027998063858,"{""lookback"": 36, ""covariates"": true, ""context"": ""rain_only"", ""epochs"": 40, ""lr"": 0.000407944849075801, ""batch_size"": 32, ""dropout"": 0.0, ""kernel"": 13, ""weight_decay"": 0.001}",,gp
dlinear,15,10.59743084937766,"{""lookback"": 48, ""covariates"": false, ""context"": ""none"", ""epochs"": 40, ""lr"": 0.0030559049795942806, ""batch_size"": 16, ""dropout"": 0.1, ""kernel"": 13, ""weight_decay"": 0.001}",,gp
dlinear,22,10.666302850849553,"{""lookback"": 8, ""covariates"": false, ""context"": ""none"", ""epochs"": 40, ""lr"": 0.000877114104189874, ""batch_size"": 64, ""dropout"": 0.1, ""kernel"": 13, ""weight_decay"": 0.0}",,gp
dlinear,29,10.66964155681383,"{""lookback"": 48, ""covariates"": false, ""context"": ""none"", ""epochs"": 40, ""lr"": 0.0018622680385912665, ""batch_size"": 64, ""dropout"": 0.1, ""kernel"": 5, ""weight_decay"": 0.0}",,gp
dlinear,18,10.679298936001764,"{""lookback"": 48, ""covariates"": false, ""context"": ""rain_only"", ""epochs"": 90, ""lr"": 0.0014340462688275891, ""batch_size"": 16, ""dropout"": 0.1, ""kernel"": 5, ""weight_decay"": 0.0}",,gp
dlinear,26,10.776714502786383,"{""lookback"": 36, ""covariates"": false, ""context"": ""all"", ""epochs"": 120, ""lr"": 0.0023014784572347575, ""batch_size"": 32, ""dropout"": 0.1, ""kernel"": 13, ""weight_decay"": 0.0001}",,gp
dlinear,5,10.987590811829056,"{""lookback"": 36, ""covariates"": false, ""context"": ""rain_only"", ""epochs"": 60, ""lr"": 0.0003498074693330022, ""batch_size"": 32, ""dropout"": 0.0, ""kernel"": 25, ""weight_decay"": 0.001}",,gp
dlinear,3,11.2709322255947,"{""lookback"": 24, ""covariates"": false, ""context"": ""all"", ""epochs"": 60, ""lr"": 0.0003752383327282697, ""batch_size"": 64, ""dropout"": 0.2, ""kernel"": 5, ""weight_decay"": 0.0001}",,gp
dlinear,10,11.328542798782465,"{""lookback"": 48, ""covariates"": false, ""context"": ""none"", ""epochs"": 20, ""lr"": 0.00473709029876819, ""batch_size"": 64, ""dropout"": 0.1, ""kernel"": 13, ""weight_decay"": 0.001}",,gp
dlinear,25,11.705528230826246,"{""lookback"": 8, ""covariates"": false, ""context"": ""all"", ""epochs"": 40, ""lr"": 0.0004979824873677988, ""batch_size"": 64, ""dropout"": 0.0, ""kernel"": 5, ""weight_decay"": 0.0001}",,gp
dlinear,6,11.834985437405642,"{""lookback"": 48, ""covariates"": true, ""context"": ""rain_only"", ""epochs"": 120, ""lr"": 0.0009404024833332966, ""batch_size"": 64, ""dropout"": 0.1, ""kernel"": 5, ""weight_decay"": 0.0001}",,gp
dlinear,14,11.90495977229214,"{""lookback"": 48, ""covariates"": false, ""context"": ""all"", ""epochs"": 60, ""lr"": 0.005980681243786213, ""batch_size"": 16, ""dropout"": 0.0, ""kernel"": 25, ""weight_decay"": 0.0}",,gp
dlinear,8,12.160581945577944,"{""lookback"": 48, ""covariates"": false, ""context"": ""all"", ""epochs"": 120, ""lr"": 0.0034957478129854108, ""batch_size"": 16, ""dropout"": 0.0, ""kernel"": 25, ""weight_decay"": 0.001}",,gp
dlinear,16,13.53821392740546,"{""lookback"": 48, ""covariates"": true, ""context"": ""rain_only"", ""epochs"": 60, ""lr"": 0.005209254754151384, ""batch_size"": 16, ""dropout"": 0.0, ""kernel"": 13, ""weight_decay"": 0.0}",,gp
dlinear,24,13.909110935692295,"{""lookback"": 8, ""covariates"": true, ""context"": ""all"", ""epochs"": 90, ""lr"": 0.00040338497375612463, ""batch_size"": 64, ""dropout"": 0.1, ""kernel"": 25, ""weight_decay"": 0.0}",,gp
dlinear,13,445.6048287259617,"{""lookback"": 24, ""covariates"": true, ""context"": ""all"", ""epochs"": 60, ""lr"": 0.0008709643895065476, ""batch_size"": 32, ""dropout"": 0.0, ""kernel"": 13, ""weight_decay"": 0.0001}",,gp
dlinear,23,583.9032328754244,"{""lookback"": 24, ""covariates"": true, ""context"": ""all"", ""epochs"": 90, ""lr"": 0.003739177642980758, ""batch_size"": 32, ""dropout"": 0.1, ""kernel"": 5, ""weight_decay"": 0.0001}",,gp
gru_cov,19,7.712340509703488,"{""lookback"": 48, ""covariates"": false, ""context"": ""rain_only"", ""epochs"": 90, ""lr"": 0.002115503167645315, ""batch_size"": 32, ""dropout"": 0.2}",,gp
gru_cov,27,7.911054059286535,"{""lookback"": 8, ""covariates"": false, ""context"": ""rain_only"", ""epochs"": 120, ""lr"": 0.0014832463186443675, ""batch_size"": 64, ""dropout"": 0.0}",,gp
gru_cov,1,7.95304963709258,"{""lookback"": 12, ""covariates"": false, ""context"": ""rain_only"", ""epochs"": 120, ""lr"": 0.004327576253748584, ""batch_size"": 64, ""dropout"": 0.2}",,gp
gru_cov,7,8.05366799083397,"{""lookback"": 24, ""covariates"": false, ""context"": ""none"", ""epochs"": 90, ""lr"": 0.004086050334527402, ""batch_size"": 32, ""dropout"": 0.2}",,gp
gru_cov,2,8.05439943916978,"{""lookback"": 24, ""covariates"": false, ""context"": ""none"", ""epochs"": 60, ""lr"": 0.001101036419609077, ""batch_size"": 16, ""dropout"": 0.2}",,gp
gru_cov,14,8.382091080774165,"{""lookback"": 24, ""covariates"": false, ""context"": ""rain_only"", ""epochs"": 60, ""lr"": 0.0004897958846904056, ""batch_size"": 16, ""dropout"": 0.0}",,gp
gru_cov,16,8.487660120882305,"{""lookback"": 24, ""covariates"": true, ""context"": ""rain_only"", ""epochs"": 60, ""lr"": 0.002131699356155855, ""batch_size"": 64, ""dropout"": 0.0}",,gp
gru_cov,9,8.513412577120391,"{""lookback"": 24, ""covariates"": false, ""context"": ""none"", ""epochs"": 60, ""lr"": 0.0006647780626301326, ""batch_size"": 32, ""dropout"": 0.2}",,gp
gru_cov,8,8.75142759218925,"{""lookback"": 24, ""covariates"": false, ""context"": ""none"", ""epochs"": 40, ""lr"": 0.0015566745292900604, ""batch_size"": 64, ""dropout"": 0.0}",,gp
gru_cov,4,8.806202724286157,"{""lookback"": 8, ""covariates"": true, ""context"": ""none"", ""epochs"": 20, ""lr"": 0.005463905449709552, ""batch_size"": 16, ""dropout"": 0.1}",,gp
gru_cov,11,8.813790351471633,"{""lookback"": 36, ""covariates"": true, ""context"": ""rain_only"", ""epochs"": 120, ""lr"": 0.001167357404587288, ""batch_size"": 64, ""dropout"": 0.0}",,gp
gru_cov,0,8.86081325248338,"{""lookback"": 8, ""covariates"": true, ""context"": ""rain_only"", ""epochs"": 60, ""lr"": 0.006090623834547103, ""batch_size"": 16, ""dropout"": 0.2}",,gp
gru_cov,17,8.861784434260706,"{""lookback"": 36, ""covariates"": false, ""context"": ""rain_only"", ""epochs"": 60, ""lr"": 0.0006366601863260838, ""batch_size"": 16, ""dropout"": 0.1}",,gp
gru_cov,15,9.07026485558057,"{""lookback"": 24, ""covariates"": true, ""context"": ""rain_only"", ""epochs"": 60, ""lr"": 0.0021772450274178527, ""batch_size"": 16, ""dropout"": 0.2}",,gp
gru_cov,21,9.095698499210618,"{""lookback"": 12, ""covariates"": false, ""context"": ""all"", ""epochs"": 20, ""lr"": 0.003777347641562237, ""batch_size"": 64, ""dropout"": 0.1}",,gp
gru_cov,6,9.108340859800904,"{""lookback"": 36, ""covariates"": true, ""context"": ""none"", ""epochs"": 20, ""lr"": 0.0015412771904202464, ""batch_size"": 32, ""dropout"": 0.0}",,gp
gru_cov,3,9.163997547593652,"{""lookback"": 36, ""covariates"": true, ""context"": ""rain_only"", ""epochs"": 120, ""lr"": 0.0014203236332087487, ""batch_size"": 32, ""dropout"": 0.0}",,gp
gru_cov,25,9.169334883785732,"{""lookback"": 12, ""covariates"": true, ""context"": ""rain_only"", ""epochs"": 90, ""lr"": 0.000762094746862932, ""batch_size"": 64, ""dropout"": 0.2}",,gp
gru_cov,28,9.20916336575076,"{""lookback"": 36, ""covariates"": false, ""context"": ""none"", ""epochs"": 60, ""lr"": 0.0005576025723578591, ""batch_size"": 32, ""dropout"": 0.2}",,gp
gru_cov,29,9.256350332397163,"{""lookback"": 8, ""covariates"": true, ""context"": ""rain_only"", ""epochs"": 90, ""lr"": 0.001365043718971339, ""batch_size"": 16, ""dropout"": 0.1}",,gp
gru_cov,22,9.258959238526888,"{""lookback"": 36, ""covariates"": false, ""context"": ""none"", ""epochs"": 60, ""lr"": 0.0005117691688462442, ""batch_size"": 32, ""dropout"": 0.2}",,gp
gru_cov,10,9.50862730144627,"{""lookback"": 48, ""covariates"": false, ""context"": ""all"", ""epochs"": 120, ""lr"": 0.0034957478129854108, ""batch_size"": 16, ""dropout"": 0.0}",,gp
gru_cov,5,9.53432507415487,"{""lookback"": 8, ""covariates"": true, ""context"": ""none"", ""epochs"": 40, ""lr"": 0.00902353369029003, ""batch_size"": 32, ""dropout"": 0.2}",,gp
gru_cov,23,9.58967896692973,"{""lookback"": 24, ""covariates"": false, ""context"": ""all"", ""epochs"": 40, ""lr"": 0.0008635502350628375, ""batch_size"": 64, ""dropout"": 0.1}",,gp
gru_cov,13,9.871633541439442,"{""lookback"": 36, ""covariates"": true, ""context"": ""none"", ""epochs"": 90, ""lr"": 0.003556334654410625, ""batch_size"": 16, ""dropout"": 0.2}",,gp
gru_cov,26,10.26860351278976,"{""lookback"": 12, ""covariates"": true, ""context"": ""all"", ""epochs"": 90, ""lr"": 0.0014502548792349637, ""batch_size"": 64, ""dropout"": 0.0}",,gp
gru_cov,20,10.34940732805356,"{""lookback"": 48, ""covariates"": true, ""context"": ""rain_only"", ""epochs"": 60, ""lr"": 0.005209254754151384, ""batch_size"": 16, ""dropout"": 0.0}",,gp
gru_cov,24,11.162392228074102,"{""lookback"": 36, ""covariates"": false, ""context"": ""none"", ""epochs"": 20, ""lr"": 0.0004537638927164481, ""batch_size"": 32, ""dropout"": 0.2}",,gp
gru_cov,12,12.24630523733394,"{""lookback"": 12, ""covariates"": true, ""context"": ""rain_only"", ""epochs"": 20, ""lr"": 0.0006047240031389557, ""batch_size"": 64, ""dropout"": 0.0}",,gp
gru_cov,18,12.695167186398672,"{""lookback"": 48, ""covariates"": true, ""context"": ""all"", ""epochs"": 40, ""lr"": 0.00036805206677463704, ""batch_size"": 64, ""dropout"": 0.0}",,gp
lstm_cov,27,7.826345665145785,"{""lookback"": 8, ""covariates"": false, ""context"": ""rain_only"", ""epochs"": 120, ""lr"": 0.0014832463186443675, ""batch_size"": 64, ""dropout"": 0.0}",,gp
lstm_cov,19,7.987126732018715,"{""lookback"": 48, ""covariates"": false, ""context"": ""rain_only"", ""epochs"": 90, ""lr"": 0.002115503167645315, ""batch_size"": 32, ""dropout"": 0.2}",,gp
lstm_cov,2,8.215922209730975,"{""lookback"": 24, ""covariates"": false, ""context"": ""none"", ""epochs"": 60, ""lr"": 0.001101036419609077, ""batch_size"": 16, ""dropout"": 0.2}",,gp
lstm_cov,14,8.297788379518288,"{""lookback"": 24, ""covariates"": false, ""context"": ""rain_only"", ""epochs"": 60, ""lr"": 0.0004897958846904056, ""batch_size"": 16, ""dropout"": 0.0}",,gp
lstm_cov,8,8.34738631879098,"{""lookback"": 24, ""covariates"": false, ""context"": ""none"", ""epochs"": 40, ""lr"": 0.0015566745292900604, ""batch_size"": 64, ""dropout"": 0.0}",,gp
lstm_cov,9,8.359463654894899,"{""lookback"": 24, ""covariates"": false, ""context"": ""none"", ""epochs"": 60, ""lr"": 0.0006647780626301326, ""batch_size"": 32, ""dropout"": 0.2}",,gp
lstm_cov,1,8.421834405331737,"{""lookback"": 12, ""covariates"": false, ""context"": ""rain_only"", ""epochs"": 120, ""lr"": 0.004327576253748584, ""batch_size"": 64, ""dropout"": 0.2}",,gp
lstm_cov,7,8.506174668419805,"{""lookback"": 24, ""covariates"": false, ""context"": ""none"", ""epochs"": 90, ""lr"": 0.004086050334527402, ""batch_size"": 32, ""dropout"": 0.2}",,gp
lstm_cov,16,8.625466906521076,"{""lookback"": 24, ""covariates"": true, ""context"": ""rain_only"", ""epochs"": 60, ""lr"": 0.002131699356155855, ""batch_size"": 64, ""dropout"": 0.0}",,gp
lstm_cov,15,8.683310541552776,"{""lookback"": 24, ""covariates"": true, ""context"": ""rain_only"", ""epochs"": 60, ""lr"": 0.0021772450274178527, ""batch_size"": 16, ""dropout"": 0.2}",,gp
lstm_cov,25,8.810980339292225,"{""lookback"": 12, ""covariates"": true, ""context"": ""rain_only"", ""epochs"": 90, ""lr"": 0.000762094746862932, ""batch_size"": 64, ""dropout"": 0.2}",,gp
lstm_cov,11,8.875952140528241,"{""lookback"": 36, ""covariates"": true, ""context"": ""rain_only"", ""epochs"": 120, ""lr"": 0.001167357404587288, ""batch_size"": 64, ""dropout"": 0.0}",,gp
lstm_cov,4,9.069842942412697,"{""lookback"": 8, ""covariates"": true, ""context"": ""none"", ""epochs"": 20, ""lr"": 0.005463905449709552, ""batch_size"": 16, ""dropout"": 0.1}",,gp
lstm_cov,17,9.111077458361152,"{""lookback"": 36, ""covariates"": false, ""context"": ""rain_only"", ""epochs"": 60, ""lr"": 0.0006366601863260838, ""batch_size"": 16, ""dropout"": 0.1}",,gp
lstm_cov,29,9.254108409703491,"{""lookback"": 8, ""covariates"": true, ""context"": ""rain_only"", ""epochs"": 90, ""lr"": 0.001365043718971339, ""batch_size"": 16, ""dropout"": 0.1}",,gp
lstm_cov,6,9.433466992906268,"{""lookback"": 36, ""covariates"": true, ""context"": ""none"", ""epochs"": 20, ""lr"": 0.0015412771904202464, ""batch_size"": 32, ""dropout"": 0.0}",,gp
lstm_cov,3,9.54129298388554,"{""lookback"": 36, ""covariates"": true, ""context"": ""rain_only"", ""epochs"": 120, ""lr"": 0.0014203236332087487, ""batch_size"": 32, ""dropout"": 0.0}",,gp
lstm_cov,28,9.620003601117316,"{""lookback"": 36, ""covariates"": false, ""context"": ""none"", ""epochs"": 60, ""lr"": 0.0005576025723578591, ""batch_size"": 32, ""dropout"": 0.2}",,gp
lstm_cov,0,9.66541646003436,"{""lookback"": 8, ""covariates"": true, ""context"": ""rain_only"", ""epochs"": 60, ""lr"": 0.006090623834547103, ""batch_size"": 16, ""dropout"": 0.2}",,gp
lstm_cov,13,9.69810887542996,"{""lookback"": 36, ""covariates"": true, ""context"": ""none"", ""epochs"": 90, ""lr"": 0.003556334654410625, ""batch_size"": 16, ""dropout"": 0.2}",,gp
lstm_cov,22,9.708762344763125,"{""lookback"": 36, ""covariates"": false, ""context"": ""none"", ""epochs"": 60, ""lr"": 0.0005117691688462442, ""batch_size"": 32, ""dropout"": 0.2}",,gp
lstm_cov,5,9.88389469607391,"{""lookback"": 8, ""covariates"": true, ""context"": ""none"", ""epochs"": 40, ""lr"": 0.00902353369029003, ""batch_size"": 32, ""dropout"": 0.2}",,gp
lstm_cov,21,9.932019972651704,"{""lookback"": 12, ""covariates"": false, ""context"": ""all"", ""epochs"": 20, ""lr"": 0.003777347641562237, ""batch_size"": 64, ""dropout"": 0.1}",,gp
lstm_cov,20,10.006997686091076,"{""lookback"": 48, ""covariates"": true, ""context"": ""rain_only"", ""epochs"": 60, ""lr"": 0.005209254754151384, ""batch_size"": 16, ""dropout"": 0.0}",,gp
lstm_cov,24,10.321806289809995,"{""lookback"": 36, ""covariates"": false, ""context"": ""none"", ""epochs"": 20, ""lr"": 0.0004537638927164481, ""batch_size"": 32, ""dropout"": 0.2}",,gp
lstm_cov,10,10.722008073779412,"{""lookback"": 48, ""covariates"": false, ""context"": ""all"", ""epochs"": 120, ""lr"": 0.0034957478129854108, ""batch_size"": 16, ""dropout"": 0.0}",,gp
lstm_cov,12,11.964179714416426,"{""lookback"": 12, ""covariates"": true, ""context"": ""rain_only"", ""epochs"": 20, ""lr"": 0.0006047240031389557, ""batch_size"": 64, ""dropout"": 0.0}",,gp
lstm_cov,26,11.990970423396767,"{""lookback"": 12, ""covariates"": true, ""context"": ""all"", ""epochs"": 90, ""lr"": 0.0014502548792349637, ""batch_size"": 64, ""dropout"": 0.0}",,gp
lstm_cov,23,11.99764705451328,"{""lookback"": 24, ""covariates"": false, ""context"": ""all"", ""epochs"": 40, ""lr"": 0.0008635502350628375, ""batch_size"": 64, ""dropout"": 0.1}",,gp
lstm_cov,18,13.121252650396483,"{""lookback"": 48, ""covariates"": true, ""context"": ""all"", ""epochs"": 40, ""lr"": 0.00036805206677463704, ""batch_size"": 64, ""dropout"": 0.0}",,gp
nbeats,28,7.02158082186807,"{""lookback"": 12, ""context"": ""rain_only"", ""epochs"": 90, ""lr"": 0.008041132710693342, ""batch_size"": 32, ""dropout"": 0.0, ""width"": 64, ""n_blocks"": 3, ""block_layers"": 3, ""covariates"": false}",,gp
nbeats,27,7.325784657816264,"{""lookback"": 12, ""context"": ""all"", ""epochs"": 20, ""lr"": 0.0016278369701668953, ""batch_size"": 64, ""dropout"": 0.1, ""width"": 128, ""n_blocks"": 2, ""block_layers"": 2, ""covariates"": false}",,gp
nbeats,22,7.366381828995567,"{""lookback"": 8, ""context"": ""rain_only"", ""epochs"": 90, ""lr"": 0.000877114104189874, ""batch_size"": 16, ""dropout"": 0.2, ""width"": 64, ""n_blocks"": 3, ""block_layers"": 2, ""covariates"": false}",,gp
nbeats,21,7.400896324351728,"{""lookback"": 12, ""context"": ""none"", ""epochs"": 90, ""lr"": 0.000779313398209815, ""batch_size"": 32, ""dropout"": 0.0, ""width"": 32, ""n_blocks"": 3, ""block_layers"": 4, ""covariates"": false}",,gp
nbeats,20,7.429413253968437,"{""lookback"": 12, ""context"": ""none"", ""epochs"": 60, ""lr"": 0.000762094746862932, ""batch_size"": 64, ""dropout"": 0.2, ""width"": 128, ""n_blocks"": 2, ""block_layers"": 4, ""covariates"": false}",,gp
nbeats,0,7.43547552897149,"{""lookback"": 8, ""context"": ""none"", ""epochs"": 90, ""lr"": 0.006090623834547103, ""batch_size"": 32, ""dropout"": 0.0, ""width"": 128, ""n_blocks"": 2, ""block_layers"": 2, ""covariates"": false}",,gp
nbeats,4,7.442801061880236,"{""lookback"": 8, ""context"": ""none"", ""epochs"": 90, ""lr"": 0.00902353369029003, ""batch_size"": 32, ""dropout"": 0.1, ""width"": 128, ""n_blocks"": 4, ""block_layers"": 4, ""covariates"": false}",,gp
nbeats,17,7.68520298085792,"{""lookback"": 8, ""context"": ""all"", ""epochs"": 90, ""lr"": 0.0015153197078841272, ""batch_size"": 64, ""dropout"": 0.2, ""width"": 32, ""n_blocks"": 4, ""block_layers"": 3, ""covariates"": false}",,gp
nbeats,11,7.807854461286851,"{""lookback"": 12, ""context"": ""none"", ""epochs"": 60, ""lr"": 0.0022041702360035714, ""batch_size"": 32, ""dropout"": 0.0, ""width"": 32, ""n_blocks"": 2, ""block_layers"": 2, ""covariates"": false}",,gp
nbeats,3,7.900249229058889,"{""lookback"": 24, ""context"": ""all"", ""epochs"": 20, ""lr"": 0.0003752383327282697, ""batch_size"": 32, ""dropout"": 0.2, ""width"": 128, ""n_blocks"": 2, ""block_layers"": 3, ""covariates"": false}",,gp
nbeats,2,7.918397491445336,"{""lookback"": 24, ""context"": ""rain_only"", ""epochs"": 20, ""lr"": 0.002868466359123466, ""batch_size"": 64, ""dropout"": 0.1, ""width"": 128, ""n_blocks"": 3, ""block_layers"": 3, ""covariates"": false}",,gp
nbeats,1,8.011025090975394,"{""lookback"": 24, ""context"": ""none"", ""epochs"": 90, ""lr"": 0.004722825262766322, ""batch_size"": 64, ""dropout"": 0.1, ""width"": 32, ""n_blocks"": 4, ""block_layers"": 3, ""covariates"": false}",,gp
nbeats,23,8.051870442881318,"{""lookback"": 24, ""context"": ""none"", ""epochs"": 20, ""lr"": 0.003739177642980758, ""batch_size"": 64, ""dropout"": 0.1, ""width"": 64, ""n_blocks"": 2, ""block_layers"": 3, ""covariates"": false}",,gp
nbeats,13,8.059526933413835,"{""lookback"": 24, ""context"": ""rain_only"", ""epochs"": 20, ""lr"": 0.0008709643895065476, ""batch_size"": 32, ""dropout"": 0.1, ""width"": 32, ""n_blocks"": 3, ""block_layers"": 3, ""covariates"": false}",,gp
nbeats,12,8.2150809656552,"{""lookback"": 24, ""context"": ""none"", ""epochs"": 90, ""lr"": 0.0021772450274178527, ""batch_size"": 32, ""dropout"": 0.0, ""width"": 128, ""n_blocks"": 3, ""block_layers"": 3, ""covariates"": false}",,gp
nbeats,9,8.453066201169342,"{""lookback"": 24, ""context"": ""none"", ""epochs"": 120, ""lr"": 0.0008245367096287046, ""batch_size"": 32, ""dropout"": 0.0, ""width"": 128, ""n_blocks"": 3, ""block_layers"": 2, ""covariates"": false}",,gp
nbeats,24,8.887859677493859,"{""lookback"": 8, ""context"": ""rain_only"", ""epochs"": 20, ""lr"": 0.00040338497375612463, ""batch_size"": 32, ""dropout"": 0.2, ""width"": 64, ""n_blocks"": 4, ""block_layers"": 2, ""covariates"": false}",,gp
nbeats,25,9.075957619044424,"{""lookback"": 8, ""context"": ""rain_only"", ""epochs"": 20, ""lr"": 0.0004979824873677988, ""batch_size"": 16, ""dropout"": 0.2, ""width"": 32, ""n_blocks"": 2, ""block_layers"": 3, ""covariates"": false}",,gp
nbeats,5,9.171634627298111,"{""lookback"": 36, ""context"": ""all"", ""epochs"": 40, ""lr"": 0.0003498074693330022, ""batch_size"": 32, ""dropout"": 0.1, ""width"": 32, ""n_blocks"": 4, ""block_layers"": 4, ""covariates"": false}",,gp
nbeats,26,9.37164107915176,"{""lookback"": 36, ""context"": ""all"", ""epochs"": 40, ""lr"": 0.0023014784572347575, ""batch_size"": 64, ""dropout"": 0.1, ""width"": 64, ""n_blocks"": 3, ""block_layers"": 3, ""covariates"": false}",,gp
nbeats,7,9.528079880538868,"{""lookback"": 36, ""context"": ""all"", ""epochs"": 60, ""lr"": 0.0015906043868565668, ""batch_size"": 16, ""dropout"": 0.0, ""width"": 32, ""n_blocks"": 3, ""block_layers"": 4, ""covariates"": false}",,gp
nbeats,19,9.631541506230528,"{""lookback"": 36, ""context"": ""rain_only"", ""epochs"": 90, ""lr"": 0.000407944849075801, ""batch_size"": 32, ""dropout"": 0.1, ""width"": 32, ""n_blocks"": 3, ""block_layers"": 4, ""covariates"": false}",,gp
nbeats,15,9.69344943706066,"{""lookback"": 48, ""context"": ""all"", ""epochs"": 120, ""lr"": 0.0030559049795942806, ""batch_size"": 16, ""dropout"": 0.0, ""width"": 64, ""n_blocks"": 3, ""block_layers"": 4, ""covariates"": false}",,gp
nbeats,29,10.306376563895528,"{""lookback"": 48, ""context"": ""all"", ""epochs"": 120, ""lr"": 0.0018622680385912665, ""batch_size"": 16, ""dropout"": 0.2, ""width"": 64, ""n_blocks"": 2, ""block_layers"": 2, ""covariates"": false}",,gp
nbeats,8,10.472517063439604,"{""lookback"": 48, ""context"": ""rain_only"", ""epochs"": 20, ""lr"": 0.0034957478129854108, ""batch_size"": 64, ""dropout"": 0.0, ""width"": 32, ""n_blocks"": 4, ""block_layers"": 4, ""covariates"": false}",,gp
nbeats,6,10.50317642300861,"{""lookback"": 48, ""context"": ""none"", ""epochs"": 40, ""lr"": 0.0009404024833332966, ""batch_size"": 64, ""dropout"": 0.2, ""width"": 64, ""n_blocks"": 2, ""block_layers"": 3, ""covariates"": false}",,gp
nbeats,10,10.573488484867957,"{""lookback"": 48, ""context"": ""all"", ""epochs"": 120, ""lr"": 0.00473709029876819, ""batch_size"": 16, ""dropout"": 0.2, ""width"": 64, ""n_blocks"": 3, ""block_layers"": 4, ""covariates"": false}",,gp
nbeats,16,10.61713253342325,"{""lookback"": 48, ""context"": ""rain_only"", ""epochs"": 60, ""lr"": 0.005209254754151384, ""batch_size"": 32, ""dropout"": 0.0, ""width"": 32, ""n_blocks"": 3, ""block_layers"": 2, ""covariates"": false}",,gp
nbeats,18,10.679439949871115,"{""lookback"": 48, ""context"": ""all"", ""epochs"": 60, ""lr"": 0.0014340462688275891, ""batch_size"": 64, ""dropout"": 0.0, ""width"": 64, ""n_blocks"": 2, ""block_layers"": 2, ""covariates"": false}",,gp
nbeats,14,10.750492859996726,"{""lookback"": 48, ""context"": ""all"", ""epochs"": 40, ""lr"": 0.005980681243786213, ""batch_size"": 32, ""dropout"": 0.0, ""width"": 32, ""n_blocks"": 4, ""block_layers"": 2, ""covariates"": false}",,gp
nbeatsx,24,7.535687009797074,"{""lookback"": 24, ""covariates"": false, ""context"": ""none"", ""epochs"": 40, ""lr"": 0.0009595345861332414, ""batch_size"": 32, ""dropout"": 0.1, ""width"": 128, ""n_blocks"": 3, ""block_layers"": 2, ""exog_dim"": 8}",,gp
nbeatsx,6,7.924978228755999,"{""lookback"": 24, ""covariates"": false, ""context"": ""none"", ""epochs"": 60, ""lr"": 0.0006647780626301326, ""batch_size"": 32, ""dropout"": 0.2, ""width"": 128, ""n_blocks"": 3, ""block_layers"": 2, ""exog_dim"": 32}",,gp
nbeatsx,8,8.139321497554874,"{""lookback"": 12, ""covariates"": true, ""context"": ""rain_only"", ""epochs"": 20, ""lr"": 0.0006047240031389557, ""batch_size"": 64, ""dropout"": 0.0, ""width"": 128, ""n_blocks"": 4, ""block_layers"": 4, ""exog_dim"": 16}",,gp
nbeatsx,19,8.44090841495096,"{""lookback"": 24, ""covariates"": false, ""context"": ""rain_only"", ""epochs"": 120, ""lr"": 0.004287997510905307, ""batch_size"": 32, ""dropout"": 0.2, ""width"": 64, ""n_blocks"": 3, ""block_layers"": 2, ""exog_dim"": 16}",,gp
nbeatsx,14,8.503900546577247,"{""lookback"": 12, ""covariates"": false, ""context"": ""all"", ""epochs"": 20, ""lr"": 0.003777347641562237, ""batch_size"": 64, ""dropout"": 0.1, ""width"": 128, ""n_blocks"": 2, ""block_layers"": 4, ""exog_dim"": 16}",,gp
nbeatsx,29,8.515126762582364,"{""lookback"": 8, ""covariates"": false, ""context"": ""rain_only"", ""epochs"": 20, ""lr"": 0.001379498776181559, ""batch_size"": 64, ""dropout"": 0.2, ""width"": 32, ""n_blocks"": 4, ""block_layers"": 2, ""exog_dim"": 32}",,gp
nbeatsx,21,8.676638350916042,"{""lookback"": 8, ""covariates"": false, ""context"": ""rain_only"", ""epochs"": 20, ""lr"": 0.0004311133151502874, ""batch_size"": 16, ""dropout"": 0.1, ""width"": 128, ""n_blocks"": 2, ""block_layers"": 2, ""exog_dim"": 32}",,gp
nbeatsx,10,8.717643614119472,"{""lookback"": 24, ""covariates"": true, ""context"": ""rain_only"", ""epochs"": 60, ""lr"": 0.0021772450274178527, ""batch_size"": 16, ""dropout"": 0.2, ""width"": 64, ""n_blocks"": 3, ""block_layers"": 3, ""exog_dim"": 16}",,gp
nbeatsx,11,8.815494673795518,"{""lookback"": 8, ""covariates"": true, ""context"": ""none"", ""epochs"": 40, ""lr"": 0.00033423588821499087, ""batch_size"": 32, ""dropout"": 0.1, ""width"": 128, ""n_blocks"": 2, ""block_layers"": 2, ""exog_dim"": 16}",,gp
nbeatsx,0,9.00057026866218,"{""lookback"": 8, ""covariates"": true, ""context"": ""rain_only"", ""epochs"": 60, ""lr"": 0.006090623834547103, ""batch_size"": 16, ""dropout"": 0.2, ""width"": 32, ""n_blocks"": 2, ""block_layers"": 3, ""exog_dim"": 32}",,gp
nbeatsx,17,9.024842847476132,"{""lookback"": 24, ""covariates"": false, ""context"": ""none"", ""epochs"": 120, ""lr"": 0.00460324885956891, ""batch_size"": 16, ""dropout"": 0.2, ""width"": 128, ""n_blocks"": 3, ""block_layers"": 4, ""exog_dim"": 8}",,gp
nbeatsx,13,9.109172781490564,"{""lookback"": 8, ""covariates"": true, ""context"": ""rain_only"", ""epochs"": 90, ""lr"": 0.003081699057109436, ""batch_size"": 32, ""dropout"": 0.1, ""width"": 64, ""n_blocks"": 4, ""block_layers"": 2, ""exog_dim"": 8}",,gp
nbeatsx,18,9.119694766595924,"{""lookback"": 8, ""covariates"": false, ""context"": ""rain_only"", ""epochs"": 120, ""lr"": 0.0014832463186443675, ""batch_size"": 64, ""dropout"": 0.0, ""width"": 128, ""n_blocks"": 2, ""block_layers"": 4, ""exog_dim"": 16}",,gp
nbeatsx,16,9.132782646734016,"{""lookback"": 36, ""covariates"": false, ""context"": ""none"", ""epochs"": 20, ""lr"": 0.0004537638927164481, ""batch_size"": 32, ""dropout"": 0.2, ""width"": 64, ""n_blocks"": 4, ""block_layers"": 3, ""exog_dim"": 32}",,gp
nbeatsx,1,9.670731685102233,"{""lookback"": 36, ""covariates"": true, ""context"": ""none"", ""epochs"": 90, ""lr"": 0.0004701352151179019, ""batch_size"": 64, ""dropout"": 0.1, ""width"": 64, ""n_blocks"": 3, ""block_layers"": 2, ""exog_dim"": 32}",,gp
nbeatsx,2,9.774150036943483,"{""lookback"": 36, ""covariates"": true, ""context"": ""rain_only"", ""epochs"": 120, ""lr"": 0.0014203236332087487, ""batch_size"": 32, ""dropout"": 0.0, ""width"": 32, ""n_blocks"": 3, ""block_layers"": 4, ""exog_dim"": 8}",,gp
nbeatsx,4,10.049400159722929,"{""lookback"": 36, ""covariates"": true, ""context"": ""none"", ""epochs"": 20, ""lr"": 0.0015412771904202464, ""batch_size"": 32, ""dropout"": 0.0, ""width"": 64, ""n_blocks"": 2, ""block_layers"": 4, ""exog_dim"": 32}",,gp
nbeatsx,28,10.087728678154637,"{""lookback"": 48, ""covariates"": false, ""context"": ""all"", ""epochs"": 120, ""lr"": 0.0008320584722161445, ""batch_size"": 32, ""dropout"": 0.1, ""width"": 128, ""n_blocks"": 2, ""block_layers"": 4, ""exog_dim"": 32}",,gp
nbeatsx,25,10.182784703458168,"{""lookback"": 12, ""covariates"": true, ""context"": ""all"", ""epochs"": 120, ""lr"": 0.0004905729654723617, ""batch_size"": 16, ""dropout"": 0.1, ""width"": 32, ""n_blocks"": 2, ""block_layers"": 3, ""exog_dim"": 32}",,gp
nbeatsx,27,10.430967229390388,"{""lookback"": 48, ""covariates"": false, ""context"": ""all"", ""epochs"": 20, ""lr"": 0.002099395621593974, ""batch_size"": 32, ""dropout"": 0.1, ""width"": 32, ""n_blocks"": 4, ""block_layers"": 3, ""exog_dim"": 32}",,gp
nbeatsx,15,10.580807810251317,"{""lookback"": 48, ""covariates"": false, ""context"": ""rain_only"", ""epochs"": 90, ""lr"": 0.0014340462688275891, ""batch_size"": 16, ""dropout"": 0.1, ""width"": 32, ""n_blocks"": 2, ""block_layers"": 4, ""exog_dim"": 16}",,gp
nbeatsx,20,11.04747100908711,"{""lookback"": 8, ""covariates"": true, ""context"": ""all"", ""epochs"": 90, ""lr"": 0.00040338497375612463, ""batch_size"": 64, ""dropout"": 0.1, ""width"": 128, ""n_blocks"": 2, ""block_layers"": 2, ""exog_dim"": 16}",,gp
nbeatsx,12,11.160867615147438,"{""lookback"": 48, ""covariates"": true, ""context"": ""all"", ""epochs"": 40, ""lr"": 0.00036805206677463704, ""batch_size"": 64, ""dropout"": 0.0, ""width"": 128, ""n_blocks"": 2, ""block_layers"": 3, ""exog_dim"": 16}",,gp
nbeatsx,22,11.222409595068862,"{""lookback"": 48, ""covariates"": true, ""context"": ""rain_only"", ""epochs"": 40, ""lr"": 0.00238239570222417, ""batch_size"": 16, ""dropout"": 0.0, ""width"": 32, ""n_blocks"": 4, ""block_layers"": 3, ""exog_dim"": 16}",,gp
nbeatsx,7,11.239464069667788,"{""lookback"": 36, ""covariates"": true, ""context"": ""all"", ""epochs"": 40, ""lr"": 0.005553311268916368, ""batch_size"": 32, ""dropout"": 0.2, ""width"": 128, ""n_blocks"": 3, ""block_layers"": 4, ""exog_dim"": 8}",,gp
nbeatsx,26,11.248634372603092,"{""lookback"": 8, ""covariates"": false, ""context"": ""all"", ""epochs"": 90, ""lr"": 0.003839245648931148, ""batch_size"": 64, ""dropout"": 0.2, ""width"": 32, ""n_blocks"": 2, ""block_layers"": 3, ""exog_dim"": 32}",,gp
nbeatsx,5,12.008711541147896,"{""lookback"": 48, ""covariates"": true, ""context"": ""rain_only"", ""epochs"": 120, ""lr"": 0.0009404024833332966, ""batch_size"": 64, ""dropout"": 0.1, ""width"": 32, ""n_blocks"": 3, ""block_layers"": 4, ""exog_dim"": 8}",,gp
nbeatsx,3,16.82519283077446,"{""lookback"": 48, ""covariates"": true, ""context"": ""all"", ""epochs"": 90, ""lr"": 0.004281509984674212, ""batch_size"": 64, ""dropout"": 0.1, ""width"": 32, ""n_blocks"": 4, ""block_layers"": 3, ""exog_dim"": 32}",,gp
nbeatsx,23,38.94921915309178,"{""lookback"": 24, ""covariates"": true, ""context"": ""all"", ""epochs"": 20, ""lr"": 0.0016528859306246743, ""batch_size"": 64, ""dropout"": 0.1, ""width"": 64, ""n_blocks"": 4, ""block_layers"": 2, ""exog_dim"": 16}",,gp
nbeatsx,9,68.76658583764042,"{""lookback"": 24, ""covariates"": true, ""context"": ""all"", ""epochs"": 90, ""lr"": 0.0014996652740795894, ""batch_size"": 32, ""dropout"": 0.1, ""width"": 32, ""n_blocks"": 2, ""block_layers"": 2, ""exog_dim"": 8}",,gp
nlinear,10,7.994239707944618,"{""lookback"": 24, ""covariates"": true, ""context"": ""none"", ""epochs"": 40, ""lr"": 0.0008245367096287046, ""batch_size"": 16, ""dropout"": 0.2, ""weight_decay"": 0.0001}",,gp
nlinear,18,8.160914738804735,"{""lookback"": 24, ""covariates"": false, ""context"": ""rain_only"", ""epochs"": 120, ""lr"": 0.0005387667253111433, ""batch_size"": 32, ""dropout"": 0.0, ""weight_decay"": 0.0}",,gp
nlinear,9,8.531695602020703,"{""lookback"": 24, ""covariates"": false, ""context"": ""none"", ""epochs"": 90, ""lr"": 0.0008970523197638246, ""batch_size"": 64, ""dropout"": 0.2, ""weight_decay"": 0.001}",,gp
nlinear,6,8.695602814779223,"{""lookback"": 24, ""covariates"": false, ""context"": ""rain_only"", ""epochs"": 20, ""lr"": 0.003290955331432907, ""batch_size"": 64, ""dropout"": 0.2, ""weight_decay"": 0.0001}",,gp
nlinear,14,8.733976026066813,"{""lookback"": 8, ""covariates"": true, ""context"": ""rain_only"", ""epochs"": 90, ""lr"": 0.0020900446196110392, ""batch_size"": 16, ""dropout"": 0.1, ""weight_decay"": 0.001}",,gp
nlinear,22,8.758710119824949,"{""lookback"": 12, ""covariates"": true, ""context"": ""rain_only"", ""epochs"": 120, ""lr"": 0.0034889149020412525, ""batch_size"": 32, ""dropout"": 0.0, ""weight_decay"": 0.001}",,gp
nlinear,25,8.802453074754736,"{""lookback"": 12, ""covariates"": true, ""context"": ""rain_only"", ""epochs"": 60, ""lr"": 0.006048406074162639, ""batch_size"": 16, ""dropout"": 0.0, ""weight_decay"": 0.001}",,gp
nlinear,17,8.815491566414934,"{""lookback"": 12, ""covariates"": false, ""context"": ""rain_only"", ""epochs"": 20, ""lr"": 0.0046870887377983205, ""batch_size"": 32, ""dropout"": 0.2, ""weight_decay"": 0.0001}",,gp
nlinear,0,8.830972116617964,"{""lookback"": 8, ""covariates"": true, ""context"": ""rain_only"", ""epochs"": 60, ""lr"": 0.006090623834547103, ""batch_size"": 16, ""dropout"": 0.2, ""weight_decay"": 0.0}",,gp
nlinear,8,8.9061101714724,"{""lookback"": 24, ""covariates"": false, ""context"": ""none"", ""epochs"": 60, ""lr"": 0.0006647780626301326, ""batch_size"": 32, ""dropout"": 0.2, ""weight_decay"": 0.001}",,gp
nlinear,29,9.028899392529215,"{""lookback"": 8, ""covariates"": false, ""context"": ""none"", ""epochs"": 120, ""lr"": 0.0010124227776553254, ""batch_size"": 32, ""dropout"": 0.1, ""weight_decay"": 0.0001}",,gp
nlinear,24,9.06684309264642,"{""lookback"": 8, ""covariates"": false, ""context"": ""rain_only"", ""epochs"": 120, ""lr"": 0.0014832463186443675, ""batch_size"": 64, ""dropout"": 0.0, ""weight_decay"": 0.001}",,gp
nlinear,1,9.067069572198706,"{""lookback"": 8, ""covariates"": true, ""context"": ""none"", ""epochs"": 90, ""lr"": 0.004722825262766322, ""batch_size"": 64, ""dropout"": 0.1, ""weight_decay"": 0.0}",,gp
nlinear,26,9.384941952396336,"{""lookback"": 24, ""covariates"": true, ""context"": ""rain_only"", ""epochs"": 60, ""lr"": 0.00270667776291946, ""batch_size"": 16, ""dropout"": 0.1, ""weight_decay"": 0.0}",,gp
nlinear,23,9.736785888384707,"{""lookback"": 48, ""covariates"": false, ""context"": ""none"", ""epochs"": 40, ""lr"": 0.0014502548792349637, ""batch_size"": 64, ""dropout"": 0.2, ""weight_decay"": 0.0}",,gp
nlinear,5,9.745904580305275,"{""lookback"": 48, ""covariates"": false, ""context"": ""none"", ""epochs"": 90, ""lr"": 0.0005936526433434478, ""batch_size"": 64, ""dropout"": 0.1, ""weight_decay"": 0.0001}",,gp
nlinear,3,9.96569788325614,"{""lookback"": 48, ""covariates"": true, ""context"": ""rain_only"", ""epochs"": 60, ""lr"": 0.002097425961567699, ""batch_size"": 16, ""dropout"": 0.2, ""weight_decay"": 0.0}",,gp
nlinear,2,10.035631694512302,"{""lookback"": 48, ""covariates"": false, ""context"": ""rain_only"", ""epochs"": 40, ""lr"": 0.007735207318226624, ""batch_size"": 64, ""dropout"": 0.1, ""weight_decay"": 0.0001}",,gp
nlinear,21,10.243496908656995,"{""lookback"": 12, ""covariates"": true, ""context"": ""rain_only"", ""epochs"": 90, ""lr"": 0.000407944849075801, ""batch_size"": 32, ""dropout"": 0.1, ""weight_decay"": 0.0}",,gp
nlinear,20,10.40726473453964,"{""lookback"": 48, ""covariates"": false, ""context"": ""rain_only"", ""epochs"": 90, ""lr"": 0.0014340462688275891, ""batch_size"": 16, ""dropout"": 0.1, ""weight_decay"": 0.0}",,gp
nlinear,13,10.853988704603289,"{""lookback"": 8, ""covariates"": false, ""context"": ""all"", ""epochs"": 60, ""lr"": 0.0015651056312531218, ""batch_size"": 64, ""dropout"": 0.2, ""weight_decay"": 0.0001}",,gp
nlinear,7,10.900981553877685,"{""lookback"": 48, ""covariates"": false, ""context"": ""all"", ""epochs"": 120, ""lr"": 0.0015566745292900604, ""batch_size"": 32, ""dropout"": 0.2, ""weight_decay"": 0.0}",,gp
nlinear,19,10.975851748276405,"{""lookback"": 8, ""covariates"": true, ""context"": ""none"", ""epochs"": 90, ""lr"": 0.0005281029813063607, ""batch_size"": 32, ""dropout"": 0.2, ""weight_decay"": 0.0001}",,gp
nlinear,11,11.919827140688405,"{""lookback"": 8, ""covariates"": true, ""context"": ""all"", ""epochs"": 120, ""lr"": 0.00473709029876819, ""batch_size"": 16, ""dropout"": 0.2, ""weight_decay"": 0.0001}",,gp
nlinear,15,11.99679841517766,"{""lookback"": 12, ""covariates"": true, ""context"": ""all"", ""epochs"": 40, ""lr"": 0.0006366601863260838, ""batch_size"": 32, ""dropout"": 0.0, ""weight_decay"": 0.0001}",,gp
nlinear,28,12.670109370705395,"{""lookback"": 8, ""covariates"": false, ""context"": ""rain_only"", ""epochs"": 20, ""lr"": 0.0004311133151502874, ""batch_size"": 16, ""dropout"": 0.1, ""weight_decay"": 0.001}",,gp
nlinear,4,17.168057858232867,"{""lookback"": 48, ""covariates"": true, ""context"": ""all"", ""epochs"": 90, ""lr"": 0.004281509984674212, ""batch_size"": 64, ""dropout"": 0.1, ""weight_decay"": 0.0}",,gp
nlinear,27,21.811905739062396,"{""lookback"": 36, ""covariates"": true, ""context"": ""all"", ""epochs"": 90, ""lr"": 0.0003471319561162857, ""batch_size"": 32, ""dropout"": 0.0, ""weight_decay"": 0.0001}",,gp
nlinear,16,22.513296282839804,"{""lookback"": 48, ""covariates"": true, ""context"": ""all"", ""epochs"": 40, ""lr"": 0.00036805206677463704, ""batch_size"": 64, ""dropout"": 0.0, ""weight_decay"": 0.001}",,gp
nlinear,12,43.15198923870346,"{""lookback"": 24, ""covariates"": true, ""context"": ""all"", ""epochs"": 90, ""lr"": 0.0014996652740795894, ""batch_size"": 32, ""dropout"": 0.1, ""weight_decay"": 0.0}",,gp
random_forest,3,8.722125811486203,"{""lookback"": 12, ""covariates"": false, ""context"": ""none"", ""n_estimators"": 800, ""max_depth"": 20, ""min_samples_leaf"": 2, ""max_features"": 1.0}",,gp
random_forest,16,8.782710903168068,"{""lookback"": 24, ""covariates"": false, ""context"": ""rain_only"", ""n_estimators"": 500, ""max_depth"": 4, ""min_samples_leaf"": 1, ""max_features"": 0.3}",,gp
random_forest,24,8.835635921378097,"{""lookback"": 12, ""covariates"": false, ""context"": ""all"", ""n_estimators"": 200, ""max_depth"": 20, ""min_samples_leaf"": 4, ""max_features"": 0.8}",,gp
random_forest,26,8.862171951120319,"{""lookback"": 24, ""covariates"": true, ""context"": ""rain_only"", ""n_estimators"": 300, ""max_depth"": 4, ""min_samples_leaf"": 2, ""max_features"": 0.3}",,gp
random_forest,8,8.887671571920693,"{""lookback"": 24, ""covariates"": false, ""context"": ""none"", ""n_estimators"": 500, ""max_depth"": null, ""min_samples_leaf"": 4, ""max_features"": 0.5}",,gp
random_forest,11,8.922850534853056,"{""lookback"": 12, ""covariates"": true, ""context"": ""none"", ""n_estimators"": 800, ""max_depth"": 12, ""min_samples_leaf"": 1, ""max_features"": 1.0}",,gp
random_forest,19,8.935109217539745,"{""lookback"": 24, ""covariates"": true, ""context"": ""all"", ""n_estimators"": 500, ""max_depth"": 4, ""min_samples_leaf"": 2, ""max_features"": 0.5}",,gp
random_forest,25,8.970874518828937,"{""lookback"": 24, ""covariates"": true, ""context"": ""all"", ""n_estimators"": 800, ""max_depth"": 12, ""min_samples_leaf"": 8, ""max_features"": 0.3}",,gp
random_forest,5,9.230133196709426,"{""lookback"": 8, ""covariates"": true, ""context"": ""none"", ""n_estimators"": 300, ""max_depth"": 20, ""min_samples_leaf"": 1, ""max_features"": 1.0}",,gp
random_forest,28,9.264980991212576,"{""lookback"": 12, ""covariates"": false, ""context"": ""rain_only"", ""n_estimators"": 800, ""max_depth"": 8, ""min_samples_leaf"": 8, ""max_features"": 0.5}",,gp
random_forest,21,9.386382045555676,"{""lookback"": 12, ""covariates"": true, ""context"": ""all"", ""n_estimators"": 800, ""max_depth"": 8, ""min_samples_leaf"": 8, ""max_features"": 0.5}",,gp
random_forest,18,9.511178506231916,"{""lookback"": 8, ""covariates"": true, ""context"": ""rain_only"", ""n_estimators"": 500, ""max_depth"": 12, ""min_samples_leaf"": 4, ""max_features"": 0.3}",,gp
random_forest,27,9.59467598849019,"{""lookback"": 12, ""covariates"": true, ""context"": ""rain_only"", ""n_estimators"": 500, ""max_depth"": 8, ""min_samples_leaf"": 8, ""max_features"": 0.3}",,gp
random_forest,17,9.603660648038556,"{""lookback"": 8, ""covariates"": false, ""context"": ""none"", ""n_estimators"": 500, ""max_depth"": 12, ""min_samples_leaf"": 8, ""max_features"": 0.8}",,gp
random_forest,4,9.708076654385218,"{""lookback"": 24, ""covariates"": false, ""context"": ""rain_only"", ""n_estimators"": 200, ""max_depth"": 4, ""min_samples_leaf"": 4, ""max_features"": 1.0}",,gp
random_forest,7,9.915851054030677,"{""lookback"": 36, ""covariates"": true, ""context"": ""all"", ""n_estimators"": 300, ""max_depth"": 12, ""min_samples_leaf"": 2, ""max_features"": 0.3}",,gp
random_forest,22,9.95665513795691,"{""lookback"": 24, ""covariates"": true, ""context"": ""all"", ""n_estimators"": 500, ""max_depth"": 12, ""min_samples_leaf"": 8, ""max_features"": 1.0}",,gp
random_forest,0,9.988543122180408,"{""lookback"": 8, ""covariates"": true, ""context"": ""rain_only"", ""n_estimators"": 300, ""max_depth"": 12, ""min_samples_leaf"": 8, ""max_features"": 0.3}",,gp
random_forest,23,10.101052288839826,"{""lookback"": 36, ""covariates"": false, ""context"": ""rain_only"", ""n_estimators"": 300, ""max_depth"": null, ""min_samples_leaf"": 2, ""max_features"": 0.3}",,gp
random_forest,12,10.321938904096314,"{""lookback"": 36, ""covariates"": true, ""context"": ""all"", ""n_estimators"": 300, ""max_depth"": 20, ""min_samples_leaf"": 8, ""max_features"": 0.5}",,gp
random_forest,10,10.369974541444066,"{""lookback"": 36, ""covariates"": false, ""context"": ""rain_only"", ""n_estimators"": 200, ""max_depth"": 20, ""min_samples_leaf"": 2, ""max_features"": 0.5}",,gp
random_forest,20,10.691804229183273,"{""lookback"": 48, ""covariates"": false, ""context"": ""all"", ""n_estimators"": 300, ""max_depth"": null, ""min_samples_leaf"": 8, ""max_features"": 0.3}",,gp
random_forest,6,10.866623019691,"{""lookback"": 36, ""covariates"": false, ""context"": ""all"", ""n_estimators"": 800, ""max_depth"": 12, ""min_samples_leaf"": 8, ""max_features"": 0.8}",,gp
random_forest,2,11.07569942397862,"{""lookback"": 36, ""covariates"": true, ""context"": ""rain_only"", ""n_estimators"": 200, ""max_depth"": null, ""min_samples_leaf"": 2, ""max_features"": 0.8}",,gp
random_forest,9,11.13986486556768,"{""lookback"": 48, ""covariates"": false, ""context"": ""all"", ""n_estimators"": 800, ""max_depth"": 8, ""min_samples_leaf"": 1, ""max_features"": 0.5}",,gp
random_forest,13,11.422510942676505,"{""lookback"": 48, ""covariates"": true, ""context"": ""rain_only"", ""n_estimators"": 800, ""max_depth"": 8, ""min_samples_leaf"": 1, ""max_features"": 0.8}",,gp
random_forest,1,11.50084037466575,"{""lookback"": 36, ""covariates"": false, ""context"": ""all"", ""n_estimators"": 500, ""max_depth"": null, ""min_samples_leaf"": 4, ""max_features"": 1.0}",,gp
random_forest,29,11.590539462751847,"{""lookback"": 36, ""covariates"": false, ""context"": ""all"", ""n_estimators"": 800, ""max_depth"": null, ""min_samples_leaf"": 2, ""max_features"": 1.0}",,gp
random_forest,15,11.593110779880528,"{""lookback"": 36, ""covariates"": true, ""context"": ""rain_only"", ""n_estimators"": 300, ""max_depth"": 20, ""min_samples_leaf"": 2, ""max_features"": 1.0}",,gp
random_forest,14,11.79511359827609,"{""lookback"": 36, ""covariates"": false, ""context"": ""none"", ""n_estimators"": 200, ""max_depth"": null, ""min_samples_leaf"": 1, ""max_features"": 1.0}",,gp
ridge,2,8.464905604404683,"{""lookback"": 24, ""covariates"": true, ""context"": ""none"", ""alpha"": 52.045817156790996}",,gp
ridge,25,8.570177565847684,"{""lookback"": 24, ""covariates"": false, ""context"": ""none"", ""alpha"": 6.431465139967162}",,gp
ridge,21,8.675803733085402,"{""lookback"": 8, ""covariates"": true, ""context"": ""rain_only"", ""alpha"": 17.021282188647742}",,gp
ridge,7,8.807468953844733,"{""lookback"": 24, ""covariates"": true, ""context"": ""none"", ""alpha"": 6.165756859158338}",,gp
ridge,1,8.831006789652232,"{""lookback"": 24, ""covariates"": false, ""context"": ""none"", ""alpha"": 0.003673365030686337}",,gp
ridge,22,8.914053158090914,"{""lookback"": 12, ""covariates"": true, ""context"": ""rain_only"", ""alpha"": 2.5849204103520056}",,gp
ridge,9,8.958570926455147,"{""lookback"": 12, ""covariates"": false, ""context"": ""none"", ""alpha"": 46.805941171978695}",,gp
ridge,19,8.972203666645694,"{""lookback"": 12, ""covariates"": false, ""context"": ""none"", ""alpha"": 0.006894692500619341}",,gp
ridge,15,9.285271670164756,"{""lookback"": 8, ""covariates"": false, ""context"": ""all"", ""alpha"": 10.444411351196589}",,gp
ridge,24,9.31473544949735,"{""lookback"": 24, ""covariates"": true, ""context"": ""rain_only"", ""alpha"": 2.4627290817309357}",,gp
ridge,4,9.433455888940632,"{""lookback"": 24, ""covariates"": false, ""context"": ""all"", ""alpha"": 7.297779219740478}",,gp
ridge,23,9.660850775942071,"{""lookback"": 24, ""covariates"": false, ""context"": ""all"", ""alpha"": 0.004866093407558758}",,gp
ridge,6,9.66097481208017,"{""lookback"": 24, ""covariates"": false, ""context"": ""all"", ""alpha"": 0.0024149243836288073}",,gp
ridge,29,9.660983778542578,"{""lookback"": 24, ""covariates"": false, ""context"": ""all"", ""alpha"": 0.0022377751672086874}",,gp
ridge,0,9.687197320581268,"{""lookback"": 8, ""covariates"": true, ""context"": ""rain_only"", ""alpha"": 141.7710381103998}",,gp
ridge,20,9.841976931518827,"{""lookback"": 48, ""covariates"": false, ""context"": ""none"", ""alpha"": 52.66793185945089}",,gp
ridge,14,10.09622811049522,"{""lookback"": 36, ""covariates"": false, ""context"": ""rain_only"", ""alpha"": 0.7148740910473977}",,gp
ridge,10,10.146256266485109,"{""lookback"": 36, ""covariates"": false, ""context"": ""rain_only"", ""alpha"": 0.0018315660917405199}",,gp
ridge,28,10.510451939735503,"{""lookback"": 48, ""covariates"": false, ""context"": ""all"", ""alpha"": 131.95274815180045}",,gp
ridge,17,10.560072229664623,"{""lookback"": 48, ""covariates"": false, ""context"": ""all"", ""alpha"": 98.52780515323208}",,gp
ridge,16,11.06398621890684,"{""lookback"": 48, ""covariates"": false, ""context"": ""all"", ""alpha"": 15.907085376082922}",,gp
ridge,5,11.07801084393813,"{""lookback"": 48, ""covariates"": false, ""context"": ""none"", ""alpha"": 0.4575991330248486}",,gp
ridge,8,11.63736353872593,"{""lookback"": 8, ""covariates"": true, ""context"": ""none"", ""alpha"": 667.0957078425371}",,gp
ridge,18,11.927935918471569,"{""lookback"": 24, ""covariates"": true, ""context"": ""none"", ""alpha"": 0.053699299890346074}",,gp
ridge,11,13.205908613627193,"{""lookback"": 24, ""covariates"": true, ""context"": ""all"", ""alpha"": 12.539889785680295}",,gp
ridge,13,13.422409617230564,"{""lookback"": 48, ""covariates"": true, ""context"": ""rain_only"", ""alpha"": 0.6566513896063252}",,gp
ridge,12,14.515087407013318,"{""lookback"": 48, ""covariates"": true, ""context"": ""rain_only"", ""alpha"": 0.09014718067142277}",,gp
ridge,27,18.107989100576336,"{""lookback"": 24, ""covariates"": true, ""context"": ""all"", ""alpha"": 0.41716161046317324}",,gp
ridge,3,18.81044620917184,"{""lookback"": 36, ""covariates"": true, ""context"": ""all"", ""alpha"": 0.5038666653302235}",,gp
ridge,26,26.37267812647251,"{""lookback"": 24, ""covariates"": true, ""context"": ""all"", ""alpha"": 0.06663472172259961}",,gp
rnn_cov,27,8.028283097467776,"{""lookback"": 8, ""covariates"": false, ""context"": ""rain_only"", ""epochs"": 120, ""lr"": 0.0014832463186443675, ""batch_size"": 64, ""dropout"": 0.0}",,gp
rnn_cov,19,8.249129983596458,"{""lookback"": 48, ""covariates"": false, ""context"": ""rain_only"", ""epochs"": 90, ""lr"": 0.002115503167645315, ""batch_size"": 32, ""dropout"": 0.2}",,gp
rnn_cov,1,8.285810503189174,"{""lookback"": 12, ""covariates"": false, ""context"": ""rain_only"", ""epochs"": 120, ""lr"": 0.004327576253748584, ""batch_size"": 64, ""dropout"": 0.2}",,gp
rnn_cov,2,8.407391246020742,"{""lookback"": 24, ""covariates"": false, ""context"": ""none"", ""epochs"": 60, ""lr"": 0.001101036419609077, ""batch_size"": 16, ""dropout"": 0.2}",,gp
rnn_cov,8,8.544463435132327,"{""lookback"": 24, ""covariates"": false, ""context"": ""none"", ""epochs"": 40, ""lr"": 0.0015566745292900604, ""batch_size"": 64, ""dropout"": 0.0}",,gp
rnn_cov,11,8.560299381517662,"{""lookback"": 36, ""covariates"": true, ""context"": ""rain_only"", ""epochs"": 120, ""lr"": 0.001167357404587288, ""batch_size"": 64, ""dropout"": 0.0}",,gp
rnn_cov,14,8.71246716059826,"{""lookback"": 24, ""covariates"": false, ""context"": ""rain_only"", ""epochs"": 60, ""lr"": 0.0004897958846904056, ""batch_size"": 16, ""dropout"": 0.0}",,gp
rnn_cov,9,8.78843766235014,"{""lookback"": 24, ""covariates"": false, ""context"": ""none"", ""epochs"": 60, ""lr"": 0.0006647780626301326, ""batch_size"": 32, ""dropout"": 0.2}",,gp
rnn_cov,10,8.829594943379105,"{""lookback"": 48, ""covariates"": false, ""context"": ""all"", ""epochs"": 120, ""lr"": 0.0034957478129854108, ""batch_size"": 16, ""dropout"": 0.0}",,gp
rnn_cov,16,8.95649036171965,"{""lookback"": 24, ""covariates"": true, ""context"": ""rain_only"", ""epochs"": 60, ""lr"": 0.002131699356155855, ""batch_size"": 64, ""dropout"": 0.0}",,gp
rnn_cov,15,8.991431266265772,"{""lookback"": 24, ""covariates"": true, ""context"": ""rain_only"", ""epochs"": 60, ""lr"": 0.0021772450274178527, ""batch_size"": 16, ""dropout"": 0.2}",,gp
rnn_cov,5,8.998285414362329,"{""lookback"": 8, ""covariates"": true, ""context"": ""none"", ""epochs"": 40, ""lr"": 0.00902353369029003, ""batch_size"": 32, ""dropout"": 0.2}",,gp
rnn_cov,21,9.103666535058965,"{""lookback"": 12, ""covariates"": false, ""context"": ""all"", ""epochs"": 20, ""lr"": 0.003777347641562237, ""batch_size"": 64, ""dropout"": 0.1}",,gp
rnn_cov,4,9.134115993927344,"{""lookback"": 8, ""covariates"": true, ""context"": ""none"", ""epochs"": 20, ""lr"": 0.005463905449709552, ""batch_size"": 16, ""dropout"": 0.1}",,gp
rnn_cov,17,9.141992679414049,"{""lookback"": 36, ""covariates"": false, ""context"": ""rain_only"", ""epochs"": 60, ""lr"": 0.0006366601863260838, ""batch_size"": 16, ""dropout"": 0.1}",,gp
rnn_cov,3,9.15979311460518,"{""lookback"": 36, ""covariates"": true, ""context"": ""rain_only"", ""epochs"": 120, ""lr"": 0.0014203236332087487, ""batch_size"": 32, ""dropout"": 0.0}",,gp
rnn_cov,7,9.21619589149202,"{""lookback"": 24, ""covariates"": false, ""context"": ""none"", ""epochs"": 90, ""lr"": 0.004086050334527402, ""batch_size"": 32, ""dropout"": 0.2}",,gp
rnn_cov,29,9.282856174795011,"{""lookback"": 8, ""covariates"": true, ""context"": ""rain_only"", ""epochs"": 90, ""lr"": 0.001365043718971339, ""batch_size"": 16, ""dropout"": 0.1}",,gp
rnn_cov,6,9.313556107552536,"{""lookback"": 36, ""covariates"": true, ""context"": ""none"", ""epochs"": 20, ""lr"": 0.0015412771904202464, ""batch_size"": 32, ""dropout"": 0.0}",,gp
rnn_cov,0,9.405185692471536,"{""lookback"": 8, ""covariates"": true, ""context"": ""rain_only"", ""epochs"": 60, ""lr"": 0.006090623834547103, ""batch_size"": 16, ""dropout"": 0.2}",,gp
rnn_cov,13,9.604309101426546,"{""lookback"": 36, ""covariates"": true, ""context"": ""none"", ""epochs"": 90, ""lr"": 0.003556334654410625, ""batch_size"": 16, ""dropout"": 0.2}",,gp
rnn_cov,24,9.623596629048686,"{""lookback"": 36, ""covariates"": false, ""context"": ""none"", ""epochs"": 20, ""lr"": 0.0004537638927164481, ""batch_size"": 32, ""dropout"": 0.2}",,gp
rnn_cov,28,9.642556435455695,"{""lookback"": 36, ""covariates"": false, ""context"": ""none"", ""epochs"": 60, ""lr"": 0.0005576025723578591, ""batch_size"": 32, ""dropout"": 0.2}",,gp
rnn_cov,25,9.722278164269648,"{""lookback"": 12, ""covariates"": true, ""context"": ""rain_only"", ""epochs"": 90, ""lr"": 0.000762094746862932, ""batch_size"": 64, ""dropout"": 0.2}",,gp
rnn_cov,22,9.726606119228585,"{""lookback"": 36, ""covariates"": false, ""context"": ""none"", ""epochs"": 60, ""lr"": 0.0005117691688462442, ""batch_size"": 32, ""dropout"": 0.2}",,gp
rnn_cov,20,9.989427487711064,"{""lookback"": 48, ""covariates"": true, ""context"": ""rain_only"", ""epochs"": 60, ""lr"": 0.005209254754151384, ""batch_size"": 16, ""dropout"": 0.0}",,gp
rnn_cov,23,10.06471162738868,"{""lookback"": 24, ""covariates"": false, ""context"": ""all"", ""epochs"": 40, ""lr"": 0.0008635502350628375, ""batch_size"": 64, ""dropout"": 0.1}",,gp
rnn_cov,12,10.924732669667437,"{""lookback"": 12, ""covariates"": true, ""context"": ""rain_only"", ""epochs"": 20, ""lr"": 0.0006047240031389557, ""batch_size"": 64, ""dropout"": 0.0}",,gp
rnn_cov,26,11.169915197160224,"{""lookback"": 12, ""covariates"": true, ""context"": ""all"", ""epochs"": 90, ""lr"": 0.0014502548792349637, ""batch_size"": 64, ""dropout"": 0.0}",,gp
rnn_cov,18,12.97493473919166,"{""lookback"": 48, ""covariates"": true, ""context"": ""all"", ""epochs"": 40, ""lr"": 0.00036805206677463704, ""batch_size"": 64, ""dropout"": 0.0}",,gp
tcn,28,7.403568318858393,"{""lookback"": 12, ""covariates"": false, ""context"": ""rain_only"", ""epochs"": 90, ""lr"": 0.0008042780320198182, ""batch_size"": 16, ""dropout"": 0.1, ""channels"": 64, ""levels"": 4, ""kernel"": 5}",,gp
tcn,21,7.963502368895391,"{""lookback"": 48, ""covariates"": false, ""context"": ""none"", ""epochs"": 60, ""lr"": 0.001365043718971339, ""batch_size"": 64, ""dropout"": 0.0, ""channels"": 32, ""levels"": 2, ""kernel"": 3}",,gp
tcn,16,8.218311786656995,"{""lookback"": 36, ""covariates"": false, ""context"": ""none"", ""epochs"": 60, ""lr"": 0.0005117691688462442, ""batch_size"": 32, ""dropout"": 0.2, ""channels"": 32, ""levels"": 3, ""kernel"": 2}",,gp
tcn,25,8.241033710994706,"{""lookback"": 24, ""covariates"": false, ""context"": ""none"", ""epochs"": 20, ""lr"": 0.0016528859306246743, ""batch_size"": 16, ""dropout"": 0.2, ""channels"": 32, ""levels"": 3, ""kernel"": 5}",,gp
tcn,19,8.647254222250565,"{""lookback"": 36, ""covariates"": false, ""context"": ""none"", ""epochs"": 90, ""lr"": 0.000779313398209815, ""batch_size"": 32, ""dropout"": 0.0, ""channels"": 16, ""levels"": 3, ""kernel"": 5}",,gp
tcn,15,8.663230475874592,"{""lookback"": 48, ""covariates"": false, ""context"": ""all"", ""epochs"": 40, ""lr"": 0.00041138952374062445, ""batch_size"": 16, ""dropout"": 0.2, ""channels"": 64, ""levels"": 4, ""kernel"": 3}",,gp
tcn,6,8.83499737949491,"{""lookback"": 48, ""covariates"": false, ""context"": ""all"", ""epochs"": 60, ""lr"": 0.0005829927584962534, ""batch_size"": 32, ""dropout"": 0.0, ""channels"": 64, ""levels"": 3, ""kernel"": 2}",,gp
tcn,17,8.843563073724438,"{""lookback"": 12, ""covariates"": false, ""context"": ""all"", ""epochs"": 90, ""lr"": 0.0010668859333840307, ""batch_size"": 32, ""dropout"": 0.2, ""channels"": 16, ""levels"": 3, ""kernel"": 2}",,gp
tcn,1,8.89210620826101,"{""lookback"": 48, ""covariates"": true, ""context"": ""none"", ""epochs"": 90, ""lr"": 0.0004701352151179019, ""batch_size"": 64, ""dropout"": 0.2, ""channels"": 32, ""levels"": 3, ""kernel"": 3}",,gp
tcn,29,9.061216209971615,"{""lookback"": 36, ""covariates"": false, ""context"": ""all"", ""epochs"": 90, ""lr"": 0.0006725262623279027, ""batch_size"": 64, ""dropout"": 0.0, ""channels"": 16, ""levels"": 2, ""kernel"": 3}",,gp
tcn,20,9.30878030326162,"{""lookback"": 8, ""covariates"": false, ""context"": ""none"", ""epochs"": 40, ""lr"": 0.000877114104189874, ""batch_size"": 64, ""dropout"": 0.1, ""channels"": 32, ""levels"": 2, ""kernel"": 3}",,gp
tcn,10,9.391027640527712,"{""lookback"": 12, ""covariates"": true, ""context"": ""rain_only"", ""epochs"": 60, ""lr"": 0.0022041702360035714, ""batch_size"": 16, ""dropout"": 0.0, ""channels"": 16, ""levels"": 2, ""kernel"": 3}",,gp
tcn,24,9.4926933963624,"{""lookback"": 48, ""covariates"": true, ""context"": ""rain_only"", ""epochs"": 40, ""lr"": 0.00238239570222417, ""batch_size"": 16, ""dropout"": 0.0, ""channels"": 16, ""levels"": 4, ""kernel"": 3}",,gp
tcn,11,9.587519715779525,"{""lookback"": 36, ""covariates"": true, ""context"": ""rain_only"", ""epochs"": 120, ""lr"": 0.004386536574792504, ""batch_size"": 32, ""dropout"": 0.1, ""channels"": 32, ""levels"": 3, ""kernel"": 3}",,gp
tcn,18,9.62653306284781,"{""lookback"": 12, ""covariates"": true, ""context"": ""rain_only"", ""epochs"": 120, ""lr"": 0.0034889149020412525, ""batch_size"": 32, ""dropout"": 0.0, ""channels"": 64, ""levels"": 4, ""kernel"": 2}",,gp
tcn,8,9.741162304271931,"{""lookback"": 36, ""covariates"": true, ""context"": ""rain_only"", ""epochs"": 120, ""lr"": 0.001167357404587288, ""batch_size"": 64, ""dropout"": 0.0, ""channels"": 16, ""levels"": 4, ""kernel"": 3}",,gp
tcn,12,9.778881435082113,"{""lookback"": 8, ""covariates"": true, ""context"": ""none"", ""epochs"": 40, ""lr"": 0.00033423588821499087, ""batch_size"": 32, ""dropout"": 0.1, ""channels"": 64, ""levels"": 2, ""kernel"": 2}",,gp
tcn,4,9.820478522075229,"{""lookback"": 8, ""covariates"": true, ""context"": ""rain_only"", ""epochs"": 120, ""lr"": 0.004597322158279528, ""batch_size"": 64, ""dropout"": 0.0, ""channels"": 32, ""levels"": 3, ""kernel"": 3}",,gp
tcn,0,9.852798573637491,"{""lookback"": 8, ""covariates"": true, ""context"": ""rain_only"", ""epochs"": 60, ""lr"": 0.006090623834547103, ""batch_size"": 16, ""dropout"": 0.2, ""channels"": 16, ""levels"": 2, ""kernel"": 3}",,gp
tcn,7,10.167459039039183,"{""lookback"": 12, ""covariates"": true, ""context"": ""none"", ""epochs"": 120, ""lr"": 0.005561464650867318, ""batch_size"": 32, ""dropout"": 0.1, ""channels"": 64, ""levels"": 2, ""kernel"": 2}",,gp
tcn,27,10.246950352871838,"{""lookback"": 24, ""covariates"": false, ""context"": ""all"", ""epochs"": 40, ""lr"": 0.006948090179082359, ""batch_size"": 64, ""dropout"": 0.1, ""channels"": 16, ""levels"": 2, ""kernel"": 3}",,gp
tcn,2,10.311581223210334,"{""lookback"": 8, ""covariates"": true, ""context"": ""none"", ""epochs"": 90, ""lr"": 0.005371399173466055, ""batch_size"": 32, ""dropout"": 0.1, ""channels"": 32, ""levels"": 2, ""kernel"": 2}",,gp
tcn,9,10.320881317310436,"{""lookback"": 8, ""covariates"": true, ""context"": ""all"", ""epochs"": 120, ""lr"": 0.00473709029876819, ""batch_size"": 16, ""dropout"": 0.2, ""channels"": 32, ""levels"": 3, ""kernel"": 5}",,gp
tcn,22,10.835361114883671,"{""lookback"": 8, ""covariates"": true, ""context"": ""rain_only"", ""epochs"": 20, ""lr"": 0.0012892748461117948, ""batch_size"": 64, ""dropout"": 0.0, ""channels"": 16, ""levels"": 3, ""kernel"": 2}",,gp
tcn,26,10.837012391399924,"{""lookback"": 8, ""covariates"": true, ""context"": ""rain_only"", ""epochs"": 60, ""lr"": 0.0007650552813844498, ""batch_size"": 64, ""dropout"": 0.0, ""channels"": 32, ""levels"": 3, ""kernel"": 5}",,gp
tcn,23,10.905464104741744,"{""lookback"": 12, ""covariates"": true, ""context"": ""all"", ""epochs"": 90, ""lr"": 0.0023552265232544517, ""batch_size"": 16, ""dropout"": 0.2, ""channels"": 16, ""levels"": 2, ""kernel"": 5}",,gp
tcn,13,10.941669798515706,"{""lookback"": 24, ""covariates"": true, ""context"": ""none"", ""epochs"": 20, ""lr"": 0.00036805206677463704, ""batch_size"": 16, ""dropout"": 0.2, ""channels"": 16, ""levels"": 4, ""kernel"": 2}",,gp
tcn,5,11.25417880364325,"{""lookback"": 8, ""covariates"": true, ""context"": ""all"", ""epochs"": 90, ""lr"": 0.004086050334527402, ""batch_size"": 64, ""dropout"": 0.1, ""channels"": 64, ""levels"": 3, ""kernel"": 2}",,gp
tcn,14,14.968663664321326,"{""lookback"": 24, ""covariates"": true, ""context"": ""all"", ""epochs"": 60, ""lr"": 0.0046870887377983205, ""batch_size"": 64, ""dropout"": 0.1, ""channels"": 32, ""levels"": 3, ""kernel"": 3}",,gp
tcn,3,25.25239578638698,"{""lookback"": 24, ""covariates"": true, ""context"": ""all"", ""epochs"": 120, ""lr"": 0.0027483342005095064, ""batch_size"": 64, ""dropout"": 0.0, ""channels"": 64, ""levels"": 4, ""kernel"": 3}",,gp
transformer,20,8.729515649557522,"{""lookback"": 8, ""covariates"": false, ""context"": ""none"", ""epochs"": 40, ""lr"": 0.000877114104189874, ""batch_size"": 64, ""dropout"": 0.1, ""d_model"": 32, ""n_heads"": 1, ""n_layers"": 2}",,gp
transformer,28,9.034905835421492,"{""lookback"": 12, ""covariates"": false, ""context"": ""rain_only"", ""epochs"": 90, ""lr"": 0.0008042780320198182, ""batch_size"": 16, ""dropout"": 0.1, ""d_model"": 64, ""n_heads"": 4, ""n_layers"": 3}",,gp
transformer,2,9.212110443631408,"{""lookback"": 8, ""covariates"": true, ""context"": ""none"", ""epochs"": 90, ""lr"": 0.005371399173466055, ""batch_size"": 32, ""dropout"": 0.1, ""d_model"": 32, ""n_heads"": 1, ""n_layers"": 1}",,gp
transformer,0,9.374429330912845,"{""lookback"": 8, ""covariates"": true, ""context"": ""rain_only"", ""epochs"": 60, ""lr"": 0.006090623834547103, ""batch_size"": 16, ""dropout"": 0.2, ""d_model"": 16, ""n_heads"": 1, ""n_layers"": 2}",,gp
transformer,25,9.379512106233506,"{""lookback"": 24, ""covariates"": false, ""context"": ""none"", ""epochs"": 20, ""lr"": 0.0016528859306246743, ""batch_size"": 16, ""dropout"": 0.2, ""d_model"": 32, ""n_heads"": 2, ""n_layers"": 3}",,gp
transformer,1,9.546322554410684,"{""lookback"": 48, ""covariates"": true, ""context"": ""none"", ""epochs"": 90, ""lr"": 0.0004701352151179019, ""batch_size"": 64, ""dropout"": 0.2, ""d_model"": 32, ""n_heads"": 2, ""n_layers"": 2}",,gp
transformer,12,9.560299393287396,"{""lookback"": 8, ""covariates"": true, ""context"": ""none"", ""epochs"": 40, ""lr"": 0.00033423588821499087, ""batch_size"": 32, ""dropout"": 0.1, ""d_model"": 64, ""n_heads"": 1, ""n_layers"": 1}",,gp
transformer,11,9.621895222248613,"{""lookback"": 36, ""covariates"": true, ""context"": ""rain_only"", ""epochs"": 120, ""lr"": 0.004386536574792504, ""batch_size"": 32, ""dropout"": 0.1, ""d_model"": 32, ""n_heads"": 2, ""n_layers"": 2}",,gp
transformer,18,9.6232729613682,"{""lookback"": 12, ""covariates"": true, ""context"": ""rain_only"", ""epochs"": 120, ""lr"": 0.0034889149020412525, ""batch_size"": 32, ""dropout"": 0.0, ""d_model"": 64, ""n_heads"": 4, ""n_layers"": 1}",,gp
transformer,29,9.632222154343063,"{""lookback"": 36, ""covariates"": false, ""context"": ""all"", ""epochs"": 90, ""lr"": 0.0006725262623279027, ""batch_size"": 64, ""dropout"": 0.0, ""d_model"": 16, ""n_heads"": 1, ""n_layers"": 2}",,gp
transformer,22,9.639701443304112,"{""lookback"": 8, ""covariates"": true, ""context"": ""rain_only"", ""epochs"": 20, ""lr"": 0.0012892748461117948, ""batch_size"": 64, ""dropout"": 0.0, ""d_model"": 16, ""n_heads"": 2, ""n_layers"": 1}",,gp
transformer,9,9.72174955807426,"{""lookback"": 8, ""covariates"": true, ""context"": ""all"", ""epochs"": 120, ""lr"": 0.00473709029876819, ""batch_size"": 16, ""dropout"": 0.2, ""d_model"": 32, ""n_heads"": 2, ""n_layers"": 3}",,gp
transformer,16,9.857693131489649,"{""lookback"": 36, ""covariates"": false, ""context"": ""none"", ""epochs"": 60, ""lr"": 0.0005117691688462442, ""batch_size"": 32, ""dropout"": 0.2, ""d_model"": 32, ""n_heads"": 2, ""n_layers"": 1}",,gp
transformer,17,10.01893661830218,"{""lookback"": 12, ""covariates"": false, ""context"": ""all"", ""epochs"": 90, ""lr"": 0.0010668859333840307, ""batch_size"": 32, ""dropout"": 0.2, ""d_model"": 16, ""n_heads"": 2, ""n_layers"": 1}",,gp
transformer,15,10.065755102005058,"{""lookback"": 48, ""covariates"": false, ""context"": ""all"", ""epochs"": 40, ""lr"": 0.00041138952374062445, ""batch_size"": 16, ""dropout"": 0.2, ""d_model"": 64, ""n_heads"": 4, ""n_layers"": 2}",,gp
transformer,21,10.140197246475855,"{""lookback"": 48, ""covariates"": false, ""context"": ""none"", ""epochs"": 60, ""lr"": 0.001365043718971339, ""batch_size"": 64, ""dropout"": 0.0, ""d_model"": 32, ""n_heads"": 1, ""n_layers"": 2}",,gp
transformer,6,10.227938188105176,"{""lookback"": 48, ""covariates"": false, ""context"": ""all"", ""epochs"": 60, ""lr"": 0.0005829927584962534, ""batch_size"": 32, ""dropout"": 0.0, ""d_model"": 64, ""n_heads"": 2, ""n_layers"": 1}",,gp
transformer,7,10.454599755247555,"{""lookback"": 12, ""covariates"": true, ""context"": ""none"", ""epochs"": 120, ""lr"": 0.005561464650867318, ""batch_size"": 32, ""dropout"": 0.1, ""d_model"": 64, ""n_heads"": 1, ""n_layers"": 1}",,gp
transformer,19,10.668815914529125,"{""lookback"": 36, ""covariates"": false, ""context"": ""none"", ""epochs"": 90, ""lr"": 0.000779313398209815, ""batch_size"": 32, ""dropout"": 0.0, ""d_model"": 16, ""n_heads"": 2, ""n_layers"": 3}",,gp
transformer,10,10.986795284263886,"{""lookback"": 12, ""covariates"": true, ""context"": ""rain_only"", ""epochs"": 60, ""lr"": 0.0022041702360035714, ""batch_size"": 16, ""dropout"": 0.0, ""d_model"": 16, ""n_heads"": 1, ""n_layers"": 2}",,gp
transformer,26,11.02119271486534,"{""lookback"": 8, ""covariates"": true, ""context"": ""rain_only"", ""epochs"": 60, ""lr"": 0.0007650552813844498, ""batch_size"": 64, ""dropout"": 0.0, ""d_model"": 32, ""n_heads"": 2, ""n_layers"": 3}",,gp
transformer,4,11.036852532044136,"{""lookback"": 8, ""covariates"": true, ""context"": ""rain_only"", ""epochs"": 120, ""lr"": 0.004597322158279528, ""batch_size"": 64, ""dropout"": 0.0, ""d_model"": 32, ""n_heads"": 2, ""n_layers"": 2}",,gp
transformer,8,11.271923869632769,"{""lookback"": 36, ""covariates"": true, ""context"": ""rain_only"", ""epochs"": 120, ""lr"": 0.001167357404587288, ""batch_size"": 64, ""dropout"": 0.0, ""d_model"": 16, ""n_heads"": 4, ""n_layers"": 2}",,gp
transformer,24,11.527504616429132,"{""lookback"": 48, ""covariates"": true, ""context"": ""rain_only"", ""epochs"": 40, ""lr"": 0.00238239570222417, ""batch_size"": 16, ""dropout"": 0.0, ""d_model"": 16, ""n_heads"": 4, ""n_layers"": 2}",,gp
transformer,13,11.752116773037152,"{""lookback"": 24, ""covariates"": true, ""context"": ""none"", ""epochs"": 20, ""lr"": 0.00036805206677463704, ""batch_size"": 16, ""dropout"": 0.2, ""d_model"": 16, ""n_heads"": 4, ""n_layers"": 1}",,gp
transformer,5,12.320861628431224,"{""lookback"": 8, ""covariates"": true, ""context"": ""all"", ""epochs"": 90, ""lr"": 0.004086050334527402, ""batch_size"": 64, ""dropout"": 0.1, ""d_model"": 64, ""n_heads"": 2, ""n_layers"": 1}",,gp
transformer,27,12.883077161986831,"{""lookback"": 24, ""covariates"": false, ""context"": ""all"", ""epochs"": 40, ""lr"": 0.006948090179082359, ""batch_size"": 64, ""dropout"": 0.1, ""d_model"": 16, ""n_heads"": 1, ""n_layers"": 2}",,gp
transformer,23,13.595693884925772,"{""lookback"": 12, ""covariates"": true, ""context"": ""all"", ""epochs"": 90, ""lr"": 0.0023552265232544517, ""batch_size"": 16, ""dropout"": 0.2, ""d_model"": 16, ""n_heads"": 1, ""n_layers"": 3}",,gp
transformer,3,15.450051044984129,"{""lookback"": 24, ""covariates"": true, ""context"": ""all"", ""epochs"": 120, ""lr"": 0.0027483342005095064, ""batch_size"": 64, ""dropout"": 0.0, ""d_model"": 64, ""n_heads"": 4, ""n_layers"": 2}",,gp
transformer,14,16.140984107830455,"{""lookback"": 24, ""covariates"": true, ""context"": ""all"", ""epochs"": 60, ""lr"": 0.0046870887377983205, ""batch_size"": 64, ""dropout"": 0.1, ""d_model"": 32, ""n_heads"": 2, ""n_layers"": 2}",,gp
xgboost,20,8.712626441785455,"{""lookback"": 12, ""covariates"": true, ""context"": ""rain_only"", ""n_estimators"": 800, ""learning_rate"": 0.024701434275270624, ""max_depth"": 6, ""subsample"": 1.0, ""colsample_bytree"": 0.6, ""min_child_weight"": 6}",,gp
xgboost,27,8.888082099199913,"{""lookback"": 12, ""covariates"": false, ""context"": ""all"", ""n_estimators"": 800, ""learning_rate"": 0.05157279371684115, ""max_depth"": 4, ""subsample"": 1.0, ""colsample_bytree"": 0.4, ""min_child_weight"": 1}",,gp
xgboost,13,8.975892481882145,"{""lookback"": 24, ""covariates"": true, ""context"": ""all"", ""n_estimators"": 400, ""learning_rate"": 0.028117140446520614, ""max_depth"": 6, ""subsample"": 0.6, ""colsample_bytree"": 0.6, ""min_child_weight"": 3}",,gp
xgboost,22,9.000854296156275,"{""lookback"": 8, ""covariates"": false, ""context"": ""none"", ""n_estimators"": 200, ""learning_rate"": 0.028309684708575773, ""max_depth"": 8, ""subsample"": 0.9, ""colsample_bytree"": 0.9, ""min_child_weight"": 1}",,gp
xgboost,21,9.001055380281757,"{""lookback"": 12, ""covariates"": true, ""context"": ""none"", ""n_estimators"": 400, ""learning_rate"": 0.025242583260632338, ""max_depth"": 2, ""subsample"": 0.6, ""colsample_bytree"": 0.6, ""min_child_weight"": 6}",,gp
xgboost,11,9.052401591867524,"{""lookback"": 12, ""covariates"": true, ""context"": ""rain_only"", ""n_estimators"": 400, ""learning_rate"": 0.06919898255218529, ""max_depth"": 2, ""subsample"": 0.6, ""colsample_bytree"": 0.4, ""min_child_weight"": 1}",,gp
xgboost,3,9.061692436106163,"{""lookback"": 24, ""covariates"": false, ""context"": ""all"", ""n_estimators"": 400, ""learning_rate"": 0.012424125377603113, ""max_depth"": 8, ""subsample"": 1.0, ""colsample_bytree"": 0.6, ""min_child_weight"": 3}",,gp
xgboost,24,9.092046474704144,"{""lookback"": 8, ""covariates"": true, ""context"": ""all"", ""n_estimators"": 400, ""learning_rate"": 0.01332706456085794, ""max_depth"": 6, ""subsample"": 0.8, ""colsample_bytree"": 1.0, ""min_child_weight"": 1}",,gp
xgboost,28,9.149449612915545,"{""lookback"": 12, ""covariates"": false, ""context"": ""none"", ""n_estimators"": 400, ""learning_rate"": 0.24281940460430024, ""max_depth"": 2, ""subsample"": 0.9, ""colsample_bytree"": 0.9, ""min_child_weight"": 3}",,gp
xgboost,17,9.158895258491771,"{""lookback"": 8, ""covariates"": false, ""context"": ""none"", ""n_estimators"": 800, ""learning_rate"": 0.04811147524182623, ""max_depth"": 6, ""subsample"": 0.6, ""colsample_bytree"": 1.0, ""min_child_weight"": 3}",,gp
xgboost,23,9.291582375856548,"{""lookback"": 24, ""covariates"": true, ""context"": ""all"", ""n_estimators"": 800, ""learning_rate"": 0.11554044189792134, ""max_depth"": 6, ""subsample"": 0.8, ""colsample_bytree"": 0.6, ""min_child_weight"": 3}",,gp
xgboost,1,9.317143296417656,"{""lookback"": 24, ""covariates"": true, ""context"": ""none"", ""n_estimators"": 800, ""learning_rate"": 0.1449146502165535, ""max_depth"": 4, ""subsample"": 0.6, ""colsample_bytree"": 1.0, ""min_child_weight"": 3}",,gp
xgboost,9,9.353912263405851,"{""lookback"": 24, ""covariates"": true, ""context"": ""none"", ""n_estimators"": 400, ""learning_rate"": 0.026662174755311165, ""max_depth"": 3, ""subsample"": 0.9, ""colsample_bytree"": 0.9, ""min_child_weight"": 1}",,gp
xgboost,4,9.369025803125645,"{""lookback"": 8, ""covariates"": true, ""context"": ""none"", ""n_estimators"": 400, ""learning_rate"": 0.2715430450064821, ""max_depth"": 4, ""subsample"": 1.0, ""colsample_bytree"": 0.9, ""min_child_weight"": 6}",,gp
xgboost,25,9.395472974272137,"{""lookback"": 8, ""covariates"": false, ""context"": ""all"", ""n_estimators"": 200, ""learning_rate"": 0.016348569248088956, ""max_depth"": 6, ""subsample"": 0.6, ""colsample_bytree"": 0.4, ""min_child_weight"": 3}",,gp
xgboost,2,9.536350931352375,"{""lookback"": 24, ""covariates"": false, ""context"": ""all"", ""n_estimators"": 800, ""learning_rate"": 0.08934430071955696, ""max_depth"": 4, ""subsample"": 1.0, ""colsample_bytree"": 0.9, ""min_child_weight"": 3}",,gp
xgboost,12,9.927742300530054,"{""lookback"": 24, ""covariates"": true, ""context"": ""rain_only"", ""n_estimators"": 400, ""learning_rate"": 0.06837892467603714, ""max_depth"": 2, ""subsample"": 1.0, ""colsample_bytree"": 0.9, ""min_child_weight"": 3}",,gp
xgboost,0,9.965731410895383,"{""lookback"": 8, ""covariates"": true, ""context"": ""rain_only"", ""n_estimators"": 400, ""learning_rate"": 0.185461273136293, ""max_depth"": 2, ""subsample"": 0.9, ""colsample_bytree"": 0.4, ""min_child_weight"": 1}",,gp
xgboost,19,10.192045307561264,"{""lookback"": 36, ""covariates"": true, ""context"": ""rain_only"", ""n_estimators"": 400, ""learning_rate"": 0.013473162839719551, ""max_depth"": 3, ""subsample"": 0.6, ""colsample_bytree"": 0.6, ""min_child_weight"": 6}",,gp
xgboost,18,10.426882915036916,"{""lookback"": 48, ""covariates"": false, ""context"": ""rain_only"", ""n_estimators"": 800, ""learning_rate"": 0.04560651820005272, ""max_depth"": 2, ""subsample"": 0.8, ""colsample_bytree"": 0.4, ""min_child_weight"": 1}",,gp
xgboost,5,10.54581291110935,"{""lookback"": 36, ""covariates"": false, ""context"": ""rain_only"", ""n_estimators"": 400, ""learning_rate"": 0.011606558734739106, ""max_depth"": 4, ""subsample"": 0.6, ""colsample_bytree"": 0.9, ""min_child_weight"": 6}",,gp
xgboost,7,10.62575008216544,"{""lookback"": 36, ""covariates"": false, ""context"": ""rain_only"", ""n_estimators"": 200, ""learning_rate"": 0.050428245390731465, ""max_depth"": 3, ""subsample"": 0.6, ""colsample_bytree"": 0.9, ""min_child_weight"": 6}",,gp
xgboost,16,10.72721014027186,"{""lookback"": 48, ""covariates"": true, ""context"": ""rain_only"", ""n_estimators"": 400, ""learning_rate"": 0.1593700878237698, ""max_depth"": 3, ""subsample"": 0.6, ""colsample_bytree"": 0.6, ""min_child_weight"": 1}",,gp
xgboost,8,10.801665898039076,"{""lookback"": 48, ""covariates"": false, ""context"": ""all"", ""n_estimators"": 800, ""learning_rate"": 0.10823717935982186, ""max_depth"": 2, ""subsample"": 0.8, ""colsample_bytree"": 1.0, ""min_child_weight"": 6}",,gp
xgboost,6,10.904223360728915,"{""lookback"": 48, ""covariates"": true, ""context"": ""rain_only"", ""n_estimators"": 800, ""learning_rate"": 0.03028890421647745, ""max_depth"": 8, ""subsample"": 0.8, ""colsample_bytree"": 0.4, ""min_child_weight"": 3}",,gp
xgboost,10,10.991095279211953,"{""lookback"": 48, ""covariates"": false, ""context"": ""none"", ""n_estimators"": 200, ""learning_rate"": 0.14533918611745653, ""max_depth"": 6, ""subsample"": 0.9, ""colsample_bytree"": 0.6, ""min_child_weight"": 6}",,gp
xgboost,15,11.142174134476106,"{""lookback"": 48, ""covariates"": false, ""context"": ""none"", ""n_estimators"": 200, ""learning_rate"": 0.09500160723894391, ""max_depth"": 2, ""subsample"": 0.9, ""colsample_bytree"": 0.9, ""min_child_weight"": 6}",,gp
xgboost,26,11.224166946604727,"{""lookback"": 36, ""covariates"": false, ""context"": ""all"", ""n_estimators"": 800, ""learning_rate"": 0.07216020523590855, ""max_depth"": 4, ""subsample"": 0.8, ""colsample_bytree"": 0.9, ""min_child_weight"": 3}",,gp
xgboost,29,11.25948042253743,"{""lookback"": 48, ""covariates"": false, ""context"": ""none"", ""n_estimators"": 200, ""learning_rate"": 0.058761959894822045, ""max_depth"": 8, ""subsample"": 0.8, ""colsample_bytree"": 0.6, ""min_child_weight"": 1}",,gp
xgboost,14,11.31246186679008,"{""lookback"": 48, ""covariates"": false, ""context"": ""all"", ""n_estimators"": 400, ""learning_rate"": 0.1822131929365119, ""max_depth"": 2, ""subsample"": 0.6, ""colsample_bytree"": 1.0, ""min_child_weight"": 1}",,gp
cnn_cov,21,16.552235757396787,"{""lookback"": 12, ""covariates"": false, ""context"": ""all"", ""epochs"": 20, ""lr"": 0.003777347641562237, ""batch_size"": 64, ""dropout"": 0.1}",,robi
cnn_cov,27,16.762894080638503,"{""lookback"": 8, ""covariates"": false, ""context"": ""rain_only"", ""epochs"": 120, ""lr"": 0.0014832463186443675, ""batch_size"": 64, ""dropout"": 0.0}",,robi
cnn_cov,29,17.206378040715425,"{""lookback"": 8, ""covariates"": true, ""context"": ""rain_only"", ""epochs"": 90, ""lr"": 0.001365043718971339, ""batch_size"": 16, ""dropout"": 0.1}",,robi
cnn_cov,8,17.209076003408498,"{""lookback"": 24, ""covariates"": false, ""context"": ""none"", ""epochs"": 40, ""lr"": 0.0015566745292900604, ""batch_size"": 64, ""dropout"": 0.0}",,robi
cnn_cov,23,17.215024180390365,"{""lookback"": 24, ""covariates"": false, ""context"": ""all"", ""epochs"": 40, ""lr"": 0.0008635502350628375, ""batch_size"": 64, ""dropout"": 0.1}",,robi
cnn_cov,5,17.44192391813652,"{""lookback"": 8, ""covariates"": true, ""context"": ""none"", ""epochs"": 40, ""lr"": 0.00902353369029003, ""batch_size"": 32, ""dropout"": 0.2}",,robi
cnn_cov,9,17.556104180009683,"{""lookback"": 24, ""covariates"": false, ""context"": ""none"", ""epochs"": 60, ""lr"": 0.0006647780626301326, ""batch_size"": 32, ""dropout"": 0.2}",,robi
cnn_cov,24,17.66893937854699,"{""lookback"": 36, ""covariates"": false, ""context"": ""none"", ""epochs"": 20, ""lr"": 0.0004537638927164481, ""batch_size"": 32, ""dropout"": 0.2}",,robi
cnn_cov,25,17.776895931949056,"{""lookback"": 12, ""covariates"": true, ""context"": ""rain_only"", ""epochs"": 90, ""lr"": 0.000762094746862932, ""batch_size"": 64, ""dropout"": 0.2}",,robi
cnn_cov,4,17.861832299243435,"{""lookback"": 8, ""covariates"": true, ""context"": ""none"", ""epochs"": 20, ""lr"": 0.005463905449709552, ""batch_size"": 16, ""dropout"": 0.1}",,robi
cnn_cov,14,18.025716590627766,"{""lookback"": 24, ""covariates"": false, ""context"": ""rain_only"", ""epochs"": 60, ""lr"": 0.0004897958846904056, ""batch_size"": 16, ""dropout"": 0.0}",,robi
cnn_cov,2,18.42328223569769,"{""lookback"": 24, ""covariates"": false, ""context"": ""none"", ""epochs"": 60, ""lr"": 0.001101036419609077, ""batch_size"": 16, ""dropout"": 0.2}",,robi
cnn_cov,0,18.581541846153627,"{""lookback"": 8, ""covariates"": true, ""context"": ""rain_only"", ""epochs"": 60, ""lr"": 0.006090623834547103, ""batch_size"": 16, ""dropout"": 0.2}",,robi
cnn_cov,1,18.620307052700767,"{""lookback"": 12, ""covariates"": false, ""context"": ""rain_only"", ""epochs"": 120, ""lr"": 0.004327576253748584, ""batch_size"": 64, ""dropout"": 0.2}",,robi
cnn_cov,16,18.77567075392194,"{""lookback"": 24, ""covariates"": true, ""context"": ""rain_only"", ""epochs"": 60, ""lr"": 0.002131699356155855, ""batch_size"": 64, ""dropout"": 0.0}",,robi
cnn_cov,6,18.952005998990312,"{""lookback"": 36, ""covariates"": true, ""context"": ""none"", ""epochs"": 20, ""lr"": 0.0015412771904202464, ""batch_size"": 32, ""dropout"": 0.0}",,robi
cnn_cov,11,19.31450735930436,"{""lookback"": 36, ""covariates"": true, ""context"": ""rain_only"", ""epochs"": 120, ""lr"": 0.001167357404587288, ""batch_size"": 64, ""dropout"": 0.0}",,robi
cnn_cov,22,19.40754025066528,"{""lookback"": 36, ""covariates"": false, ""context"": ""none"", ""epochs"": 60, ""lr"": 0.0005117691688462442, ""batch_size"": 32, ""dropout"": 0.2}",,robi
cnn_cov,15,19.48015920361577,"{""lookback"": 24, ""covariates"": true, ""context"": ""rain_only"", ""epochs"": 60, ""lr"": 0.0021772450274178527, ""batch_size"": 16, ""dropout"": 0.2}",,robi
cnn_cov,28,19.60249131268956,"{""lookback"": 36, ""covariates"": false, ""context"": ""none"", ""epochs"": 60, ""lr"": 0.0005576025723578591, ""batch_size"": 32, ""dropout"": 0.2}",,robi
cnn_cov,26,20.299844797941784,"{""lookback"": 12, ""covariates"": true, ""context"": ""all"", ""epochs"": 90, ""lr"": 0.0014502548792349637, ""batch_size"": 64, ""dropout"": 0.0}",,robi
cnn_cov,13,20.30144823755476,"{""lookback"": 36, ""covariates"": true, ""context"": ""none"", ""epochs"": 90, ""lr"": 0.003556334654410625, ""batch_size"": 16, ""dropout"": 0.2}",,robi
cnn_cov,7,20.35967730012788,"{""lookback"": 24, ""covariates"": false, ""context"": ""none"", ""epochs"": 90, ""lr"": 0.004086050334527402, ""batch_size"": 32, ""dropout"": 0.2}",,robi
cnn_cov,17,20.39661082185268,"{""lookback"": 36, ""covariates"": false, ""context"": ""rain_only"", ""epochs"": 60, ""lr"": 0.0006366601863260838, ""batch_size"": 16, ""dropout"": 0.1}",,robi
cnn_cov,12,21.12383080695983,"{""lookback"": 12, ""covariates"": true, ""context"": ""rain_only"", ""epochs"": 20, ""lr"": 0.0006047240031389557, ""batch_size"": 64, ""dropout"": 0.0}",,robi
cnn_cov,20,21.714494993729403,"{""lookback"": 48, ""covariates"": true, ""context"": ""rain_only"", ""epochs"": 60, ""lr"": 0.005209254754151384, ""batch_size"": 16, ""dropout"": 0.0}",,robi
cnn_cov,19,21.723435654240703,"{""lookback"": 48, ""covariates"": false, ""context"": ""rain_only"", ""epochs"": 90, ""lr"": 0.002115503167645315, ""batch_size"": 32, ""dropout"": 0.2}",,robi
cnn_cov,3,22.719253058015354,"{""lookback"": 36, ""covariates"": true, ""context"": ""rain_only"", ""epochs"": 120, ""lr"": 0.0014203236332087487, ""batch_size"": 32, ""dropout"": 0.0}",,robi
cnn_cov,18,23.099367007920844,"{""lookback"": 48, ""covariates"": true, ""context"": ""all"", ""epochs"": 40, ""lr"": 0.00036805206677463704, ""batch_size"": 64, ""dropout"": 0.0}",,robi
cnn_cov,10,25.309145326090363,"{""lookback"": 48, ""covariates"": false, ""context"": ""all"", ""epochs"": 120, ""lr"": 0.0034957478129854108, ""batch_size"": 16, ""dropout"": 0.0}",,robi
dlinear,15,17.32872673897123,"{""lookback"": 48, ""covariates"": false, ""context"": ""none"", ""epochs"": 40, ""lr"": 0.0030559049795942806, ""batch_size"": 16, ""dropout"": 0.1, ""kernel"": 13, ""weight_decay"": 0.001}",,robi
dlinear,18,17.456048609482522,"{""lookback"": 48, ""covariates"": false, ""context"": ""rain_only"", ""epochs"": 90, ""lr"": 0.0014340462688275891, ""batch_size"": 16, ""dropout"": 0.1, ""kernel"": 5, ""weight_decay"": 0.0}",,robi
dlinear,26,17.672832100133263,"{""lookback"": 36, ""covariates"": false, ""context"": ""all"", ""epochs"": 120, ""lr"": 0.0023014784572347575, ""batch_size"": 32, ""dropout"": 0.1, ""kernel"": 13, ""weight_decay"": 0.0001}",,robi
dlinear,2,17.762251245208592,"{""lookback"": 24, ""covariates"": false, ""context"": ""all"", ""epochs"": 120, ""lr"": 0.002868466359123466, ""batch_size"": 32, ""dropout"": 0.2, ""kernel"": 13, ""weight_decay"": 0.0001}",,robi
dlinear,29,17.88197522556727,"{""lookback"": 48, ""covariates"": false, ""context"": ""none"", ""epochs"": 40, ""lr"": 0.0018622680385912665, ""batch_size"": 64, ""dropout"": 0.1, ""kernel"": 5, ""weight_decay"": 0.0}",,robi
dlinear,12,18.05870259696287,"{""lookback"": 24, ""covariates"": true, ""context"": ""rain_only"", ""epochs"": 60, ""lr"": 0.0021772450274178527, ""batch_size"": 16, ""dropout"": 0.2, ""kernel"": 13, ""weight_decay"": 0.0001}",,robi
dlinear,27,18.23838158013949,"{""lookback"": 12, ""covariates"": false, ""context"": ""all"", ""epochs"": 120, ""lr"": 0.0016278369701668953, ""batch_size"": 32, ""dropout"": 0.2, ""kernel"": 5, ""weight_decay"": 0.0}",,robi
dlinear,17,18.405209696533035,"{""lookback"": 8, ""covariates"": false, ""context"": ""none"", ""epochs"": 90, ""lr"": 0.0015153197078841272, ""batch_size"": 64, ""dropout"": 0.0, ""kernel"": 25, ""weight_decay"": 0.0001}",,robi
dlinear,10,18.407406847106504,"{""lookback"": 48, ""covariates"": false, ""context"": ""none"", ""epochs"": 20, ""lr"": 0.00473709029876819, ""batch_size"": 64, ""dropout"": 0.1, ""kernel"": 13, ""weight_decay"": 0.001}",,robi
dlinear,7,18.738922118618223,"{""lookback"": 36, ""covariates"": false, ""context"": ""rain_only"", ""epochs"": 20, ""lr"": 0.0015906043868565668, ""batch_size"": 16, ""dropout"": 0.0, ""kernel"": 13, ""weight_decay"": 0.001}",,robi
dlinear,28,18.749131211606624,"{""lookback"": 12, ""covariates"": false, ""context"": ""none"", ""epochs"": 60, ""lr"": 0.008041132710693342, ""batch_size"": 16, ""dropout"": 0.1, ""kernel"": 13, ""weight_decay"": 0.0001}",,robi
dlinear,22,18.85996276835237,"{""lookback"": 8, ""covariates"": false, ""context"": ""none"", ""epochs"": 40, ""lr"": 0.000877114104189874, ""batch_size"": 64, ""dropout"": 0.1, ""kernel"": 13, ""weight_decay"": 0.0}",,robi
dlinear,9,19.093790276727216,"{""lookback"": 24, ""covariates"": true, ""context"": ""none"", ""epochs"": 40, ""lr"": 0.0008245367096287046, ""batch_size"": 16, ""dropout"": 0.2, ""kernel"": 13, ""weight_decay"": 0.0}",,robi
dlinear,6,19.352237521980484,"{""lookback"": 48, ""covariates"": true, ""context"": ""rain_only"", ""epochs"": 120, ""lr"": 0.0009404024833332966, ""batch_size"": 64, ""dropout"": 0.1, ""kernel"": 5, ""weight_decay"": 0.0001}",,robi
dlinear,11,19.411614391347047,"{""lookback"": 12, ""covariates"": true, ""context"": ""rain_only"", ""epochs"": 60, ""lr"": 0.0022041702360035714, ""batch_size"": 16, ""dropout"": 0.0, ""kernel"": 5, ""weight_decay"": 0.0}",,robi
dlinear,8,19.424171285362075,"{""lookback"": 48, ""covariates"": false, ""context"": ""all"", ""epochs"": 120, ""lr"": 0.0034957478129854108, ""batch_size"": 16, ""dropout"": 0.0, ""kernel"": 25, ""weight_decay"": 0.001}",,robi
dlinear,21,19.847811785697985,"{""lookback"": 12, ""covariates"": true, ""context"": ""none"", ""epochs"": 60, ""lr"": 0.000779313398209815, ""batch_size"": 16, ""dropout"": 0.0, ""kernel"": 13, ""weight_decay"": 0.001}",,robi
dlinear,5,19.918525910635683,"{""lookback"": 36, ""covariates"": false, ""context"": ""rain_only"", ""epochs"": 60, ""lr"": 0.0003498074693330022, ""batch_size"": 32, ""dropout"": 0.0, ""kernel"": 25, ""weight_decay"": 0.001}",,robi
dlinear,4,19.94650184525755,"{""lookback"": 8, ""covariates"": true, ""context"": ""none"", ""epochs"": 40, ""lr"": 0.00902353369029003, ""batch_size"": 32, ""dropout"": 0.2, ""kernel"": 25, ""weight_decay"": 0.001}",,robi
dlinear,14,19.98257891376433,"{""lookback"": 48, ""covariates"": false, ""context"": ""all"", ""epochs"": 60, ""lr"": 0.005980681243786213, ""batch_size"": 16, ""dropout"": 0.0, ""kernel"": 25, ""weight_decay"": 0.0}",,robi
dlinear,0,20.039022688217955,"{""lookback"": 8, ""covariates"": true, ""context"": ""rain_only"", ""epochs"": 60, ""lr"": 0.006090623834547103, ""batch_size"": 16, ""dropout"": 0.2, ""kernel"": 5, ""weight_decay"": 0.0}",,robi
dlinear,1,20.21614611993352,"{""lookback"": 24, ""covariates"": true, ""context"": ""none"", ""epochs"": 90, ""lr"": 0.004722825262766322, ""batch_size"": 32, ""dropout"": 0.0, ""kernel"": 25, ""weight_decay"": 0.0001}",,robi
dlinear,16,20.398595294556173,"{""lookback"": 48, ""covariates"": true, ""context"": ""rain_only"", ""epochs"": 60, ""lr"": 0.005209254754151384, ""batch_size"": 16, ""dropout"": 0.0, ""kernel"": 13, ""weight_decay"": 0.0}",,robi
dlinear,19,22.23407832779016,"{""lookback"": 36, ""covariates"": true, ""context"": ""rain_only"", ""epochs"": 40, ""lr"": 0.000407944849075801, ""batch_size"": 32, ""dropout"": 0.0, ""kernel"": 13, ""weight_decay"": 0.001}",,robi
dlinear,20,22.87110739840732,"{""lookback"": 12, ""covariates"": true, ""context"": ""rain_only"", ""epochs"": 90, ""lr"": 0.000762094746862932, ""batch_size"": 64, ""dropout"": 0.2, ""kernel"": 5, ""weight_decay"": 0.001}",,robi
dlinear,25,23.035862569539542,"{""lookback"": 8, ""covariates"": false, ""context"": ""all"", ""epochs"": 40, ""lr"": 0.0004979824873677988, ""batch_size"": 64, ""dropout"": 0.0, ""kernel"": 5, ""weight_decay"": 0.0001}",,robi
dlinear,3,24.504494624244085,"{""lookback"": 24, ""covariates"": false, ""context"": ""all"", ""epochs"": 60, ""lr"": 0.0003752383327282697, ""batch_size"": 64, ""dropout"": 0.2, ""kernel"": 5, ""weight_decay"": 0.0001}",,robi
dlinear,13,25.88923221556662,"{""lookback"": 24, ""covariates"": true, ""context"": ""all"", ""epochs"": 60, ""lr"": 0.0008709643895065476, ""batch_size"": 32, ""dropout"": 0.0, ""kernel"": 13, ""weight_decay"": 0.0001}",,robi
dlinear,24,26.52826047285056,"{""lookback"": 8, ""covariates"": true, ""context"": ""all"", ""epochs"": 90, ""lr"": 0.00040338497375612463, ""batch_size"": 64, ""dropout"": 0.1, ""kernel"": 25, ""weight_decay"": 0.0}",,robi
dlinear,23,31.289526472382686,"{""lookback"": 24, ""covariates"": true, ""context"": ""all"", ""epochs"": 90, ""lr"": 0.003739177642980758, ""batch_size"": 32, ""dropout"": 0.1, ""kernel"": 5, ""weight_decay"": 0.0001}",,robi
gru_cov,19,15.779677578770462,"{""lookback"": 48, ""covariates"": false, ""context"": ""rain_only"", ""epochs"": 90, ""lr"": 0.002115503167645315, ""batch_size"": 32, ""dropout"": 0.2}",,robi
gru_cov,2,15.888979785589262,"{""lookback"": 24, ""covariates"": false, ""context"": ""none"", ""epochs"": 60, ""lr"": 0.001101036419609077, ""batch_size"": 16, ""dropout"": 0.2}",,robi
gru_cov,15,15.964152746574364,"{""lookback"": 24, ""covariates"": true, ""context"": ""rain_only"", ""epochs"": 60, ""lr"": 0.0021772450274178527, ""batch_size"": 16, ""dropout"": 0.2}",,robi
gru_cov,14,15.996650946216633,"{""lookback"": 24, ""covariates"": false, ""context"": ""rain_only"", ""epochs"": 60, ""lr"": 0.0004897958846904056, ""batch_size"": 16, ""dropout"": 0.0}",,robi
gru_cov,17,16.12269191557714,"{""lookback"": 36, ""covariates"": false, ""context"": ""rain_only"", ""epochs"": 60, ""lr"": 0.0006366601863260838, ""batch_size"": 16, ""dropout"": 0.1}",,robi
gru_cov,11,16.181566560149893,"{""lookback"": 36, ""covariates"": true, ""context"": ""rain_only"", ""epochs"": 120, ""lr"": 0.001167357404587288, ""batch_size"": 64, ""dropout"": 0.0}",,robi
gru_cov,7,16.583465006222273,"{""lookback"": 24, ""covariates"": false, ""context"": ""none"", ""epochs"": 90, ""lr"": 0.004086050334527402, ""batch_size"": 32, ""dropout"": 0.2}",,robi
gru_cov,8,16.586908698768166,"{""lookback"": 24, ""covariates"": false, ""context"": ""none"", ""epochs"": 40, ""lr"": 0.0015566745292900604, ""batch_size"": 64, ""dropout"": 0.0}",,robi
gru_cov,9,16.590016856826015,"{""lookback"": 24, ""covariates"": false, ""context"": ""none"", ""epochs"": 60, ""lr"": 0.0006647780626301326, ""batch_size"": 32, ""dropout"": 0.2}",,robi
gru_cov,28,16.611883033945286,"{""lookback"": 36, ""covariates"": false, ""context"": ""none"", ""epochs"": 60, ""lr"": 0.0005576025723578591, ""batch_size"": 32, ""dropout"": 0.2}",,robi
gru_cov,22,16.706302301087884,"{""lookback"": 36, ""covariates"": false, ""context"": ""none"", ""epochs"": 60, ""lr"": 0.0005117691688462442, ""batch_size"": 32, ""dropout"": 0.2}",,robi
gru_cov,3,17.00721717820081,"{""lookback"": 36, ""covariates"": true, ""context"": ""rain_only"", ""epochs"": 120, ""lr"": 0.0014203236332087487, ""batch_size"": 32, ""dropout"": 0.0}",,robi
gru_cov,16,17.44419872504398,"{""lookback"": 24, ""covariates"": true, ""context"": ""rain_only"", ""epochs"": 60, ""lr"": 0.002131699356155855, ""batch_size"": 64, ""dropout"": 0.0}",,robi
gru_cov,25,17.485593230816892,"{""lookback"": 12, ""covariates"": true, ""context"": ""rain_only"", ""epochs"": 90, ""lr"": 0.000762094746862932, ""batch_size"": 64, ""dropout"": 0.2}",,robi
gru_cov,26,17.551751680359356,"{""lookback"": 12, ""covariates"": true, ""context"": ""all"", ""epochs"": 90, ""lr"": 0.0014502548792349637, ""batch_size"": 64, ""dropout"": 0.0}",,robi
gru_cov,5,17.594397346986923,"{""lookback"": 8, ""covariates"": true, ""context"": ""none"", ""epochs"": 40, ""lr"": 0.00902353369029003, ""batch_size"": 32, ""dropout"": 0.2}",,robi
gru_cov,23,17.837787669050694,"{""lookback"": 24, ""covariates"": false, ""context"": ""all"", ""epochs"": 40, ""lr"": 0.0008635502350628375, ""batch_size"": 64, ""dropout"": 0.1}",,robi
gru_cov,27,17.84807198989453,"{""lookback"": 8, ""covariates"": false, ""context"": ""rain_only"", ""epochs"": 120, ""lr"": 0.0014832463186443675, ""batch_size"": 64, ""dropout"": 0.0}",,robi
gru_cov,21,17.91122045263224,"{""lookback"": 12, ""covariates"": false, ""context"": ""all"", ""epochs"": 20, ""lr"": 0.003777347641562237, ""batch_size"": 64, ""dropout"": 0.1}",,robi
gru_cov,1,17.927834719536147,"{""lookback"": 12, ""covariates"": false, ""context"": ""rain_only"", ""epochs"": 120, ""lr"": 0.004327576253748584, ""batch_size"": 64, ""dropout"": 0.2}",,robi
gru_cov,4,17.96201757941747,"{""lookback"": 8, ""covariates"": true, ""context"": ""none"", ""epochs"": 20, ""lr"": 0.005463905449709552, ""batch_size"": 16, ""dropout"": 0.1}",,robi
gru_cov,29,17.994371430000662,"{""lookback"": 8, ""covariates"": true, ""context"": ""rain_only"", ""epochs"": 90, ""lr"": 0.001365043718971339, ""batch_size"": 16, ""dropout"": 0.1}",,robi
gru_cov,6,18.19003504164377,"{""lookback"": 36, ""covariates"": true, ""context"": ""none"", ""epochs"": 20, ""lr"": 0.0015412771904202464, ""batch_size"": 32, ""dropout"": 0.0}",,robi
gru_cov,13,18.90889087660155,"{""lookback"": 36, ""covariates"": true, ""context"": ""none"", ""epochs"": 90, ""lr"": 0.003556334654410625, ""batch_size"": 16, ""dropout"": 0.2}",,robi
gru_cov,0,19.13102217548944,"{""lookback"": 8, ""covariates"": true, ""context"": ""rain_only"", ""epochs"": 60, ""lr"": 0.006090623834547103, ""batch_size"": 16, ""dropout"": 0.2}",,robi
gru_cov,20,19.879016726148944,"{""lookback"": 48, ""covariates"": true, ""context"": ""rain_only"", ""epochs"": 60, ""lr"": 0.005209254754151384, ""batch_size"": 16, ""dropout"": 0.0}",,robi
gru_cov,12,20.39513782624923,"{""lookback"": 12, ""covariates"": true, ""context"": ""rain_only"", ""epochs"": 20, ""lr"": 0.0006047240031389557, ""batch_size"": 64, ""dropout"": 0.0}",,robi
gru_cov,10,20.5538264105959,"{""lookback"": 48, ""covariates"": false, ""context"": ""all"", ""epochs"": 120, ""lr"": 0.0034957478129854108, ""batch_size"": 16, ""dropout"": 0.0}",,robi
gru_cov,18,21.637789418874508,"{""lookback"": 48, ""covariates"": true, ""context"": ""all"", ""epochs"": 40, ""lr"": 0.00036805206677463704, ""batch_size"": 64, ""dropout"": 0.0}",,robi
gru_cov,24,22.62032097603634,"{""lookback"": 36, ""covariates"": false, ""context"": ""none"", ""epochs"": 20, ""lr"": 0.0004537638927164481, ""batch_size"": 32, ""dropout"": 0.2}",,robi
lstm_cov,19,15.642662246227426,"{""lookback"": 48, ""covariates"": false, ""context"": ""rain_only"", ""epochs"": 90, ""lr"": 0.002115503167645315, ""batch_size"": 32, ""dropout"": 0.2}",,robi
lstm_cov,2,15.740008105900216,"{""lookback"": 24, ""covariates"": false, ""context"": ""none"", ""epochs"": 60, ""lr"": 0.001101036419609077, ""batch_size"": 16, ""dropout"": 0.2}",,robi
lstm_cov,28,15.88854865599204,"{""lookback"": 36, ""covariates"": false, ""context"": ""none"", ""epochs"": 60, ""lr"": 0.0005576025723578591, ""batch_size"": 32, ""dropout"": 0.2}",,robi
lstm_cov,22,15.9708542577797,"{""lookback"": 36, ""covariates"": false, ""context"": ""none"", ""epochs"": 60, ""lr"": 0.0005117691688462442, ""batch_size"": 32, ""dropout"": 0.2}",,robi
lstm_cov,15,16.137663912273357,"{""lookback"": 24, ""covariates"": true, ""context"": ""rain_only"", ""epochs"": 60, ""lr"": 0.0021772450274178527, ""batch_size"": 16, ""dropout"": 0.2}",,robi
lstm_cov,14,16.18936656237963,"{""lookback"": 24, ""covariates"": false, ""context"": ""rain_only"", ""epochs"": 60, ""lr"": 0.0004897958846904056, ""batch_size"": 16, ""dropout"": 0.0}",,robi
lstm_cov,9,16.31736155953121,"{""lookback"": 24, ""covariates"": false, ""context"": ""none"", ""epochs"": 60, ""lr"": 0.0006647780626301326, ""batch_size"": 32, ""dropout"": 0.2}",,robi
lstm_cov,8,16.437546251867342,"{""lookback"": 24, ""covariates"": false, ""context"": ""none"", ""epochs"": 40, ""lr"": 0.0015566745292900604, ""batch_size"": 64, ""dropout"": 0.0}",,robi
lstm_cov,17,16.512215790054437,"{""lookback"": 36, ""covariates"": false, ""context"": ""rain_only"", ""epochs"": 60, ""lr"": 0.0006366601863260838, ""batch_size"": 16, ""dropout"": 0.1}",,robi
lstm_cov,7,16.512414239411058,"{""lookback"": 24, ""covariates"": false, ""context"": ""none"", ""epochs"": 90, ""lr"": 0.004086050334527402, ""batch_size"": 32, ""dropout"": 0.2}",,robi
lstm_cov,11,16.517887722753823,"{""lookback"": 36, ""covariates"": true, ""context"": ""rain_only"", ""epochs"": 120, ""lr"": 0.001167357404587288, ""batch_size"": 64, ""dropout"": 0.0}",,robi
lstm_cov,3,17.023454957847473,"{""lookback"": 36, ""covariates"": true, ""context"": ""rain_only"", ""epochs"": 120, ""lr"": 0.0014203236332087487, ""batch_size"": 32, ""dropout"": 0.0}",,robi
lstm_cov,21,17.116434357877825,"{""lookback"": 12, ""covariates"": false, ""context"": ""all"", ""epochs"": 20, ""lr"": 0.003777347641562237, ""batch_size"": 64, ""dropout"": 0.1}",,robi
lstm_cov,1,17.429984218692596,"{""lookback"": 12, ""covariates"": false, ""context"": ""rain_only"", ""epochs"": 120, ""lr"": 0.004327576253748584, ""batch_size"": 64, ""dropout"": 0.2}",,robi
lstm_cov,16,17.516732637535664,"{""lookback"": 24, ""covariates"": true, ""context"": ""rain_only"", ""epochs"": 60, ""lr"": 0.002131699356155855, ""batch_size"": 64, ""dropout"": 0.0}",,robi
lstm_cov,27,17.535553013487775,"{""lookback"": 8, ""covariates"": false, ""context"": ""rain_only"", ""epochs"": 120, ""lr"": 0.0014832463186443675, ""batch_size"": 64, ""dropout"": 0.0}",,robi
lstm_cov,29,17.541569649600344,"{""lookback"": 8, ""covariates"": true, ""context"": ""rain_only"", ""epochs"": 90, ""lr"": 0.001365043718971339, ""batch_size"": 16, ""dropout"": 0.1}",,robi
lstm_cov,5,17.580207278418005,"{""lookback"": 8, ""covariates"": true, ""context"": ""none"", ""epochs"": 40, ""lr"": 0.00902353369029003, ""batch_size"": 32, ""dropout"": 0.2}",,robi
lstm_cov,23,17.602643690826927,"{""lookback"": 24, ""covariates"": false, ""context"": ""all"", ""epochs"": 40, ""lr"": 0.0008635502350628375, ""batch_size"": 64, ""dropout"": 0.1}",,robi
lstm_cov,4,18.16448576682286,"{""lookback"": 8, ""covariates"": true, ""context"": ""none"", ""epochs"": 20, ""lr"": 0.005463905449709552, ""batch_size"": 16, ""dropout"": 0.1}",,robi
lstm_cov,26,18.775326784953226,"{""lookback"": 12, ""covariates"": true, ""context"": ""all"", ""epochs"": 90, ""lr"": 0.0014502548792349637, ""batch_size"": 64, ""dropout"": 0.0}",,robi
lstm_cov,0,18.792415505489146,"{""lookback"": 8, ""covariates"": true, ""context"": ""rain_only"", ""epochs"": 60, ""lr"": 0.006090623834547103, ""batch_size"": 16, ""dropout"": 0.2}",,robi
lstm_cov,13,18.80670063775737,"{""lookback"": 36, ""covariates"": true, ""context"": ""none"", ""epochs"": 90, ""lr"": 0.003556334654410625, ""batch_size"": 16, ""dropout"": 0.2}",,robi
lstm_cov,25,19.05004861217936,"{""lookback"": 12, ""covariates"": true, ""context"": ""rain_only"", ""epochs"": 90, ""lr"": 0.000762094746862932, ""batch_size"": 64, ""dropout"": 0.2}",,robi
lstm_cov,20,19.07817523781384,"{""lookback"": 48, ""covariates"": true, ""context"": ""rain_only"", ""epochs"": 60, ""lr"": 0.005209254754151384, ""batch_size"": 16, ""dropout"": 0.0}",,robi
lstm_cov,6,20.00517508130903,"{""lookback"": 36, ""covariates"": true, ""context"": ""none"", ""epochs"": 20, ""lr"": 0.0015412771904202464, ""batch_size"": 32, ""dropout"": 0.0}",,robi
lstm_cov,18,20.721617877145263,"{""lookback"": 48, ""covariates"": true, ""context"": ""all"", ""epochs"": 40, ""lr"": 0.00036805206677463704, ""batch_size"": 64, ""dropout"": 0.0}",,robi
lstm_cov,10,21.245427240638325,"{""lookback"": 48, ""covariates"": false, ""context"": ""all"", ""epochs"": 120, ""lr"": 0.0034957478129854108, ""batch_size"": 16, ""dropout"": 0.0}",,robi
lstm_cov,24,22.888543209491115,"{""lookback"": 36, ""covariates"": false, ""context"": ""none"", ""epochs"": 20, ""lr"": 0.0004537638927164481, ""batch_size"": 32, ""dropout"": 0.2}",,robi
lstm_cov,12,24.16848595502329,"{""lookback"": 12, ""covariates"": true, ""context"": ""rain_only"", ""epochs"": 20, ""lr"": 0.0006047240031389557, ""batch_size"": 64, ""dropout"": 0.0}",,robi
nbeats,24,16.59223555843509,"{""lookback"": 8, ""context"": ""rain_only"", ""epochs"": 20, ""lr"": 0.00040338497375612463, ""batch_size"": 32, ""dropout"": 0.2, ""width"": 64, ""n_blocks"": 4, ""block_layers"": 2, ""covariates"": false}",,robi
nbeats,27,16.94104172635797,"{""lookback"": 12, ""context"": ""all"", ""epochs"": 20, ""lr"": 0.0016278369701668953, ""batch_size"": 64, ""dropout"": 0.1, ""width"": 128, ""n_blocks"": 2, ""block_layers"": 2, ""covariates"": false}",,robi
nbeats,5,17.200422870994927,"{""lookback"": 36, ""context"": ""all"", ""epochs"": 40, ""lr"": 0.0003498074693330022, ""batch_size"": 32, ""dropout"": 0.1, ""width"": 32, ""n_blocks"": 4, ""block_layers"": 4, ""covariates"": false}",,robi
nbeats,25,17.282361195544365,"{""lookback"": 8, ""context"": ""rain_only"", ""epochs"": 20, ""lr"": 0.0004979824873677988, ""batch_size"": 16, ""dropout"": 0.2, ""width"": 32, ""n_blocks"": 2, ""block_layers"": 3, ""covariates"": false}",,robi
nbeats,13,17.439899759033825,"{""lookback"": 24, ""context"": ""rain_only"", ""epochs"": 20, ""lr"": 0.0008709643895065476, ""batch_size"": 32, ""dropout"": 0.1, ""width"": 32, ""n_blocks"": 3, ""block_layers"": 3, ""covariates"": false}",,robi
nbeats,21,17.56263795028659,"{""lookback"": 12, ""context"": ""none"", ""epochs"": 90, ""lr"": 0.000779313398209815, ""batch_size"": 32, ""dropout"": 0.0, ""width"": 32, ""n_blocks"": 3, ""block_layers"": 4, ""covariates"": false}",,robi
nbeats,17,17.572101242295968,"{""lookback"": 8, ""context"": ""all"", ""epochs"": 90, ""lr"": 0.0015153197078841272, ""batch_size"": 64, ""dropout"": 0.2, ""width"": 32, ""n_blocks"": 4, ""block_layers"": 3, ""covariates"": false}",,robi
nbeats,3,17.594064007189466,"{""lookback"": 24, ""context"": ""all"", ""epochs"": 20, ""lr"": 0.0003752383327282697, ""batch_size"": 32, ""dropout"": 0.2, ""width"": 128, ""n_blocks"": 2, ""block_layers"": 3, ""covariates"": false}",,robi
nbeats,20,18.045459011867138,"{""lookback"": 12, ""context"": ""none"", ""epochs"": 60, ""lr"": 0.000762094746862932, ""batch_size"": 64, ""dropout"": 0.2, ""width"": 128, ""n_blocks"": 2, ""block_layers"": 4, ""covariates"": false}",,robi
nbeats,6,18.10454459490972,"{""lookback"": 48, ""context"": ""none"", ""epochs"": 40, ""lr"": 0.0009404024833332966, ""batch_size"": 64, ""dropout"": 0.2, ""width"": 64, ""n_blocks"": 2, ""block_layers"": 3, ""covariates"": false}",,robi
nbeats,8,18.247126974930683,"{""lookback"": 48, ""context"": ""rain_only"", ""epochs"": 20, ""lr"": 0.0034957478129854108, ""batch_size"": 64, ""dropout"": 0.0, ""width"": 32, ""n_blocks"": 4, ""block_layers"": 4, ""covariates"": false}",,robi
nbeats,9,18.25493425733453,"{""lookback"": 24, ""context"": ""none"", ""epochs"": 120, ""lr"": 0.0008245367096287046, ""batch_size"": 32, ""dropout"": 0.0, ""width"": 128, ""n_blocks"": 3, ""block_layers"": 2, ""covariates"": false}",,robi
nbeats,11,18.276527683080246,"{""lookback"": 12, ""context"": ""none"", ""epochs"": 60, ""lr"": 0.0022041702360035714, ""batch_size"": 32, ""dropout"": 0.0, ""width"": 32, ""n_blocks"": 2, ""block_layers"": 2, ""covariates"": false}",,robi
nbeats,28,18.515724583097093,"{""lookback"": 12, ""context"": ""rain_only"", ""epochs"": 90, ""lr"": 0.008041132710693342, ""batch_size"": 32, ""dropout"": 0.0, ""width"": 64, ""n_blocks"": 3, ""block_layers"": 3, ""covariates"": false}",,robi
nbeats,4,18.583028739252075,"{""lookback"": 8, ""context"": ""none"", ""epochs"": 90, ""lr"": 0.00902353369029003, ""batch_size"": 32, ""dropout"": 0.1, ""width"": 128, ""n_blocks"": 4, ""block_layers"": 4, ""covariates"": false}",,robi
nbeats,12,18.59725739107171,"{""lookback"": 24, ""context"": ""none"", ""epochs"": 90, ""lr"": 0.0021772450274178527, ""batch_size"": 32, ""dropout"": 0.0, ""width"": 128, ""n_blocks"": 3, ""block_layers"": 3, ""covariates"": false}",,robi
nbeats,23,18.67191211186893,"{""lookback"": 24, ""context"": ""none"", ""epochs"": 20, ""lr"": 0.003739177642980758, ""batch_size"": 64, ""dropout"": 0.1, ""width"": 64, ""n_blocks"": 2, ""block_layers"": 3, ""covariates"": false}",,robi
nbeats,29,18.7154105122367,"{""lookback"": 48, ""context"": ""all"", ""epochs"": 120, ""lr"": 0.0018622680385912665, ""batch_size"": 16, ""dropout"": 0.2, ""width"": 64, ""n_blocks"": 2, ""block_layers"": 2, ""covariates"": false}",,robi
nbeats,2,18.78209143308346,"{""lookback"": 24, ""context"": ""rain_only"", ""epochs"": 20, ""lr"": 0.002868466359123466, ""batch_size"": 64, ""dropout"": 0.1, ""width"": 128, ""n_blocks"": 3, ""block_layers"": 3, ""covariates"": false}",,robi
nbeats,22,19.068183281200582,"{""lookback"": 8, ""context"": ""rain_only"", ""epochs"": 90, ""lr"": 0.000877114104189874, ""batch_size"": 16, ""dropout"": 0.2, ""width"": 64, ""n_blocks"": 3, ""block_layers"": 2, ""covariates"": false}",,robi
nbeats,15,19.23575067131896,"{""lookback"": 48, ""context"": ""all"", ""epochs"": 120, ""lr"": 0.0030559049795942806, ""batch_size"": 16, ""dropout"": 0.0, ""width"": 64, ""n_blocks"": 3, ""block_layers"": 4, ""covariates"": false}",,robi
nbeats,18,19.276435109403163,"{""lookback"": 48, ""context"": ""all"", ""epochs"": 60, ""lr"": 0.0014340462688275891, ""batch_size"": 64, ""dropout"": 0.0, ""width"": 64, ""n_blocks"": 2, ""block_layers"": 2, ""covariates"": false}",,robi
nbeats,0,19.50736754604142,"{""lookback"": 8, ""context"": ""none"", ""epochs"": 90, ""lr"": 0.006090623834547103, ""batch_size"": 32, ""dropout"": 0.0, ""width"": 128, ""n_blocks"": 2, ""block_layers"": 2, ""covariates"": false}",,robi
nbeats,19,19.743542614482774,"{""lookback"": 36, ""context"": ""rain_only"", ""epochs"": 90, ""lr"": 0.000407944849075801, ""batch_size"": 32, ""dropout"": 0.1, ""width"": 32, ""n_blocks"": 3, ""block_layers"": 4, ""covariates"": false}",,robi
nbeats,1,20.044621665143,"{""lookback"": 24, ""context"": ""none"", ""epochs"": 90, ""lr"": 0.004722825262766322, ""batch_size"": 64, ""dropout"": 0.1, ""width"": 32, ""n_blocks"": 4, ""block_layers"": 3, ""covariates"": false}",,robi
nbeats,16,20.79244220021993,"{""lookback"": 48, ""context"": ""rain_only"", ""epochs"": 60, ""lr"": 0.005209254754151384, ""batch_size"": 32, ""dropout"": 0.0, ""width"": 32, ""n_blocks"": 3, ""block_layers"": 2, ""covariates"": false}",,robi
nbeats,14,20.87399797348482,"{""lookback"": 48, ""context"": ""all"", ""epochs"": 40, ""lr"": 0.005980681243786213, ""batch_size"": 32, ""dropout"": 0.0, ""width"": 32, ""n_blocks"": 4, ""block_layers"": 2, ""covariates"": false}",,robi
nbeats,10,21.38095432632136,"{""lookback"": 48, ""context"": ""all"", ""epochs"": 120, ""lr"": 0.00473709029876819, ""batch_size"": 16, ""dropout"": 0.2, ""width"": 64, ""n_blocks"": 3, ""block_layers"": 4, ""covariates"": false}",,robi
nbeats,7,21.386454625565182,"{""lookback"": 36, ""context"": ""all"", ""epochs"": 60, ""lr"": 0.0015906043868565668, ""batch_size"": 16, ""dropout"": 0.0, ""width"": 32, ""n_blocks"": 3, ""block_layers"": 4, ""covariates"": false}",,robi
nbeats,26,21.90315206407989,"{""lookback"": 36, ""context"": ""all"", ""epochs"": 40, ""lr"": 0.0023014784572347575, ""batch_size"": 64, ""dropout"": 0.1, ""width"": 64, ""n_blocks"": 3, ""block_layers"": 3, ""covariates"": false}",,robi
nbeatsx,21,15.970173975608953,"{""lookback"": 8, ""covariates"": false, ""context"": ""rain_only"", ""epochs"": 20, ""lr"": 0.0004311133151502874, ""batch_size"": 16, ""dropout"": 0.1, ""width"": 128, ""n_blocks"": 2, ""block_layers"": 2, ""exog_dim"": 32}",,robi
nbeatsx,11,16.390971546980982,"{""lookback"": 8, ""covariates"": true, ""context"": ""none"", ""epochs"": 40, ""lr"": 0.00033423588821499087, ""batch_size"": 32, ""dropout"": 0.1, ""width"": 128, ""n_blocks"": 2, ""block_layers"": 2, ""exog_dim"": 16}",,robi
nbeatsx,29,16.71432179738085,"{""lookback"": 8, ""covariates"": false, ""context"": ""rain_only"", ""epochs"": 20, ""lr"": 0.001379498776181559, ""batch_size"": 64, ""dropout"": 0.2, ""width"": 32, ""n_blocks"": 4, ""block_layers"": 2, ""exog_dim"": 32}",,robi
nbeatsx,8,17.089589074505486,"{""lookback"": 12, ""covariates"": true, ""context"": ""rain_only"", ""epochs"": 20, ""lr"": 0.0006047240031389557, ""batch_size"": 64, ""dropout"": 0.0, ""width"": 128, ""n_blocks"": 4, ""block_layers"": 4, ""exog_dim"": 16}",,robi
nbeatsx,16,17.222357818815222,"{""lookback"": 36, ""covariates"": false, ""context"": ""none"", ""epochs"": 20, ""lr"": 0.0004537638927164481, ""batch_size"": 32, ""dropout"": 0.2, ""width"": 64, ""n_blocks"": 4, ""block_layers"": 3, ""exog_dim"": 32}",,robi
nbeatsx,20,17.805204122933997,"{""lookback"": 8, ""covariates"": true, ""context"": ""all"", ""epochs"": 90, ""lr"": 0.00040338497375612463, ""batch_size"": 64, ""dropout"": 0.1, ""width"": 128, ""n_blocks"": 2, ""block_layers"": 2, ""exog_dim"": 16}",,robi
nbeatsx,10,18.35716614588837,"{""lookback"": 24, ""covariates"": true, ""context"": ""rain_only"", ""epochs"": 60, ""lr"": 0.0021772450274178527, ""batch_size"": 16, ""dropout"": 0.2, ""width"": 64, ""n_blocks"": 3, ""block_layers"": 3, ""exog_dim"": 16}",,robi
nbeatsx,12,18.48618090393006,"{""lookback"": 48, ""covariates"": true, ""context"": ""all"", ""epochs"": 40, ""lr"": 0.00036805206677463704, ""batch_size"": 64, ""dropout"": 0.0, ""width"": 128, ""n_blocks"": 2, ""block_layers"": 3, ""exog_dim"": 16}",,robi
nbeatsx,28,18.874245746798,"{""lookback"": 48, ""covariates"": false, ""context"": ""all"", ""epochs"": 120, ""lr"": 0.0008320584722161445, ""batch_size"": 32, ""dropout"": 0.1, ""width"": 128, ""n_blocks"": 2, ""block_layers"": 4, ""exog_dim"": 32}",,robi
nbeatsx,6,19.046554802228425,"{""lookback"": 24, ""covariates"": false, ""context"": ""none"", ""epochs"": 60, ""lr"": 0.0006647780626301326, ""batch_size"": 32, ""dropout"": 0.2, ""width"": 128, ""n_blocks"": 3, ""block_layers"": 2, ""exog_dim"": 32}",,robi
nbeatsx,13,19.35897328280737,"{""lookback"": 8, ""covariates"": true, ""context"": ""rain_only"", ""epochs"": 90, ""lr"": 0.003081699057109436, ""batch_size"": 32, ""dropout"": 0.1, ""width"": 64, ""n_blocks"": 4, ""block_layers"": 2, ""exog_dim"": 8}",,robi
nbeatsx,18,19.440602360723734,"{""lookback"": 8, ""covariates"": false, ""context"": ""rain_only"", ""epochs"": 120, ""lr"": 0.0014832463186443675, ""batch_size"": 64, ""dropout"": 0.0, ""width"": 128, ""n_blocks"": 2, ""block_layers"": 4, ""exog_dim"": 16}",,robi
nbeatsx,24,19.60749481363461,"{""lookback"": 24, ""covariates"": false, ""context"": ""none"", ""epochs"": 40, ""lr"": 0.0009595345861332414, ""batch_size"": 32, ""dropout"": 0.1, ""width"": 128, ""n_blocks"": 3, ""block_layers"": 2, ""exog_dim"": 8}",,robi
nbeatsx,1,19.74570898754392,"{""lookback"": 36, ""covariates"": true, ""context"": ""none"", ""epochs"": 90, ""lr"": 0.0004701352151179019, ""batch_size"": 64, ""dropout"": 0.1, ""width"": 64, ""n_blocks"": 3, ""block_layers"": 2, ""exog_dim"": 32}",,robi
nbeatsx,15,19.7696104219912,"{""lookback"": 48, ""covariates"": false, ""context"": ""rain_only"", ""epochs"": 90, ""lr"": 0.0014340462688275891, ""batch_size"": 16, ""dropout"": 0.1, ""width"": 32, ""n_blocks"": 2, ""block_layers"": 4, ""exog_dim"": 16}",,robi
nbeatsx,14,19.993118179504,"{""lookback"": 12, ""covariates"": false, ""context"": ""all"", ""epochs"": 20, ""lr"": 0.003777347641562237, ""batch_size"": 64, ""dropout"": 0.1, ""width"": 128, ""n_blocks"": 2, ""block_layers"": 4, ""exog_dim"": 16}",,robi
nbeatsx,23,20.179509675530117,"{""lookback"": 24, ""covariates"": true, ""context"": ""all"", ""epochs"": 20, ""lr"": 0.0016528859306246743, ""batch_size"": 64, ""dropout"": 0.1, ""width"": 64, ""n_blocks"": 4, ""block_layers"": 2, ""exog_dim"": 16}",,robi
nbeatsx,3,20.30841351926119,"{""lookback"": 48, ""covariates"": true, ""context"": ""all"", ""epochs"": 90, ""lr"": 0.004281509984674212, ""batch_size"": 64, ""dropout"": 0.1, ""width"": 32, ""n_blocks"": 4, ""block_layers"": 3, ""exog_dim"": 32}",,robi
nbeatsx,7,20.424031060170623,"{""lookback"": 36, ""covariates"": true, ""context"": ""all"", ""epochs"": 40, ""lr"": 0.005553311268916368, ""batch_size"": 32, ""dropout"": 0.2, ""width"": 128, ""n_blocks"": 3, ""block_layers"": 4, ""exog_dim"": 8}",,robi
nbeatsx,19,20.46663489758847,"{""lookback"": 24, ""covariates"": false, ""context"": ""rain_only"", ""epochs"": 120, ""lr"": 0.004287997510905307, ""batch_size"": 32, ""dropout"": 0.2, ""width"": 64, ""n_blocks"": 3, ""block_layers"": 2, ""exog_dim"": 16}",,robi
nbeatsx,27,20.486695274799114,"{""lookback"": 48, ""covariates"": false, ""context"": ""all"", ""epochs"": 20, ""lr"": 0.002099395621593974, ""batch_size"": 32, ""dropout"": 0.1, ""width"": 32, ""n_blocks"": 4, ""block_layers"": 3, ""exog_dim"": 32}",,robi
nbeatsx,0,20.974469982241743,"{""lookback"": 8, ""covariates"": true, ""context"": ""rain_only"", ""epochs"": 60, ""lr"": 0.006090623834547103, ""batch_size"": 16, ""dropout"": 0.2, ""width"": 32, ""n_blocks"": 2, ""block_layers"": 3, ""exog_dim"": 32}",,robi
nbeatsx,25,21.01955825139207,"{""lookback"": 12, ""covariates"": true, ""context"": ""all"", ""epochs"": 120, ""lr"": 0.0004905729654723617, ""batch_size"": 16, ""dropout"": 0.1, ""width"": 32, ""n_blocks"": 2, ""block_layers"": 3, ""exog_dim"": 32}",,robi
nbeatsx,22,21.121381746268355,"{""lookback"": 48, ""covariates"": true, ""context"": ""rain_only"", ""epochs"": 40, ""lr"": 0.00238239570222417, ""batch_size"": 16, ""dropout"": 0.0, ""width"": 32, ""n_blocks"": 4, ""block_layers"": 3, ""exog_dim"": 16}",,robi
nbeatsx,2,21.32197164506492,"{""lookback"": 36, ""covariates"": true, ""context"": ""rain_only"", ""epochs"": 120, ""lr"": 0.0014203236332087487, ""batch_size"": 32, ""dropout"": 0.0, ""width"": 32, ""n_blocks"": 3, ""block_layers"": 4, ""exog_dim"": 8}",,robi
nbeatsx,4,21.43627061765349,"{""lookback"": 36, ""covariates"": true, ""context"": ""none"", ""epochs"": 20, ""lr"": 0.0015412771904202464, ""batch_size"": 32, ""dropout"": 0.0, ""width"": 64, ""n_blocks"": 2, ""block_layers"": 4, ""exog_dim"": 32}",,robi
nbeatsx,17,21.64721812992488,"{""lookback"": 24, ""covariates"": false, ""context"": ""none"", ""epochs"": 120, ""lr"": 0.00460324885956891, ""batch_size"": 16, ""dropout"": 0.2, ""width"": 128, ""n_blocks"": 3, ""block_layers"": 4, ""exog_dim"": 8}",,robi
nbeatsx,9,22.42512260530346,"{""lookback"": 24, ""covariates"": true, ""context"": ""all"", ""epochs"": 90, ""lr"": 0.0014996652740795894, ""batch_size"": 32, ""dropout"": 0.1, ""width"": 32, ""n_blocks"": 2, ""block_layers"": 2, ""exog_dim"": 8}",,robi
nbeatsx,5,22.72935871635997,"{""lookback"": 48, ""covariates"": true, ""context"": ""rain_only"", ""epochs"": 120, ""lr"": 0.0009404024833332966, ""batch_size"": 64, ""dropout"": 0.1, ""width"": 32, ""n_blocks"": 3, ""block_layers"": 4, ""exog_dim"": 8}",,robi
nbeatsx,26,22.901206755466895,"{""lookback"": 8, ""covariates"": false, ""context"": ""all"", ""epochs"": 90, ""lr"": 0.003839245648931148, ""batch_size"": 64, ""dropout"": 0.2, ""width"": 32, ""n_blocks"": 2, ""block_layers"": 3, ""exog_dim"": 32}",,robi
nlinear,2,16.57797647345011,"{""lookback"": 48, ""covariates"": false, ""context"": ""rain_only"", ""epochs"": 40, ""lr"": 0.007735207318226624, ""batch_size"": 64, ""dropout"": 0.1, ""weight_decay"": 0.0001}",,robi
nlinear,20,17.05594885363998,"{""lookback"": 48, ""covariates"": false, ""context"": ""rain_only"", ""epochs"": 90, ""lr"": 0.0014340462688275891, ""batch_size"": 16, ""dropout"": 0.1, ""weight_decay"": 0.0}",,robi
nlinear,23,17.131881159993963,"{""lookback"": 48, ""covariates"": false, ""context"": ""none"", ""epochs"": 40, ""lr"": 0.0014502548792349637, ""batch_size"": 64, ""dropout"": 0.2, ""weight_decay"": 0.0}",,robi
nlinear,5,17.146579524714365,"{""lookback"": 48, ""covariates"": false, ""context"": ""none"", ""epochs"": 90, ""lr"": 0.0005936526433434478, ""batch_size"": 64, ""dropout"": 0.1, ""weight_decay"": 0.0001}",,robi
nlinear,7,17.602776258978427,"{""lookback"": 48, ""covariates"": false, ""context"": ""all"", ""epochs"": 120, ""lr"": 0.0015566745292900604, ""batch_size"": 32, ""dropout"": 0.2, ""weight_decay"": 0.0}",,robi
nlinear,26,18.134228115029583,"{""lookback"": 24, ""covariates"": true, ""context"": ""rain_only"", ""epochs"": 60, ""lr"": 0.00270667776291946, ""batch_size"": 16, ""dropout"": 0.1, ""weight_decay"": 0.0}",,robi
nlinear,18,18.513176531910435,"{""lookback"": 24, ""covariates"": false, ""context"": ""rain_only"", ""epochs"": 120, ""lr"": 0.0005387667253111433, ""batch_size"": 32, ""dropout"": 0.0, ""weight_decay"": 0.0}",,robi
nlinear,3,18.550136628240868,"{""lookback"": 48, ""covariates"": true, ""context"": ""rain_only"", ""epochs"": 60, ""lr"": 0.002097425961567699, ""batch_size"": 16, ""dropout"": 0.2, ""weight_decay"": 0.0}",,robi
nlinear,24,18.60180957009278,"{""lookback"": 8, ""covariates"": false, ""context"": ""rain_only"", ""epochs"": 120, ""lr"": 0.0014832463186443675, ""batch_size"": 64, ""dropout"": 0.0, ""weight_decay"": 0.001}",,robi
nlinear,29,18.705368760567268,"{""lookback"": 8, ""covariates"": false, ""context"": ""none"", ""epochs"": 120, ""lr"": 0.0010124227776553254, ""batch_size"": 32, ""dropout"": 0.1, ""weight_decay"": 0.0001}",,robi
nlinear,10,18.766080524766533,"{""lookback"": 24, ""covariates"": true, ""context"": ""none"", ""epochs"": 40, ""lr"": 0.0008245367096287046, ""batch_size"": 16, ""dropout"": 0.2, ""weight_decay"": 0.0001}",,robi
nlinear,17,18.78401924765787,"{""lookback"": 12, ""covariates"": false, ""context"": ""rain_only"", ""epochs"": 20, ""lr"": 0.0046870887377983205, ""batch_size"": 32, ""dropout"": 0.2, ""weight_decay"": 0.0001}",,robi
nlinear,13,18.97346455291949,"{""lookback"": 8, ""covariates"": false, ""context"": ""all"", ""epochs"": 60, ""lr"": 0.0015651056312531218, ""batch_size"": 64, ""dropout"": 0.2, ""weight_decay"": 0.0001}",,robi
nlinear,9,19.54318575648672,"{""lookback"": 24, ""covariates"": false, ""context"": ""none"", ""epochs"": 90, ""lr"": 0.0008970523197638246, ""batch_size"": 64, ""dropout"": 0.2, ""weight_decay"": 0.001}",,robi
nlinear,1,19.59502531806147,"{""lookback"": 8, ""covariates"": true, ""context"": ""none"", ""epochs"": 90, ""lr"": 0.004722825262766322, ""batch_size"": 64, ""dropout"": 0.1, ""weight_decay"": 0.0}",,robi
nlinear,22,19.76165328523156,"{""lookback"": 12, ""covariates"": true, ""context"": ""rain_only"", ""epochs"": 120, ""lr"": 0.0034889149020412525, ""batch_size"": 32, ""dropout"": 0.0, ""weight_decay"": 0.001}",,robi
nlinear,14,20.033531293644646,"{""lookback"": 8, ""covariates"": true, ""context"": ""rain_only"", ""epochs"": 90, ""lr"": 0.0020900446196110392, ""batch_size"": 16, ""dropout"": 0.1, ""weight_decay"": 0.001}",,robi
nlinear,0,20.486439979064983,"{""lookback"": 8, ""covariates"": true, ""context"": ""rain_only"", ""epochs"": 60, ""lr"": 0.006090623834547103, ""batch_size"": 16, ""dropout"": 0.2, ""weight_decay"": 0.0}",,robi
nlinear,8,20.548841855805367,"{""lookback"": 24, ""covariates"": false, ""context"": ""none"", ""epochs"": 60, ""lr"": 0.0006647780626301326, ""batch_size"": 32, ""dropout"": 0.2, ""weight_decay"": 0.001}",,robi
nlinear,6,20.68764431612421,"{""lookback"": 24, ""covariates"": false, ""context"": ""rain_only"", ""epochs"": 20, ""lr"": 0.003290955331432907, ""batch_size"": 64, ""dropout"": 0.2, ""weight_decay"": 0.0001}",,robi
nlinear,21,21.1859954565215,"{""lookback"": 12, ""covariates"": true, ""context"": ""rain_only"", ""epochs"": 90, ""lr"": 0.000407944849075801, ""batch_size"": 32, ""dropout"": 0.1, ""weight_decay"": 0.0}",,robi
nlinear,19,21.30288602585033,"{""lookback"": 8, ""covariates"": true, ""context"": ""none"", ""epochs"": 90, ""lr"": 0.0005281029813063607, ""batch_size"": 32, ""dropout"": 0.2, ""weight_decay"": 0.0001}",,robi
nlinear,11,21.510018152087188,"{""lookback"": 8, ""covariates"": true, ""context"": ""all"", ""epochs"": 120, ""lr"": 0.00473709029876819, ""batch_size"": 16, ""dropout"": 0.2, ""weight_decay"": 0.0001}",,robi
nlinear,25,22.05612467060465,"{""lookback"": 12, ""covariates"": true, ""context"": ""rain_only"", ""epochs"": 60, ""lr"": 0.006048406074162639, ""batch_size"": 16, ""dropout"": 0.0, ""weight_decay"": 0.001}",,robi
nlinear,12,22.431451892700068,"{""lookback"": 24, ""covariates"": true, ""context"": ""all"", ""epochs"": 90, ""lr"": 0.0014996652740795894, ""batch_size"": 32, ""dropout"": 0.1, ""weight_decay"": 0.0}",,robi
nlinear,27,22.80932592303177,"{""lookback"": 36, ""covariates"": true, ""context"": ""all"", ""epochs"": 90, ""lr"": 0.0003471319561162857, ""batch_size"": 32, ""dropout"": 0.0, ""weight_decay"": 0.0001}",,robi
nlinear,15,23.13332726192168,"{""lookback"": 12, ""covariates"": true, ""context"": ""all"", ""epochs"": 40, ""lr"": 0.0006366601863260838, ""batch_size"": 32, ""dropout"": 0.0, ""weight_decay"": 0.0001}",,robi
nlinear,28,25.23479067331159,"{""lookback"": 8, ""covariates"": false, ""context"": ""rain_only"", ""epochs"": 20, ""lr"": 0.0004311133151502874, ""batch_size"": 16, ""dropout"": 0.1, ""weight_decay"": 0.001}",,robi
nlinear,16,77.01857541868537,"{""lookback"": 48, ""covariates"": true, ""context"": ""all"", ""epochs"": 40, ""lr"": 0.00036805206677463704, ""batch_size"": 64, ""dropout"": 0.0, ""weight_decay"": 0.001}",,robi
nlinear,4,107.94459739164508,"{""lookback"": 48, ""covariates"": true, ""context"": ""all"", ""epochs"": 90, ""lr"": 0.004281509984674212, ""batch_size"": 64, ""dropout"": 0.1, ""weight_decay"": 0.0}",,robi
random_forest,23,17.346268717046602,"{""lookback"": 36, ""covariates"": false, ""context"": ""rain_only"", ""n_estimators"": 300, ""max_depth"": null, ""min_samples_leaf"": 2, ""max_features"": 0.3}",,robi
random_forest,20,17.355831070818514,"{""lookback"": 48, ""covariates"": false, ""context"": ""all"", ""n_estimators"": 300, ""max_depth"": null, ""min_samples_leaf"": 8, ""max_features"": 0.3}",,robi
random_forest,16,17.48348716847428,"{""lookback"": 24, ""covariates"": false, ""context"": ""rain_only"", ""n_estimators"": 500, ""max_depth"": 4, ""min_samples_leaf"": 1, ""max_features"": 0.3}",,robi
random_forest,8,17.498016022264306,"{""lookback"": 24, ""covariates"": false, ""context"": ""none"", ""n_estimators"": 500, ""max_depth"": null, ""min_samples_leaf"": 4, ""max_features"": 0.5}",,robi
random_forest,10,17.604753311962053,"{""lookback"": 36, ""covariates"": false, ""context"": ""rain_only"", ""n_estimators"": 200, ""max_depth"": 20, ""min_samples_leaf"": 2, ""max_features"": 0.5}",,robi
random_forest,9,17.827999957896054,"{""lookback"": 48, ""covariates"": false, ""context"": ""all"", ""n_estimators"": 800, ""max_depth"": 8, ""min_samples_leaf"": 1, ""max_features"": 0.5}",,robi
random_forest,6,17.955764542563546,"{""lookback"": 36, ""covariates"": false, ""context"": ""all"", ""n_estimators"": 800, ""max_depth"": 12, ""min_samples_leaf"": 8, ""max_features"": 0.8}",,robi
random_forest,1,17.991658678545374,"{""lookback"": 36, ""covariates"": false, ""context"": ""all"", ""n_estimators"": 500, ""max_depth"": null, ""min_samples_leaf"": 4, ""max_features"": 1.0}",,robi
random_forest,28,18.05008670742181,"{""lookback"": 12, ""covariates"": false, ""context"": ""rain_only"", ""n_estimators"": 800, ""max_depth"": 8, ""min_samples_leaf"": 8, ""max_features"": 0.5}",,robi
random_forest,29,18.077327650041727,"{""lookback"": 36, ""covariates"": false, ""context"": ""all"", ""n_estimators"": 800, ""max_depth"": null, ""min_samples_leaf"": 2, ""max_features"": 1.0}",,robi
random_forest,4,18.187828875467776,"{""lookback"": 24, ""covariates"": false, ""context"": ""rain_only"", ""n_estimators"": 200, ""max_depth"": 4, ""min_samples_leaf"": 4, ""max_features"": 1.0}",,robi
random_forest,24,18.24735051924029,"{""lookback"": 12, ""covariates"": false, ""context"": ""all"", ""n_estimators"": 200, ""max_depth"": 20, ""min_samples_leaf"": 4, ""max_features"": 0.8}",,robi
random_forest,5,18.35435690233321,"{""lookback"": 8, ""covariates"": true, ""context"": ""none"", ""n_estimators"": 300, ""max_depth"": 20, ""min_samples_leaf"": 1, ""max_features"": 1.0}",,robi
random_forest,18,18.42161630049692,"{""lookback"": 8, ""covariates"": true, ""context"": ""rain_only"", ""n_estimators"": 500, ""max_depth"": 12, ""min_samples_leaf"": 4, ""max_features"": 0.3}",,robi
random_forest,14,18.450048579427293,"{""lookback"": 36, ""covariates"": false, ""context"": ""none"", ""n_estimators"": 200, ""max_depth"": null, ""min_samples_leaf"": 1, ""max_features"": 1.0}",,robi
random_forest,11,18.500395700656984,"{""lookback"": 12, ""covariates"": true, ""context"": ""none"", ""n_estimators"": 800, ""max_depth"": 12, ""min_samples_leaf"": 1, ""max_features"": 1.0}",,robi
random_forest,19,18.602195406347168,"{""lookback"": 24, ""covariates"": true, ""context"": ""all"", ""n_estimators"": 500, ""max_depth"": 4, ""min_samples_leaf"": 2, ""max_features"": 0.5}",,robi
random_forest,22,18.70737563265597,"{""lookback"": 24, ""covariates"": true, ""context"": ""all"", ""n_estimators"": 500, ""max_depth"": 12, ""min_samples_leaf"": 8, ""max_features"": 1.0}",,robi
random_forest,21,18.75244198177888,"{""lookback"": 12, ""covariates"": true, ""context"": ""all"", ""n_estimators"": 800, ""max_depth"": 8, ""min_samples_leaf"": 8, ""max_features"": 0.5}",,robi
random_forest,17,18.781390676207263,"{""lookback"": 8, ""covariates"": false, ""context"": ""none"", ""n_estimators"": 500, ""max_depth"": 12, ""min_samples_leaf"": 8, ""max_features"": 0.8}",,robi
random_forest,26,18.82283718574947,"{""lookback"": 24, ""covariates"": true, ""context"": ""rain_only"", ""n_estimators"": 300, ""max_depth"": 4, ""min_samples_leaf"": 2, ""max_features"": 0.3}",,robi
random_forest,0,18.82399775341516,"{""lookback"": 8, ""covariates"": true, ""context"": ""rain_only"", ""n_estimators"": 300, ""max_depth"": 12, ""min_samples_leaf"": 8, ""max_features"": 0.3}",,robi
random_forest,27,18.87966557952883,"{""lookback"": 12, ""covariates"": true, ""context"": ""rain_only"", ""n_estimators"": 500, ""max_depth"": 8, ""min_samples_leaf"": 8, ""max_features"": 0.3}",,robi
random_forest,3,18.885088256079783,"{""lookback"": 12, ""covariates"": false, ""context"": ""none"", ""n_estimators"": 800, ""max_depth"": 20, ""min_samples_leaf"": 2, ""max_features"": 1.0}",,robi
random_forest,15,18.89108439720346,"{""lookback"": 36, ""covariates"": true, ""context"": ""rain_only"", ""n_estimators"": 300, ""max_depth"": 20, ""min_samples_leaf"": 2, ""max_features"": 1.0}",,robi
random_forest,7,18.90284501731182,"{""lookback"": 36, ""covariates"": true, ""context"": ""all"", ""n_estimators"": 300, ""max_depth"": 12, ""min_samples_leaf"": 2, ""max_features"": 0.3}",,robi
random_forest,25,18.97187865687328,"{""lookback"": 24, ""covariates"": true, ""context"": ""all"", ""n_estimators"": 800, ""max_depth"": 12, ""min_samples_leaf"": 8, ""max_features"": 0.3}",,robi
random_forest,2,19.013811694094723,"{""lookback"": 36, ""covariates"": true, ""context"": ""rain_only"", ""n_estimators"": 200, ""max_depth"": null, ""min_samples_leaf"": 2, ""max_features"": 0.8}",,robi
random_forest,12,19.03708914536222,"{""lookback"": 36, ""covariates"": true, ""context"": ""all"", ""n_estimators"": 300, ""max_depth"": 20, ""min_samples_leaf"": 8, ""max_features"": 0.5}",,robi
random_forest,13,19.54907801761748,"{""lookback"": 48, ""covariates"": true, ""context"": ""rain_only"", ""n_estimators"": 800, ""max_depth"": 8, ""min_samples_leaf"": 1, ""max_features"": 0.8}",,robi
ridge,17,16.16541157248447,"{""lookback"": 48, ""covariates"": false, ""context"": ""all"", ""alpha"": 98.52780515323208}",,robi
ridge,20,16.1754235533193,"{""lookback"": 48, ""covariates"": false, ""context"": ""none"", ""alpha"": 52.66793185945089}",,robi
ridge,28,16.256032167276317,"{""lookback"": 48, ""covariates"": false, ""context"": ""all"", ""alpha"": 131.95274815180045}",,robi
ridge,16,16.645439526615643,"{""lookback"": 48, ""covariates"": false, ""context"": ""all"", ""alpha"": 15.907085376082922}",,robi
ridge,25,17.148845058982957,"{""lookback"": 24, ""covariates"": false, ""context"": ""none"", ""alpha"": 6.431465139967162}",,robi
ridge,9,17.27109220881543,"{""lookback"": 12, ""covariates"": false, ""context"": ""none"", ""alpha"": 46.805941171978695}",,robi
ridge,4,17.318638964600083,"{""lookback"": 24, ""covariates"": false, ""context"": ""all"", ""alpha"": 7.297779219740478}",,robi
ridge,7,17.698952921531816,"{""lookback"": 24, ""covariates"": true, ""context"": ""none"", ""alpha"": 6.165756859158338}",,robi
ridge,24,17.705202657235972,"{""lookback"": 24, ""covariates"": true, ""context"": ""rain_only"", ""alpha"": 2.4627290817309357}",,robi
ridge,18,17.763082061850394,"{""lookback"": 24, ""covariates"": true, ""context"": ""none"", ""alpha"": 0.053699299890346074}",,robi
ridge,1,17.766898617937546,"{""lookback"": 24, ""covariates"": false, ""context"": ""none"", ""alpha"": 0.003673365030686337}",,robi
ridge,23,18.030530026165355,"{""lookback"": 24, ""covariates"": false, ""context"": ""all"", ""alpha"": 0.004866093407558758}",,robi
ridge,6,18.031056361654453,"{""lookback"": 24, ""covariates"": false, ""context"": ""all"", ""alpha"": 0.0024149243836288073}",,robi
ridge,29,18.031094420838382,"{""lookback"": 24, ""covariates"": false, ""context"": ""all"", ""alpha"": 0.0022377751672086874}",,robi
ridge,2,18.21412966538028,"{""lookback"": 24, ""covariates"": true, ""context"": ""none"", ""alpha"": 52.045817156790996}",,robi
ridge,15,18.216047085789505,"{""lookback"": 8, ""covariates"": false, ""context"": ""all"", ""alpha"": 10.444411351196589}",,robi
ridge,14,18.50053238896871,"{""lookback"": 36, ""covariates"": false, ""context"": ""rain_only"", ""alpha"": 0.7148740910473977}",,robi
ridge,19,18.872751057682297,"{""lookback"": 12, ""covariates"": false, ""context"": ""none"", ""alpha"": 0.006894692500619341}",,robi
ridge,10,18.88021567326984,"{""lookback"": 36, ""covariates"": false, ""context"": ""rain_only"", ""alpha"": 0.0018315660917405199}",,robi
ridge,22,18.93343093101829,"{""lookback"": 12, ""covariates"": true, ""context"": ""rain_only"", ""alpha"": 2.5849204103520056}",,robi
ridge,21,19.009575382895505,"{""lookback"": 8, ""covariates"": true, ""context"": ""rain_only"", ""alpha"": 17.021282188647742}",,robi
ridge,0,19.06550881481364,"{""lookback"": 8, ""covariates"": true, ""context"": ""rain_only"", ""alpha"": 141.7710381103998}",,robi
ridge,5,20.528038448169337,"{""lookback"": 48, ""covariates"": false, ""context"": ""none"", ""alpha"": 0.4575991330248486}",,robi
ridge,13,20.561176899554027,"{""lookback"": 48, ""covariates"": true, ""context"": ""rain_only"", ""alpha"": 0.6566513896063252}",,robi
ridge,8,20.836327926876404,"{""lookback"": 8, ""covariates"": true, ""context"": ""none"", ""alpha"": 667.0957078425371}",,robi
ridge,12,21.02764757026145,"{""lookback"": 48, ""covariates"": true, ""context"": ""rain_only"", ""alpha"": 0.09014718067142277}",,robi
ridge,11,24.31880544079844,"{""lookback"": 24, ""covariates"": true, ""context"": ""all"", ""alpha"": 12.539889785680295}",,robi
ridge,3,30.152205092597452,"{""lookback"": 36, ""covariates"": true, ""context"": ""all"", ""alpha"": 0.5038666653302235}",,robi
ridge,27,30.46645786058825,"{""lookback"": 24, ""covariates"": true, ""context"": ""all"", ""alpha"": 0.41716161046317324}",,robi
ridge,26,31.094594694585755,"{""lookback"": 24, ""covariates"": true, ""context"": ""all"", ""alpha"": 0.06663472172259961}",,robi
rnn_cov,19,15.747210333894964,"{""lookback"": 48, ""covariates"": false, ""context"": ""rain_only"", ""epochs"": 90, ""lr"": 0.002115503167645315, ""batch_size"": 32, ""dropout"": 0.2}",,robi
rnn_cov,2,15.755968321298573,"{""lookback"": 24, ""covariates"": false, ""context"": ""none"", ""epochs"": 60, ""lr"": 0.001101036419609077, ""batch_size"": 16, ""dropout"": 0.2}",,robi
rnn_cov,14,15.835568906543648,"{""lookback"": 24, ""covariates"": false, ""context"": ""rain_only"", ""epochs"": 60, ""lr"": 0.0004897958846904056, ""batch_size"": 16, ""dropout"": 0.0}",,robi
rnn_cov,9,15.875339785791525,"{""lookback"": 24, ""covariates"": false, ""context"": ""none"", ""epochs"": 60, ""lr"": 0.0006647780626301326, ""batch_size"": 32, ""dropout"": 0.2}",,robi
rnn_cov,17,15.899255526220111,"{""lookback"": 36, ""covariates"": false, ""context"": ""rain_only"", ""epochs"": 60, ""lr"": 0.0006366601863260838, ""batch_size"": 16, ""dropout"": 0.1}",,robi
rnn_cov,28,16.240176675516285,"{""lookback"": 36, ""covariates"": false, ""context"": ""none"", ""epochs"": 60, ""lr"": 0.0005576025723578591, ""batch_size"": 32, ""dropout"": 0.2}",,robi
rnn_cov,22,16.281084283462416,"{""lookback"": 36, ""covariates"": false, ""context"": ""none"", ""epochs"": 60, ""lr"": 0.0005117691688462442, ""batch_size"": 32, ""dropout"": 0.2}",,robi
rnn_cov,11,16.585566894483865,"{""lookback"": 36, ""covariates"": true, ""context"": ""rain_only"", ""epochs"": 120, ""lr"": 0.001167357404587288, ""batch_size"": 64, ""dropout"": 0.0}",,robi
rnn_cov,8,16.809347180605624,"{""lookback"": 24, ""covariates"": false, ""context"": ""none"", ""epochs"": 40, ""lr"": 0.0015566745292900604, ""batch_size"": 64, ""dropout"": 0.0}",,robi
rnn_cov,3,17.06736474994962,"{""lookback"": 36, ""covariates"": true, ""context"": ""rain_only"", ""epochs"": 120, ""lr"": 0.0014203236332087487, ""batch_size"": 32, ""dropout"": 0.0}",,robi
rnn_cov,15,17.160158881733427,"{""lookback"": 24, ""covariates"": true, ""context"": ""rain_only"", ""epochs"": 60, ""lr"": 0.0021772450274178527, ""batch_size"": 16, ""dropout"": 0.2}",,robi
rnn_cov,23,17.345486646560854,"{""lookback"": 24, ""covariates"": false, ""context"": ""all"", ""epochs"": 40, ""lr"": 0.0008635502350628375, ""batch_size"": 64, ""dropout"": 0.1}",,robi
rnn_cov,20,17.349819327069532,"{""lookback"": 48, ""covariates"": true, ""context"": ""rain_only"", ""epochs"": 60, ""lr"": 0.005209254754151384, ""batch_size"": 16, ""dropout"": 0.0}",,robi
rnn_cov,21,17.46921377412024,"{""lookback"": 12, ""covariates"": false, ""context"": ""all"", ""epochs"": 20, ""lr"": 0.003777347641562237, ""batch_size"": 64, ""dropout"": 0.1}",,robi
rnn_cov,27,17.58843524077194,"{""lookback"": 8, ""covariates"": false, ""context"": ""rain_only"", ""epochs"": 120, ""lr"": 0.0014832463186443675, ""batch_size"": 64, ""dropout"": 0.0}",,robi
rnn_cov,26,17.666137426931467,"{""lookback"": 12, ""covariates"": true, ""context"": ""all"", ""epochs"": 90, ""lr"": 0.0014502548792349637, ""batch_size"": 64, ""dropout"": 0.0}",,robi
rnn_cov,7,17.86974464324056,"{""lookback"": 24, ""covariates"": false, ""context"": ""none"", ""epochs"": 90, ""lr"": 0.004086050334527402, ""batch_size"": 32, ""dropout"": 0.2}",,robi
rnn_cov,5,17.884103122605225,"{""lookback"": 8, ""covariates"": true, ""context"": ""none"", ""epochs"": 40, ""lr"": 0.00902353369029003, ""batch_size"": 32, ""dropout"": 0.2}",,robi
rnn_cov,1,17.917949115071956,"{""lookback"": 12, ""covariates"": false, ""context"": ""rain_only"", ""epochs"": 120, ""lr"": 0.004327576253748584, ""batch_size"": 64, ""dropout"": 0.2}",,robi
rnn_cov,16,17.92735401849133,"{""lookback"": 24, ""covariates"": true, ""context"": ""rain_only"", ""epochs"": 60, ""lr"": 0.002131699356155855, ""batch_size"": 64, ""dropout"": 0.0}",,robi
rnn_cov,13,18.24268869195333,"{""lookback"": 36, ""covariates"": true, ""context"": ""none"", ""epochs"": 90, ""lr"": 0.003556334654410625, ""batch_size"": 16, ""dropout"": 0.2}",,robi
rnn_cov,29,18.329354848498305,"{""lookback"": 8, ""covariates"": true, ""context"": ""rain_only"", ""epochs"": 90, ""lr"": 0.001365043718971339, ""batch_size"": 16, ""dropout"": 0.1}",,robi
rnn_cov,6,18.38668855491395,"{""lookback"": 36, ""covariates"": true, ""context"": ""none"", ""epochs"": 20, ""lr"": 0.0015412771904202464, ""batch_size"": 32, ""dropout"": 0.0}",,robi
rnn_cov,4,18.562976713552533,"{""lookback"": 8, ""covariates"": true, ""context"": ""none"", ""epochs"": 20, ""lr"": 0.005463905449709552, ""batch_size"": 16, ""dropout"": 0.1}",,robi
rnn_cov,25,18.988787648463703,"{""lookback"": 12, ""covariates"": true, ""context"": ""rain_only"", ""epochs"": 90, ""lr"": 0.000762094746862932, ""batch_size"": 64, ""dropout"": 0.2}",,robi
rnn_cov,0,19.17909757468267,"{""lookback"": 8, ""covariates"": true, ""context"": ""rain_only"", ""epochs"": 60, ""lr"": 0.006090623834547103, ""batch_size"": 16, ""dropout"": 0.2}",,robi
rnn_cov,24,19.279844362033845,"{""lookback"": 36, ""covariates"": false, ""context"": ""none"", ""epochs"": 20, ""lr"": 0.0004537638927164481, ""batch_size"": 32, ""dropout"": 0.2}",,robi
rnn_cov,10,21.479196224717075,"{""lookback"": 48, ""covariates"": false, ""context"": ""all"", ""epochs"": 120, ""lr"": 0.0034957478129854108, ""batch_size"": 16, ""dropout"": 0.0}",,robi
rnn_cov,12,21.58926111262305,"{""lookback"": 12, ""covariates"": true, ""context"": ""rain_only"", ""epochs"": 20, ""lr"": 0.0006047240031389557, ""batch_size"": 64, ""dropout"": 0.0}",,robi
rnn_cov,18,22.75381715336725,"{""lookback"": 48, ""covariates"": true, ""context"": ""all"", ""epochs"": 40, ""lr"": 0.00036805206677463704, ""batch_size"": 64, ""dropout"": 0.0}",,robi
tcn,17,16.02370373668373,"{""lookback"": 12, ""covariates"": false, ""context"": ""all"", ""epochs"": 90, ""lr"": 0.0010668859333840307, ""batch_size"": 32, ""dropout"": 0.2, ""channels"": 16, ""levels"": 3, ""kernel"": 2}",,robi
tcn,25,16.260973581593145,"{""lookback"": 24, ""covariates"": false, ""context"": ""none"", ""epochs"": 20, ""lr"": 0.0016528859306246743, ""batch_size"": 16, ""dropout"": 0.2, ""channels"": 32, ""levels"": 3, ""kernel"": 5}",,robi
tcn,6,16.306052759414925,"{""lookback"": 48, ""covariates"": false, ""context"": ""all"", ""epochs"": 60, ""lr"": 0.0005829927584962534, ""batch_size"": 32, ""dropout"": 0.0, ""channels"": 64, ""levels"": 3, ""kernel"": 2}",,robi
tcn,21,16.338677786452184,"{""lookback"": 48, ""covariates"": false, ""context"": ""none"", ""epochs"": 60, ""lr"": 0.001365043718971339, ""batch_size"": 64, ""dropout"": 0.0, ""channels"": 32, ""levels"": 2, ""kernel"": 3}",,robi
tcn,16,16.614217527324143,"{""lookback"": 36, ""covariates"": false, ""context"": ""none"", ""epochs"": 60, ""lr"": 0.0005117691688462442, ""batch_size"": 32, ""dropout"": 0.2, ""channels"": 32, ""levels"": 3, ""kernel"": 2}",,robi
tcn,20,17.064500876142358,"{""lookback"": 8, ""covariates"": false, ""context"": ""none"", ""epochs"": 40, ""lr"": 0.000877114104189874, ""batch_size"": 64, ""dropout"": 0.1, ""channels"": 32, ""levels"": 2, ""kernel"": 3}",,robi
tcn,15,17.090872668165808,"{""lookback"": 48, ""covariates"": false, ""context"": ""all"", ""epochs"": 40, ""lr"": 0.00041138952374062445, ""batch_size"": 16, ""dropout"": 0.2, ""channels"": 64, ""levels"": 4, ""kernel"": 3}",,robi
tcn,26,17.096392220136497,"{""lookback"": 8, ""covariates"": true, ""context"": ""rain_only"", ""epochs"": 60, ""lr"": 0.0007650552813844498, ""batch_size"": 64, ""dropout"": 0.0, ""channels"": 32, ""levels"": 3, ""kernel"": 5}",,robi
tcn,27,17.098596493896252,"{""lookback"": 24, ""covariates"": false, ""context"": ""all"", ""epochs"": 40, ""lr"": 0.006948090179082359, ""batch_size"": 64, ""dropout"": 0.1, ""channels"": 16, ""levels"": 2, ""kernel"": 3}",,robi
tcn,19,17.476371277856526,"{""lookback"": 36, ""covariates"": false, ""context"": ""none"", ""epochs"": 90, ""lr"": 0.000779313398209815, ""batch_size"": 32, ""dropout"": 0.0, ""channels"": 16, ""levels"": 3, ""kernel"": 5}",,robi
tcn,8,17.51845825092084,"{""lookback"": 36, ""covariates"": true, ""context"": ""rain_only"", ""epochs"": 120, ""lr"": 0.001167357404587288, ""batch_size"": 64, ""dropout"": 0.0, ""channels"": 16, ""levels"": 4, ""kernel"": 3}",,robi
tcn,28,17.863561291863984,"{""lookback"": 12, ""covariates"": false, ""context"": ""rain_only"", ""epochs"": 90, ""lr"": 0.0008042780320198182, ""batch_size"": 16, ""dropout"": 0.1, ""channels"": 64, ""levels"": 4, ""kernel"": 5}",,robi
tcn,2,17.888930570083236,"{""lookback"": 8, ""covariates"": true, ""context"": ""none"", ""epochs"": 90, ""lr"": 0.005371399173466055, ""batch_size"": 32, ""dropout"": 0.1, ""channels"": 32, ""levels"": 2, ""kernel"": 2}",,robi
tcn,29,18.01847247767832,"{""lookback"": 36, ""covariates"": false, ""context"": ""all"", ""epochs"": 90, ""lr"": 0.0006725262623279027, ""batch_size"": 64, ""dropout"": 0.0, ""channels"": 16, ""levels"": 2, ""kernel"": 3}",,robi
tcn,5,18.191064758154614,"{""lookback"": 8, ""covariates"": true, ""context"": ""all"", ""epochs"": 90, ""lr"": 0.004086050334527402, ""batch_size"": 64, ""dropout"": 0.1, ""channels"": 64, ""levels"": 3, ""kernel"": 2}",,robi
tcn,1,18.21195696395708,"{""lookback"": 48, ""covariates"": true, ""context"": ""none"", ""epochs"": 90, ""lr"": 0.0004701352151179019, ""batch_size"": 64, ""dropout"": 0.2, ""channels"": 32, ""levels"": 3, ""kernel"": 3}",,robi
tcn,0,18.247743899654434,"{""lookback"": 8, ""covariates"": true, ""context"": ""rain_only"", ""epochs"": 60, ""lr"": 0.006090623834547103, ""batch_size"": 16, ""dropout"": 0.2, ""channels"": 16, ""levels"": 2, ""kernel"": 3}",,robi
tcn,23,18.97343164266801,"{""lookback"": 12, ""covariates"": true, ""context"": ""all"", ""epochs"": 90, ""lr"": 0.0023552265232544517, ""batch_size"": 16, ""dropout"": 0.2, ""channels"": 16, ""levels"": 2, ""kernel"": 5}",,robi
tcn,10,19.11005996692169,"{""lookback"": 12, ""covariates"": true, ""context"": ""rain_only"", ""epochs"": 60, ""lr"": 0.0022041702360035714, ""batch_size"": 16, ""dropout"": 0.0, ""channels"": 16, ""levels"": 2, ""kernel"": 3}",,robi
tcn,24,19.63273004683376,"{""lookback"": 48, ""covariates"": true, ""context"": ""rain_only"", ""epochs"": 40, ""lr"": 0.00238239570222417, ""batch_size"": 16, ""dropout"": 0.0, ""channels"": 16, ""levels"": 4, ""kernel"": 3}",,robi
tcn,12,19.65500314824102,"{""lookback"": 8, ""covariates"": true, ""context"": ""none"", ""epochs"": 40, ""lr"": 0.00033423588821499087, ""batch_size"": 32, ""dropout"": 0.1, ""channels"": 64, ""levels"": 2, ""kernel"": 2}",,robi
tcn,11,19.756823788814543,"{""lookback"": 36, ""covariates"": true, ""context"": ""rain_only"", ""epochs"": 120, ""lr"": 0.004386536574792504, ""batch_size"": 32, ""dropout"": 0.1, ""channels"": 32, ""levels"": 3, ""kernel"": 3}",,robi
tcn,7,20.16748238532168,"{""lookback"": 12, ""covariates"": true, ""context"": ""none"", ""epochs"": 120, ""lr"": 0.005561464650867318, ""batch_size"": 32, ""dropout"": 0.1, ""channels"": 64, ""levels"": 2, ""kernel"": 2}",,robi
tcn,14,20.266432398782783,"{""lookback"": 24, ""covariates"": true, ""context"": ""all"", ""epochs"": 60, ""lr"": 0.0046870887377983205, ""batch_size"": 64, ""dropout"": 0.1, ""channels"": 32, ""levels"": 3, ""kernel"": 3}",,robi
tcn,4,20.29307952905185,"{""lookback"": 8, ""covariates"": true, ""context"": ""rain_only"", ""epochs"": 120, ""lr"": 0.004597322158279528, ""batch_size"": 64, ""dropout"": 0.0, ""channels"": 32, ""levels"": 3, ""kernel"": 3}",,robi
tcn,22,20.342919302032545,"{""lookback"": 8, ""covariates"": true, ""context"": ""rain_only"", ""epochs"": 20, ""lr"": 0.0012892748461117948, ""batch_size"": 64, ""dropout"": 0.0, ""channels"": 16, ""levels"": 3, ""kernel"": 2}",,robi
tcn,9,20.46577717319347,"{""lookback"": 8, ""covariates"": true, ""context"": ""all"", ""epochs"": 120, ""lr"": 0.00473709029876819, ""batch_size"": 16, ""dropout"": 0.2, ""channels"": 32, ""levels"": 3, ""kernel"": 5}",,robi
tcn,3,20.468747322980928,"{""lookback"": 24, ""covariates"": true, ""context"": ""all"", ""epochs"": 120, ""lr"": 0.0027483342005095064, ""batch_size"": 64, ""dropout"": 0.0, ""channels"": 64, ""levels"": 4, ""kernel"": 3}",,robi
tcn,13,21.08253391420945,"{""lookback"": 24, ""covariates"": true, ""context"": ""none"", ""epochs"": 20, ""lr"": 0.00036805206677463704, ""batch_size"": 16, ""dropout"": 0.2, ""channels"": 16, ""levels"": 4, ""kernel"": 2}",,robi
tcn,18,21.32828564821371,"{""lookback"": 12, ""covariates"": true, ""context"": ""rain_only"", ""epochs"": 120, ""lr"": 0.0034889149020412525, ""batch_size"": 32, ""dropout"": 0.0, ""channels"": 64, ""levels"": 4, ""kernel"": 2}",,robi
transformer,24,15.837226233535649,"{""lookback"": 48, ""covariates"": true, ""context"": ""rain_only"", ""epochs"": 40, ""lr"": 0.00238239570222417, ""batch_size"": 16, ""dropout"": 0.0, ""d_model"": 16, ""n_heads"": 4, ""n_layers"": 2}",,robi
transformer,17,16.5626718528171,"{""lookback"": 12, ""covariates"": false, ""context"": ""all"", ""epochs"": 90, ""lr"": 0.0010668859333840307, ""batch_size"": 32, ""dropout"": 0.2, ""d_model"": 16, ""n_heads"": 2, ""n_layers"": 1}",,robi
transformer,20,16.72134770343514,"{""lookback"": 8, ""covariates"": false, ""context"": ""none"", ""epochs"": 40, ""lr"": 0.000877114104189874, ""batch_size"": 64, ""dropout"": 0.1, ""d_model"": 32, ""n_heads"": 1, ""n_layers"": 2}",,robi
transformer,27,16.74130480891618,"{""lookback"": 24, ""covariates"": false, ""context"": ""all"", ""epochs"": 40, ""lr"": 0.006948090179082359, ""batch_size"": 64, ""dropout"": 0.1, ""d_model"": 16, ""n_heads"": 1, ""n_layers"": 2}",,robi
transformer,16,16.88756658362966,"{""lookback"": 36, ""covariates"": false, ""context"": ""none"", ""epochs"": 60, ""lr"": 0.0005117691688462442, ""batch_size"": 32, ""dropout"": 0.2, ""d_model"": 32, ""n_heads"": 2, ""n_layers"": 1}",,robi
transformer,28,16.910623890636483,"{""lookback"": 12, ""covariates"": false, ""context"": ""rain_only"", ""epochs"": 90, ""lr"": 0.0008042780320198182, ""batch_size"": 16, ""dropout"": 0.1, ""d_model"": 64, ""n_heads"": 4, ""n_layers"": 3}",,robi
transformer,25,16.97289547484753,"{""lookback"": 24, ""covariates"": false, ""context"": ""none"", ""epochs"": 20, ""lr"": 0.0016528859306246743, ""batch_size"": 16, ""dropout"": 0.2, ""d_model"": 32, ""n_heads"": 2, ""n_layers"": 3}",,robi
transformer,8,17.712359773956795,"{""lookback"": 36, ""covariates"": true, ""context"": ""rain_only"", ""epochs"": 120, ""lr"": 0.001167357404587288, ""batch_size"": 64, ""dropout"": 0.0, ""d_model"": 16, ""n_heads"": 4, ""n_layers"": 2}",,robi
transformer,6,17.714492423938392,"{""lookback"": 48, ""covariates"": false, ""context"": ""all"", ""epochs"": 60, ""lr"": 0.0005829927584962534, ""batch_size"": 32, ""dropout"": 0.0, ""d_model"": 64, ""n_heads"": 2, ""n_layers"": 1}",,robi
transformer,15,17.79951671264416,"{""lookback"": 48, ""covariates"": false, ""context"": ""all"", ""epochs"": 40, ""lr"": 0.00041138952374062445, ""batch_size"": 16, ""dropout"": 0.2, ""d_model"": 64, ""n_heads"": 4, ""n_layers"": 2}",,robi
transformer,0,17.88221418727549,"{""lookback"": 8, ""covariates"": true, ""context"": ""rain_only"", ""epochs"": 60, ""lr"": 0.006090623834547103, ""batch_size"": 16, ""dropout"": 0.2, ""d_model"": 16, ""n_heads"": 1, ""n_layers"": 2}",,robi
transformer,19,18.053077788273797,"{""lookback"": 36, ""covariates"": false, ""context"": ""none"", ""epochs"": 90, ""lr"": 0.000779313398209815, ""batch_size"": 32, ""dropout"": 0.0, ""d_model"": 16, ""n_heads"": 2, ""n_layers"": 3}",,robi
transformer,7,18.109009187325068,"{""lookback"": 12, ""covariates"": true, ""context"": ""none"", ""epochs"": 120, ""lr"": 0.005561464650867318, ""batch_size"": 32, ""dropout"": 0.1, ""d_model"": 64, ""n_heads"": 1, ""n_layers"": 1}",,robi
transformer,9,18.231917288568965,"{""lookback"": 8, ""covariates"": true, ""context"": ""all"", ""epochs"": 120, ""lr"": 0.00473709029876819, ""batch_size"": 16, ""dropout"": 0.2, ""d_model"": 32, ""n_heads"": 2, ""n_layers"": 3}",,robi
transformer,12,18.302450907557805,"{""lookback"": 8, ""covariates"": true, ""context"": ""none"", ""epochs"": 40, ""lr"": 0.00033423588821499087, ""batch_size"": 32, ""dropout"": 0.1, ""d_model"": 64, ""n_heads"": 1, ""n_layers"": 1}",,robi
transformer,5,18.598444143716797,"{""lookback"": 8, ""covariates"": true, ""context"": ""all"", ""epochs"": 90, ""lr"": 0.004086050334527402, ""batch_size"": 64, ""dropout"": 0.1, ""d_model"": 64, ""n_heads"": 2, ""n_layers"": 1}",,robi
transformer,29,18.76069874490166,"{""lookback"": 36, ""covariates"": false, ""context"": ""all"", ""epochs"": 90, ""lr"": 0.0006725262623279027, ""batch_size"": 64, ""dropout"": 0.0, ""d_model"": 16, ""n_heads"": 1, ""n_layers"": 2}",,robi
transformer,4,18.804338052469937,"{""lookback"": 8, ""covariates"": true, ""context"": ""rain_only"", ""epochs"": 120, ""lr"": 0.004597322158279528, ""batch_size"": 64, ""dropout"": 0.0, ""d_model"": 32, ""n_heads"": 2, ""n_layers"": 2}",,robi
transformer,1,18.86836612646248,"{""lookback"": 48, ""covariates"": true, ""context"": ""none"", ""epochs"": 90, ""lr"": 0.0004701352151179019, ""batch_size"": 64, ""dropout"": 0.2, ""d_model"": 32, ""n_heads"": 2, ""n_layers"": 2}",,robi
transformer,18,19.1928910757728,"{""lookback"": 12, ""covariates"": true, ""context"": ""rain_only"", ""epochs"": 120, ""lr"": 0.0034889149020412525, ""batch_size"": 32, ""dropout"": 0.0, ""d_model"": 64, ""n_heads"": 4, ""n_layers"": 1}",,robi
transformer,2,19.52665744805036,"{""lookback"": 8, ""covariates"": true, ""context"": ""none"", ""epochs"": 90, ""lr"": 0.005371399173466055, ""batch_size"": 32, ""dropout"": 0.1, ""d_model"": 32, ""n_heads"": 1, ""n_layers"": 1}",,robi
transformer,10,19.671506404825923,"{""lookback"": 12, ""covariates"": true, ""context"": ""rain_only"", ""epochs"": 60, ""lr"": 0.0022041702360035714, ""batch_size"": 16, ""dropout"": 0.0, ""d_model"": 16, ""n_heads"": 1, ""n_layers"": 2}",,robi
transformer,26,19.67758091348664,"{""lookback"": 8, ""covariates"": true, ""context"": ""rain_only"", ""epochs"": 60, ""lr"": 0.0007650552813844498, ""batch_size"": 64, ""dropout"": 0.0, ""d_model"": 32, ""n_heads"": 2, ""n_layers"": 3}",,robi
transformer,21,20.07750808223927,"{""lookback"": 48, ""covariates"": false, ""context"": ""none"", ""epochs"": 60, ""lr"": 0.001365043718971339, ""batch_size"": 64, ""dropout"": 0.0, ""d_model"": 32, ""n_heads"": 1, ""n_layers"": 2}",,robi
transformer,23,20.107751988604463,"{""lookback"": 12, ""covariates"": true, ""context"": ""all"", ""epochs"": 90, ""lr"": 0.0023552265232544517, ""batch_size"": 16, ""dropout"": 0.2, ""d_model"": 16, ""n_heads"": 1, ""n_layers"": 3}",,robi
transformer,11,21.590135008616983,"{""lookback"": 36, ""covariates"": true, ""context"": ""rain_only"", ""epochs"": 120, ""lr"": 0.004386536574792504, ""batch_size"": 32, ""dropout"": 0.1, ""d_model"": 32, ""n_heads"": 2, ""n_layers"": 2}",,robi
transformer,3,21.72030148091319,"{""lookback"": 24, ""covariates"": true, ""context"": ""all"", ""epochs"": 120, ""lr"": 0.0027483342005095064, ""batch_size"": 64, ""dropout"": 0.0, ""d_model"": 64, ""n_heads"": 4, ""n_layers"": 2}",,robi
transformer,14,22.52304108179671,"{""lookback"": 24, ""covariates"": true, ""context"": ""all"", ""epochs"": 60, ""lr"": 0.0046870887377983205, ""batch_size"": 64, ""dropout"": 0.1, ""d_model"": 32, ""n_heads"": 2, ""n_layers"": 2}",,robi
transformer,13,23.22171761996753,"{""lookback"": 24, ""covariates"": true, ""context"": ""none"", ""epochs"": 20, ""lr"": 0.00036805206677463704, ""batch_size"": 16, ""dropout"": 0.2, ""d_model"": 16, ""n_heads"": 4, ""n_layers"": 1}",,robi
transformer,22,23.288277319859528,"{""lookback"": 8, ""covariates"": true, ""context"": ""rain_only"", ""epochs"": 20, ""lr"": 0.0012892748461117948, ""batch_size"": 64, ""dropout"": 0.0, ""d_model"": 16, ""n_heads"": 2, ""n_layers"": 1}",,robi
xgboost,19,17.905786911800668,"{""lookback"": 36, ""covariates"": true, ""context"": ""rain_only"", ""n_estimators"": 400, ""learning_rate"": 0.013473162839719551, ""max_depth"": 3, ""subsample"": 0.6, ""colsample_bytree"": 0.6, ""min_child_weight"": 6}",,robi
xgboost,21,17.990538699042357,"{""lookback"": 12, ""covariates"": true, ""context"": ""none"", ""n_estimators"": 400, ""learning_rate"": 0.025242583260632338, ""max_depth"": 2, ""subsample"": 0.6, ""colsample_bytree"": 0.6, ""min_child_weight"": 6}",,robi
xgboost,13,17.995674795797413,"{""lookback"": 24, ""covariates"": true, ""context"": ""all"", ""n_estimators"": 400, ""learning_rate"": 0.028117140446520614, ""max_depth"": 6, ""subsample"": 0.6, ""colsample_bytree"": 0.6, ""min_child_weight"": 3}",,robi
xgboost,5,18.014685784316864,"{""lookback"": 36, ""covariates"": false, ""context"": ""rain_only"", ""n_estimators"": 400, ""learning_rate"": 0.011606558734739106, ""max_depth"": 4, ""subsample"": 0.6, ""colsample_bytree"": 0.9, ""min_child_weight"": 6}",,robi
xgboost,25,18.022193002675564,"{""lookback"": 8, ""covariates"": false, ""context"": ""all"", ""n_estimators"": 200, ""learning_rate"": 0.016348569248088956, ""max_depth"": 6, ""subsample"": 0.6, ""colsample_bytree"": 0.4, ""min_child_weight"": 3}",,robi
xgboost,7,18.223073316606747,"{""lookback"": 36, ""covariates"": false, ""context"": ""rain_only"", ""n_estimators"": 200, ""learning_rate"": 0.050428245390731465, ""max_depth"": 3, ""subsample"": 0.6, ""colsample_bytree"": 0.9, ""min_child_weight"": 6}",,robi
xgboost,27,18.29509077007373,"{""lookback"": 12, ""covariates"": false, ""context"": ""all"", ""n_estimators"": 800, ""learning_rate"": 0.05157279371684115, ""max_depth"": 4, ""subsample"": 1.0, ""colsample_bytree"": 0.4, ""min_child_weight"": 1}",,robi
xgboost,11,18.54346954961841,"{""lookback"": 12, ""covariates"": true, ""context"": ""rain_only"", ""n_estimators"": 400, ""learning_rate"": 0.06919898255218529, ""max_depth"": 2, ""subsample"": 0.6, ""colsample_bytree"": 0.4, ""min_child_weight"": 1}",,robi
xgboost,0,18.743875969329483,"{""lookback"": 8, ""covariates"": true, ""context"": ""rain_only"", ""n_estimators"": 400, ""learning_rate"": 0.185461273136293, ""max_depth"": 2, ""subsample"": 0.9, ""colsample_bytree"": 0.4, ""min_child_weight"": 1}",,robi
xgboost,12,18.789345445350957,"{""lookback"": 24, ""covariates"": true, ""context"": ""rain_only"", ""n_estimators"": 400, ""learning_rate"": 0.06837892467603714, ""max_depth"": 2, ""subsample"": 1.0, ""colsample_bytree"": 0.9, ""min_child_weight"": 3}",,robi
xgboost,3,18.80807754421408,"{""lookback"": 24, ""covariates"": false, ""context"": ""all"", ""n_estimators"": 400, ""learning_rate"": 0.012424125377603113, ""max_depth"": 8, ""subsample"": 1.0, ""colsample_bytree"": 0.6, ""min_child_weight"": 3}",,robi
xgboost,2,18.83983530021155,"{""lookback"": 24, ""covariates"": false, ""context"": ""all"", ""n_estimators"": 800, ""learning_rate"": 0.08934430071955696, ""max_depth"": 4, ""subsample"": 1.0, ""colsample_bytree"": 0.9, ""min_child_weight"": 3}",,robi
xgboost,9,18.92930952181868,"{""lookback"": 24, ""covariates"": true, ""context"": ""none"", ""n_estimators"": 400, ""learning_rate"": 0.026662174755311165, ""max_depth"": 3, ""subsample"": 0.9, ""colsample_bytree"": 0.9, ""min_child_weight"": 1}",,robi
xgboost,24,18.938190899052938,"{""lookback"": 8, ""covariates"": true, ""context"": ""all"", ""n_estimators"": 400, ""learning_rate"": 0.01332706456085794, ""max_depth"": 6, ""subsample"": 0.8, ""colsample_bytree"": 1.0, ""min_child_weight"": 1}",,robi
xgboost,29,19.15822896719717,"{""lookback"": 48, ""covariates"": false, ""context"": ""none"", ""n_estimators"": 200, ""learning_rate"": 0.058761959894822045, ""max_depth"": 8, ""subsample"": 0.8, ""colsample_bytree"": 0.6, ""min_child_weight"": 1}",,robi
xgboost,1,19.243397861976018,"{""lookback"": 24, ""covariates"": true, ""context"": ""none"", ""n_estimators"": 800, ""learning_rate"": 0.1449146502165535, ""max_depth"": 4, ""subsample"": 0.6, ""colsample_bytree"": 1.0, ""min_child_weight"": 3}",,robi
xgboost,18,19.28504790987301,"{""lookback"": 48, ""covariates"": false, ""context"": ""rain_only"", ""n_estimators"": 800, ""learning_rate"": 0.04560651820005272, ""max_depth"": 2, ""subsample"": 0.8, ""colsample_bytree"": 0.4, ""min_child_weight"": 1}",,robi
xgboost,15,19.2877436191302,"{""lookback"": 48, ""covariates"": false, ""context"": ""none"", ""n_estimators"": 200, ""learning_rate"": 0.09500160723894391, ""max_depth"": 2, ""subsample"": 0.9, ""colsample_bytree"": 0.9, ""min_child_weight"": 6}",,robi
xgboost,23,19.30256275069313,"{""lookback"": 24, ""covariates"": true, ""context"": ""all"", ""n_estimators"": 800, ""learning_rate"": 0.11554044189792134, ""max_depth"": 6, ""subsample"": 0.8, ""colsample_bytree"": 0.6, ""min_child_weight"": 3}",,robi
xgboost,16,19.43368918415338,"{""lookback"": 48, ""covariates"": true, ""context"": ""rain_only"", ""n_estimators"": 400, ""learning_rate"": 0.1593700878237698, ""max_depth"": 3, ""subsample"": 0.6, ""colsample_bytree"": 0.6, ""min_child_weight"": 1}",,robi
xgboost,8,19.539072188094504,"{""lookback"": 48, ""covariates"": false, ""context"": ""all"", ""n_estimators"": 800, ""learning_rate"": 0.10823717935982186, ""max_depth"": 2, ""subsample"": 0.8, ""colsample_bytree"": 1.0, ""min_child_weight"": 6}",,robi
xgboost,26,19.58670857051388,"{""lookback"": 36, ""covariates"": false, ""context"": ""all"", ""n_estimators"": 800, ""learning_rate"": 0.07216020523590855, ""max_depth"": 4, ""subsample"": 0.8, ""colsample_bytree"": 0.9, ""min_child_weight"": 3}",,robi
xgboost,20,19.65466247482153,"{""lookback"": 12, ""covariates"": true, ""context"": ""rain_only"", ""n_estimators"": 800, ""learning_rate"": 0.024701434275270624, ""max_depth"": 6, ""subsample"": 1.0, ""colsample_bytree"": 0.6, ""min_child_weight"": 6}",,robi
xgboost,17,19.725322487076134,"{""lookback"": 8, ""covariates"": false, ""context"": ""none"", ""n_estimators"": 800, ""learning_rate"": 0.04811147524182623, ""max_depth"": 6, ""subsample"": 0.6, ""colsample_bytree"": 1.0, ""min_child_weight"": 3}",,robi
xgboost,4,19.89666193658813,"{""lookback"": 8, ""covariates"": true, ""context"": ""none"", ""n_estimators"": 400, ""learning_rate"": 0.2715430450064821, ""max_depth"": 4, ""subsample"": 1.0, ""colsample_bytree"": 0.9, ""min_child_weight"": 6}",,robi
xgboost,6,19.93869448756377,"{""lookback"": 48, ""covariates"": true, ""context"": ""rain_only"", ""n_estimators"": 800, ""learning_rate"": 0.03028890421647745, ""max_depth"": 8, ""subsample"": 0.8, ""colsample_bytree"": 0.4, ""min_child_weight"": 3}",,robi
xgboost,10,20.054964344114943,"{""lookback"": 48, ""covariates"": false, ""context"": ""none"", ""n_estimators"": 200, ""learning_rate"": 0.14533918611745653, ""max_depth"": 6, ""subsample"": 0.9, ""colsample_bytree"": 0.6, ""min_child_weight"": 6}",,robi
xgboost,28,20.23569048137425,"{""lookback"": 12, ""covariates"": false, ""context"": ""none"", ""n_estimators"": 400, ""learning_rate"": 0.24281940460430024, ""max_depth"": 2, ""subsample"": 0.9, ""colsample_bytree"": 0.9, ""min_child_weight"": 3}",,robi
xgboost,14,20.3356894941366,"{""lookback"": 48, ""covariates"": false, ""context"": ""all"", ""n_estimators"": 400, ""learning_rate"": 0.1822131929365119, ""max_depth"": 2, ""subsample"": 0.6, ""colsample_bytree"": 1.0, ""min_child_weight"": 1}",,robi
xgboost,22,20.38322967983989,"{""lookback"": 8, ""covariates"": false, ""context"": ""none"", ""n_estimators"": 200, ""learning_rate"": 0.028309684708575773, ""max_depth"": 8, ""subsample"": 0.9, ""colsample_bytree"": 0.9, ""min_child_weight"": 1}",,robi
