Timestamp,Gbps,target,hour,dayofweek,dayofyear,month,lag_1,lag_2,lag_3,lag_24,rolling_mean_24,rolling_std_24,is_weekend,is_holiday,is_offer,is_event,is_political_gathering,is_powercut,is_rain,event,is_drama
4/4/2025 10:12,111.0967742,111.0967742,10,4,94,4,0,0,0,0,0,0,1,0,0,0,0,0,0,0,0
4/4/2025 11:38,111.0967742,111.0967742,11,4,94,4,111.0967742,0,0,0,4.629032258,22.67753407,1,0,0,0,0,0,0,0,0
4/4/2025 13:03,111.0967742,111.0967742,13,4,94,4,111.0967742,111.0967742,0,0,9.258064517,31.36593574,1,0,0,0,0,0,0,0,0
4/4/2025 14:29,117.8709677,117.8709677,14,4,94,4,111.0967742,111.0967742,111.0967742,0,13.88709677,37.53204124,1,0,0,0,0,0,0,0,0
4/4/2025 15:55,118.7741935,118.7741935,15,4,94,4,117.8709677,111.0967742,111.0967742,0,18.7983871,42.95596338,1,0,0,0,0,0,0,0,0
4/4/2025 17:20,119.2258065,119.2258065,17,4,94,4,118.7741935,117.8709677,111.0967742,0,23.74731183,47.31665675,1,0,0,0,0,0,0,0,0
4/4/2025 18:46,119.2258065,119.2258065,18,4,94,4,119.2258065,118.7741935,117.8709677,0,28.71505376,50.84240066,1,0,0,0,0,0,0,0,0
4/4/2025 20:11,118.7741935,118.7741935,20,4,94,4,119.2258065,119.2258065,118.7741935,0,33.6827957,53.66125727,1,0,0,0,0,0,0,0,0
4/4/2025 21:37,117.8709677,117.8709677,21,4,94,4,118.7741935,119.2258065,119.2258065,0,38.63172043,55.85206116,1,0,0,0,0,0,0,0,0
4/4/2025 23:03,100.7096774,100.7096774,23,4,94,4,117.8709677,118.7741935,119.2258065,0,43.54301075,57.46642229,1,0,0,0,0,0,0,0,0
4/5/2025 0:28,99.80645161,99.80645161,0,5,95,4,100.7096774,117.8709677,118.7741935,0,47.73924731,57.82447024,1,0,0,0,0,0,0,0,0
4/5/2025 1:54,70.90322581,70.90322581,1,5,95,4,99.80645161,100.7096774,117.8709677,0,51.89784946,57.83082447,1,0,0,0,0,0,0,0,0
4/5/2025 3:19,72.25806452,72.25806452,3,5,95,4,70.90322581,99.80645161,100.7096774,0,54.85215053,56.86736896,1,0,0,0,0,0,0,0,0
4/5/2025 4:45,106.1290323,106.1290323,4,5,95,4,72.25806452,70.90322581,99.80645161,0,57.86290322,55.73863787,1,0,0,0,0,0,0,0,0
4/5/2025 6:11,106.5806452,106.5806452,6,5,95,4,106.1290323,72.25806452,70.90322581,0,62.28494624,55.15531382,1,0,0,0,0,0,0,0,0
4/5/2025 7:36,106.5806452,106.5806452,7,5,95,4,106.5806452,106.1290323,72.25806452,0,66.72580645,54.20487843,1,0,0,0,0,0,0,0,0
4/5/2025 9:02,106.5806452,106.5806452,9,5,95,4,106.5806452,106.5806452,106.1290323,0,71.16666667,52.8495192,1,0,0,0,0,0,0,0,0
4/5/2025 10:28,106.5806452,106.5806452,10,5,95,4,106.5806452,106.5806452,106.5806452,0,75.60752689,51.05699897,1,0,0,0,0,0,0,0,0
4/5/2025 11:53,116.516129,116.516129,11,5,95,4,106.5806452,106.5806452,106.5806452,0,80.0483871,48.77914759,1,0,0,0,0,0,0,0,0
4/5/2025 13:19,116.516129,116.516129,13,5,95,4,116.516129,106.5806452,106.5806452,0,84.90322581,46.19561687,1,0,0,0,0,0,0,0,0
4/5/2025 14:44,116.516129,116.516129,14,5,95,4,116.516129,116.516129,106.5806452,0,89.75806452,42.88911704,1,0,0,0,0,0,0,0,0
4/5/2025 16:10,116.516129,116.516129,16,5,95,4,116.516129,116.516129,116.516129,0,94.61290323,38.67465924,1,0,0,0,0,0,0,0,0
4/5/2025 17:36,116.516129,116.516129,17,5,95,4,116.516129,116.516129,116.516129,0,99.46774194,33.20833838,1,0,0,0,0,0,1,0,0
4/5/2025 19:01,98.4516129,98.4516129,19,5,95,4,116.516129,116.516129,116.516129,0,104.3225806,25.70349729,1,0,0,0,0,0,1,0,0
4/5/2025 20:27,97.09677419,97.09677419,20,5,95,4,98.4516129,116.516129,116.516129,111.0967742,108.4247312,13.09299327,1,0,0,0,0,0,1,0,0
4/5/2025 21:52,93.93548387,93.93548387,21,5,95,4,97.09677419,98.4516129,116.516129,111.0967742,107.8413978,13.2793154,1,0,0,0,0,0,0,0,0
4/5/2025 23:18,69.09677419,69.09677419,23,5,95,4,93.93548387,97.09677419,98.4516129,111.0967742,107.1263441,13.55557117,1,0,0,0,0,0,0,0,0
4/6/2025 0:44,69.5483871,69.5483871,0,6,96,4,69.09677419,93.93548387,97.09677419,117.8709677,105.3763441,15.58052658,0,0,0,0,0,0,0,0,0
4/6/2025 2:09,99.35483871,99.35483871,2,6,96,4,69.5483871,69.09677419,93.93548387,118.7741935,103.3629032,16.95716704,0,0,0,0,0,0,0,0,0
4/6/2025 3:35,100.2580645,100.2580645,3,6,96,4,99.35483871,69.5483871,69.09677419,119.2258065,102.5537634,16.65035652,0,0,0,0,0,0,0,0,0
4/6/2025 5:00,100.7096774,100.7096774,5,6,96,4,100.2580645,99.35483871,69.5483871,119.2258065,101.7634409,16.27042281,0,0,0,0,0,0,0,0,0
4/6/2025 6:26,103.4193548,103.4193548,6,6,96,4,100.7096774,100.2580645,99.35483871,118.7741935,100.9919355,15.83969155,0,0,0,0,0,0,0,0,0
4/6/2025 7:52,103.4193548,103.4193548,7,6,96,4,103.4193548,100.7096774,100.2580645,117.8709677,100.3521505,15.3940473,0,0,0,0,0,0,0,0,0
4/6/2025 9:17,112,112,9,6,96,4,103.4193548,103.4193548,100.7096774,100.7096774,99.75,14.95538388,0,0,0,0,0,0,0,0,0
4/6/2025 10:43,113.3548387,113.3548387,10,6,96,4,112,103.4193548,103.4193548,99.80645161,100.2204301,15.16301403,0,0,0,0,0,0,0,0,0
4/6/2025 12:09,113.8064516,113.8064516,12,6,96,4,113.3548387,112,103.4193548,70.90322581,100.7849462,15.39732317,0,0,0,0,0,0,0,0,0
4/6/2025 13:34,113.8064516,113.8064516,13,6,96,4,113.8064516,113.3548387,112,72.25806452,102.5725806,14.22296215,0,0,0,0,0,0,0,0,0
4/6/2025 15:00,112.9032258,112.9032258,15,6,96,4,113.8064516,113.8064516,113.3548387,106.1290323,104.3037634,12.83343649,0,0,0,0,0,0,0,0,0
4/6/2025 16:25,112,112,16,6,96,4,112.9032258,113.8064516,113.8064516,106.5806452,104.5860215,12.94929946,0,0,0,0,0,0,0,0,0
4/6/2025 17:51,96.19354839,96.19354839,17,6,96,4,112,112.9032258,113.8064516,106.5806452,104.8118279,13.03257628,0,0,0,0,0,0,0,0,0
4/6/2025 19:17,94.83870968,94.83870968,19,6,96,4,96.19354839,112,112.9032258,106.5806452,104.3790322,13.14328323,0,0,0,0,0,0,0,0,0
4/6/2025 20:42,69.5483871,69.5483871,20,6,96,4,94.83870968,96.19354839,112,106.5806452,103.8897849,13.27564214,0,0,0,0,0,0,0,0,0
4/6/2025 22:08,69.5483871,69.5483871,22,6,96,4,69.5483871,94.83870968,96.19354839,116.516129,102.3467742,14.99062201,0,0,0,0,0,0,0,0,0
4/6/2025 23:33,103.4193548,103.4193548,23,6,96,4,69.5483871,69.5483871,94.83870968,116.516129,100.3897849,16.08615314,0,0,0,0,0,0,0,0,0
4/7/2025 0:59,103.4193548,103.4193548,0,0,97,4,103.4193548,69.5483871,69.5483871,116.516129,99.84408601,15.73358613,0,0,0,0,0,0,0,0,0
4/7/2025 2:25,103.8709677,103.8709677,2,0,97,4,103.4193548,103.4193548,69.5483871,116.516129,99.29838708,15.35270899,0,0,0,0,0,0,0,0,0
4/7/2025 3:50,103.8709677,103.8709677,3,0,97,4,103.8709677,103.4193548,103.4193548,116.516129,98.77150536,14.94777261,0,0,0,0,0,0,0,0,0
4/7/2025 5:16,103.8709677,103.8709677,5,0,97,4,103.8709677,103.8709677,103.4193548,98.4516129,98.24462364,14.51160882,0,0,0,0,0,0,0,0,0
4/7/2025 6:42,117.8709677,117.8709677,6,0,97,4,103.8709677,103.8709677,103.8709677,97.09677419,98.47043009,14.55706217,0,0,0,0,0,0,0,0,0
4/7/2025 8:07,118.3225806,118.3225806,8,0,97,4,117.8709677,103.8709677,103.8709677,93.93548387,99.33602149,15.08007226,0,0,0,0,0,0,0,0,0
4/7/2025 9:33,118.3225806,118.3225806,9,0,97,4,118.3225806,117.8709677,103.8709677,69.09677419,100.3521505,15.51568702,0,0,0,0,0,0,0,0,0
4/7/2025 10:58,117.8709677,117.8709677,10,0,97,4,118.3225806,118.3225806,117.8709677,69.5483871,102.4032258,14.41920893,0,0,0,0,0,0,0,0,0
4/7/2025 12:24,115.6129032,115.6129032,12,0,97,4,117.8709677,118.3225806,118.3225806,99.35483871,104.4166666,12.92878224,0,0,0,0,0,0,0,0,0
4/7/2025 13:50,96.19354839,96.19354839,13,0,97,4,115.6129032,117.8709677,118.3225806,100.2580645,105.094086,13.07710997,0,0,0,0,0,0,0,0,0
4/7/2025 15:15,95.29032258,95.29032258,15,0,97,4,96.19354839,115.6129032,117.8709677,100.7096774,104.9247312,13.1684614,0,0,0,0,0,0,0,0,0
4/7/2025 16:41,94.38709677,94.38709677,16,0,97,4,95.29032258,96.19354839,115.6129032,103.4193548,104.6989247,13.28978697,0,0,0,0,0,0,0,0,0
4/7/2025 18:06,66.83870968,66.83870968,18,0,97,4,94.38709677,95.29032258,96.19354839,103.4193548,104.3225806,13.45446641,0,0,0,0,0,0,0,0,0
4/7/2025 19:32,67.29032258,67.29032258,19,0,97,4,66.83870968,94.38709677,95.29032258,112,102.7983871,15.48068938,0,0,0,0,0,0,0,0,0
4/7/2025 20:58,97.09677419,97.09677419,20,0,97,4,67.29032258,66.83870968,94.38709677,113.3548387,100.9354839,16.94601822,0,0,0,0,0,0,0,0,0
4/7/2025 22:23,98.4516129,98.4516129,22,0,97,4,97.09677419,67.29032258,66.83870968,113.8064516,100.2580645,16.75181373,0,0,0,0,0,0,0,0,0
4/7/2025 23:49,98.90322581,98.90322581,23,0,97,4,98.4516129,97.09677419,67.29032258,113.8064516,99.61827955,16.50324835,0,0,0,0,0,0,0,0,0
4/8/2025 1:15,98.90322581,98.90322581,1,1,98,4,98.90322581,98.4516129,97.09677419,112.9032258,98.99731181,16.22420145,0,0,0,0,0,0,0,0,0
4/8/2025 2:40,98.90322581,98.90322581,2,1,98,4,98.90322581,98.90322581,98.4516129,112,98.41397848,15.9518789,0,0,0,0,0,0,0,0,0
4/8/2025 4:06,112.9032258,112.9032258,4,1,98,4,98.90322581,98.90322581,98.90322581,96.19354839,97.86827955,15.68875063,0,0,0,0,0,0,0,0,0
4/8/2025 5:31,114.2580645,114.2580645,5,1,98,4,112.9032258,98.90322581,98.90322581,94.83870968,98.56451611,15.97927954,0,0,0,0,0,0,0,0,0
4/8/2025 6:57,114.2580645,114.2580645,6,1,98,4,114.2580645,112.9032258,98.90322581,69.5483871,99.3736559,16.2714106,0,0,0,0,0,0,0,0,0
4/8/2025 8:23,114.2580645,114.2580645,8,1,98,4,114.2580645,114.2580645,112.9032258,69.5483871,101.2365591,15.23463107,0,0,0,0,0,0,0,0,0
4/8/2025 9:48,113.3548387,113.3548387,9,1,98,4,114.2580645,114.2580645,114.2580645,103.4193548,103.0994623,13.8631372,0,0,0,0,0,0,0,0,0
4/8/2025 11:14,112,112,11,1,98,4,113.3548387,114.2580645,114.2580645,103.4193548,103.5134408,14.02055714,0,0,0,0,0,0,0,0,0
4/8/2025 12:39,94.38709677,94.38709677,12,1,98,4,112,113.3548387,114.2580645,103.8709677,103.8709677,14.1270532,0,0,0,0,0,0,0,0,0
4/8/2025 14:05,92.58064516,92.58064516,14,1,98,4,94.38709677,112,113.3548387,103.8709677,103.4758064,14.25907749,0,0,0,0,0,0,0,0,0
4/8/2025 15:31,63.67741935,63.67741935,15,1,98,4,92.58064516,94.38709677,112,103.8709677,103.0053763,14.43068405,0,0,0,0,0,0,0,0,0
4/8/2025 16:56,63.67741935,63.67741935,16,1,98,4,63.67741935,92.58064516,94.38709677,117.8709677,101.3306452,16.50856475,0,0,0,0,0,0,0,0,0
4/8/2025 18:22,92.58064516,92.58064516,18,1,98,4,63.67741935,63.67741935,92.58064516,118.3225806,99.07258064,17.80334965,0,0,0,0,0,0,0,0,0
4/8/2025 19:48,93.48387097,93.48387097,19,1,98,4,92.58064516,63.67741935,63.67741935,118.3225806,97.99999999,17.36317364,0,0,0,0,0,0,0,0,0
4/8/2025 21:13,95.74193548,95.74193548,21,1,98,4,93.48387097,92.58064516,63.67741935,117.8709677,96.96505376,16.83128142,0,0,0,0,0,0,0,0,0
4/8/2025 22:39,95.74193548,95.74193548,22,1,98,4,95.74193548,93.48387097,92.58064516,115.6129032,96.04301075,16.23168084,0,0,0,0,0,0,0,0,0
4/9/2025 0:04,96.19354839,96.19354839,0,2,99,4,95.74193548,95.74193548,93.48387097,96.19354839,95.21505376,15.68772615,0,0,0,1,0,0,0,0,0
4/9/2025 1:30,111.0967742,111.0967742,1,2,99,4,96.19354839,95.74193548,95.74193548,95.29032258,95.21505376,15.68772615,0,0,0,1,0,0,0,0,0
4/9/2025 2:56,112,112,2,2,99,4,111.0967742,96.19354839,95.74193548,94.38709677,95.87365591,16.01931241,0,0,0,1,0,0,0,0,0
4/9/2025 4:21,112,112,4,2,99,4,112,111.0967742,96.19354839,66.83870968,96.60752688,16.34830935,0,0,0,1,0,0,0,0,0
4/9/2025 5:47,112,112,5,2,99,4,112,112,111.0967742,67.29032258,98.48924731,15.34092404,0,0,0,0,0,0,0,0,0
4/9/2025 7:12,111.5483871,111.5483871,7,2,99,4,112,112,112,97.09677419,100.3521505,14.04772701,0,0,0,0,0,0,0,0,0
4/9/2025 8:38,95.29032258,95.29032258,8,2,99,4,111.5483871,112,112,98.4516129,100.9543011,14.21090331,0,0,0,0,0,0,0,0,0
4/9/2025 10:04,94.38709677,94.38709677,10,2,99,4,95.29032258,111.5483871,112,98.90322581,100.8225806,14.24970721,0,0,0,0,0,0,0,0,0
4/9/2025 11:29,91.22580645,91.22580645,11,2,99,4,94.38709677,95.29032258,111.5483871,98.90322581,100.6344086,14.30586273,0,0,0,0,0,0,0,0,0
4/9/2025 12:55,66.83870968,66.83870968,12,2,99,4,91.22580645,94.38709677,95.29032258,98.90322581,100.3145161,14.43154177,0,0,0,0,0,0,0,0,0
4/9/2025 14:20,67.29032258,67.29032258,14,2,99,4,66.83870968,91.22580645,94.38709677,112.9032258,98.97849462,15.97007411,0,0,0,0,0,0,0,0,0
4/9/2025 15:46,95.29032258,95.29032258,15,2,99,4,67.29032258,66.83870968,91.22580645,114.2580645,97.07795699,16.9263728,0,0,0,0,0,0,0,0,0
4/9/2025 17:12,95.74193548,95.74193548,17,2,99,4,95.29032258,67.29032258,66.83870968,114.2580645,96.28763441,16.52744374,0,0,0,0,0,0,0,0,0
4/9/2025 18:37,96.19354839,96.19354839,18,2,99,4,95.74193548,95.29032258,67.29032258,114.2580645,95.51612903,16.07816945,0,0,0,0,0,0,0,0,0
4/9/2025 20:03,100.2580645,100.2580645,20,2,99,4,96.19354839,95.74193548,95.29032258,113.3548387,94.76344086,15.57768061,0,0,0,0,0,0,0,0,0
4/9/2025 21:29,100.2580645,100.2580645,21,2,99,4,100.2580645,96.19354839,95.74193548,112,94.21774193,15.12078756,0,0,0,0,0,0,0,0,0
4/9/2025 22:54,116.516129,116.516129,22,2,99,4,100.2580645,100.2580645,96.19354839,94.38709677,93.72849462,14.70464444,0,0,0,0,0,0,0,0,0
4/10/2025 0:20,117.4193548,117.4193548,0,3,100,4,116.516129,100.2580645,100.2580645,92.58064516,94.65053763,15.42393632,0,0,0,1,0,0,0,0,0
4/10/2025 1:45,117.8709677,117.8709677,1,3,100,4,117.4193548,116.516129,100.2580645,63.67741935,95.68548387,16.09763353,0,0,0,1,0,0,0,0,0
4/10/2025 3:11,117.8709677,117.8709677,3,3,100,4,117.8709677,117.4193548,116.516129,63.67741935,97.94354838,15.18778756,0,0,0,1,0,0,0,0,0
4/10/2025 4:37,117.4193548,117.4193548,4,3,100,4,117.8709677,117.8709677,117.4193548,92.58064516,100.2016129,13.84062452,0,0,0,1,0,0,0,0,0
4/10/2025 6:02,116.516129,116.516129,6,3,100,4,117.4193548,117.8709677,117.8709677,93.48387097,101.2365591,14.17071561,0,0,0,0,0,0,0,0,0
4/10/2025 7:28,97.5483871,97.5483871,7,3,100,4,116.516129,117.4193548,117.8709677,95.74193548,102.1962365,14.40088872,0,0,0,0,0,0,0,0,0
4/10/2025 8:53,63.22580645,63.22580645,8,3,100,4,97.5483871,116.516129,117.4193548,95.74193548,102.2715054,14.37037599,0,0,0,0,0,0,0,0,0
4/10/2025 10:19,63.67741935,63.67741935,10,3,100,4,63.22580645,97.5483871,116.516129,96.19354839,100.9166667,16.40195435,0,0,0,0,0,0,0,0,0
4/10/2025 11:45,63.67741935,63.67741935,11,3,100,4,63.67741935,63.22580645,97.5483871,111.0967742,99.56182795,18.06745096,0,0,0,0,0,0,0,0,0
4/10/2025 13:10,88.06451613,88.06451613,13,3,100,4,63.67741935,63.67741935,63.22580645,112,97.58602149,19.30183407,0,0,0,0,0,0,0,0,0
4/10/2025 14:36,88.51612903,88.51612903,14,3,100,4,88.06451613,63.67741935,63.67741935,112,96.58870967,19.14239945,0,0,0,0,0,0,0,0,0
4/10/2025 16:02,94.83870968,94.83870968,16,3,100,4,88.51612903,88.06451613,63.67741935,112,95.61021504,18.91928319,0,0,0,0,0,0,0,0,0
4/10/2025 17:27,94.83870968,94.83870968,17,3,100,4,94.83870968,88.51612903,88.06451613,111.5483871,94.89516128,18.5944151,0,0,0,0,0,0,0,0,0
4/10/2025 18:53,94.83870968,94.83870968,18,3,100,4,94.83870968,94.83870968,88.51612903,95.29032258,94.19892472,18.25345905,0,0,0,0,0,0,0,0,0
4/10/2025 20:18,111.0967742,111.0967742,20,3,100,4,94.83870968,94.83870968,94.83870968,94.38709677,94.18010752,18.25251778,0,0,0,0,0,0,0,0,0
4/10/2025 21:44,111.0967742,111.0967742,21,3,100,4,111.0967742,94.83870968,94.83870968,91.22580645,94.87634408,18.57657267,0,0,0,0,0,0,0,0,0
4/10/2025 23:10,111.0967742,111.0967742,23,3,100,4,111.0967742,111.0967742,94.83870968,66.83870968,95.70430107,18.84764064,0,0,0,0,0,0,0,0,0
4/11/2025 0:35,111.0967742,111.0967742,0,4,101,4,111.0967742,111.0967742,111.0967742,67.29032258,97.54838709,18.04880101,1,0,0,0,0,0,0,0,0
4/11/2025 2:01,110.6451613,110.6451613,2,4,101,4,111.0967742,111.0967742,111.0967742,95.29032258,99.3736559,17.04280007,1,0,0,0,0,0,0,0,0
4/11/2025 3:26,97.09677419,97.09677419,3,4,101,4,110.6451613,111.0967742,111.0967742,95.74193548,100.0134409,17.17057799,1,0,0,0,0,0,0,0,0
4/11/2025 4:52,96.19354839,96.19354839,4,4,101,4,97.09677419,110.6451613,111.0967742,96.19354839,100.0698925,17.15814665,1,0,0,0,0,0,0,0,0
4/11/2025 6:18,91.22580645,91.22580645,6,4,101,4,96.19354839,97.09677419,110.6451613,100.2580645,100.0698925,17.15814665,1,0,0,0,0,0,0,0,0
4/11/2025 7:43,64.58064516,64.58064516,7,4,101,4,91.22580645,96.19354839,97.09677419,100.2580645,99.69354838,17.25263575,1,0,0,0,0,0,0,0,0
4/11/2025 9:09,65.93548387,65.93548387,9,4,101,4,64.58064516,91.22580645,96.19354839,116.516129,98.20698924,18.67990065,1,0,0,0,0,0,0,0,0
4/11/2025 10:35,91.22580645,91.22580645,10,4,101,4,65.93548387,64.58064516,91.22580645,117.4193548,96.09946236,19.36515834,1,0,0,0,0,0,0,0,0
4/11/2025 12:00,91.67741935,91.67741935,12,4,101,4,91.22580645,65.93548387,64.58064516,117.8709677,95.00806451,18.84241555,1,0,0,0,0,0,0,0,0
4/11/2025 13:26,91.67741935,91.67741935,13,4,101,4,91.67741935,91.22580645,65.93548387,117.8709677,93.91666666,18.20849732,1,0,0,0,0,0,0,0,0
4/11/2025 14:51,94.38709677,94.38709677,14,4,101,4,91.67741935,91.67741935,91.22580645,117.4193548,92.82526882,17.48073937,1,0,0,0,0,0,0,0,0
4/11/2025 16:17,94.38709677,94.38709677,16,4,101,4,94.38709677,91.67741935,91.67741935,116.516129,91.8655914,16.68600094,1,0,0,0,0,0,0,0,0
4/11/2025 17:43,111.5483871,111.5483871,17,4,101,4,94.38709677,94.38709677,91.67741935,97.5483871,90.94354839,15.85535912,1,0,0,0,0,0,0,0,0
4/11/2025 19:08,112.4516129,112.4516129,19,4,101,4,111.5483871,94.38709677,94.38709677,63.22580645,91.52688172,16.35847648,1,0,0,0,0,0,0,0,0
4/11/2025 20:34,112.9032258,112.9032258,20,4,101,4,112.4516129,111.5483871,94.38709677,63.67741935,93.57795699,15.72967563,1,0,0,0,0,0,0,0,0
4/11/2025 21:59,112.9032258,112.9032258,21,4,101,4,112.9032258,112.4516129,111.5483871,63.67741935,95.62903226,14.84584559,1,0,0,0,0,0,0,0,0
4/11/2025 23:25,112.4516129,112.4516129,23,4,101,4,112.9032258,112.9032258,112.4516129,88.06451613,97.68010753,13.58660847,1,0,0,0,0,0,0,0,0
4/12/2025 0:51,111.5483871,111.5483871,0,5,102,4,112.4516129,112.9032258,112.9032258,88.51612903,98.69623656,13.74719532,1,0,0,0,1,0,0,0,0
4/12/2025 2:16,94.38709677,94.38709677,2,5,102,4,111.5483871,112.4516129,112.9032258,94.83870968,99.65591398,13.80942237,1,0,0,0,1,0,0,0,0
4/12/2025 3:42,65.48387097,65.48387097,3,5,102,4,94.38709677,111.5483871,112.4516129,94.83870968,99.63709677,13.8165777,1,0,0,0,1,0,0,0,0
4/12/2025 5:08,65.93548387,65.93548387,5,5,102,4,65.48387097,94.38709677,111.5483871,94.83870968,98.41397849,15.46126115,1,0,0,0,1,0,0,0,0
4/12/2025 6:33,65.93548387,65.93548387,6,5,102,4,65.93548387,65.48387097,94.38709677,111.0967742,97.20967742,16.81798416,1,0,0,0,1,0,0,0,0
4/12/2025 7:59,85.35483871,85.35483871,7,5,102,4,65.93548387,65.93548387,65.48387097,111.0967742,95.32795699,17.69999804,1,0,0,0,1,0,0,0,0
4/12/2025 9:24,85.80645161,85.80645161,9,5,102,4,85.35483871,65.93548387,65.93548387,111.0967742,94.25537634,17.48150027,1,0,0,0,1,0,0,0,0
4/12/2025 10:50,91.67741935,91.67741935,10,5,102,4,85.80645161,85.35483871,65.93548387,111.0967742,93.2016129,17.18184991,1,0,0,0,1,0,0,0,0
4/12/2025 12:16,92.58064516,92.58064516,12,5,102,4,91.67741935,85.80645161,85.35483871,110.6451613,92.39247312,16.75441618,1,0,0,0,1,0,0,0,0
4/12/2025 13:41,92.58064516,92.58064516,13,5,102,4,92.58064516,91.67741935,85.80645161,97.09677419,91.63978494,16.29833074,1,0,0,0,1,0,0,0,0
4/12/2025 15:07,107.483871,107.483871,15,5,102,4,92.58064516,92.58064516,91.67741935,96.19354839,91.4516129,16.25860993,1,0,0,0,1,0,0,0,0
4/12/2025 16:32,107.9354839,107.9354839,16,5,102,4,107.483871,92.58064516,92.58064516,91.22580645,91.92204301,16.56228189,1,0,0,0,1,0,0,0,0
4/12/2025 17:58,107.9354839,107.9354839,17,5,102,4,107.9354839,107.483871,92.58064516,64.58064516,92.61827957,16.87991194,1,0,0,0,1,0,0,0,0
4/12/2025 19:24,107.9354839,107.9354839,19,5,102,4,107.9354839,107.9354839,107.483871,65.93548387,94.42473118,16.04831321,1,0,0,0,1,0,0,0,0
4/12/2025 20:49,107.483871,107.483871,20,5,102,4,107.9354839,107.9354839,107.9354839,91.22580645,96.17473119,15.06654145,1,0,0,0,1,0,0,0,0
4/12/2025 22:15,95.29032258,95.29032258,22,5,102,4,107.483871,107.9354839,107.9354839,91.67741935,96.85215054,15.19926585,1,0,0,0,1,0,0,0,0
4/12/2025 23:40,94.38709677,94.38709677,23,5,102,4,95.29032258,107.483871,107.9354839,91.67741935,97.00268818,15.1636354,1,0,0,0,1,0,0,0,0
4/13/2025 1:06,93.48387097,93.48387097,1,6,103,4,94.38709677,95.29032258,107.483871,94.38709677,97.1155914,15.13231667,0,0,0,0,0,0,0,0,0
4/13/2025 2:32,63.22580645,63.22580645,2,6,103,4,93.48387097,94.38709677,95.29032258,94.38709677,97.07795699,15.14051849,0,0,0,0,0,0,0,0,0
4/13/2025 3:57,64.12903226,64.12903226,3,6,103,4,63.22580645,93.48387097,94.38709677,111.5483871,95.7795699,16.6428988,0,0,0,0,0,0,0,0,0
4/13/2025 5:23,89.41935484,89.41935484,5,6,103,4,64.12903226,63.22580645,93.48387097,112.4516129,93.80376345,17.48302198,0,0,0,0,0,0,0,0,0
4/13/2025 6:49,89.41935484,89.41935484,6,6,103,4,89.41935484,64.12903226,63.22580645,112.9032258,92.84408603,17.04146673,0,0,0,0,0,0,0,0,0
4/13/2025 8:14,89.87096774,89.87096774,8,6,103,4,89.41935484,89.41935484,64.12903226,112.9032258,91.8655914,16.50539752,0,0,0,0,0,0,0,0,0
4/13/2025 9:40,94.83870968,94.83870968,9,6,103,4,89.87096774,89.41935484,89.41935484,112.4516129,90.90591398,15.88702001,0,0,0,0,0,0,0,0,0
4/13/2025 11:05,94.83870968,94.83870968,11,6,103,4,94.83870968,89.87096774,89.41935484,111.5483871,90.17204302,15.24219608,0,0,0,0,0,0,0,0,0
4/13/2025 12:31,107.483871,107.483871,12,6,103,4,94.83870968,94.83870968,89.87096774,94.38709677,89.47580646,14.59103396,0,0,0,0,0,0,0,0,0
4/13/2025 13:57,108.3870968,108.3870968,13,6,103,4,107.483871,94.83870968,94.83870968,65.48387097,90.02150538,15.0212646,0,0,0,0,0,0,0,0,0
4/13/2025 15:22,106.1290323,106.1290323,15,6,103,4,108.3870968,107.483871,94.83870968,65.93548387,91.80913979,14.51863441,0,0,0,0,0,0,0,0,0
4/13/2025 16:48,106.1290323,106.1290323,16,6,103,4,106.1290323,108.3870968,107.483871,65.93548387,93.48387098,13.69939224,0,0,0,0,0,0,0,0,0
4/13/2025 18:13,93.03225806,93.03225806,18,6,103,4,106.1290323,106.1290323,108.3870968,85.35483871,95.15860216,12.59772251,0,0,0,0,0,0,0,0,0
4/13/2025 19:39,93.03225806,93.03225806,19,6,103,4,93.03225806,106.1290323,106.1290323,85.80645161,95.47849464,12.43436979,0,0,0,0,0,0,0,0,0
4/13/2025 21:05,91.67741935,91.67741935,21,6,103,4,93.03225806,93.03225806,106.1290323,91.67741935,95.7795699,12.27647422,0,0,0,0,0,0,0,0,0
4/13/2025 22:30,60.06451613,60.06451613,22,6,103,4,91.67741935,93.03225806,93.03225806,92.58064516,95.7795699,12.27647422,0,0,0,0,0,0,0,0,0
4/13/2025 23:56,60.51612903,60.51612903,23,6,103,4,60.06451613,91.67741935,93.03225806,92.58064516,94.42473119,14.27623394,0,0,0,0,0,0,0,0,0
4/14/2025 1:22,60.51612903,60.51612903,1,0,104,4,60.51612903,60.06451613,91.67741935,107.483871,93.08870969,15.86793793,0,1,1,0,0,0,0,0,1
4/14/2025 2:47,84.90322581,84.90322581,2,0,104,4,60.51612903,60.51612903,60.06451613,107.9354839,91.13172044,16.87941944,0,1,1,0,0,0,0,0,1
4/14/2025 4:13,85.35483871,85.35483871,4,0,104,4,84.90322581,60.51612903,60.51612903,107.9354839,90.17204302,16.53371333,0,1,1,0,0,0,0,0,1
4/14/2025 5:38,91.67741935,91.67741935,5,0,104,4,85.35483871,84.90322581,60.51612903,107.9354839,89.2311828,16.11613417,0,1,1,0,0,0,0,0,1
4/14/2025 7:04,92.58064516,92.58064516,7,0,104,4,91.67741935,85.35483871,84.90322581,107.483871,88.55376345,15.63010559,0,1,1,0,0,0,0,0,1
4/14/2025 8:30,92.58064516,92.58064516,8,0,104,4,92.58064516,91.67741935,85.35483871,95.29032258,87.9327957,15.13348864,0,1,1,0,0,0,0,0,1
4/14/2025 9:55,110.6451613,110.6451613,9,0,104,4,92.58064516,92.58064516,91.67741935,94.38709677,87.81989248,15.08624535,0,1,1,0,0,0,0,0,1
4/14/2025 11:21,110.6451613,110.6451613,11,0,104,4,110.6451613,92.58064516,92.58064516,93.48387097,88.49731183,15.74460787,0,1,1,0,0,0,0,0,1
4/14/2025 12:46,110.6451613,110.6451613,12,0,104,4,110.6451613,110.6451613,92.58064516,63.22580645,89.2123656,16.35864588,0,1,1,0,0,0,0,0,1
4/14/2025 14:12,110.6451613,110.6451613,14,0,104,4,110.6451613,110.6451613,110.6451613,64.12903226,91.18817205,15.94186967,0,1,1,0,0,0,0,0,1
4/14/2025 15:38,109.7419355,109.7419355,15,0,104,4,110.6451613,110.6451613,110.6451613,89.41935484,93.12634409,15.32476671,0,1,1,0,0,0,0,0,1
4/14/2025 17:03,97.09677419,97.09677419,17,0,104,4,109.7419355,110.6451613,110.6451613,89.41935484,93.97311829,15.66863718,0,1,1,0,0,0,0,0,1
4/14/2025 18:29,96.19354839,96.19354839,18,0,104,4,97.09677419,109.7419355,110.6451613,89.87096774,94.29301076,15.64998529,0,1,1,0,0,0,0,0,1
4/14/2025 19:55,93.48387097,93.48387097,19,0,104,4,96.19354839,97.09677419,109.7419355,94.83870968,94.55645162,15.6255071,0,1,1,0,0,0,0,0,1
4/14/2025 21:20,63.22580645,63.22580645,21,0,104,4,93.48387097,96.19354839,97.09677419,94.83870968,94.50000001,15.62689034,0,1,1,0,0,0,0,0,1
4/14/2025 22:46,64.12903226,64.12903226,22,0,104,4,63.22580645,93.48387097,96.19354839,107.483871,93.18279571,16.87925527,0,1,1,0,0,0,0,0,1
4/15/2025 0:11,94.38709677,94.38709677,0,1,105,4,64.12903226,63.22580645,93.48387097,108.3870968,91.37634409,17.58729154,0,0,0,0,0,0,0,0,1
4/15/2025 1:37,94.83870968,94.83870968,1,1,105,4,94.38709677,64.12903226,63.22580645,106.1290323,90.79301076,17.22703537,0,0,0,0,0,0,0,0,1
4/15/2025 3:03,94.83870968,94.83870968,3,1,105,4,94.83870968,94.38709677,64.12903226,106.1290323,90.32258065,16.94183145,0,0,0,0,0,0,0,0,1
4/15/2025 4:28,94.83870968,94.83870968,4,1,105,4,94.83870968,94.83870968,94.38709677,93.03225806,89.85215054,16.6378696,0,0,0,0,0,0,0,0,1
4/15/2025 5:54,110.1935484,110.1935484,5,1,105,4,94.83870968,94.83870968,94.83870968,93.03225806,89.92741936,16.65695694,0,0,0,0,0,0,0,0,1
4/15/2025 7:19,110.6451613,110.6451613,7,1,105,4,110.1935484,94.83870968,94.83870968,91.67741935,90.64247312,17.15688688,0,0,0,0,0,0,0,0,1
4/15/2025 8:45,110.6451613,110.6451613,8,1,105,4,110.6451613,110.1935484,94.83870968,60.06451613,91.4327957,17.63679138,0,0,0,0,0,0,0,0,1
4/15/2025 10:11,110.6451613,110.6451613,10,1,105,4,110.6451613,110.6451613,110.1935484,60.51612903,93.54032258,16.72390036,0,0,0,0,0,0,0,0,1
4/15/2025 11:36,110.6451613,110.6451613,11,1,105,4,110.6451613,110.6451613,110.6451613,60.51612903,95.62903226,15.50612298,0,0,0,0,0,0,0,0,1
4/15/2025 13:02,95.29032258,95.29032258,13,1,105,4,110.6451613,110.6451613,110.6451613,84.90322581,97.71774194,13.85951206,0,0,0,0,0,0,0,0,1
4/15/2025 14:28,95.29032258,95.29032258,14,1,105,4,95.29032258,110.6451613,110.6451613,85.35483871,98.15053764,13.60173384,0,0,0,0,0,0,0,0,1
4/15/2025 15:53,93.48387097,93.48387097,15,1,105,4,95.29032258,95.29032258,110.6451613,91.67741935,98.56451613,13.34411221,0,0,0,0,0,0,0,0,1
4/16/2025 0:27,92.12903226,92.12903226,0,2,106,4,48.32258065,48.32258065,37.48387097,110.6451613,85.76881721,26.3642653,0,0,0,1,0,0,0,0,1
4/16/2025 1:52,93.03225806,93.03225806,1,2,106,4,92.12903226,48.32258065,48.32258065,109.7419355,84.99731183,25.87095711,0,0,0,1,0,0,0,0,1
4/16/2025 3:18,93.03225806,93.03225806,3,2,106,4,93.03225806,92.12903226,48.32258065,97.09677419,84.30107527,25.39657437,0,0,0,1,0,0,0,0,1
4/16/2025 4:44,112,112,4,2,106,4,93.03225806,93.03225806,92.12903226,96.19354839,84.13172043,25.32097692,0,0,0,1,0,0,0,0,1
4/16/2025 6:09,112.4516129,112.4516129,6,2,106,4,112,93.03225806,93.03225806,93.48387097,84.79032258,25.84841784,0,0,0,0,0,0,0,0,1
4/16/2025 7:35,112.4516129,112.4516129,7,2,106,4,112.4516129,112,93.03225806,63.22580645,85.58064516,26.40966126,0,0,0,0,0,0,0,0,1
4/16/2025 9:00,112.4516129,112.4516129,9,2,106,4,112.4516129,112.4516129,112,64.12903226,87.63172043,26.50935769,0,0,0,0,0,0,0,0,1
4/16/2025 10:26,112,112,10,2,106,4,112.4516129,112.4516129,112.4516129,94.38709677,89.64516129,26.48175343,0,0,0,0,0,0,0,0,1
4/16/2025 11:52,97.5483871,97.5483871,11,2,106,4,112,112.4516129,112.4516129,94.83870968,90.37903226,26.86021978,0,0,0,0,0,0,0,0,1
4/16/2025 13:17,96.64516129,96.64516129,13,2,106,4,97.5483871,112,112.4516129,94.83870968,90.49193549,26.88546346,0,0,0,0,0,0,0,0,1
4/16/2025 14:43,89.87096774,89.87096774,14,2,106,4,96.64516129,97.5483871,112,94.83870968,90.5672043,26.9006862,0,0,0,0,0,0,0,0,1
4/16/2025 16:09,65.03225806,65.03225806,16,2,106,4,89.87096774,96.64516129,97.5483871,110.1935484,90.36021506,26.88549782,0,0,0,0,0,0,0,0,1
4/16/2025 17:34,65.48387097,65.48387097,17,2,106,4,65.03225806,89.87096774,96.64516129,110.6451613,88.47849462,27.01710667,0,0,0,0,0,0,0,0,1
4/16/2025 19:00,87.61290323,87.61290323,19,2,106,4,65.48387097,65.03225806,89.87096774,110.6451613,86.59677419,26.97878707,0,0,0,0,0,0,0,0,1
4/16/2025 20:25,88.51612903,88.51612903,20,2,106,4,87.61290323,65.48387097,65.03225806,110.6451613,85.63709677,26.49139971,0,0,0,0,0,0,0,0,1
4/16/2025 21:51,88.51612903,88.51612903,21,2,106,4,88.51612903,87.61290323,65.48387097,110.6451613,84.71505376,25.96297495,0,0,0,0,0,0,0,0,1
4/16/2025 23:17,94.83870968,94.83870968,23,2,106,4,88.51612903,88.51612903,87.61290323,95.29032258,83.79301075,25.38865147,0,0,0,0,0,0,0,0,1
4/17/2025 0:42,113.3548387,113.3548387,0,3,107,4,94.83870968,88.51612903,88.51612903,95.29032258,83.77419355,25.37992542,0,0,0,1,0,0,0,0,0
4/17/2025 2:08,113.3548387,113.3548387,2,3,107,4,113.3548387,94.83870968,88.51612903,93.48387097,84.52688172,25.99668083,0,0,0,1,0,0,0,0,0
4/17/2025 3:33,113.8064516,113.8064516,3,3,107,4,113.3548387,113.3548387,94.83870968,37.03225806,85.35483871,26.60369512,0,0,0,1,0,0,0,0,0
4/17/2025 4:59,113.8064516,113.8064516,4,3,107,4,113.8064516,113.3548387,113.3548387,37.03225806,88.55376344,25.11471877,0,0,0,1,0,0,0,0,0
4/17/2025 6:25,112.9032258,112.9032258,6,3,107,4,113.8064516,113.8064516,113.3548387,37.48387097,91.75268817,23.07348106,0,0,0,0,0,0,0,0,0
4/17/2025 7:50,104.7741935,104.7741935,7,3,107,4,112.9032258,113.8064516,113.8064516,48.32258065,94.89516129,20.33427667,0,0,0,0,0,0,0,0,0
4/17/2025 9:16,104.7741935,104.7741935,9,3,107,4,104.7741935,112.9032258,113.8064516,48.32258065,97.24731182,17.82269181,0,0,0,0,0,0,0,0,0
4/17/2025 10:42,103.4193548,103.4193548,10,3,107,4,104.7741935,104.7741935,112.9032258,92.12903226,99.59946236,14.50060543,0,0,0,0,0,0,0,0,0
4/17/2025 12:07,63.67741935,63.67741935,12,3,107,4,103.4193548,104.7741935,104.7741935,93.03225806,100.0698925,14.43068406,0,0,0,0,0,0,0,0,0
4/17/2025 13:33,64.12903226,64.12903226,13,3,107,4,63.67741935,103.4193548,104.7741935,93.03225806,98.84677419,16.18991384,0,0,0,0,0,0,0,0,0
4/17/2025 14:58,73.16129032,73.16129032,14,3,107,4,64.12903226,63.67741935,103.4193548,112,97.64247311,17.65036144,0,0,0,0,0,0,0,0,0
4/17/2025 16:24,87.16129032,87.16129032,16,3,107,4,73.16129032,64.12903226,63.67741935,112.4516129,96.02419354,18.05263897,0,0,0,0,0,0,0,0,0
4/17/2025 17:50,87.16129032,87.16129032,17,3,107,4,87.16129032,73.16129032,64.12903226,112.4516129,94.9704301,17.78823467,0,0,0,0,0,0,0,0,0
4/17/2025 19:15,89.41935484,89.41935484,19,3,107,4,87.16129032,87.16129032,73.16129032,112.4516129,93.91666666,17.45357896,0,0,0,0,0,0,0,0,0
4/17/2025 20:41,89.87096774,89.87096774,20,3,107,4,89.41935484,87.16129032,87.16129032,112,92.95698924,17.01790447,0,0,0,0,0,0,0,0,0
4/17/2025 22:06,89.87096774,89.87096774,22,3,107,4,89.87096774,89.41935484,87.16129032,97.5483871,92.03494623,16.53388092,0,0,0,0,0,0,0,0,0
4/17/2025 23:32,103.4193548,103.4193548,23,3,107,4,89.87096774,89.87096774,89.41935484,96.64516129,91.71505376,16.49679922,0,0,0,0,0,0,0,0,0
4/18/2025 0:58,103.4193548,103.4193548,0,4,108,4,103.4193548,89.87096774,89.87096774,89.87096774,91.99731182,16.64213285,1,0,0,0,0,0,0,0,0
4/18/2025 2:23,103.8709677,103.8709677,2,4,108,4,103.4193548,103.4193548,89.87096774,65.03225806,92.56182795,16.79594531,1,0,0,0,0,0,0,0,0
4/18/2025 3:49,103.4193548,103.4193548,3,4,108,4,103.8709677,103.4193548,103.4193548,65.48387097,94.18010751,15.8738977,1,0,0,0,0,0,0,0,0
4/18/2025 5:15,103.4193548,103.4193548,5,4,108,4,103.4193548,103.8709677,103.4193548,87.61290323,95.76075267,14.74048198,1,0,0,0,0,0,0,0,0
4/18/2025 6:40,88.51612903,88.51612903,6,4,108,4,103.4193548,103.4193548,103.8709677,88.51612903,96.41935482,14.71369989,1,0,0,0,0,0,0,0,0
4/18/2025 8:06,87.61290323,87.61290323,8,4,108,4,88.51612903,103.4193548,103.4193548,88.51612903,96.41935482,14.71369989,1,0,0,0,0,0,0,0,0
4/18/2025 9:31,77.22580645,77.22580645,9,4,108,4,87.61290323,88.51612903,103.4193548,94.83870968,96.38172041,14.73593184,1,0,0,0,0,0,0,0,0
4/18/2025 10:57,60.06451613,60.06451613,10,4,108,4,77.22580645,87.61290323,88.51612903,113.3548387,95.64784945,15.2458681,1,0,0,0,0,0,0,0,0
4/18/2025 12:23,60.96774194,60.96774194,12,4,108,4,60.06451613,77.22580645,87.61290323,113.3548387,93.42741934,16.39240024,1,0,0,0,0,0,0,0,0
4/18/2025 13:48,84,84,13,4,108,4,60.96774194,60.06451613,77.22580645,113.8064516,91.24462364,17.09630821,1,0,0,0,0,0,0,0,0
4/18/2025 15:14,91.67741935,91.67741935,15,4,108,4,84,60.96774194,60.06451613,113.8064516,90.00268816,16.45673795,1,0,0,0,0,0,0,0,0
4/18/2025 16:39,92.58064516,92.58064516,16,4,108,4,91.67741935,84,60.96774194,112.9032258,89.08064515,15.66599586,1,0,0,0,0,0,0,0,0
4/18/2025 18:05,92.58064516,92.58064516,18,4,108,4,92.58064516,91.67741935,84,104.7741935,88.23387095,14.85036205,1,0,0,0,0,0,0,0,0
4/18/2025 19:31,103.8709677,103.8709677,19,4,108,4,92.58064516,92.58064516,91.67741935,104.7741935,87.72580644,14.46341995,1,0,0,0,0,0,0,0,0
4/18/2025 20:56,104.3225806,104.3225806,20,4,108,4,103.8709677,92.58064516,92.58064516,103.4193548,87.68817203,14.41823517,1,0,0,0,0,0,0,0,0
4/18/2025 22:22,104.7741935,104.7741935,22,4,108,4,104.3225806,103.8709677,92.58064516,63.67741935,87.72580644,14.46219369,1,0,0,0,0,0,0,0,0
4/18/2025 23:48,104.3225806,104.3225806,23,4,108,4,104.7741935,104.3225806,103.8709677,64.12903226,89.43817203,13.91357789,1,0,0,0,0,0,0,0,0
4/19/2025 1:13,104.3225806,104.3225806,1,5,109,4,104.3225806,104.7741935,104.3225806,73.16129032,91.11290321,13.13176636,1,0,0,0,0,0,0,0,0
4/19/2025 2:39,89.41935484,89.41935484,2,5,109,4,104.3225806,104.3225806,104.7741935,87.16129032,92.4112903,12.81638112,1,0,0,0,0,0,0,0,0
4/19/2025 4:04,89.41935484,89.41935484,4,5,109,4,89.41935484,104.3225806,104.3225806,87.16129032,92.50537633,12.78441323,1,0,0,0,0,0,0,0,0
4/19/2025 5:30,88.06451613,88.06451613,5,5,109,4,89.41935484,89.41935484,104.3225806,89.41935484,92.59946235,12.75164085,1,0,0,0,0,0,0,0,0
4/19/2025 6:56,59.16129032,59.16129032,6,5,109,4,88.06451613,89.41935484,89.41935484,89.87096774,92.54301074,12.769318,1,0,0,0,0,0,0,0,0
4/19/2025 8:21,59.61290323,59.61290323,8,5,109,4,59.16129032,88.06451613,89.41935484,89.87096774,91.26344084,14.47363474,1,0,0,0,0,0,0,0,0
4/19/2025 9:47,79.03225806,79.03225806,9,5,109,4,59.61290323,59.16129032,88.06451613,103.4193548,90.00268815,15.852376,1,0,0,0,0,0,0,0,0
4/19/2025 11:12,84,84,11,5,109,4,79.03225806,59.61290323,59.16129032,103.4193548,88.98655912,15.73615738,1,0,0,0,0,0,0,0,0
4/19/2025 12:38,84.4516129,84.4516129,12,5,109,4,84,79.03225806,59.61290323,103.8709677,88.17741934,15.45858441,1,0,0,0,0,0,0,0,0
4/19/2025 14:04,88.06451613,88.06451613,14,5,109,4,84.4516129,84,79.03225806,103.4193548,87.36827956,15.10563001,1,0,0,0,0,0,0,0,0
4/19/2025 15:29,88.51612903,88.51612903,15,5,109,4,88.06451613,84.4516129,84,103.4193548,86.72849461,14.71639912,1,0,0,0,0,0,0,0,0
4/19/2025 16:55,88.51612903,88.51612903,16,5,109,4,88.51612903,88.06451613,84.4516129,88.51612903,86.10752687,14.28973738,1,0,0,0,0,0,0,0,0
4/19/2025 18:20,107.0322581,107.0322581,18,5,109,4,88.51612903,88.51612903,88.06451613,87.61290323,86.10752687,14.28973738,1,0,0,0,0,0,0,0,0
4/19/2025 19:46,107.0322581,107.0322581,19,5,109,4,107.0322581,88.51612903,88.51612903,77.22580645,86.91666666,14.9148116,1,0,0,0,0,0,0,0,0
4/19/2025 21:12,107.0322581,107.0322581,21,5,109,4,107.0322581,107.0322581,88.51612903,60.06451613,88.15860214,15.30855611,1,0,0,0,0,0,0,0,0
4/19/2025 22:37,106.1290323,106.1290323,22,5,109,4,107.0322581,107.0322581,107.0322581,60.96774194,90.11559139,14.54395934,1,0,0,0,0,0,0,0,0
4/20/2025 0:03,103.8709677,103.8709677,0,6,110,4,106.1290323,107.0322581,107.0322581,84,91.99731182,13.49229662,0,0,0,1,0,0,0,0,0
4/20/2025 1:29,89.41935484,89.41935484,1,6,110,4,103.8709677,106.1290323,107.0322581,91.67741935,92.82526881,13.58954516,0,0,0,1,0,0,0,0,0
4/20/2025 2:54,88.51612903,88.51612903,2,6,110,4,89.41935484,103.8709677,106.1290323,92.58064516,92.73118279,13.60564494,0,0,0,1,0,0,0,0,0
4/20/2025 4:20,86.70967742,86.70967742,4,6,110,4,88.51612903,89.41935484,103.8709677,92.58064516,92.56182795,13.63286929,0,0,0,1,0,0,0,0,0
4/20/2025 5:45,58.25806452,58.25806452,5,6,110,4,86.70967742,88.51612903,89.41935484,103.8709677,92.3172043,13.68509029,0,0,0,1,0,0,0,0,0
4/20/2025 7:11,58.25806452,58.25806452,7,6,110,4,58.25806452,86.70967742,88.51612903,104.3225806,90.41666666,15.1044559,0,0,0,1,0,0,0,0,0
4/20/2025 8:37,81.29032258,81.29032258,8,6,110,4,58.25806452,58.25806452,86.70967742,104.7741935,88.49731183,16.15107026,0,0,0,1,0,0,0,0,0
4/20/2025 10:02,85.80645161,85.80645161,10,6,110,4,81.29032258,58.25806452,58.25806452,104.3225806,87.51881721,15.83026491,0,0,0,1,0,0,0,0,0
4/20/2025 11:28,87.61290323,87.61290323,11,6,110,4,85.80645161,81.29032258,58.25806452,104.3225806,86.74731183,15.42163647,0,0,0,1,0,0,0,0,0
4/20/2025 12:53,87.61290323,87.61290323,12,6,110,4,87.61290323,85.80645161,81.29032258,89.41935484,86.05107527,14.96407775,0,0,0,1,0,0,0,0,0
4/20/2025 14:19,104.3225806,104.3225806,14,6,110,4,87.61290323,87.61290323,85.80645161,89.41935484,85.97580646,14.95093622,0,0,0,1,0,0,0,0,0
4/20/2025 15:45,104.7741935,104.7741935,15,6,110,4,104.3225806,87.61290323,87.61290323,88.06451613,86.5967742,15.4028414,0,0,0,1,0,0,0,0,0
4/20/2025 17:10,104.7741935,104.7741935,17,6,110,4,104.7741935,104.3225806,87.61290323,59.16129032,87.29301075,15.84342334,0,0,0,1,0,0,0,0,0
4/20/2025 18:36,104.7741935,104.7741935,18,6,110,4,104.7741935,104.7741935,104.3225806,59.61290323,89.19354839,15.03739175,0,0,0,1,0,0,0,0,0
4/20/2025 20:02,104.3225806,104.3225806,20,6,110,4,104.7741935,104.7741935,104.7741935,79.03225806,91.07526881,13.96205024,0,0,0,1,0,0,0,0,0
4/20/2025 21:27,88.96774194,88.96774194,21,6,110,4,104.3225806,104.7741935,104.7741935,84,92.12903225,13.96797676,0,0,0,1,0,0,0,0,0
4/20/2025 22:53,88.96774194,88.96774194,22,6,110,4,88.96774194,104.3225806,104.7741935,84.4516129,92.3360215,13.87879982,0,0,0,1,0,0,0,0,0
4/21/2025 0:18,87.61290323,87.61290323,0,0,111,4,88.96774194,88.96774194,104.3225806,88.06451613,92.52419354,13.7976314,0,0,0,1,0,0,0,0,0
4/21/2025 1:44,55.5483871,55.5483871,1,0,111,4,87.61290323,88.96774194,88.96774194,88.51612903,92.50537634,13.8042843,0,0,0,1,0,0,0,0,0
4/21/2025 3:10,56.4516129,56.4516129,3,0,111,4,55.5483871,87.61290323,88.96774194,88.51612903,91.13172043,15.72516499,0,0,0,1,0,0,0,0,0
4/21/2025 4:35,73.61290323,73.61290323,4,0,111,4,56.4516129,55.5483871,87.61290323,107.0322581,89.79569892,17.24565273,0,0,0,1,0,0,0,0,0
4/21/2025 6:01,78.12903226,78.12903226,6,0,111,4,73.61290323,56.4516129,55.5483871,107.0322581,88.4032258,17.14229035,0,0,0,1,0,0,0,0,0
4/21/2025 7:26,78.58064516,78.58064516,7,0,111,4,78.12903226,73.61290323,56.4516129,107.0322581,87.19892472,16.78825515,0,0,0,1,0,0,0,0,0
4/21/2025 8:52,83.09677419,83.09677419,8,0,111,4,78.58064516,78.12903226,73.61290323,106.1290323,86.01344085,16.32500276,0,0,0,1,0,0,0,0,0
4/21/2025 10:18,83.5483871,83.5483871,10,0,111,4,83.09677419,78.58064516,78.12903226,103.8709677,85.05376343,15.75822468,0,0,0,1,0,0,0,0,0
4/21/2025 11:43,83.5483871,83.5483871,11,0,111,4,83.5483871,83.09677419,78.58064516,89.41935484,84.20698924,15.24063245,0,0,0,1,0,0,0,0,0
4/21/2025 13:09,100.7096774,100.7096774,13,0,111,4,83.5483871,83.5483871,83.09677419,88.51612903,83.96236558,15.20039617,0,0,0,1,0,0,0,0,0
4/21/2025 14:35,101.1612903,101.1612903,14,0,111,4,100.7096774,83.5483871,83.5483871,86.70967742,84.4704301,15.55877718,0,0,0,1,0,0,0,0,0
4/21/2025 16:00,101.1612903,101.1612903,16,0,111,4,101.1612903,100.7096774,83.5483871,58.25806452,85.07258064,15.92455873,0,0,0,1,0,0,0,0,0
4/21/2025 17:26,101.1612903,101.1612903,17,0,111,4,101.1612903,101.1612903,100.7096774,58.25806452,86.86021504,15.17397536,0,0,0,1,0,0,0,0,0
4/21/2025 18:51,100.7096774,100.7096774,18,0,111,4,101.1612903,101.1612903,101.1612903,81.29032258,88.64784945,14.15055938,0,0,0,1,0,0,0,0,0
4/21/2025 20:17,86.70967742,86.70967742,20,0,111,4,100.7096774,101.1612903,101.1612903,85.80645161,89.45698923,14.26629218,0,0,0,1,0,0,0,0,0
4/21/2025 21:43,85.80645161,85.80645161,21,0,111,4,86.70967742,100.7096774,101.1612903,87.61290323,89.49462364,14.25743198,0,0,0,1,0,0,0,0,0
4/22/2025 0:34,55.5483871,55.5483871,0,1,112,4,32.06451613,85.80645161,86.70967742,104.3225806,87.1048387,18.46616509,0,0,0,1,0,0,0,0,0
4/22/2025 1:59,76.32258065,76.32258065,1,1,112,4,55.5483871,32.06451613,85.80645161,104.7741935,85.07258063,19.15976317,0,0,0,1,0,0,0,0,0
4/22/2025 3:25,77.22580645,77.22580645,3,1,112,4,76.32258065,55.5483871,32.06451613,104.7741935,83.88709677,18.76386455,0,0,0,1,0,0,0,0,0
4/22/2025 4:51,83.09677419,83.09677419,4,1,112,4,77.22580645,76.32258065,55.5483871,104.7741935,82.7392473,18.26660135,0,0,0,1,0,0,0,0,0
4/22/2025 6:16,83.09677419,83.09677419,6,1,112,4,83.09677419,77.22580645,76.32258065,104.3225806,81.8360215,17.65538474,0,0,0,1,0,0,0,0,0
4/22/2025 7:42,83.09677419,83.09677419,7,1,112,4,83.09677419,83.09677419,77.22580645,88.96774194,80.9516129,16.99943977,0,0,0,1,0,0,0,0,0
4/22/2025 9:08,101.6129032,101.6129032,9,1,112,4,83.09677419,83.09677419,83.09677419,88.96774194,80.70698924,16.92113308,0,0,0,1,0,0,0,0,0
4/22/2025 10:33,102.516129,102.516129,10,1,112,4,101.6129032,83.09677419,83.09677419,87.61290323,81.23387096,17.38017839,0,0,0,1,0,0,0,0,0
4/22/2025 11:59,102.516129,102.516129,11,1,112,4,102.516129,101.6129032,83.09677419,55.5483871,81.8548387,17.8771312,0,0,0,1,0,0,0,0,0
4/22/2025 13:24,102.516129,102.516129,13,1,112,4,102.516129,102.516129,101.6129032,56.4516129,83.81182795,17.43753574,0,0,0,1,0,0,0,0,0
4/22/2025 14:50,101.6129032,101.6129032,14,1,112,4,102.516129,102.516129,102.516129,73.61290323,85.73118279,16.81925833,0,0,0,1,0,0,0,0,0
4/22/2025 16:16,88.51612903,88.51612903,16,1,112,4,101.6129032,102.516129,102.516129,78.12903226,86.89784945,16.91297553,0,0,0,1,0,0,0,0,0
4/22/2025 17:41,88.51612903,88.51612903,17,1,112,4,88.51612903,101.6129032,102.516129,78.58064516,87.33064515,16.81142498,0,0,0,1,0,0,0,0,0
4/22/2025 19:07,86.70967742,86.70967742,19,1,112,4,88.51612903,88.51612903,101.6129032,83.09677419,87.74462365,16.70860495,0,0,0,1,0,0,0,0,0
4/22/2025 20:32,55.5483871,55.5483871,20,1,112,4,86.70967742,88.51612903,88.51612903,83.5483871,87.89516128,16.68116193,0,0,0,1,0,0,0,0,0
4/22/2025 21:58,56,56,21,1,112,4,55.5483871,86.70967742,88.51612903,83.5483871,86.72849461,17.93073563,0,0,0,1,0,0,0,0,0
4/22/2025 23:24,78.58064516,78.58064516,23,1,112,4,56,55.5483871,86.70967742,100.7096774,85.58064515,18.99343747,0,0,0,1,0,0,0,0,0
4/23/2025 0:49,82.64516129,82.64516129,0,2,113,4,78.58064516,56,55.5483871,101.1612903,84.65860214,18.76279135,0,0,0,1,0,0,0,0,0
4/23/2025 2:15,82.64516129,82.64516129,2,2,113,4,82.64516129,78.58064516,56,101.1612903,83.88709677,18.43248991,0,0,0,1,0,0,0,0,0
4/23/2025 3:40,89.41935484,89.41935484,3,2,113,4,82.64516129,82.64516129,78.58064516,101.1612903,83.11559139,18.06180583,0,0,0,1,0,0,0,0,0
4/23/2025 5:06,89.87096774,89.87096774,5,2,113,4,89.41935484,82.64516129,82.64516129,100.7096774,82.62634408,17.70729223,0,0,0,1,0,0,0,0,0
4/23/2025 6:32,89.87096774,89.87096774,6,2,113,4,89.87096774,89.41935484,82.64516129,86.70967742,82.17473118,17.36086464,0,0,0,1,0,0,0,0,0
4/23/2025 7:57,107.0322581,107.0322581,7,2,113,4,89.87096774,89.87096774,89.41935484,85.80645161,82.30645161,17.40869498,0,0,0,1,0,0,0,0,0
4/23/2025 9:23,107.9354839,107.9354839,9,2,113,4,107.0322581,89.87096774,89.87096774,32.06451613,83.19086021,18.11891208,0,0,0,1,0,0,0,0,0
4/23/2025 10:49,107.9354839,107.9354839,10,2,113,4,107.9354839,107.0322581,89.87096774,55.5483871,86.35215053,15.19343051,0,0,0,1,0,0,0,0,0
4/23/2025 12:14,107.483871,107.483871,12,2,113,4,107.9354839,107.9354839,107.0322581,76.32258065,88.53494623,14.31318291,0,0,0,1,0,0,0,0,0
4/23/2025 13:40,106.5806452,106.5806452,13,2,113,4,107.483871,107.9354839,107.9354839,77.22580645,89.83333333,14.56828923,0,0,0,1,0,0,0,0,0
4/23/2025 15:05,92.58064516,92.58064516,15,2,113,4,106.5806452,107.483871,107.9354839,83.09677419,91.05645161,14.6954954,0,0,0,1,0,0,0,0,0
4/23/2025 16:31,91.67741935,91.67741935,16,2,113,4,92.58064516,106.5806452,107.483871,83.09677419,91.4516129,14.59935004,0,0,0,1,0,0,0,0,0
4/23/2025 19:22,60.06451613,60.06451613,19,2,113,4,36.12903226,91.67741935,92.58064516,101.6129032,89.85215054,18.37043589,0,0,0,1,0,0,0,0,0
4/23/2025 20:48,82.19354839,82.19354839,20,2,113,4,60.06451613,36.12903226,91.67741935,102.516129,88.12096774,19.15490293,0,0,0,1,0,0,0,0,0
4/23/2025 22:13,82.64516129,82.64516129,22,2,113,4,82.19354839,60.06451613,36.12903226,102.516129,87.27419355,18.93885131,0,0,0,1,0,0,0,0,0
4/23/2025 23:39,87.61290323,87.61290323,23,2,113,4,82.64516129,82.19354839,60.06451613,102.516129,86.44623656,18.6760729,0,0,0,1,0,0,0,0,0
4/24/2025 1:05,88.51612903,88.51612903,1,3,114,4,87.61290323,82.64516129,82.19354839,101.6129032,85.82526882,18.36367672,0,0,0,1,0,0,0,0,0
4/24/2025 2:30,88.51612903,88.51612903,2,3,114,4,88.51612903,87.61290323,82.64516129,88.51612903,85.2795699,18.06631595,0,0,0,1,0,0,0,0,0
4/24/2025 3:56,110.1935484,110.1935484,3,3,114,4,88.51612903,88.51612903,87.61290323,88.51612903,85.2795699,18.06631595,0,0,0,1,0,0,0,0,0
4/24/2025 5:22,110.6451613,110.6451613,5,3,114,4,110.1935484,88.51612903,88.51612903,86.70967742,86.18279571,18.76358889,0,0,0,1,0,0,0,0,0
4/24/2025 6:47,110.6451613,110.6451613,6,3,114,4,110.6451613,110.1935484,88.51612903,55.5483871,87.18010753,19.4175187,0,0,0,1,0,0,0,0,0
4/24/2025 8:13,110.6451613,110.6451613,8,3,114,4,110.6451613,110.6451613,110.1935484,56,89.47580646,18.76105837,0,0,0,1,0,0,0,1,0
4/24/2025 9:38,110.1935484,110.1935484,9,3,114,4,110.6451613,110.6451613,110.6451613,78.58064516,91.75268818,17.81373377,0,0,0,1,0,0,0,1,0
4/24/2025 11:04,101.1612903,101.1612903,11,3,114,4,110.1935484,110.6451613,110.6451613,82.64516129,93.06989248,17.96553646,0,0,0,1,0,0,0,1,0
4/24/2025 12:30,101.1612903,101.1612903,12,3,114,4,101.1612903,110.1935484,110.6451613,82.64516129,93.84139786,17.89583618,0,0,0,1,0,0,0,1,0
4/24/2025 13:55,99.35483871,99.35483871,13,3,114,4,101.1612903,101.1612903,110.1935484,89.41935484,94.61290323,17.79098664,0,0,0,1,0,0,0,1,0
4/24/2025 15:21,64.12903226,64.12903226,15,3,114,4,99.35483871,101.1612903,101.1612903,89.87096774,95.02688173,17.78047496,0,0,0,1,0,0,0,1,0
4/24/2025 16:46,64.12903226,64.12903226,16,3,114,4,64.12903226,99.35483871,101.1612903,89.87096774,93.95430108,18.84931669,0,0,0,1,0,0,0,0,0
4/24/2025 18:12,85.35483871,85.35483871,18,3,114,4,64.12903226,64.12903226,99.35483871,107.0322581,92.88172044,19.80018419,0,0,0,1,0,0,0,0,0
4/24/2025 19:38,88.06451613,88.06451613,19,3,114,4,85.35483871,64.12903226,64.12903226,107.9354839,91.97849463,19.62022513,0,0,0,1,0,0,0,0,0
4/24/2025 21:03,88.51612903,88.51612903,21,3,114,4,88.06451613,85.35483871,64.12903226,107.9354839,91.15053764,19.33476909,0,0,0,1,0,0,0,0,0
4/24/2025 22:29,93.93548387,93.93548387,22,3,114,4,88.51612903,88.06451613,85.35483871,107.483871,90.34139785,19.00532937,0,0,0,1,0,0,0,0,0
4/24/2025 23:55,94.38709677,94.38709677,23,3,114,4,93.93548387,88.51612903,88.06451613,106.5806452,89.77688172,18.67230372,0,0,0,1,0,0,0,0,0
4/25/2025 1:20,94.38709677,94.38709677,1,4,115,4,94.38709677,93.93548387,88.51612903,92.58064516,89.2688172,18.35845476,1,0,0,1,0,0,0,0,0
4/25/2025 2:46,110.6451613,110.6451613,2,4,115,4,94.38709677,94.38709677,93.93548387,91.67741935,89.34408602,18.37631796,1,0,0,1,0,0,0,0,0
4/25/2025 4:11,110.6451613,110.6451613,4,4,115,4,110.6451613,94.38709677,94.38709677,36.12903226,90.1344086,18.88195498,1,0,0,1,0,0,0,0,0
4/25/2025 5:37,110.6451613,110.6451613,5,4,115,4,110.6451613,110.6451613,94.38709677,60.06451613,93.23924731,15.42569693,1,0,0,1,0,0,0,0,0
4/25/2025 7:03,110.6451613,110.6451613,7,4,115,4,110.6451613,110.6451613,110.6451613,82.19354839,95.3467742,14.09394238,1,0,0,1,0,0,0,0,0
4/25/2025 8:28,110.1935484,110.1935484,8,4,115,4,110.6451613,110.6451613,110.6451613,82.64516129,96.53225807,14.13599514,1,0,0,1,0,0,0,0,0
4/25/2025 9:54,95.29032258,95.29032258,9,4,115,4,110.1935484,110.6451613,110.6451613,87.61290323,97.68010753,14.07767928,1,0,0,1,0,0,0,0,0
4/25/2025 11:19,94.38709677,94.38709677,11,4,115,4,95.29032258,110.1935484,110.6451613,88.51612903,98,13.92537684,1,0,0,1,0,0,0,0,0
4/25/2025 12:45,60.06451613,60.06451613,12,4,115,4,94.38709677,95.29032258,110.1935484,88.51612903,98.24462366,13.80255781,1,0,0,1,0,0,0,0,0
4/25/2025 14:11,61.41935484,61.41935484,14,4,115,4,60.06451613,94.38709677,95.29032258,110.1935484,97.05913979,15.75780265,1,0,0,1,0,0,0,0,0
4/25/2025 15:36,84.90322581,84.90322581,15,4,115,4,61.41935484,60.06451613,94.38709677,110.6451613,95.02688172,17.07992943,1,0,0,1,0,0,0,0,0
4/25/2025 17:02,85.80645161,85.80645161,17,4,115,4,84.90322581,61.41935484,60.06451613,110.6451613,93.95430108,16.8633887,1,0,0,1,0,0,0,0,0
4/25/2025 18:28,85.80645161,85.80645161,18,4,115,4,85.80645161,84.90322581,61.41935484,110.6451613,92.91935484,16.55385823,1,0,0,1,0,0,0,0,0
4/25/2025 19:53,85.80645161,85.80645161,19,4,115,4,85.80645161,85.80645161,84.90322581,110.1935484,91.8844086,16.16945263,1,0,0,1,0,0,0,0,0
4/25/2025 21:19,85.80645161,85.80645161,21,4,115,4,85.80645161,85.80645161,85.80645161,101.1612903,90.86827957,15.72911187,1,0,0,1,0,0,0,0,0
4/25/2025 22:44,107.0322581,107.0322581,22,4,115,4,85.80645161,85.80645161,85.80645161,101.1612903,90.22849462,15.60402167,1,0,0,1,0,0,0,0,0
4/26/2025 0:10,108.3870968,108.3870968,0,5,116,4,107.0322581,85.80645161,85.80645161,99.35483871,90.47311828,15.82728875,1,0,0,0,0,0,0,0,0
4/26/2025 1:36,108.3870968,108.3870968,1,5,116,4,108.3870968,107.0322581,85.80645161,64.12903226,90.84946237,16.15172224,1,0,0,0,0,0,0,0,0
4/26/2025 3:01,107.483871,107.483871,3,5,116,4,108.3870968,108.3870968,107.0322581,64.12903226,92.69354839,15.48094,1,0,0,0,0,0,0,0,0
4/26/2025 4:27,103.8709677,103.8709677,4,5,116,4,107.483871,108.3870968,108.3870968,85.35483871,94.50000001,14.50138257,1,0,0,0,0,0,0,0,0
4/26/2025 5:52,91.67741935,91.67741935,5,5,116,4,103.8709677,107.483871,108.3870968,88.06451613,95.27150538,14.48622733,1,0,0,0,0,0,0,0,0
4/26/2025 7:18,91.22580645,91.22580645,7,5,116,4,91.67741935,103.8709677,107.483871,88.51612903,95.42204302,14.42672772,1,0,0,0,0,0,0,0,0
4/26/2025 8:44,88.96774194,88.96774194,8,5,116,4,91.22580645,91.67741935,103.8709677,93.93548387,95.53494624,14.38086242,1,0,0,0,0,0,0,0,0
4/26/2025 10:09,57.80645161,57.80645161,10,5,116,4,88.96774194,91.22580645,91.67741935,94.38709677,95.32795699,14.44051263,1,0,0,0,0,0,0,0,0
4/26/2025 11:35,57.80645161,57.80645161,11,5,116,4,57.80645161,88.96774194,91.22580645,94.38709677,93.80376345,16.34861446,1,0,0,0,0,0,0,0,0
4/26/2025 13:00,79.03225806,79.03225806,13,5,116,4,57.80645161,57.80645161,88.96774194,110.6451613,92.2795699,17.92142958,1,0,0,0,0,0,0,0,0
4/26/2025 14:26,79.93548387,79.93548387,14,5,116,4,79.03225806,57.80645161,57.80645161,110.6451613,90.9623656,17.67292372,1,0,0,0,0,0,0,0,0
4/26/2025 15:52,79.93548387,79.93548387,15,5,116,4,79.93548387,79.03225806,57.80645161,110.6451613,89.6827957,17.29353466,1,0,0,0,0,0,0,0,0
4/26/2025 17:17,89.41935484,89.41935484,17,5,116,4,79.93548387,79.93548387,79.03225806,110.6451613,88.40322581,16.80426962,1,0,0,0,0,0,0,0,0
4/26/2025 18:43,89.87096774,89.87096774,18,5,116,4,89.41935484,79.93548387,79.93548387,110.1935484,87.51881721,16.12771921,1,0,0,0,0,0,0,0,0
4/26/2025 20:09,89.87096774,89.87096774,20,5,116,4,89.87096774,89.41935484,79.93548387,95.29032258,86.67204301,15.40264949,1,0,0,0,0,0,0,0,0
4/26/2025 21:34,111.5483871,111.5483871,21,5,116,4,89.87096774,89.87096774,89.41935484,94.38709677,86.44623656,15.31025759,1,0,0,0,0,0,0,0,0
4/26/2025 23:00,112,112,23,5,116,4,111.5483871,89.87096774,89.87096774,60.06451613,87.16129033,16.07872098,1,0,0,0,0,0,0,0,0
4/27/2025 0:25,112,112,0,6,117,4,112,111.5483871,89.87096774,61.41935484,89.32526882,15.76515175,0,0,0,0,0,0,0,0,0
4/27/2025 1:51,111.5483871,111.5483871,1,6,117,4,112,112,111.5483871,84.90322581,91.4327957,15.24470479,0,0,0,0,0,0,0,0,0
4/27/2025 3:17,111.0967742,111.0967742,3,6,117,4,111.5483871,112,112,85.80645161,92.54301076,15.71159006,0,0,0,0,0,0,0,0,0
4/27/2025 4:42,92.12903226,92.12903226,4,6,117,4,111.0967742,111.5483871,112,85.80645161,93.5967742,16.08382163,0,0,0,0,0,0,0,0,0
4/27/2025 6:08,58.70967742,58.70967742,6,6,117,4,92.12903226,111.0967742,111.5483871,85.80645161,93.86021506,16.0022469,0,0,0,0,0,0,0,0,0
4/27/2025 7:33,59.61290323,59.61290323,7,6,117,4,58.70967742,92.12903226,111.0967742,85.80645161,92.7311828,17.48260986,0,0,0,0,0,0,0,0,0
4/27/2025 8:59,59.61290323,59.61290323,8,6,117,4,59.61290323,58.70967742,92.12903226,107.0322581,91.63978495,18.70833208,0,0,0,0,0,0,0,0,0
4/27/2025 10:25,80.83870968,80.83870968,10,6,117,4,59.61290323,59.61290323,58.70967742,108.3870968,89.6639785,19.49932029,0,0,0,0,0,0,0,0,0
4/27/2025 11:50,81.74193548,81.74193548,11,6,117,4,80.83870968,59.61290323,59.61290323,108.3870968,88.51612903,19.15707284,0,0,0,0,0,0,0,0,0
4/27/2025 13:16,86.70967742,86.70967742,13,6,117,4,81.74193548,80.83870968,59.61290323,107.483871,87.40591398,18.722576,0,0,0,0,0,0,0,0,0
4/27/2025 14:42,87.61290323,87.61290323,14,6,117,4,86.70967742,81.74193548,80.83870968,103.8709677,86.54032258,18.22764267,0,0,0,0,0,0,0,0,0
4/27/2025 16:07,87.61290323,87.61290323,16,6,117,4,87.61290323,86.70967742,81.74193548,91.67741935,85.86290323,17.85383367,0,0,0,0,0,0,0,0,0
4/27/2025 17:33,105.6774194,105.6774194,17,6,117,4,87.61290323,87.61290323,86.70967742,91.22580645,85.69354839,17.81551744,0,0,0,0,0,0,0,0,0
4/27/2025 18:58,106.1290323,106.1290323,18,6,117,4,105.6774194,87.61290323,87.61290323,88.96774194,86.29569893,18.24957223,0,0,0,0,0,0,0,0,0
4/27/2025 20:24,106.1290323,106.1290323,20,6,117,4,106.1290323,105.6774194,87.61290323,57.80645161,87.01075269,18.68971869,0,0,0,0,0,0,0,0,0
4/27/2025 21:50,106.1290323,106.1290323,21,6,117,4,106.1290323,106.1290323,105.6774194,57.80645161,89.02419355,17.99680068,0,0,0,0,0,0,0,0,0
4/27/2025 23:15,104.3225806,104.3225806,23,6,117,4,106.1290323,106.1290323,106.1290323,79.03225806,91.03763442,17.02949441,0,0,0,0,0,0,0,0,0
4/28/2025 0:41,88.96774194,88.96774194,0,0,118,4,104.3225806,106.1290323,106.1290323,79.93548387,92.09139786,17.03678291,0,0,0,1,0,0,0,0,0
4/28/2025 2:06,88.51612903,88.51612903,2,0,118,4,88.96774194,104.3225806,106.1290323,79.93548387,92.46774194,16.85537858,0,0,0,1,0,0,0,0,0
4/28/2025 3:32,87.61290323,87.61290323,3,0,118,4,88.51612903,88.96774194,104.3225806,89.41935484,92.82526882,16.66795551,0,0,0,1,0,0,0,0,0
4/28/2025 4:58,57.80645161,57.80645161,4,0,118,4,87.61290323,88.51612903,88.96774194,89.87096774,92.75000001,16.68807121,0,0,0,1,0,0,0,0,0
4/28/2025 6:23,58.25806452,58.25806452,6,0,118,4,57.80645161,87.61290323,88.51612903,89.87096774,91.4139785,18.14822238,0,0,0,1,0,0,0,0,0
4/28/2025 7:49,79.93548387,79.93548387,7,0,118,4,58.25806452,57.80645161,87.61290323,111.5483871,90.0967742,19.37111985,0,0,0,1,0,0,0,0,0
4/28/2025 9:15,81.74193548,81.74193548,9,0,118,4,79.93548387,58.25806452,57.80645161,112,88.7795699,18.91855084,0,0,0,1,0,0,0,0,0
4/28/2025 10:40,81.74193548,81.74193548,10,0,118,4,81.74193548,79.93548387,58.25806452,112,87.51881721,18.30200512,0,0,0,1,0,0,0,0,0
4/28/2025 12:06,87.16129032,87.16129032,12,0,118,4,81.74193548,81.74193548,79.93548387,111.5483871,86.25806452,17.56980378,0,0,0,1,0,0,0,0,0
4/28/2025 13:31,87.61290323,87.61290323,13,0,118,4,87.16129032,81.74193548,81.74193548,111.0967742,85.24193549,16.72863866,0,0,0,1,0,0,0,0,0
4/28/2025 14:57,87.61290323,87.61290323,14,0,118,4,87.61290323,87.16129032,81.74193548,92.12903226,84.26344087,15.81229439,0,0,0,1,0,0,0,0,0
4/28/2025 16:23,107.483871,107.483871,16,0,118,4,87.61290323,87.61290323,87.16129032,58.70967742,84.07526882,15.74133385,0,0,0,1,0,0,0,0,0
4/28/2025 17:48,108.3870968,108.3870968,17,0,118,4,107.483871,87.61290323,87.61290323,59.61290323,86.10752689,15.4702917,0,0,0,1,0,0,0,0,0
4/28/2025 19:14,108.3870968,108.3870968,19,0,118,4,108.3870968,107.483871,87.61290323,59.61290323,88.13978495,15.03601573,0,0,0,1,0,0,0,0,0
4/28/2025 20:39,108.3870968,108.3870968,20,0,118,4,108.3870968,108.3870968,107.483871,80.83870968,90.17204302,14.29035794,0,0,0,1,0,0,0,0,0
4/28/2025 22:05,107.9354839,107.9354839,22,0,118,4,108.3870968,108.3870968,108.3870968,81.74193548,91.31989248,14.61087336,0,0,0,1,0,0,0,0,0
4/28/2025 23:31,87.61290323,87.61290323,23,0,118,4,107.9354839,108.3870968,108.3870968,86.70967742,92.41129033,14.84080494,0,0,0,1,0,0,0,0,0
4/29/2025 0:56,60.06451613,60.06451613,0,1,119,4,87.61290323,107.9354839,108.3870968,87.61290323,92.44892474,14.82685642,0,0,0,1,0,1,0,0,0
4/29/2025 2:22,61.87096774,61.87096774,2,1,119,4,60.06451613,87.61290323,107.9354839,87.61290323,91.30107528,16.21856405,0,0,0,1,0,1,0,0,0
4/29/2025 3:48,61.87096774,61.87096774,3,1,119,4,61.87096774,60.06451613,87.61290323,105.6774194,90.22849464,17.28895119,0,0,0,1,0,1,0,0,0
4/29/2025 5:13,82.19354839,82.19354839,5,1,119,4,61.87096774,61.87096774,60.06451613,106.1290323,88.40322582,17.88903195,0,0,0,1,0,1,0,0,0
4/29/2025 6:39,83.09677419,83.09677419,6,1,119,4,82.19354839,61.87096774,61.87096774,106.1290323,87.40591399,17.52127453,0,0,0,1,0,1,0,0,0
4/29/2025 8:04,87.16129032,87.16129032,8,1,119,4,83.09677419,82.19354839,61.87096774,106.1290323,86.44623656,17.07629478,0,0,0,1,0,1,0,0,0
4/29/2025 9:30,87.16129032,87.16129032,9,1,119,4,87.16129032,83.09677419,82.19354839,104.3225806,85.65591398,16.55675958,0,0,0,1,0,1,0,0,0
4/29/2025 10:56,87.16129032,87.16129032,10,1,119,4,87.16129032,87.16129032,83.09677419,88.96774194,84.94086022,16.07922652,0,0,0,1,0,1,0,0,0
4/29/2025 12:21,107.9354839,107.9354839,12,1,119,4,87.16129032,87.16129032,87.16129032,88.51612903,84.8655914,16.06377731,0,0,0,1,0,1,0,0,0
4/29/2025 13:47,108.3870968,108.3870968,13,1,119,4,107.9354839,87.16129032,87.16129032,87.61290323,85.67473119,16.73088032,0,0,0,1,0,1,0,0,0
4/29/2025 15:12,108.3870968,108.3870968,15,1,119,4,108.3870968,107.9354839,87.16129032,57.80645161,86.54032259,17.36103492,0,0,0,1,0,1,0,0,0
4/29/2025 16:38,108.3870968,108.3870968,16,1,119,4,108.3870968,108.3870968,107.9354839,58.25806452,88.64784947,16.78168438,0,0,0,1,0,1,0,0,0
4/29/2025 18:04,107.9354839,107.9354839,18,1,119,4,108.3870968,108.3870968,108.3870968,79.93548387,90.73655915,15.93296728,0,0,0,1,0,1,0,0,0
4/29/2025 19:29,98.4516129,98.4516129,19,1,119,4,107.9354839,108.3870968,108.3870968,81.74193548,91.90322582,16.13157905,0,0,0,1,0,1,0,0,0
4/29/2025 20:55,97.5483871,97.5483871,20,1,119,4,98.4516129,107.9354839,108.3870968,81.74193548,92.59946238,16.03425145,0,0,0,1,0,1,0,0,0
4/29/2025 22:20,97.09677419,97.09677419,22,1,119,4,97.5483871,98.4516129,107.9354839,87.16129032,93.25806453,15.89289129,0,0,0,1,0,1,0,0,0
4/29/2025 23:46,65.48387097,65.48387097,23,1,119,4,97.09677419,97.5483871,98.4516129,87.61290323,93.67204302,15.8565359,0,0,0,1,0,1,0,0,0
4/30/2025 1:12,65.93548387,65.93548387,1,2,120,4,65.48387097,97.09677419,97.5483871,87.61290323,92.75000001,16.83725135,0,0,0,1,0,0,0,0,0
4/30/2025 2:37,88.96774194,88.96774194,2,2,120,4,65.93548387,65.48387097,97.09677419,107.483871,91.8467742,17.68490964,0,0,0,1,0,0,0,0,0
4/30/2025 4:03,89.41935484,89.41935484,4,2,120,4,88.96774194,65.93548387,65.48387097,108.3870968,91.07526883,17.37423555,0,0,0,1,0,0,0,0,0
4/30/2025 5:29,91.22580645,91.22580645,5,2,120,4,89.41935484,88.96774194,65.93548387,108.3870968,90.28494625,16.97943184,0,0,0,1,0,0,0,0,0
4/30/2025 6:54,92.58064516,92.58064516,6,2,120,4,91.22580645,89.41935484,88.96774194,108.3870968,89.56989248,16.53961194,0,0,0,1,0,0,0,0,0
4/30/2025 8:20,92.58064516,92.58064516,8,2,120,4,92.58064516,91.22580645,89.41935484,107.9354839,88.91129033,16.06565178,0,0,0,1,0,0,0,0,0
4/30/2025 9:45,92.58064516,92.58064516,9,2,120,4,92.58064516,92.58064516,91.22580645,87.61290323,88.27150538,15.5733039,0,0,0,1,0,0,0,0,0
4/30/2025 11:11,112.9032258,112.9032258,11,2,120,4,92.58064516,92.58064516,92.58064516,60.06451613,88.47849463,15.5971652,0,0,0,1,0,0,0,0,0
4/30/2025 12:37,112.4516129,112.4516129,12,2,120,4,112.9032258,92.58064516,92.58064516,61.87096774,90.68010753,15.13436755,0,0,0,1,0,0,0,0,0
4/30/2025 14:02,112,112,14,2,120,4,112.4516129,112.9032258,92.58064516,61.87096774,92.78763441,14.45466783,0,0,0,1,0,0,0,0,0
4/30/2025 15:28,111.0967742,111.0967742,15,2,120,4,112,112.4516129,112.9032258,82.19354839,94.87634409,13.37442469,0,0,0,1,0,0,0,0,0
4/30/2025 16:53,91.67741935,91.67741935,16,2,120,4,111.0967742,112,112.4516129,83.09677419,96.08064517,13.48359919,0,0,0,1,0,0,0,0,0
4/30/2025 18:19,89.41935484,89.41935484,18,2,120,4,91.67741935,111.0967742,112,87.16129032,96.43817205,13.23583897,0,0,0,1,0,0,0,0,0
4/30/2025 19:45,63.22580645,63.22580645,19,2,120,4,89.41935484,91.67741935,111.0967742,87.16129032,96.53225807,13.1749132,0,0,0,1,0,0,0,0,0
4/30/2025 21:10,65.03225806,65.03225806,21,2,120,4,63.22580645,89.41935484,91.67741935,87.16129032,95.53494624,14.72934857,0,0,0,1,0,0,0,0,0
4/30/2025 22:36,65.03225806,65.03225806,22,2,120,4,65.03225806,63.22580645,89.41935484,107.9354839,94.61290323,15.92076477,0,0,0,1,0,0,0,0,0
5/1/2025 0:02,88.96774194,88.96774194,0,3,121,5,65.03225806,65.03225806,63.22580645,108.3870968,92.82526882,16.74703789,0,1,1,1,0,1,0,0,0
5/1/2025 1:27,89.41935484,89.41935484,1,3,121,5,88.96774194,65.03225806,65.03225806,108.3870968,92.01612904,16.42857062,0,1,1,1,0,1,0,0,0
5/1/2025 2:53,94.38709677,94.38709677,2,3,121,5,89.41935484,88.96774194,65.03225806,108.3870968,91.22580645,16.05885434,0,1,1,1,0,1,0,0,0
5/1/2025 4:18,95.29032258,95.29032258,4,3,121,5,94.38709677,89.41935484,88.96774194,107.9354839,90.64247312,15.65763277,0,1,1,1,0,1,0,0,0
5/1/2025 5:44,95.29032258,95.29032258,5,3,121,5,95.29032258,94.38709677,89.41935484,98.4516129,90.1155914,15.25807761,0,1,1,1,0,1,0,0,0
5/1/2025 7:10,112.9032258,112.9032258,7,3,121,5,95.29032258,95.29032258,94.38709677,97.5483871,89.98387097,15.1965065,0,1,1,1,0,1,0,0,0
5/1/2025 8:35,112.9032258,112.9032258,8,3,121,5,112.9032258,95.29032258,95.29032258,97.09677419,90.62365591,15.8384902,0,1,1,1,0,1,0,1,0
5/1/2025 10:01,112.9032258,112.9032258,10,3,121,5,112.9032258,112.9032258,95.29032258,65.48387097,91.28225806,16.43669882,0,1,1,1,0,1,0,1,0
5/1/2025 11:26,112.9032258,112.9032258,11,3,121,5,112.9032258,112.9032258,112.9032258,65.93548387,93.25806451,16.04614889,0,1,1,1,0,1,0,1,0
5/1/2025 12:52,112,112,12,3,121,5,112.9032258,112.9032258,112.9032258,88.96774194,95.21505376,15.42091768,0,1,1,1,0,1,0,1,0
5/1/2025 14:18,97.5483871,97.5483871,14,3,121,5,112,112.9032258,112.9032258,89.41935484,96.17473118,15.72882998,0,1,1,1,0,1,0,1,0
5/1/2025 15:43,96.64516129,96.64516129,15,3,121,5,97.5483871,112,112.9032258,91.22580645,96.51344086,15.66442739,0,1,1,1,0,1,0,1,0
5/1/2025 17:09,95.74193548,95.74193548,17,3,121,5,96.64516129,97.5483871,112,92.58064516,96.73924731,15.62389908,0,1,1,1,0,1,0,1,0
5/1/2025 18:35,61.87096774,61.87096774,18,3,121,5,95.74193548,96.64516129,97.5483871,92.58064516,96.87096774,15.60062341,0,1,1,1,0,1,0,0,0
5/1/2025 20:00,62.32258065,62.32258065,20,3,121,5,61.87096774,95.74193548,96.64516129,92.58064516,95.59139785,17.15026343,0,1,1,1,0,1,0,0,0
5/1/2025 21:26,85.35483871,85.35483871,21,3,121,5,62.32258065,61.87096774,95.74193548,112.9032258,94.33064516,18.44454314,0,1,1,1,0,1,0,0,0
5/1/2025 22:51,87.16129032,87.16129032,22,3,121,5,85.35483871,62.32258065,61.87096774,112.4516129,93.1827957,18.09231148,0,1,1,1,0,1,0,0,0
5/2/2025 0:17,87.16129032,87.16129032,0,4,122,5,87.16129032,85.35483871,62.32258065,112,92.12903226,17.6523814,1,0,1,1,0,1,0,0,0
5/2/2025 1:43,87.16129032,87.16129032,1,4,122,5,87.16129032,87.16129032,85.35483871,111.0967742,91.09408602,17.15792055,1,0,1,1,0,1,0,0,0
5/2/2025 3:08,87.16129032,87.16129032,3,4,122,5,87.16129032,87.16129032,87.16129032,91.67741935,90.09677419,16.63228352,1,0,1,1,0,1,0,0,0
5/2/2025 4:34,87.16129032,87.16129032,4,4,122,5,87.16129032,87.16129032,87.16129032,89.41935484,89.90860215,16.63916868,1,0,1,1,0,1,0,0,0
5/2/2025 5:59,109.2903226,109.2903226,5,4,122,5,87.16129032,87.16129032,87.16129032,63.22580645,89.81451613,16.64843692,1,0,1,1,0,1,0,0,0
5/2/2025 7:25,107.483871,107.483871,7,4,122,5,109.2903226,87.16129032,87.16129032,65.03225806,91.73387097,16.09598086,1,0,1,1,0,1,0,0,0
5/2/2025 8:51,107.483871,107.483871,8,4,122,5,107.483871,109.2903226,87.16129032,65.03225806,93.50268817,15.34933935,1,0,1,1,0,1,0,0,0
5/2/2025 10:16,106.1290323,106.1290323,10,4,122,5,107.483871,107.483871,109.2903226,88.96774194,95.27150538,14.33856151,1,0,1,1,0,1,0,0,0
5/2/2025 11:42,96.19354839,96.19354839,11,4,122,5,106.1290323,107.483871,107.483871,89.41935484,95.98655914,14.4380945,1,0,1,1,0,1,0,0,0
5/2/2025 13:08,94.83870968,94.83870968,13,4,122,5,96.19354839,106.1290323,107.483871,94.38709677,96.26881721,14.37018317,1,0,1,1,0,1,0,0,0
5/2/2025 14:33,60.06451613,60.06451613,14,4,122,5,94.83870968,96.19354839,106.1290323,95.29032258,96.28763441,14.3679075,1,0,1,1,0,1,0,0,0
5/2/2025 15:59,60.06451613,60.06451613,15,4,122,5,60.06451613,94.83870968,96.19354839,95.29032258,94.81989248,16.16149865,1,0,1,1,0,1,0,0,0
5/2/2025 17:24,60.51612903,60.51612903,17,4,122,5,60.06451613,60.06451613,94.83870968,112.9032258,93.35215054,17.6481005,1,0,1,1,0,1,0,0,0
5/2/2025 18:50,82.19354839,82.19354839,18,4,122,5,60.51612903,60.06451613,60.06451613,112.9032258,91.16935484,18.35055361,1,0,1,1,0,1,0,0,0
5/2/2025 20:16,82.64516129,82.64516129,20,4,122,5,82.19354839,60.51612903,60.06451613,112.9032258,89.88978495,17.83254668,1,0,1,1,0,1,0,0,0
5/2/2025 21:41,91.67741935,91.67741935,21,4,122,5,82.64516129,82.19354839,60.51612903,112.9032258,88.62903226,17.19291027,1,0,1,1,0,1,0,0,0
5/2/2025 23:07,92.58064516,92.58064516,23,4,122,5,91.67741935,82.64516129,82.19354839,112,87.74462366,16.41843565,1,0,1,1,0,1,0,0,0
5/3/2025 0:32,92.58064516,92.58064516,0,5,123,5,92.58064516,91.67741935,82.64516129,97.5483871,86.93548388,15.6307202,1,0,1,0,1,1,0,0,0
5/3/2025 1:58,116.0645161,116.0645161,1,5,123,5,92.58064516,92.58064516,91.67741935,96.64516129,86.72849463,15.5165443,1,0,1,0,1,1,0,0,0
5/3/2025 3:24,116.516129,116.516129,3,5,123,5,116.0645161,92.58064516,92.58064516,95.74193548,87.53763441,16.5294221,1,0,1,0,1,1,0,0,0
5/3/2025 4:49,116.516129,116.516129,4,5,123,5,116.516129,116.0645161,92.58064516,61.87096774,88.40322581,17.49355399,1,0,1,0,1,1,0,0,0
5/3/2025 6:15,116.516129,116.516129,6,5,123,5,116.516129,116.516129,116.0645161,62.32258065,90.68010753,17.44621045,1,0,1,0,1,1,0,0,0
5/3/2025 7:40,116.516129,116.516129,7,5,123,5,116.516129,116.516129,116.516129,85.35483871,92.93817204,17.12041002,1,0,1,0,1,1,0,0,0
5/3/2025 9:06,94.38709677,94.38709677,9,5,123,5,116.516129,116.516129,116.516129,87.16129032,94.23655914,17.69235624,1,0,1,0,1,1,0,0,0
5/3/2025 10:32,93.48387097,93.48387097,10,5,123,5,94.38709677,116.516129,116.516129,87.16129032,94.53763441,17.6280847,1,0,1,0,1,1,0,0,0
5/3/2025 11:57,92.12903226,92.12903226,11,5,123,5,93.48387097,94.38709677,116.516129,87.16129032,94.80107527,17.56016967,1,0,1,0,1,1,0,0,0
5/3/2025 13:23,60.06451613,60.06451613,13,5,123,5,92.12903226,93.48387097,94.38709677,87.16129032,95.00806451,17.49535974,1,0,1,0,1,1,0,0,0
5/3/2025 14:49,60.51612903,60.51612903,14,5,123,5,60.06451613,92.12903226,93.48387097,87.16129032,93.87903226,18.84594485,1,0,1,0,1,1,0,0,0
5/3/2025 16:14,81.29032258,81.29032258,16,5,123,5,60.51612903,60.06451613,92.12903226,109.2903226,92.7688172,20.00790611,1,0,1,0,1,1,0,0,0
5/3/2025 17:40,82.19354839,82.19354839,17,5,123,5,81.29032258,60.51612903,60.06451613,107.483871,91.60215054,19.81809021,1,0,1,0,1,1,0,0,0
5/3/2025 19:05,82.64516129,82.64516129,19,5,123,5,82.19354839,81.29032258,60.51612903,107.483871,90.54838709,19.60816913,1,0,1,0,1,1,0,0,0
5/3/2025 20:31,84,84,20,5,123,5,82.64516129,82.19354839,81.29032258,106.1290323,89.51344086,19.32894929,1,0,1,0,1,1,0,0,0
5/3/2025 21:57,104.3225806,104.3225806,21,5,123,5,84,82.64516129,82.19354839,96.19354839,88.59139784,19.02733353,1,0,1,0,1,1,0,0,0
5/3/2025 23:22,104.3225806,104.3225806,23,5,123,5,104.3225806,84,82.64516129,94.83870968,88.93010752,19.23971292,1,0,1,0,1,1,0,0,0
5/4/2025 0:48,104.7741935,104.7741935,0,6,124,5,104.3225806,104.3225806,84,60.06451613,89.32526881,19.46244959,0,0,1,0,0,1,0,0,0
5/4/2025 2:13,104.7741935,104.7741935,2,6,124,5,104.7741935,104.3225806,104.3225806,60.06451613,91.18817203,18.66324863,0,0,1,0,0,1,0,0,0
5/4/2025 3:39,104.3225806,104.3225806,3,6,124,5,104.7741935,104.7741935,104.3225806,60.51612903,93.05107525,17.6239656,0,0,1,0,0,1,0,0,0
5/4/2025 5:05,102.0645161,102.0645161,5,6,124,5,104.3225806,104.7741935,104.7741935,82.19354839,94.87634407,16.32877071,0,0,1,0,0,1,0,0,0
5/4/2025 6:30,89.87096774,89.87096774,6,6,124,5,102.0645161,104.3225806,104.7741935,82.64516129,95.70430106,16.16064129,0,0,1,0,0,1,0,0,0
5/4/2025 7:56,88.96774194,88.96774194,7,6,124,5,89.87096774,102.0645161,104.3225806,91.67741935,96.00537633,15.97298896,0,0,1,0,0,1,0,0,0
5/4/2025 9:22,60.06451613,60.06451613,9,6,124,5,88.96774194,89.87096774,102.0645161,92.58064516,95.8924731,16.01443345,0,0,1,0,0,1,0,0,0
5/4/2025 10:47,61.87096774,61.87096774,10,6,124,5,60.06451613,88.96774194,89.87096774,92.58064516,94.53763439,17.60341863,0,0,1,0,0,1,0,0,0
5/4/2025 12:13,61.87096774,61.87096774,12,6,124,5,61.87096774,60.06451613,88.96774194,116.0645161,93.2580645,18.825554,0,0,1,0,0,1,0,0,0
5/4/2025 13:38,82.64516129,82.64516129,13,6,124,5,61.87096774,61.87096774,60.06451613,116.516129,90.99999998,19.21715402,0,0,1,0,0,1,0,0,0
5/4/2025 15:04,83.5483871,83.5483871,15,6,124,5,82.64516129,61.87096774,61.87096774,116.516129,89.58870966,18.49183829,0,0,1,0,0,1,0,0,0
5/4/2025 16:30,88.51612903,88.51612903,16,6,124,5,83.5483871,82.64516129,61.87096774,116.516129,88.21505375,17.60795172,0,0,1,0,0,1,0,0,0
5/4/2025 17:55,89.41935484,89.41935484,17,6,124,5,88.51612903,83.5483871,82.64516129,116.516129,87.04838708,16.5468929,0,0,1,0,0,1,0,0,0
5/4/2025 19:21,89.41935484,89.41935484,19,6,124,5,89.41935484,88.51612903,83.5483871,94.38709677,85.91935483,15.32839484,0,0,1,0,0,1,0,0,0
5/4/2025 20:46,109.2903226,109.2903226,20,6,124,5,89.41935484,89.41935484,88.51612903,93.48387097,85.71236558,15.24237787,0,0,1,0,0,1,0,0,0
5/4/2025 22:12,109.2903226,109.2903226,22,6,124,5,109.2903226,89.41935484,89.41935484,92.12903226,86.37096773,15.91923298,0,0,1,0,0,1,0,0,0
5/4/2025 23:38,109.2903226,109.2903226,23,6,124,5,109.2903226,109.2903226,89.41935484,60.06451613,87.0860215,16.56157914,0,0,1,0,0,1,0,0,0
5/5/2025 1:03,109.7419355,109.7419355,1,0,125,5,109.2903226,109.2903226,109.2903226,60.51612903,89.13709677,16.11167438,0,0,1,0,0,1,0,0,0
5/5/2025 2:29,108.8387097,108.8387097,2,0,125,5,109.7419355,109.2903226,109.2903226,81.29032258,91.18817204,15.42853502,0,0,1,0,0,1,0,0,0
5/5/2025 3:55,51.93548387,51.93548387,3,0,125,5,108.8387097,109.7419355,109.2903226,82.19354839,92.3360215,15.68281473,0,0,1,0,0,1,0,0,0
5/5/2025 5:20,51.93548387,51.93548387,5,0,125,5,51.93548387,108.8387097,109.7419355,82.64516129,91.07526881,17.62909075,0,0,1,0,0,1,0,0,0
5/5/2025 6:46,51.48387097,51.48387097,6,0,125,5,51.93548387,51.93548387,108.8387097,84,89.79569892,19.30263803,0,0,1,0,0,1,0,0,0
5/5/2025 8:11,60.06451613,60.06451613,8,0,125,5,51.48387097,51.93548387,51.93548387,104.3225806,88.44086021,20.80945033,0,0,1,0,0,1,0,0,0
5/5/2025 9:37,62.32258065,62.32258065,9,0,125,5,60.06451613,51.48387097,51.93548387,104.3225806,86.59677419,21.296189,0,0,1,0,0,1,0,0,0
5/5/2025 11:03,83.5483871,83.5483871,11,0,125,5,62.32258065,60.06451613,51.48387097,104.7741935,84.84677419,21.50092877,0,0,1,0,0,1,0,0,0
5/5/2025 12:28,84.4516129,84.4516129,12,0,125,5,83.5483871,62.32258065,60.06451613,104.7741935,83.96236559,21.07799188,0,0,1,0,0,1,0,0,0
5/5/2025 13:54,84.90322581,84.90322581,13,0,125,5,84.4516129,83.5483871,62.32258065,104.3225806,83.1155914,20.60854466,0,0,1,0,0,1,0,0,0
5/5/2025 15:19,87.61290323,87.61290323,15,0,125,5,84.90322581,84.4516129,83.5483871,102.0645161,82.30645162,20.11502237,0,0,1,0,0,1,0,0,0
5/5/2025 16:45,107.483871,107.483871,16,0,125,5,87.61290323,84.90322581,84.4516129,89.87096774,81.70430108,19.71007262,0,0,1,0,0,1,0,0,0
5/5/2025 18:11,107.9354839,107.9354839,18,0,125,5,107.483871,87.61290323,84.90322581,88.96774194,82.43817205,20.34503072,0,0,1,0,0,1,0,0,0
5/5/2025 19:36,108.3870968,108.3870968,19,0,125,5,107.9354839,107.483871,87.61290323,60.06451613,83.22849463,20.96856169,0,0,1,0,0,1,0,0,0
5/5/2025 21:02,108.3870968,108.3870968,21,0,125,5,108.3870968,107.9354839,107.483871,61.87096774,85.24193549,20.96761895,0,0,1,0,0,1,0,0,0
5/5/2025 22:28,107.9354839,107.9354839,22,0,125,5,108.3870968,108.3870968,107.9354839,61.87096774,87.18010754,20.8629942,0,0,1,0,0,1,0,0,0
5/5/2025 23:53,98,98,23,0,125,5,107.9354839,108.3870968,108.3870968,82.64516129,89.09946238,20.54994241,0,0,1,0,0,1,0,0,0
5/6/2025 1:19,97.5483871,97.5483871,1,1,126,5,98,107.9354839,108.3870968,83.5483871,89.73924732,20.5792644,0,0,1,0,0,1,0,0,0
5/6/2025 2:44,96.64516129,96.64516129,2,1,126,5,97.5483871,98,107.9354839,88.51612903,90.32258066,20.59456459,0,0,1,0,0,1,0,0,0
5/6/2025 4:10,62.77419355,62.77419355,4,1,126,5,96.64516129,97.5483871,98,89.41935484,90.66129033,20.6303791,0,0,1,0,0,1,0,0,0
5/6/2025 5:36,63.67741935,63.67741935,5,1,126,5,62.77419355,96.64516129,97.5483871,89.41935484,89.55107528,21.402615,0,0,1,0,0,1,0,0,0
5/6/2025 7:01,63.67741935,63.67741935,7,1,126,5,63.67741935,62.77419355,96.64516129,109.2903226,88.47849463,22.04488778,0,0,1,0,0,1,0,0,0
5/6/2025 8:27,83.5483871,83.5483871,8,1,126,5,63.67741935,63.67741935,62.77419355,109.2903226,86.577957,22.13863915,0,0,1,0,0,1,0,0,0
5/6/2025 9:52,84.4516129,84.4516129,9,1,126,5,83.5483871,63.67741935,63.67741935,109.2903226,85.50537635,21.60762882,0,0,1,0,0,1,0,0,0
5/6/2025 11:18,87.61290323,87.61290323,11,1,126,5,84.4516129,83.5483871,63.67741935,109.7419355,84.47043012,21.00532164,0,0,1,0,0,1,0,0,0
5/6/2025 12:44,87.61290323,87.61290323,12,1,126,5,87.61290323,84.4516129,83.5483871,108.8387097,83.5483871,20.32236248,0,0,1,0,0,1,0,0,0
5/6/2025 14:09,87.61290323,87.61290323,14,1,126,5,87.61290323,87.61290323,84.4516129,51.93548387,82.6639785,19.62375576,0,0,1,0,0,1,0,0,0
5/6/2025 15:35,105.6774194,105.6774194,15,1,126,5,87.61290323,87.61290323,87.61290323,51.93548387,84.15053764,18.51477208,0,0,1,0,0,1,0,0,0
5/6/2025 17:00,106.1290323,106.1290323,17,1,126,5,105.6774194,87.61290323,87.61290323,51.48387097,86.38978496,17.6802291,0,0,1,0,0,1,0,0,0
5/6/2025 18:26,106.1290323,106.1290323,18,1,126,5,106.1290323,105.6774194,87.61290323,60.06451613,88.66666668,16.46653524,0,0,1,0,0,1,0,0,0
5/6/2025 19:52,106.1290323,106.1290323,19,1,126,5,106.1290323,106.1290323,105.6774194,62.32258065,90.58602152,15.65221619,0,0,1,0,0,1,0,0,0
5/6/2025 21:17,105.6774194,105.6774194,21,1,126,5,106.1290323,106.1290323,106.1290323,83.5483871,92.41129034,14.74068253,0,0,1,0,0,1,0,0,0
5/6/2025 22:43,91.67741935,91.67741935,22,1,126,5,105.6774194,106.1290323,106.1290323,84.4516129,93.33333335,14.85385736,0,0,1,0,0,1,0,0,0
5/7/2025 0:09,91.22580645,91.22580645,0,2,127,5,91.67741935,105.6774194,106.1290323,84.90322581,93.63440862,14.73878997,0,0,1,0,0,0,0,0,0
5/7/2025 1:34,89.41935484,89.41935484,1,2,127,5,91.22580645,91.67741935,105.6774194,87.61290323,93.89784948,14.63206213,0,0,1,0,0,0,0,0,0
5/7/2025 3:00,65.48387097,65.48387097,3,2,127,5,89.41935484,91.22580645,91.67741935,107.483871,93.97311829,14.60294337,0,0,1,0,0,0,0,0,0
5/7/2025 4:25,65.93548387,65.93548387,4,2,127,5,65.48387097,89.41935484,91.22580645,107.9354839,92.22311829,15.40786606,0,0,1,0,0,0,0,0,0
5/7/2025 5:51,87.61290323,87.61290323,5,2,127,5,65.93548387,65.48387097,89.41935484,108.3870968,90.47311829,15.92224999,0,0,1,0,0,0,0,0,0
5/7/2025 7:17,88.51612903,88.51612903,7,2,127,5,87.61290323,65.93548387,65.48387097,108.3870968,89.60752689,15.46412858,0,0,1,0,0,0,0,0,0
5/7/2025 8:42,94.38709677,94.38709677,8,2,127,5,88.51612903,87.61290323,65.93548387,107.9354839,88.7795699,14.93794391,0,0,1,0,0,0,0,0,0
5/7/2025 10:08,94.83870968,94.83870968,10,2,127,5,94.38709677,88.51612903,87.61290323,98,88.21505377,14.42991594,0,0,1,0,0,0,0,0,0
5/7/2025 11:33,103.8709677,103.8709677,11,2,127,5,94.83870968,94.38709677,88.51612903,97.5483871,88.08333334,14.35092504,0,0,1,0,0,0,0,0,0
5/7/2025 12:59,104.3225806,104.3225806,12,2,127,5,103.8709677,94.83870968,94.38709677,96.64516129,88.3467742,14.58829887,0,0,1,0,0,0,0,0,0
5/7/2025 14:25,104.3225806,104.3225806,14,2,127,5,104.3225806,103.8709677,94.83870968,62.77419355,88.66666667,14.85982603,0,0,1,0,0,0,0,0,0
5/7/2025 15:50,104.3225806,104.3225806,15,2,127,5,104.3225806,104.3225806,103.8709677,63.67741935,90.39784947,14.1136559,0,0,1,0,0,0,0,0,0
5/7/2025 17:16,103.8709677,103.8709677,17,2,127,5,104.3225806,104.3225806,104.3225806,63.67741935,92.09139785,13.1753619,0,0,1,0,0,0,0,0,0
5/7/2025 18:42,89.41935484,89.41935484,18,2,127,5,103.8709677,104.3225806,104.3225806,83.5483871,93.76612903,11.89933212,0,0,1,0,0,0,0,0,0
5/7/2025 20:07,89.41935484,89.41935484,20,2,127,5,89.41935484,103.8709677,104.3225806,84.4516129,94.01075269,11.73941786,0,0,1,0,0,0,0,0,0
5/7/2025 21:33,88.51612903,88.51612903,21,2,127,5,89.41935484,89.41935484,103.8709677,87.61290323,94.21774194,11.60658723,0,0,1,0,0,0,0,0,0
5/7/2025 22:58,61.87096774,61.87096774,22,2,127,5,88.51612903,89.41935484,89.41935484,87.61290323,94.25537634,11.58568541,0,0,1,0,0,0,0,0,0
5/8/2025 0:24,62.32258065,62.32258065,0,3,128,5,61.87096774,88.51612903,89.41935484,87.61290323,93.1827957,13.2931228,0,0,1,0,0,0,0,0,1
5/8/2025 1:50,62.32258065,62.32258065,1,3,128,5,62.32258065,61.87096774,88.51612903,105.6774194,92.12903226,14.68353525,0,0,1,0,0,0,0,0,1
5/8/2025 3:15,88.51612903,88.51612903,3,3,128,5,62.32258065,62.32258065,61.87096774,106.1290323,90.32258064,15.58356173,0,0,1,0,0,0,0,0,1
5/8/2025 4:41,88.96774194,88.96774194,4,3,128,5,88.51612903,62.32258065,62.32258065,106.1290323,89.58870967,15.21724403,0,0,1,0,0,0,0,0,1
5/8/2025 6:06,88.96774194,88.96774194,6,3,128,5,88.96774194,88.51612903,62.32258065,106.1290323,88.87365591,14.8038126,0,0,1,0,0,0,0,0,1
5/8/2025 7:32,88.96774194,88.96774194,7,3,128,5,88.96774194,88.96774194,88.51612903,105.6774194,88.15860214,14.34134422,0,0,1,0,0,0,0,0,1
5/8/2025 8:58,88.96774194,88.96774194,8,3,128,5,88.96774194,88.96774194,88.96774194,91.67741935,87.46236558,13.85109854,0,0,1,0,0,0,0,0,1
5/8/2025 10:23,100.7096774,100.7096774,10,3,128,5,88.96774194,88.96774194,88.96774194,91.22580645,87.34946236,13.82626825,0,0,1,0,0,0,0,0,1
5/8/2025 11:49,101.1612903,101.1612903,11,3,128,5,100.7096774,88.96774194,88.96774194,89.41935484,87.74462365,14.07515943,0,0,1,0,0,0,0,0,1
5/8/2025 13:15,101.1612903,101.1612903,13,3,128,5,101.1612903,100.7096774,88.96774194,65.48387097,88.23387096,14.33753072,0,0,1,0,0,0,0,0,1
5/8/2025 14:40,100.2580645,100.2580645,14,3,128,5,101.1612903,101.1612903,100.7096774,65.93548387,89.7204301,13.71211648,0,0,1,0,0,0,0,0,1
5/8/2025 16:06,98,98,16,3,128,5,100.2580645,101.1612903,101.1612903,87.61290323,91.15053762,12.88872489,0,0,1,0,0,0,0,0,1
5/8/2025 17:31,89.41935484,89.41935484,17,3,128,5,98,100.2580645,101.1612903,88.51612903,91.58333332,12.93906633,0,0,1,0,0,0,0,0,1
5/8/2025 18:57,88.51612903,88.51612903,18,3,128,5,89.41935484,98,100.2580645,94.38709677,91.62096773,12.9310683,0,0,1,0,0,0,0,0,1
5/8/2025 20:23,88.06451613,88.06451613,20,3,128,5,88.51612903,89.41935484,98,94.83870968,91.37634407,12.9319969,0,0,1,0,0,0,0,0,1
5/8/2025 21:48,60.06451613,60.06451613,21,3,128,5,88.06451613,88.51612903,89.41935484,103.8709677,91.09408601,12.92706743,0,0,1,0,0,0,0,0,1
5/8/2025 23:14,60.51612903,60.51612903,23,3,128,5,60.06451613,88.06451613,88.51612903,104.3225806,89.26881719,14.08535412,0,0,1,0,0,0,0,0,1
5/9/2025 0:39,86.25806452,86.25806452,0,4,129,5,60.51612903,60.06451613,88.06451613,104.3225806,87.44354838,14.86647578,1,0,1,0,1,0,0,0,1
5/9/2025 2:05,87.61290323,87.61290323,2,4,129,5,86.25806452,60.51612903,60.06451613,104.3225806,86.69086021,14.42549833,1,0,1,0,1,0,0,0,1
5/9/2025 3:31,87.61290323,87.61290323,3,4,129,5,87.61290323,86.25806452,60.51612903,103.8709677,85.99462365,13.93232674,1,0,1,0,1,0,0,0,1
5/9/2025 4:56,87.61290323,87.61290323,4,4,129,5,87.61290323,87.61290323,86.25806452,89.41935484,85.3172043,13.41084146,1,0,1,0,1,0,0,0,1
5/9/2025 6:22,108.3870968,108.3870968,6,4,129,5,87.61290323,87.61290323,87.61290323,89.41935484,85.24193548,13.39187295,1,0,1,0,1,0,0,0,1
5/9/2025 7:48,109.2903226,109.2903226,7,4,129,5,108.3870968,87.61290323,87.61290323,88.51612903,86.03225806,14.18530935,1,0,1,0,1,0,0,0,1
5/9/2025 9:13,109.7419355,109.7419355,9,4,129,5,109.2903226,108.3870968,87.61290323,61.87096774,86.89784946,14.95633502,1,0,1,0,1,0,0,0,1
5/9/2025 10:39,109.2903226,109.2903226,10,4,129,5,109.7419355,109.2903226,108.3870968,62.32258065,88.89247312,14.66278625,1,0,1,0,1,0,0,0,1
5/9/2025 12:04,109.2903226,109.2903226,12,4,129,5,109.2903226,109.7419355,109.2903226,62.32258065,90.84946237,14.08535413,1,0,1,0,1,0,0,0,1
5/9/2025 13:30,88.96774194,88.96774194,13,4,129,5,109.2903226,109.2903226,109.7419355,88.51612903,92.80645162,13.18349199,1,0,1,0,1,0,0,0,1
5/9/2025 14:56,88.96774194,88.96774194,14,4,129,5,88.96774194,109.2903226,109.2903226,88.96774194,92.82526882,13.17742293,1,0,1,0,1,0,0,0,1
5/9/2025 16:21,87.61290323,87.61290323,16,4,129,5,88.96774194,88.96774194,109.2903226,88.96774194,92.82526882,13.17742293,1,0,1,0,1,0,0,0,1
5/9/2025 17:47,58.25806452,58.25806452,17,4,129,5,87.61290323,88.96774194,88.96774194,88.96774194,92.76881721,13.19755361,1,0,1,0,1,0,0,0,1
5/9/2025 19:12,58.70967742,58.70967742,19,4,129,5,58.25806452,87.61290323,88.96774194,88.96774194,91.48924731,14.95396325,1,0,1,0,1,0,0,0,1
5/9/2025 20:38,59.16129032,59.16129032,20,4,129,5,58.70967742,58.25806452,87.61290323,100.7096774,90.22849463,16.38302099,1,0,1,0,1,0,0,0,1
5/9/2025 22:04,83.09677419,83.09677419,22,4,129,5,59.16129032,58.70967742,58.25806452,101.1612903,88.49731183,17.39148443,1,0,1,0,1,0,0,0,1
5/9/2025 23:29,83.5483871,83.5483871,23,4,129,5,83.09677419,59.16129032,58.70967742,101.1612903,87.74462366,17.20952506,1,0,1,0,1,0,0,0,1
5/10/2025 0:55,87.61290323,87.61290323,0,5,130,5,83.5483871,83.09677419,59.16129032,100.2580645,87.01075269,16.98661131,1,0,1,0,1,0,0,0,0
5/10/2025 2:20,87.61290323,87.61290323,2,5,130,5,87.61290323,83.5483871,83.09677419,98,86.48387097,16.75234309,1,0,1,0,1,0,0,0,0
5/10/2025 3:46,87.61290323,87.61290323,3,5,130,5,87.61290323,87.61290323,83.5483871,89.41935484,86.05107527,16.5751267,1,0,1,0,1,0,0,0,0
5/10/2025 5:12,103.4193548,103.4193548,5,5,130,5,87.61290323,87.61290323,87.61290323,88.51612903,85.97580646,16.56326344,1,0,1,0,1,0,0,0,0
5/10/2025 6:37,103.4193548,103.4193548,6,5,130,5,103.4193548,87.61290323,87.61290323,88.06451613,86.5967742,16.93777451,1,0,1,0,1,0,0,0,0
5/10/2025 8:03,103.8709677,103.8709677,8,5,130,5,103.4193548,103.4193548,87.61290323,60.06451613,87.23655914,17.2821218,1,0,1,0,1,0,0,0,0
5/10/2025 9:29,103.4193548,103.4193548,9,5,130,5,103.8709677,103.4193548,103.4193548,60.51612903,89.06182796,16.58689236,1,0,1,0,1,0,0,0,0
5/10/2025 10:54,103.4193548,103.4193548,10,5,130,5,103.4193548,103.8709677,103.4193548,86.25806452,90.84946236,15.66283516,1,0,1,0,1,0,0,0,0
5/10/2025 12:20,88.96774194,88.96774194,12,5,130,5,103.4193548,103.4193548,103.8709677,87.61290323,91.56451613,15.83489726,1,0,1,0,1,0,0,0,0
5/10/2025 13:45,88.06451613,88.06451613,13,5,130,5,88.96774194,103.4193548,103.4193548,87.61290323,91.62096774,15.82260745,1,0,1,0,1,0,0,0,0
5/10/2025 15:11,87.16129032,87.16129032,15,5,130,5,88.06451613,88.96774194,103.4193548,87.61290323,91.63978494,15.81790141,1,0,1,0,1,0,0,0,0
5/10/2025 16:37,59.61290323,59.61290323,16,5,130,5,87.16129032,88.06451613,88.96774194,108.3870968,91.62096774,15.82316788,1,0,1,0,1,0,0,0,0
5/10/2025 18:02,79.03225806,79.03225806,18,5,130,5,59.61290323,87.16129032,88.06451613,109.2903226,89.58870967,16.68488267,1,0,1,0,1,0,0,0,0
5/10/2025 19:28,79.48387097,79.48387097,19,5,130,5,79.03225806,59.61290323,87.16129032,109.7419355,88.32795698,16.26946901,1,0,1,0,1,0,0,0,0
5/10/2025 20:53,79.48387097,79.48387097,20,5,130,5,79.48387097,79.03225806,59.61290323,109.2903226,87.0672043,15.70033335,1,0,1,0,1,0,0,0,0
5/10/2025 22:19,82.64516129,82.64516129,22,5,130,5,79.48387097,79.48387097,79.03225806,109.2903226,85.82526881,15.03059635,1,0,1,0,1,0,0,0,0
5/10/2025 23:45,82.64516129,82.64516129,23,5,130,5,82.64516129,79.48387097,79.48387097,88.96774194,84.71505376,14.18213127,1,0,1,0,1,0,0,0,0
5/11/2025 1:10,94.83870968,94.83870968,1,6,131,5,82.64516129,82.64516129,79.48387097,88.96774194,84.4516129,14.1584035,0,1,1,1,0,0,0,0,0
5/11/2025 2:36,95.29032258,95.29032258,2,6,131,5,94.83870968,82.64516129,82.64516129,87.61290323,84.69623655,14.2899313,0,1,1,1,0,0,0,0,0
5/11/2025 4:02,95.29032258,95.29032258,4,6,131,5,95.29032258,94.83870968,82.64516129,58.25806452,85.01612903,14.44317337,0,1,1,1,0,0,0,0,0
5/11/2025 5:27,95.29032258,95.29032258,5,6,131,5,95.29032258,95.29032258,94.83870968,58.70967742,86.55913978,13.40075399,0,1,1,1,0,0,0,0,0
5/11/2025 6:53,95.29032258,95.29032258,6,6,131,5,95.29032258,95.29032258,95.29032258,59.16129032,88.08333333,12.11400517,0,1,1,1,0,0,0,0,0
5/11/2025 8:18,83.5483871,83.5483871,8,6,131,5,95.29032258,95.29032258,95.29032258,83.09677419,89.58870967,10.50113477,0,1,1,1,0,0,0,0,0
5/11/2025 9:44,83.5483871,83.5483871,9,6,131,5,83.5483871,95.29032258,95.29032258,83.5483871,89.60752687,10.48939401,0,1,1,1,0,0,0,0,0
5/11/2025 11:10,81.74193548,81.74193548,11,6,131,5,83.5483871,83.5483871,95.29032258,87.61290323,89.60752687,10.48939401,0,1,1,1,0,0,0,0,0
5/11/2025 12:35,56,56,12,6,131,5,81.74193548,83.5483871,83.5483871,87.61290323,89.36290322,10.60574643,0,1,1,1,0,0,0,0,0
5/11/2025 14:01,56.4516129,56.4516129,14,6,131,5,56,81.74193548,83.5483871,87.61290323,88.04569892,12.6068699,0,1,1,1,0,0,0,0,0
5/11/2025 15:26,56.4516129,56.4516129,15,6,131,5,56.4516129,56,81.74193548,103.4193548,86.74731182,14.16210869,0,1,1,1,0,0,0,0,0
5/11/2025 16:52,76.32258065,76.32258065,16,6,131,5,56.4516129,56.4516129,56,103.4193548,84.79032257,14.9796375,0,1,1,1,0,0,0,0,0
5/11/2025 18:18,77.22580645,77.22580645,18,6,131,5,76.32258065,56.4516129,56.4516129,103.8709677,83.66129032,14.52887394,0,1,1,1,0,0,0,0,0
5/11/2025 19:43,77.22580645,77.22580645,19,6,131,5,77.22580645,76.32258065,56.4516129,103.4193548,82.55107527,13.92281616,0,1,1,1,0,0,0,0,0
5/11/2025 21:09,77.22580645,77.22580645,21,6,131,5,77.22580645,77.22580645,76.32258065,103.4193548,81.45967742,13.22500339,0,1,1,1,0,0,0,0,0
5/11/2025 22:35,76.77419355,76.77419355,22,6,131,5,77.22580645,77.22580645,77.22580645,88.96774194,80.36827957,12.38833092,0,1,1,1,0,0,0,0,0
5/12/2025 0:00,95.74193548,95.74193548,0,0,132,5,76.77419355,77.22580645,77.22580645,88.06451613,79.86021505,12.2697909,0,0,1,0,0,0,0,0,0
5/12/2025 1:26,96.64516129,96.64516129,1,0,132,5,95.74193548,76.77419355,77.22580645,87.16129032,80.18010753,12.58892063,0,0,1,0,0,0,0,0,0
5/12/2025 2:51,96.64516129,96.64516129,2,0,132,5,96.64516129,95.74193548,76.77419355,59.61290323,80.57526882,12.9609357,0,0,1,0,0,0,0,0,0
5/12/2025 4:17,96.64516129,96.64516129,4,0,132,5,96.64516129,96.64516129,95.74193548,79.03225806,82.11827957,12.55484342,0,0,1,0,0,0,0,0,0
5/12/2025 5:43,96.19354839,96.19354839,5,0,132,5,96.64516129,96.64516129,96.64516129,79.48387097,82.85215054,12.87723862,0,0,1,0,0,0,0,0,0
5/12/2025 7:08,85.35483871,85.35483871,7,0,132,5,96.19354839,96.64516129,96.64516129,79.48387097,83.5483871,13.13632371,0,0,1,0,0,0,0,0,0
5/12/2025 8:34,84.4516129,84.4516129,8,0,132,5,85.35483871,96.19354839,96.64516129,82.64516129,83.79301075,13.11198557,0,0,1,0,0,0,0,0,0
5/12/2025 9:59,83.5483871,83.5483871,9,0,132,5,84.4516129,85.35483871,96.19354839,82.64516129,83.86827957,13.11029473,0,0,1,0,0,0,0,0,0
5/12/2025 11:25,57.35483871,57.35483871,11,0,132,5,83.5483871,84.4516129,85.35483871,94.83870968,83.90591398,13.10792717,0,0,1,0,0,0,0,0,0
5/12/2025 12:51,78.12903226,78.12903226,12,0,132,5,57.35483871,83.5483871,84.4516129,95.29032258,82.34408602,13.95442672,0,0,1,0,0,0,0,0,0
5/12/2025 14:16,78.12903226,78.12903226,14,0,132,5,78.12903226,57.35483871,83.5483871,95.29032258,81.62903226,13.69955405,0,0,1,0,0,0,0,0,0
5/12/2025 15:42,78.58064516,78.58064516,15,0,132,5,78.12903226,78.12903226,57.35483871,95.29032258,80.91397849,13.40009226,0,0,1,0,0,0,0,0,0
5/12/2025 17:08,82.19354839,82.19354839,17,0,132,5,78.58064516,78.12903226,78.12903226,95.29032258,80.21774194,13.05018434,0,0,1,0,0,0,0,0,0
5/12/2025 18:33,82.64516129,82.64516129,18,0,132,5,82.19354839,78.58064516,78.12903226,83.5483871,79.67204301,12.66052129,0,0,1,0,0,0,0,0,0
5/12/2025 19:59,95.29032258,95.29032258,19,0,132,5,82.64516129,82.19354839,78.58064516,83.5483871,79.6344086,12.64983551,0,0,1,0,0,0,0,0,0
5/12/2025 21:24,95.74193548,95.74193548,21,0,132,5,95.29032258,82.64516129,82.19354839,81.74193548,80.12365591,13.02917377,0,0,1,0,0,0,0,0,0
5/12/2025 22:50,96.19354839,96.19354839,22,0,132,5,95.74193548,95.29032258,82.64516129,56,80.70698925,13.41253575,0,0,1,0,0,0,0,0,0
5/13/2025 0:16,96.19354839,96.19354839,0,1,133,5,96.19354839,95.74193548,95.29032258,56.4516129,82.38172043,12.68291466,0,0,1,0,0,0,0,0,0
5/13/2025 1:41,95.74193548,95.74193548,1,1,133,5,96.19354839,96.19354839,95.74193548,56.4516129,84.03763441,11.70708137,0,0,1,0,0,0,0,0,0
5/13/2025 3:07,84.90322581,84.90322581,3,1,133,5,95.74193548,96.19354839,96.19354839,76.32258065,85.67473118,10.35030427,0,0,1,0,0,0,0,0,0
5/13/2025 4:32,84.90322581,84.90322581,4,1,133,5,84.90322581,95.74193548,96.19354839,77.22580645,86.03225806,10.15965391,0,0,1,0,0,0,0,0,0
5/13/2025 5:58,84,84,5,1,133,5,84.90322581,84.90322581,95.74193548,77.22580645,86.35215054,9.989760475,0,0,1,0,0,0,0,0,0
5/13/2025 7:24,58.25806452,58.25806452,7,1,133,5,84,84.90322581,84.90322581,77.22580645,86.6344086,9.814857006,0,0,1,0,0,0,0,0,0
5/13/2025 8:49,59.61290323,59.61290323,8,1,133,5,58.25806452,84,84.90322581,76.77419355,85.84408602,11.26234026,0,0,1,0,0,0,0,0,0
5/13/2025 10:15,59.61290323,59.61290323,10,1,133,5,59.61290323,58.25806452,84,95.74193548,85.12903226,12.35501631,0,0,1,0,0,0,0,0,0
5/13/2025 11:40,79.93548387,79.93548387,11,1,133,5,59.61290323,59.61290323,58.25806452,96.64516129,83.62365592,13.17923132,0,0,1,0,0,0,0,0,0
5/13/2025 13:06,80.83870968,80.83870968,13,1,133,5,79.93548387,59.61290323,59.61290323,96.64516129,82.92741936,12.89982862,0,0,1,0,0,0,0,0,0
5/13/2025 14:32,85.80645161,85.80645161,14,1,133,5,80.83870968,79.93548387,59.61290323,96.64516129,82.26881721,12.56825609,0,0,1,0,0,0,0,0,0
5/13/2025 15:57,86.70967742,86.70967742,15,1,133,5,85.80645161,80.83870968,79.93548387,96.19354839,81.8172043,12.21909605,0,0,1,0,0,0,0,0,0
5/13/2025 17:23,86.70967742,86.70967742,17,1,133,5,86.70967742,85.80645161,80.83870968,85.35483871,81.42204301,11.8826773,0,0,1,0,0,0,0,0,0
5/13/2025 18:49,94.83870968,94.83870968,18,1,133,5,86.70967742,86.70967742,85.80645161,84.4516129,81.47849462,11.90536994,0,0,1,0,0,0,0,0,0
5/13/2025 20:14,94.83870968,94.83870968,20,1,133,5,94.83870968,86.70967742,86.70967742,83.5483871,81.91129032,12.20322586,0,0,1,0,0,0,0,0,0
5/13/2025 21:40,94.83870968,94.83870968,21,1,133,5,94.83870968,94.83870968,86.70967742,57.35483871,82.38172043,12.48348016,0,0,1,0,0,0,0,0,0
5/13/2025 23:05,94.83870968,94.83870968,23,1,133,5,94.83870968,94.83870968,94.83870968,78.12903226,83.94354839,11.52416324,0,0,1,0,0,0,0,0,0
5/14/2025 0:31,93.93548387,93.93548387,0,2,134,5,94.83870968,94.83870968,94.83870968,78.12903226,84.63978495,11.66154557,0,0,0,0,0,0,0,0,0
5/14/2025 1:57,79.93548387,79.93548387,1,2,134,5,93.93548387,94.83870968,94.83870968,78.58064516,85.2983871,11.7240329,0,0,0,0,0,0,0,0,0
5/14/2025 3:22,79.48387097,79.48387097,3,2,134,5,79.93548387,93.93548387,94.83870968,82.19354839,85.35483871,11.69350244,0,0,0,0,0,0,0,0,0
5/14/2025 4:48,77.67741935,77.67741935,4,2,134,5,79.48387097,79.93548387,93.93548387,82.64516129,85.24193549,11.73834771,0,0,0,0,0,0,0,0,0
5/14/2025 6:13,55.5483871,55.5483871,6,2,134,5,77.67741935,79.48387097,79.93548387,95.29032258,85.03494624,11.82957414,0,0,0,0,0,0,0,0,0
5/14/2025 7:39,74.96774194,74.96774194,7,2,134,5,55.5483871,77.67741935,79.48387097,95.74193548,83.37903226,13.05018434,0,0,0,0,0,0,0,0,0
5/14/2025 9:05,75.41935484,75.41935484,9,2,134,5,74.96774194,55.5483871,77.67741935,96.19354839,82.51344086,12.88240226,0,0,0,0,0,0,0,0,0
5/14/2025 10:30,75.41935484,75.41935484,10,2,134,5,75.41935484,74.96774194,55.5483871,96.19354839,81.64784946,12.61847054,0,0,0,0,0,0,0,0,0
5/14/2025 11:56,79.03225806,79.03225806,11,2,134,5,75.41935484,75.41935484,74.96774194,95.74193548,80.78225807,12.28542473,0,0,0,0,0,0,0,0,0
5/14/2025 13:22,79.03225806,79.03225806,13,2,134,5,79.03225806,75.41935484,75.41935484,84.90322581,80.08602151,11.86713559,0,0,0,0,0,0,0,0,0
5/14/2025 14:47,95.74193548,95.74193548,14,2,134,5,79.03225806,79.03225806,75.41935484,84.90322581,79.84139785,11.82395072,0,0,0,0,0,0,0,0,0
5/14/2025 16:13,96.64516129,96.64516129,16,2,134,5,95.74193548,79.03225806,79.03225806,84,80.29301075,12.2258524,0,0,0,0,0,0,0,0,0
5/14/2025 17:38,96.64516129,96.64516129,17,2,134,5,96.64516129,95.74193548,79.03225806,58.25806452,80.81989247,12.65741283,0,0,0,0,0,0,0,0,0
5/14/2025 19:04,96.64516129,96.64516129,19,2,134,5,96.64516129,96.64516129,95.74193548,59.61290323,82.41935484,12.09533979,0,0,0,0,0,0,0,0,0
5/14/2025 20:30,94.38709677,94.38709677,20,2,134,5,96.64516129,96.64516129,96.64516129,59.61290323,83.96236559,11.40162992,0,0,0,0,0,0,0,0,0
5/14/2025 21:55,85.35483871,85.35483871,21,2,134,5,94.38709677,96.64516129,96.64516129,79.93548387,85.41129032,10.33215391,0,0,0,0,0,0,0,0,0
5/14/2025 23:21,85.35483871,85.35483871,23,2,134,5,85.35483871,94.38709677,96.64516129,80.83870968,85.63709677,10.26628782,0,0,0,0,0,0,0,0,0
5/15/2025 0:46,84,84,0,3,135,5,85.35483871,85.35483871,94.38709677,85.80645161,85.82526882,10.21577776,0,0,0,0,0,0,1,0,1
5/15/2025 2:12,53.29032258,53.29032258,2,3,135,5,84,85.35483871,85.35483871,86.70967742,85.75,10.22257505,0,0,0,0,0,0,1,0,1
5/15/2025 3:38,52.83870968,52.83870968,3,3,135,5,53.29032258,84,85.35483871,86.70967742,84.35752688,12.17570292,0,0,0,0,0,0,1,0,1
5/15/2025 5:03,53.29032258,53.29032258,5,3,135,5,52.83870968,53.29032258,84,94.83870968,82.94623656,13.75215321,0,0,0,0,0,0,1,0,1
5/15/2025 6:29,71.80645161,71.80645161,6,3,135,5,53.29032258,52.83870968,53.29032258,94.83870968,81.21505376,14.76764086,0,0,0,0,0,0,1,0,1
5/15/2025 7:55,72.70967742,72.70967742,7,3,135,5,71.80645161,53.29032258,52.83870968,94.83870968,80.25537634,14.59113524,0,0,0,0,0,0,1,0,1
5/15/2025 9:20,80.38709677,80.38709677,9,3,135,5,72.70967742,71.80645161,53.29032258,94.83870968,79.33333333,14.32630338,0,0,0,0,0,0,1,0,1
5/15/2025 10:46,80.83870968,80.83870968,10,3,135,5,80.38709677,72.70967742,71.80645161,93.93548387,78.7311828,13.94489146,0,0,0,0,0,0,1,0,1
5/15/2025 12:11,80.83870968,80.83870968,12,3,135,5,80.83870968,80.38709677,72.70967742,79.93548387,78.18548387,13.57539967,0,0,0,0,0,0,1,0,1
5/15/2025 13:37,99.80645161,99.80645161,13,3,135,5,80.83870968,80.83870968,80.38709677,79.48387097,78.22311828,13.58171256,0,0,0,0,0,0,1,0,1
5/15/2025 15:03,100.7096774,100.7096774,15,3,135,5,99.80645161,80.83870968,80.83870968,77.67741935,79.06989247,14.2793393,0,0,0,0,0,0,1,0,1
5/15/2025 16:28,100.7096774,100.7096774,16,3,135,5,100.7096774,99.80645161,80.83870968,55.5483871,80.02956989,14.94035531,0,0,0,0,0,0,1,0,1
5/15/2025 17:54,100.7096774,100.7096774,17,3,135,5,100.7096774,100.7096774,99.80645161,74.96774194,81.91129032,14.56213762,0,0,0,0,0,0,1,0,1
5/15/2025 19:19,100.7096774,100.7096774,19,3,135,5,100.7096774,100.7096774,100.7096774,75.41935484,82.98387096,14.97075524,0,0,0,0,0,0,1,0,1
5/15/2025 20:45,92.12903226,92.12903226,20,3,135,5,100.7096774,100.7096774,100.7096774,75.41935484,84.0376344,15.30156724,0,0,0,0,0,0,1,0,1
5/15/2025 22:11,53.29032258,53.29032258,22,3,135,5,92.12903226,100.7096774,100.7096774,79.03225806,84.73387096,15.27250324,0,0,0,0,0,0,1,0,1
5/15/2025 23:36,55.09677419,55.09677419,23,3,135,5,53.29032258,92.12903226,100.7096774,79.03225806,83.66129032,16.54153299,0,0,0,0,0,0,1,0,1
5/16/2025 1:02,55.5483871,55.5483871,1,4,136,5,55.09677419,53.29032258,92.12903226,95.74193548,82.66397849,17.52506989,1,0,0,0,0,0,1,0,1
5/16/2025 2:28,74.51612903,74.51612903,2,4,136,5,55.5483871,55.09677419,53.29032258,96.64516129,80.98924731,18.13099036,1,0,0,0,0,0,1,0,1
5/16/2025 3:53,74.96774194,74.96774194,3,4,136,5,74.51612903,55.5483871,55.09677419,96.64516129,80.0672043,17.86086852,1,0,0,0,0,0,1,0,1
5/16/2025 5:19,74.96774194,74.96774194,5,4,136,5,74.96774194,74.51612903,55.5483871,96.64516129,79.16397849,17.53114076,1,0,0,0,0,0,1,0,1
5/16/2025 6:44,85.35483871,85.35483871,6,4,136,5,74.96774194,74.96774194,74.51612903,94.38709677,78.26075269,17.14551235,1,0,0,0,0,0,1,0,1
5/16/2025 8:10,85.80645161,85.80645161,8,4,136,5,85.35483871,74.96774194,74.96774194,85.35483871,77.8844086,16.87311407,1,0,0,0,0,0,1,0,1
5/16/2025 9:36,111.0967742,111.0967742,9,4,136,5,85.80645161,85.35483871,74.96774194,85.35483871,77.9032258,16.88205691,1,0,0,0,0,0,1,0,1
5/16/2025 11:01,113.3548387,113.3548387,11,4,136,5,111.0967742,85.80645161,85.35483871,84,78.97580645,18.14646122,1,0,0,0,0,0,1,0,1
5/16/2025 12:27,113.8064516,113.8064516,12,4,136,5,113.3548387,111.0967742,85.80645161,53.29032258,80.19892473,19.44281935,1,0,0,0,0,0,1,0,1
5/16/2025 13:52,113.8064516,113.8064516,13,4,136,5,113.8064516,113.3548387,111.0967742,52.83870968,82.7204301,19.72345262,1,0,0,0,0,0,1,0,1
5/16/2025 15:18,113.3548387,113.3548387,15,4,136,5,113.8064516,113.8064516,113.3548387,53.29032258,85.26075268,19.63346876,1,0,0,0,0,0,1,0,1
5/16/2025 16:44,104.7741935,104.7741935,16,4,136,5,113.3548387,113.8064516,113.8064516,71.80645161,87.76344086,19.20453718,1,0,0,0,0,0,1,0,1
5/16/2025 18:09,104.3225806,104.3225806,18,4,136,5,104.7741935,113.3548387,113.8064516,72.70967742,89.13709677,19.19259547,1,0,0,0,0,0,1,0,1
5/16/2025 19:35,103.4193548,103.4193548,19,4,136,5,104.3225806,104.7741935,113.3548387,80.38709677,90.45430107,19.1007395,1,0,0,0,0,0,1,0,1
5/16/2025 21:00,63.67741935,63.67741935,21,4,136,5,103.4193548,104.3225806,104.7741935,80.83870968,91.41397848,19.15147879,1,0,0,0,0,0,1,0,1
5/16/2025 22:26,64.12903226,64.12903226,22,4,136,5,63.67741935,103.4193548,104.3225806,80.83870968,90.69892472,19.87037272,1,0,0,0,0,0,1,0,1
5/16/2025 23:52,64.12903226,64.12903226,23,4,136,5,64.12903226,63.67741935,103.4193548,99.80645161,90.00268816,20.51323097,1,0,0,0,0,0,1,0,1
5/17/2025 1:17,86.25806452,86.25806452,1,5,137,5,64.12903226,64.12903226,63.67741935,100.7096774,88.51612902,21.05740242,1,0,0,1,0,0,0,0,0
5/17/2025 2:43,86.70967742,86.70967742,2,5,137,5,86.25806452,64.12903226,64.12903226,100.7096774,87.91397849,20.89959508,1,0,0,1,0,0,0,0,0
5/17/2025 4:09,92.12903226,92.12903226,4,5,137,5,86.70967742,86.25806452,64.12903226,100.7096774,87.33064515,20.72154359,1,0,0,1,0,0,0,0,0
5/17/2025 5:34,93.03225806,93.03225806,5,5,137,5,92.12903226,86.70967742,86.25806452,100.7096774,86.97311827,20.5540144,1,0,0,1,0,0,0,0,0
5/17/2025 7:00,93.03225806,93.03225806,7,5,137,5,93.03225806,92.12903226,86.70967742,92.12903226,86.6532258,20.39001978,1,0,0,1,0,0,0,0,0
5/17/2025 8:25,108.8387097,108.8387097,8,5,137,5,93.03225806,93.03225806,92.12903226,53.29032258,86.69086021,20.40139643,1,0,0,1,0,0,0,0,0
5/17/2025 9:51,108.8387097,108.8387097,9,5,137,5,108.8387097,93.03225806,93.03225806,55.09677419,89.00537634,19.58188397,1,0,0,1,0,0,0,0,0
5/17/2025 11:17,108.8387097,108.8387097,11,5,137,5,108.8387097,108.8387097,93.03225806,55.5483871,91.24462365,18.58304565,1,0,0,1,0,0,0,0,0
5/17/2025 12:42,108.8387097,108.8387097,12,5,137,5,108.8387097,108.8387097,108.8387097,74.51612903,93.46505376,17.26970656,1,0,0,1,0,0,0,0,0
5/17/2025 14:08,108.3870968,108.3870968,14,5,137,5,108.8387097,108.8387097,108.8387097,74.96774194,94.89516129,17.05207645,1,0,0,1,0,0,0,0,0
5/17/2025 15:33,88.06451613,88.06451613,15,5,137,5,108.3870968,108.8387097,108.8387097,74.96774194,96.28763441,16.71523763,1,0,0,1,0,0,0,0,0
5/17/2025 16:59,61.87096774,61.87096774,16,5,137,5,88.06451613,108.3870968,108.8387097,85.35483871,96.83333333,16.19462585,1,0,0,1,0,0,0,0,0
5/17/2025 18:25,63.22580645,63.22580645,18,5,137,5,61.87096774,88.06451613,108.3870968,85.80645161,95.85483871,17.56942524,1,0,0,1,0,0,0,0,0
5/17/2025 19:50,63.67741935,63.67741935,19,5,137,5,63.22580645,61.87096774,88.06451613,111.0967742,94.91397849,18.69920553,1,0,0,1,0,0,0,0,0
5/17/2025 21:16,86.70967742,86.70967742,21,5,137,5,63.67741935,63.22580645,61.87096774,113.3548387,92.93817204,19.40678377,1,0,0,1,0,0,0,0,0
5/17/2025 22:42,87.61290323,87.61290323,22,5,137,5,86.70967742,63.67741935,63.22580645,113.8064516,91.82795699,18.94466416,1,0,0,1,0,0,0,0,0
5/18/2025 0:07,87.61290323,87.61290323,0,6,138,5,87.61290323,86.70967742,63.67741935,113.8064516,90.73655914,18.3691989,0,0,0,0,0,0,0,0,0
5/18/2025 1:33,92.58064516,92.58064516,1,6,138,5,87.61290323,87.61290323,86.70967742,113.3548387,89.64516129,17.705049,0,0,0,0,0,0,0,0,0
5/18/2025 2:58,92.58064516,92.58064516,2,6,138,5,92.58064516,87.61290323,87.61290323,104.7741935,88.77956989,16.98882981,0,0,0,0,0,0,0,0,0
5/18/2025 4:24,116.9677419,116.9677419,4,6,138,5,92.58064516,92.58064516,87.61290323,104.3225806,88.27150538,16.6690195,0,0,0,0,0,0,0,0,0
5/18/2025 5:50,117.4193548,117.4193548,5,6,138,5,116.9677419,92.58064516,92.58064516,103.4193548,88.7983871,17.38298434,0,0,0,0,0,0,0,0,0
5/18/2025 7:15,117.8709677,117.8709677,7,6,138,5,117.4193548,116.9677419,92.58064516,63.67741935,89.38172043,18.11447626,0,0,0,0,0,0,0,0,0
5/18/2025 8:41,117.8709677,117.8709677,8,6,138,5,117.8709677,117.4193548,116.9677419,64.12903226,91.63978495,18.14871099,0,0,0,0,0,0,0,0,0
5/18/2025 10:06,117.4193548,117.4193548,10,6,138,5,117.8709677,117.8709677,117.4193548,64.12903226,93.87903226,17.92075951,0,0,0,0,0,0,0,0,0
5/18/2025 11:32,104.3225806,104.3225806,11,6,138,5,117.4193548,117.8709677,117.8709677,86.25806452,96.09946236,17.36724822,0,0,0,0,0,0,0,0,0
5/18/2025 12:58,104.3225806,104.3225806,12,6,138,5,104.3225806,117.4193548,117.8709677,86.70967742,96.85215053,17.31355307,0,0,0,0,0,0,0,0,0
5/18/2025 14:23,102.9677419,102.9677419,14,6,138,5,104.3225806,104.3225806,117.4193548,92.12903226,97.5860215,17.23806673,0,0,0,0,0,0,0,0,0
5/18/2025 15:49,67.29032258,67.29032258,15,6,138,5,102.9677419,104.3225806,104.3225806,93.03225806,98.0376344,17.23086337,0,0,0,0,0,0,0,0,0
5/18/2025 17:15,68.19354839,68.19354839,17,6,138,5,67.29032258,102.9677419,104.3225806,93.03225806,96.96505375,18.32258537,0,0,0,0,0,0,0,0,0
5/18/2025 18:40,68.19354839,68.19354839,18,6,138,5,68.19354839,67.29032258,102.9677419,108.8387097,95.93010752,19.23325924,0,0,0,0,0,0,0,0,0
5/18/2025 20:06,92.58064516,92.58064516,20,6,138,5,68.19354839,68.19354839,67.29032258,108.8387097,94.23655913,19.8274844,0,0,0,0,0,0,0,0,0
5/18/2025 21:31,93.03225806,93.03225806,21,6,138,5,92.58064516,68.19354839,68.19354839,108.8387097,93.55913977,19.58312926,0,0,0,0,0,0,0,0,0
5/18/2025 22:57,100.2580645,100.2580645,22,6,138,5,93.03225806,92.58064516,68.19354839,108.8387097,92.90053762,19.3108193,0,0,0,0,0,0,0,0,0
5/19/2025 0:23,101.1612903,101.1612903,0,0,139,5,100.2580645,93.03225806,92.58064516,108.3870968,92.54301074,19.0809695,0,0,0,1,0,0,1,0,0
5/19/2025 1:48,101.1612903,101.1612903,1,0,139,5,101.1612903,100.2580645,93.03225806,88.06451613,92.24193547,18.87600535,0,0,0,1,0,0,1,0,0
5/19/2025 3:14,121.483871,121.483871,3,0,139,5,101.1612903,101.1612903,100.2580645,61.87096774,92.78763439,18.9391927,0,0,0,1,0,0,1,0,0
5/19/2025 4:39,122.3870968,122.3870968,4,0,139,5,121.483871,101.1612903,101.1612903,63.22580645,95.27150536,18.61451329,0,0,0,1,0,0,1,0,0
5/19/2025 6:05,122.3870968,122.3870968,6,0,139,5,122.3870968,121.483871,101.1612903,63.67741935,97.73655913,18.09635459,0,0,0,1,0,0,1,0,0
5/19/2025 7:31,121.9354839,121.9354839,7,0,139,5,122.3870968,122.3870968,121.483871,86.70967742,100.1827957,17.23999569,0,0,0,1,0,0,1,0,0
5/19/2025 8:56,110.1935484,110.1935484,8,0,139,5,121.9354839,122.3870968,122.3870968,87.61290323,101.6505376,17.53995875,0,0,0,1,0,0,1,0,0
5/19/2025 10:22,109.2903226,109.2903226,10,0,139,5,110.1935484,121.9354839,122.3870968,87.61290323,102.5913978,17.35891719,0,0,0,1,0,0,1,0,0
5/19/2025 11:48,74.51612903,74.51612903,11,0,139,5,109.2903226,110.1935484,121.9354839,92.58064516,103.4946236,17.10781264,0,0,0,1,0,0,1,0,0
5/19/2025 13:13,76.32258065,76.32258065,13,0,139,5,74.51612903,109.2903226,110.1935484,92.58064516,102.7419355,17.98383103,0,0,0,1,0,0,1,0,0
5/19/2025 14:39,76.77419355,76.77419355,14,0,139,5,76.32258065,74.51612903,109.2903226,116.9677419,102.0645161,18.67611246,0,0,0,1,0,0,1,0,0
5/19/2025 16:04,102.516129,102.516129,16,0,139,5,76.77419355,76.32258065,74.51612903,117.4193548,100.3897849,19.07937192,0,0,0,1,0,0,1,0,0
5/19/2025 17:30,102.9677419,102.9677419,17,0,139,5,102.516129,76.77419355,76.32258065,117.8709677,99.7688172,18.74053572,0,0,0,1,0,0,1,0,0
5/19/2025 18:56,102.9677419,102.9677419,18,0,139,5,102.9677419,102.516129,76.77419355,117.8709677,99.14784945,18.35763964,0,0,0,1,0,0,1,0,0
5/19/2025 20:21,115.1612903,115.1612903,20,0,139,5,102.9677419,102.9677419,102.516129,117.4193548,98.52688171,17.94417607,0,0,0,1,0,0,1,0,0
5/19/2025 21:47,115.6129032,115.6129032,21,0,139,5,115.1612903,102.9677419,102.9677419,104.3225806,98.43279569,17.84646478,0,0,0,1,0,0,1,0,0
5/19/2025 23:12,133.6774194,133.6774194,23,0,139,5,115.6129032,115.1612903,102.9677419,104.3225806,98.9032258,18.15461403,0,0,0,1,0,0,1,0,0
5/20/2025 0:38,133.6774194,133.6774194,0,1,140,5,133.6774194,115.6129032,115.1612903,102.9677419,100.1263441,19.47634121,0,0,0,0,1,0,1,0,0
5/20/2025 2:04,134.1290323,134.1290323,2,1,140,5,133.6774194,133.6774194,115.6129032,67.29032258,101.405914,20.64487184,0,0,0,0,1,0,1,0,0
5/20/2025 3:29,134.1290323,134.1290323,3,1,140,5,134.1290323,133.6774194,133.6774194,68.19354839,104.1908602,20.34873519,0,0,0,0,1,0,1,0,0
5/20/2025 4:55,134.1290323,134.1290323,4,1,140,5,134.1290323,134.1290323,133.6774194,68.19354839,106.938172,19.718647,0,0,0,0,1,0,1,0,0
5/20/2025 6:20,112,112,6,1,140,5,134.1290323,134.1290323,134.1290323,92.58064516,109.6854839,18.65012833,0,0,0,0,1,0,1,0,0
5/20/2025 7:46,112,112,7,1,140,5,112,134.1290323,134.1290323,93.03225806,110.4946237,18.29361506,0,0,0,0,1,0,1,0,0
5/20/2025 9:12,110.6451613,110.6451613,9,1,140,5,112,112,134.1290323,100.2580645,111.2849462,17.91214964,0,0,0,0,1,0,1,0,0
5/20/2025 10:37,72.25806452,72.25806452,10,1,140,5,110.6451613,112,112,101.1612903,111.7177419,17.75896481,0,0,0,0,1,0,1,0,0
5/20/2025 12:03,73.16129032,73.16129032,12,1,140,5,72.25806452,110.6451613,112,101.1612903,110.5134409,19.40929675,0,0,0,0,1,0,1,0,0
5/20/2025 13:29,73.16129032,73.16129032,13,1,140,5,73.16129032,72.25806452,110.6451613,121.483871,109.3467742,20.78840832,0,0,0,0,1,0,1,0,0
5/20/2025 14:54,99.80645161,99.80645161,14,1,140,5,73.16129032,73.16129032,72.25806452,122.3870968,107.3333333,21.87356717,0,0,0,0,1,0,1,0,0
5/20/2025 16:20,100.2580645,100.2580645,16,1,140,5,99.80645161,73.16129032,73.16129032,122.3870968,106.3924731,21.68270254,0,0,0,0,1,0,1,0,0
5/20/2025 17:45,104.3225806,104.3225806,17,1,140,5,100.2580645,99.80645161,73.16129032,121.9354839,105.4704301,21.44214625,0,0,0,0,1,0,1,0,0
5/20/2025 19:11,104.3225806,104.3225806,19,1,140,5,104.3225806,100.2580645,99.80645161,110.1935484,104.7365591,21.15358289,0,0,0,0,1,0,1,0,0
5/20/2025 20:37,104.7741935,104.7741935,20,1,140,5,104.3225806,104.3225806,100.2580645,109.2903226,104.4919355,21.12165595,0,0,0,0,1,0,1,0,0
5/20/2025 22:02,128.2580645,128.2580645,22,1,140,5,104.7741935,104.3225806,104.3225806,74.51612903,104.3037634,21.09715146,0,0,0,0,1,0,1,0,0
5/20/2025 23:28,127.3548387,127.3548387,23,1,140,5,128.2580645,104.7741935,104.3225806,76.32258065,106.5430107,20.64527453,0,0,0,0,1,0,1,0,0
5/21/2025 0:53,127.3548387,127.3548387,0,2,141,5,127.3548387,128.2580645,104.7741935,76.77419355,108.6693548,20.01583605,0,0,0,1,0,0,1,0,0
5/21/2025 2:19,127.3548387,127.3548387,2,2,141,5,127.3548387,127.3548387,128.2580645,102.516129,110.7768817,19.15590596,0,0,0,1,0,0,1,0,0
5/21/2025 3:45,108.3870968,108.3870968,3,2,141,5,127.3548387,127.3548387,127.3548387,102.9677419,111.811828,19.36009202,0,0,0,1,0,0,1,0,0
5/21/2025 5:10,107.483871,107.483871,5,2,141,5,108.3870968,127.3548387,127.3548387,102.9677419,112.0376344,19.28390853,0,0,0,1,0,0,1,0,0
5/21/2025 6:36,69.5483871,69.5483871,6,2,141,5,107.483871,108.3870968,127.3548387,115.1612903,112.2258065,19.21346217,0,0,0,1,0,0,1,0,0
5/21/2025 8:02,70.90322581,70.90322581,8,2,141,5,69.5483871,107.483871,108.3870968,115.6129032,110.3252688,21.07612493,0,0,0,1,0,0,1,0,0
5/21/2025 9:27,71.35483871,71.35483871,9,2,141,5,70.90322581,69.5483871,107.483871,133.6774194,108.4623656,22.51523018,0,0,0,1,0,0,1,0,0
5/21/2025 10:53,93.03225806,93.03225806,10,2,141,5,71.35483871,70.90322581,69.5483871,133.6774194,105.8655914,23.06781167,0,0,0,1,0,0,1,0,0
5/21/2025 12:18,94.38709677,94.38709677,12,2,141,5,93.03225806,71.35483871,70.90322581,134.1290323,104.172043,22.42011193,0,0,0,1,0,0,1,0,0
5/21/2025 13:44,94.38709677,94.38709677,13,2,141,5,94.38709677,93.03225806,71.35483871,134.1290323,102.516129,21.56257564,0,0,0,1,0,0,1,0,0
5/21/2025 15:10,103.4193548,103.4193548,15,2,141,5,94.38709677,94.38709677,93.03225806,134.1290323,100.860215,20.5305961,0,0,0,1,0,0,1,0,0
5/21/2025 16:35,103.4193548,103.4193548,16,2,141,5,103.4193548,94.38709677,94.38709677,112,99.58064515,19.28624591,0,0,0,1,0,0,1,0,0
5/21/2025 18:01,124.6451613,124.6451613,18,2,141,5,103.4193548,103.4193548,94.38709677,112,99.22311827,19.12486542,0,0,0,1,0,0,1,0,0
5/21/2025 19:26,125.0967742,125.0967742,19,2,141,5,124.6451613,103.4193548,103.4193548,110.6451613,99.74999999,19.65889558,0,0,0,1,0,0,1,0,0
5/21/2025 20:52,125.5483871,125.5483871,20,2,141,5,125.0967742,124.6451613,103.4193548,72.25806452,100.3521505,20.2204292,0,0,0,1,0,0,1,0,0
5/21/2025 22:18,125.5483871,125.5483871,22,2,141,5,125.5483871,125.0967742,124.6451613,73.16129032,102.5725806,19.92503085,0,0,0,1,0,0,1,0,0
5/21/2025 23:43,124.6451613,124.6451613,23,2,141,5,125.5483871,125.5483871,125.0967742,73.16129032,104.7553763,19.42619366,0,0,0,1,0,0,1,0,0
5/22/2025 1:09,108.3870968,108.3870968,1,3,142,5,124.6451613,125.5483871,125.5483871,99.80645161,106.9005376,18.61117835,0,0,0,0,0,0,0,0,0
5/22/2025 2:35,108.3870968,108.3870968,2,3,142,5,108.3870968,124.6451613,125.5483871,100.2580645,107.2580645,18.55129558,0,0,0,0,0,0,0,0,0
5/22/2025 4:00,107.0322581,107.0322581,4,3,142,5,108.3870968,108.3870968,124.6451613,104.3225806,107.5967742,18.49204811,0,0,0,0,0,0,0,0,0
5/22/2025 5:26,67.29032258,67.29032258,5,3,142,5,107.0322581,108.3870968,108.3870968,104.3225806,107.7096774,18.47945604,0,0,0,0,0,0,0,0,0
5/22/2025 6:51,67.74193548,67.74193548,6,3,142,5,67.29032258,107.0322581,108.3870968,104.7741935,106.1666667,20.23705968,0,0,0,0,0,0,0,0,0
5/22/2025 8:17,67.74193548,67.74193548,8,3,142,5,67.74193548,67.29032258,107.0322581,128.2580645,104.6236559,21.7063077,0,0,0,0,0,0,0,0,0
5/22/2025 9:43,89.87096774,89.87096774,9,3,142,5,67.74193548,67.74193548,67.29032258,127.3548387,102.1021505,22.34692036,0,0,0,0,0,0,0,0,0
5/22/2025 11:08,91.22580645,91.22580645,11,3,142,5,89.87096774,67.74193548,67.74193548,127.3548387,100.5403226,21.80866577,0,0,0,0,0,0,0,0,0
5/22/2025 12:34,98,98,12,3,142,5,91.22580645,89.87096774,67.74193548,127.3548387,99.03494624,21.11311761,0,0,0,0,0,0,0,0,0
5/22/2025 13:59,98.90322581,98.90322581,13,3,142,5,98,91.22580645,89.87096774,108.3870968,97.81182796,20.23311564,0,0,0,0,0,0,0,0,0
5/22/2025 15:25,118.3225806,118.3225806,15,3,142,5,98.90322581,98,91.22580645,107.483871,97.41666667,20.10983261,0,0,0,0,0,0,0,0,0
5/22/2025 16:51,118.3225806,118.3225806,16,3,142,5,118.3225806,98.90322581,98,69.5483871,97.86827957,20.4643244,0,0,0,0,0,0,0,0,0
5/22/2025 18:16,118.3225806,118.3225806,18,3,142,5,118.3225806,118.3225806,98.90322581,70.90322581,99.90053763,19.94489971,0,0,0,0,0,0,0,0,0
5/22/2025 19:42,117.8709677,117.8709677,19,3,142,5,118.3225806,118.3225806,118.3225806,71.35483871,101.8763441,19.285288,0,0,0,0,0,0,0,0,0
5/22/2025 21:08,116.9677419,116.9677419,21,3,142,5,117.8709677,118.3225806,118.3225806,93.03225806,103.8145161,18.40170491,0,0,0,0,0,0,0,0,0
5/22/2025 22:33,100.2580645,100.2580645,22,3,142,5,116.9677419,117.8709677,118.3225806,94.38709677,104.8118279,18.44050624,0,0,0,0,0,0,0,0,0
5/22/2025 23:59,98.90322581,98.90322581,23,3,142,5,100.2580645,116.9677419,117.8709677,94.38709677,105.0564516,18.33484184,0,0,0,0,0,0,0,0,0
5/23/2025 1:24,65.48387097,65.48387097,1,4,143,5,98.90322581,100.2580645,116.9677419,103.4193548,105.2446236,18.24352777,1,0,0,0,1,0,1,0,0
5/23/2025 2:50,66.83870968,66.83870968,2,4,143,5,65.48387097,98.90322581,100.2580645,103.4193548,103.6639785,19.97022603,1,0,0,0,1,0,1,0,0
5/23/2025 4:16,67.29032258,67.29032258,4,4,143,5,66.83870968,65.48387097,98.90322581,124.6451613,102.1397849,21.33879192,1,0,0,0,1,0,1,0,0
5/23/2025 5:41,89.41935484,89.41935484,5,4,143,5,67.29032258,66.83870968,65.48387097,125.0967742,99.75,21.91271248,1,0,0,0,1,0,1,0,0
5/23/2025 7:07,89.87096774,89.87096774,7,4,143,5,89.41935484,67.29032258,66.83870968,125.5483871,98.26344086,21.32060336,1,0,0,0,1,0,1,0,0
5/23/2025 8:32,90.77419355,90.77419355,8,4,143,5,89.87096774,89.41935484,67.29032258,125.5483871,96.77688172,20.56590219,1,0,0,0,1,0,1,0,0
5/23/2025 9:58,96.19354839,96.19354839,9,4,143,5,90.77419355,89.87096774,89.41935484,124.6451613,95.32795698,19.65555924,1,0,0,0,1,0,1,0,0
5/23/2025 11:24,96.64516129,96.64516129,11,4,143,5,96.19354839,90.77419355,89.87096774,108.3870968,94.14247311,18.64236067,1,0,0,0,1,0,1,0,0
5/23/2025 12:49,115.6129032,115.6129032,12,4,143,5,96.64516129,96.19354839,90.77419355,108.3870968,93.6532258,18.40483691,1,0,0,0,1,0,1,0,0
5/23/2025 14:15,116.9677419,116.9677419,14,4,143,5,115.6129032,96.64516129,96.19354839,107.0322581,93.95430107,18.71286405,1,0,0,0,1,0,1,0,0
5/23/2025 15:40,116.9677419,116.9677419,15,4,143,5,116.9677419,115.6129032,96.64516129,67.29032258,94.36827956,19.12022817,1,0,0,0,1,0,1,0,0
5/23/2025 17:06,116.9677419,116.9677419,17,4,143,5,116.9677419,116.9677419,115.6129032,67.74193548,96.43817203,18.74671555,1,0,0,0,1,0,1,0,0
5/23/2025 18:32,116.9677419,116.9677419,18,4,143,5,116.9677419,116.9677419,116.9677419,67.74193548,98.4892473,18.15408485,1,0,0,0,1,0,1,0,0
5/23/2025 19:57,104.7741935,104.7741935,19,4,143,5,116.9677419,116.9677419,116.9677419,89.87096774,100.5403226,17.28937858,1,0,0,0,1,0,1,0,0
5/23/2025 21:23,104.3225806,104.3225806,21,4,143,5,104.7741935,116.9677419,116.9677419,91.22580645,101.1612903,17.1566392,1,0,0,0,1,0,1,0,0
5/23/2025 22:49,103.4193548,103.4193548,22,4,143,5,104.3225806,104.7741935,116.9677419,98,101.7069892,17.03473332,1,0,0,0,1,0,1,0,0
5/24/2025 0:14,67.74193548,67.74193548,0,5,144,5,103.4193548,104.3225806,104.7741935,98.90322581,101.9327957,17.01936991,1,0,0,0,0,0,1,0,0
5/24/2025 1:40,67.74193548,67.74193548,1,5,144,5,67.74193548,103.4193548,104.3225806,118.3225806,100.6344086,18.3936817,1,0,0,0,0,0,1,0,0
5/24/2025 3:05,67.74193548,67.74193548,3,5,144,5,67.74193548,67.74193548,103.4193548,118.3225806,98.5268817,19.1606213,1,0,0,0,0,0,1,0,0
5/24/2025 4:31,87.61290323,87.61290323,4,5,144,5,67.74193548,67.74193548,67.74193548,118.3225806,96.41935482,19.66371581,1,0,0,0,0,0,1,0,0
5/24/2025 5:57,92.58064516,92.58064516,5,5,144,5,87.61290323,67.74193548,67.74193548,117.8709677,95.13978493,19.16941252,1,0,0,0,0,0,1,0,0
5/24/2025 7:22,92.58064516,92.58064516,7,5,144,5,92.58064516,87.61290323,67.74193548,116.9677419,94.08602149,18.55065822,1,0,0,0,0,0,1,0,0
5/24/2025 8:48,92.58064516,92.58064516,8,5,144,5,92.58064516,92.58064516,87.61290323,100.2580645,93.06989246,17.89927344,1,0,0,0,0,0,1,0,0
5/24/2025 10:13,110.6451613,110.6451613,10,5,144,5,92.58064516,92.58064516,92.58064516,98.90322581,92.74999999,17.83370692,1,0,0,0,0,0,1,0,0
5/24/2025 11:39,111.0967742,111.0967742,11,5,144,5,110.6451613,92.58064516,92.58064516,65.48387097,93.2392473,18.16778714,1,0,0,0,0,0,1,0,0
5/24/2025 13:05,111.0967742,111.0967742,13,5,144,5,111.0967742,110.6451613,92.58064516,66.83870968,95.13978493,17.51200405,1,0,0,0,0,0,1,0,0
5/24/2025 14:30,111.0967742,111.0967742,14,5,144,5,111.0967742,111.0967742,110.6451613,67.29032258,96.98387096,16.71432026,1,0,0,0,0,0,1,0,0
5/24/2025 15:56,110.6451613,110.6451613,15,5,144,5,111.0967742,111.0967742,111.0967742,89.41935484,98.80913977,15.69129392,1,0,0,0,0,0,1,0,0
5/24/2025 17:22,99.35483871,99.35483871,17,5,144,5,110.6451613,111.0967742,111.0967742,89.87096774,99.69354838,15.73715525,1,0,0,0,0,0,1,0,0
5/24/2025 18:47,98.4516129,98.4516129,18,5,144,5,99.35483871,110.6451613,111.0967742,90.77419355,100.0887097,15.598243,1,0,0,0,0,0,1,0,0
5/24/2025 20:13,62.77419355,62.77419355,20,5,144,5,98.4516129,99.35483871,110.6451613,96.19354839,100.4086021,15.47716856,1,0,0,0,0,0,1,0,0
5/24/2025 21:38,66.38709677,66.38709677,21,5,144,5,62.77419355,98.4516129,99.35483871,96.64516129,99.01612902,17.27215609,1,0,0,0,0,0,1,0,0
5/24/2025 23:04,66.83870968,66.83870968,23,5,144,5,66.38709677,62.77419355,98.4516129,115.6129032,97.75537633,18.51252687,1,0,0,0,0,0,1,0,0
5/25/2025 0:30,88.96774194,88.96774194,0,6,145,5,66.83870968,66.38709677,62.77419355,116.9677419,95.72311827,19.13367307,0,0,0,0,0,0,0,0,0
5/25/2025 1:55,89.87096774,89.87096774,1,6,145,5,88.96774194,66.83870968,66.38709677,116.9677419,94.5564516,18.62895788,0,0,0,0,0,0,0,0,0
5/25/2025 3:21,89.87096774,89.87096774,3,6,145,5,89.87096774,88.96774194,66.83870968,116.9677419,93.42741935,18.02289648,0,0,0,0,0,0,0,0,0
5/25/2025 4:46,92.58064516,92.58064516,4,6,145,5,89.87096774,89.87096774,88.96774194,116.9677419,92.29838709,17.31910075,0,0,0,0,0,0,0,0,0
5/25/2025 6:12,92.58064516,92.58064516,6,6,145,5,92.58064516,89.87096774,89.87096774,104.7741935,91.28225806,16.50507292,0,0,0,0,0,0,0,0,0
5/25/2025 7:38,104.3225806,104.3225806,7,6,145,5,92.58064516,92.58064516,89.87096774,104.3225806,90.77419355,16.25751908,0,0,0,0,0,0,0,0,0
5/25/2025 9:03,105.2258065,105.2258065,9,6,145,5,104.3225806,92.58064516,92.58064516,103.4193548,90.77419355,16.25751908,0,0,0,0,0,0,0,0,0
5/25/2025 10:29,104.7741935,104.7741935,10,6,145,5,105.2258065,104.3225806,92.58064516,67.74193548,90.84946237,16.32266011,0,0,0,0,0,0,0,0,0
5/25/2025 11:55,104.7741935,104.7741935,11,6,145,5,104.7741935,105.2258065,104.3225806,67.74193548,92.39247312,15.78479114,0,0,0,0,0,0,0,0,0
5/25/2025 13:20,104.3225806,104.3225806,13,6,145,5,104.7741935,104.7741935,105.2258065,67.74193548,93.93548387,15.06390495,0,0,0,0,0,0,0,0,0
5/25/2025 14:46,82.64516129,82.64516129,14,6,145,5,104.3225806,104.7741935,104.7741935,87.61290323,95.45967742,14.11940103,0,0,0,0,0,0,0,0,0
5/25/2025 16:11,82.64516129,82.64516129,16,6,145,5,82.64516129,104.3225806,104.7741935,92.58064516,95.25268817,14.27499159,0,0,0,0,0,0,0,0,0
5/25/2025 17:37,81.74193548,81.74193548,17,6,145,5,82.64516129,82.64516129,104.3225806,92.58064516,94.83870967,14.49817184,0,0,0,0,0,0,0,0,0
5/25/2025 19:03,53.74193548,53.74193548,19,6,145,5,81.74193548,82.64516129,82.64516129,92.58064516,94.38709677,14.73838885,0,0,0,0,0,0,0,0,0
5/25/2025 20:28,54.19354839,54.19354839,20,6,145,5,53.74193548,81.74193548,82.64516129,110.6451613,92.7688172,16.91664528,0,0,0,0,0,0,0,0,0
5/25/2025 21:54,54.19354839,54.19354839,21,6,145,5,54.19354839,53.74193548,81.74193548,111.0967742,90.41666666,18.19899831,0,0,0,0,0,0,0,0,0
5/25/2025 23:19,78.58064516,78.58064516,23,6,145,5,54.19354839,54.19354839,53.74193548,111.0967742,88.04569892,19.07332891,0,0,0,0,0,0,0,0,0
5/26/2025 0:45,93.93548387,93.93548387,0,0,146,5,78.58064516,54.19354839,54.19354839,111.0967742,86.69086021,18.51132932,0,0,0,0,0,0,0,0,1
5/26/2025 2:11,94.38709677,94.38709677,2,0,146,5,93.93548387,78.58064516,54.19354839,110.6451613,85.97580645,17.84712727,0,0,0,0,0,0,0,0,1
5/26/2025 3:36,94.38709677,94.38709677,3,0,146,5,94.38709677,93.93548387,78.58064516,99.35483871,85.29838709,17.16558501,0,0,0,0,0,0,0,0,1
5/26/2025 5:02,118.3225806,118.3225806,5,0,146,5,94.38709677,94.38709677,93.93548387,98.4516129,85.09139784,17.01803473,0,0,0,0,0,0,0,0,1
5/26/2025 6:28,118.7741935,118.7741935,6,0,146,5,118.3225806,94.38709677,94.38709677,62.77419355,85.91935483,18.14252091,0,0,0,0,0,0,0,0,1
5/26/2025 7:53,118.7741935,118.7741935,7,0,146,5,118.7741935,118.3225806,94.38709677,66.38709677,88.25268816,18.63091139,0,0,0,0,0,0,0,0,1
5/26/2025 9:19,118.3225806,118.3225806,9,0,146,5,118.7741935,118.7741935,118.3225806,66.83870968,90.43548386,19.02247828,0,0,0,0,0,0,0,0,1
5/26/2025 10:44,117.4193548,117.4193548,10,0,146,5,118.3225806,118.7741935,118.7741935,88.96774194,92.58064515,19.14827594,0,0,0,0,0,0,0,0,1
5/26/2025 12:10,106.1290323,106.1290323,12,0,146,5,117.4193548,118.3225806,118.7741935,89.87096774,93.76612902,19.78501666,0,0,0,0,0,0,0,0,1
5/26/2025 13:36,103.4193548,103.4193548,13,0,146,5,106.1290323,117.4193548,118.3225806,89.87096774,94.44354837,19.92369565,0,0,0,0,0,0,0,0,1
5/26/2025 15:01,62.77419355,62.77419355,15,0,146,5,103.4193548,106.1290323,117.4193548,92.58064516,95.0080645,19.98036235,0,0,0,0,0,0,0,0,1
5/26/2025 16:27,65.93548387,65.93548387,16,0,146,5,62.77419355,103.4193548,106.1290323,92.58064516,93.76612902,21.03625712,0,0,0,0,0,0,0,0,1
5/26/2025 17:52,65.93548387,65.93548387,17,0,146,5,65.93548387,62.77419355,103.4193548,104.3225806,92.65591396,21.79111526,0,0,0,0,0,0,0,0,1
5/26/2025 19:18,89.41935484,89.41935484,19,0,146,5,65.93548387,65.93548387,62.77419355,105.2258065,91.0564516,22.30040334,0,0,0,0,0,0,0,0,1
5/26/2025 20:44,89.87096774,89.87096774,20,0,146,5,89.41935484,65.93548387,65.93548387,104.7741935,90.39784945,22.09621555,0,0,0,0,0,0,0,0,1
5/26/2025 22:09,90.77419355,90.77419355,22,0,146,5,89.87096774,89.41935484,65.93548387,104.7741935,89.77688171,21.88301602,0,0,0,0,0,0,0,0,1
5/26/2025 23:35,98.4516129,98.4516129,23,0,146,5,90.77419355,89.87096774,89.41935484,104.3225806,89.19354838,21.65122305,0,0,0,0,0,0,0,0,1
5/27/2025 1:00,98.4516129,98.4516129,1,1,147,5,98.4516129,90.77419355,89.87096774,82.64516129,88.94892472,21.50553371,0,0,0,0,0,0,0,0,1
5/27/2025 2:26,111.5483871,111.5483871,2,1,147,5,98.4516129,98.4516129,90.77419355,82.64516129,89.60752687,21.54608511,0,0,0,0,0,0,0,0,1
5/27/2025 3:52,112,112,3,1,147,5,111.5483871,98.4516129,98.4516129,81.74193548,90.81182795,21.94409463,0,0,0,0,0,0,0,0,1
5/27/2025 5:17,112,112,5,1,147,5,112,111.5483871,98.4516129,53.74193548,92.07258064,22.26717549,0,0,0,0,0,0,0,0,1
5/27/2025 6:43,111.5483871,111.5483871,6,1,147,5,112,112,111.5483871,54.19354839,94.49999999,21.04908377,0,0,0,0,0,0,0,0,1
5/27/2025 8:09,109.7419355,109.7419355,8,1,147,5,111.5483871,112,112,54.19354839,96.88978494,19.47064911,0,0,0,0,0,0,0,0,1
5/27/2025 9:34,98.90322581,98.90322581,9,1,147,5,109.7419355,111.5483871,112,78.58064516,99.20430107,17.36198194,0,0,0,0,0,0,0,0,1
5/27/2025 11:00,98.90322581,98.90322581,11,1,147,5,98.90322581,109.7419355,111.5483871,93.93548387,100.0510753,16.79884884,0,0,0,0,0,0,0,0,1
5/27/2025 12:25,97.5483871,97.5483871,12,1,147,5,98.90322581,98.90322581,109.7419355,94.38709677,100.2580645,16.750755,0,0,0,0,0,0,0,0,1
5/27/2025 13:51,64.58064516,64.58064516,13,1,147,5,97.5483871,98.90322581,98.90322581,94.38709677,100.3897849,16.71497236,0,0,0,0,0,0,0,0,1
5/27/2025 15:17,89.41935484,89.41935484,15,1,147,5,64.58064516,97.5483871,98.90322581,118.3225806,99.14784945,18.21993827,0,0,0,0,0,0,0,0,1
5/27/2025 16:42,89.87096774,89.87096774,16,1,147,5,89.41935484,64.58064516,97.5483871,118.7741935,97.94354838,17.8488662,0,0,0,0,0,0,0,0,1
5/27/2025 18:08,90.32258065,90.32258065,18,1,147,5,89.87096774,89.41935484,64.58064516,118.7741935,96.73924731,17.35039051,0,0,0,0,0,0,0,0,1
5/27/2025 19:33,98.90322581,98.90322581,19,1,147,5,90.32258065,89.87096774,89.41935484,118.3225806,95.55376344,16.74064956,0,0,0,0,0,0,0,0,1
5/27/2025 20:59,98.90322581,98.90322581,20,1,147,5,98.90322581,90.32258065,89.87096774,117.4193548,94.74462366,16.0472426,0,0,0,0,0,0,0,0,1
5/27/2025 22:25,98.90322581,98.90322581,22,1,147,5,98.90322581,98.90322581,90.32258065,106.1290323,93.97311828,15.33918984,0,0,0,0,0,0,0,0,1
5/27/2025 23:50,118.7741935,118.7741935,23,1,147,5,98.90322581,98.90322581,98.90322581,103.4193548,93.67204301,15.16008967,0,0,0,0,0,0,0,0,1
5/28/2025 1:16,119.2258065,119.2258065,1,2,148,5,118.7741935,98.90322581,98.90322581,62.77419355,94.31182796,15.89549487,0,0,0,1,0,0,1,0,0
5/28/2025 2:42,119.2258065,119.2258065,2,2,148,5,119.2258065,118.7741935,98.90322581,65.93548387,96.6639785,15.18671711,0,0,0,1,0,0,1,0,0
5/28/2025 4:07,119.2258065,119.2258065,4,2,148,5,119.2258065,119.2258065,118.7741935,65.93548387,98.88440861,14.3725356,0,0,0,1,0,0,1,0,0
5/28/2025 5:33,118.3225806,118.3225806,5,2,148,5,119.2258065,119.2258065,119.2258065,89.41935484,101.1048387,13.12302709,0,0,0,1,0,0,1,0,0
5/28/2025 6:58,110.6451613,110.6451613,6,2,148,5,118.3225806,119.2258065,119.2258065,89.87096774,102.3091398,13.32863905,0,0,0,1,0,0,1,0,0
5/28/2025 8:24,109.7419355,109.7419355,8,2,148,5,110.6451613,118.3225806,119.2258065,90.77419355,103.1747312,13.15924109,0,0,0,1,0,0,1,0,0
5/28/2025 9:50,65.93548387,65.93548387,9,2,148,5,109.7419355,110.6451613,118.3225806,98.4516129,103.9650538,12.95002704,0,0,0,1,0,0,1,0,0
5/28/2025 11:15,66.83870968,66.83870968,11,2,148,5,65.93548387,109.7419355,110.6451613,98.4516129,102.6102151,15.07801401,0,0,0,1,0,0,1,0,0
5/28/2025 12:41,67.29032258,67.29032258,12,2,148,5,66.83870968,65.93548387,109.7419355,111.5483871,101.2930108,16.74571409,0,0,0,1,0,0,1,0,0
5/28/2025 14:06,67.29032258,67.29032258,14,2,148,5,67.29032258,66.83870968,65.93548387,112,99.44892474,17.96013703,0,0,0,1,0,0,1,0,0
